가맹점 영업일자,업종,고한읍 건수,사북읍 건수,정선군 건수,태백시 건수,영월군 건수,삼척시 건수
2025-12-31,슈퍼마켓,11,2,10,21,2,3
2025-12-31,커피전문점,5,7,0,9,0,0
2025-12-31,당구장 운영업,2,0,0,0,0,0
2025-12-31,식품판매업,14,5,7,35,5,4
2025-12-31,일반주점업,0,0,0,2,0,0
2025-12-31,세탁업,0,2,0,5,0,0
2025-12-31,일반음식점업,52,82,43,91,5,10
2025-12-31,휴게음식점업,0,4,0,3,0,0
2025-12-31,기타미용업,0,0,2,4,0,1
2025-12-31,이ㆍ미용업,4,5,1,22,0,5
2025-12-31,기타,0,0,0,2,0,0
2025-12-31,소매업,10,10,4,40,2,10
2025-12-31,숙박업,14,13,34,1,0,0
2025-12-30,세탁업,1,2,0,10,0,0
2025-12-30,슈퍼마켓,10,0,4,13,1,9
2025-12-30,실내 스크린 골프업,0,1,0,0,0,2
2025-12-30,당구장 운영업,4,0,0,0,0,0
2025-12-30,자동차 전문수리업,0,0,0,4,0,0
2025-12-30,소매업,5,11,5,46,3,6
2025-12-30,식품판매업,22,13,9,16,10,1
2025-12-30,숙박업,35,13,23,0,0,0
2025-12-30,자동자 세차업,0,0,0,4,0,0
2025-12-30,기타미용업,0,0,0,1,0,0
2025-12-30,이ㆍ미용업,6,11,0,23,0,0
2025-12-30,기타,0,0,0,2,0,0
2025-12-30,휴게음식점업,0,3,0,3,0,0
2025-12-30,주유소·LPG충전소,0,0,0,0,0,1
2025-12-30,일반음식점업,69,72,43,61,4,21
2025-12-30,커피전문점,4,10,0,4,0,0
2025-12-30,일반주점업,0,0,0,2,0,0
2025-12-29,기타미용업,2,0,1,7,0,2
2025-12-29,식품판매업,12,7,6,41,2,4
2025-12-29,이ㆍ미용업,3,12,20,31,0,4
2025-12-29,자동차 전문수리업,0,1,0,2,0,0
2025-12-29,일반음식점업,54,62,38,70,4,11
2025-12-29,휴게음식점업,3,9,0,4,1,0
2025-12-29,커피전문점,3,9,0,5,0,0
2025-12-29,소매업,13,14,5,44,2,12
2025-12-29,기타,0,0,0,4,0,0
2025-12-29,실내 스크린 골프업,0,0,0,0,0,2
2025-12-29,자동자 세차업,0,0,0,4,0,0
2025-12-29,슈퍼마켓,10,0,6,25,1,1
2025-12-29,목욕장업,0,0,3,0,0,0
2025-12-29,세탁업,1,3,1,5,0,0
2025-12-29,숙박업,18,10,21,5,0,0
2025-12-28,기타미용업,0,0,0,3,0,0
2025-12-28,커피전문점,1,10,5,2,0,0
2025-12-28,슈퍼마켓,10,0,8,36,4,1
2025-12-28,숙박업,20,25,22,2,0,0
2025-12-28,일반음식점업,66,78,95,86,3,6
2025-12-28,자동차 전문수리업,0,0,0,0,0,3
2025-12-28,실내 스크린 골프업,0,1,0,0,0,0
2025-12-28,기타,0,0,0,2,0,0
2025-12-28,주유소·LPG충전소,0,0,0,0,0,1
2025-12-28,일반주점업,0,0,0,2,0,0
2025-12-28,소매업,16,18,23,49,1,4
2025-12-28,휴게음식점업,2,6,0,3,0,0
2025-12-28,식품판매업,7,11,13,33,10,3
2025-12-28,세탁업,0,0,3,6,0,2
2025-12-28,이ㆍ미용업,0,0,17,32,0,2
2025-12-27,이ㆍ미용업,3,4,0,39,0,12
2025-12-27,목욕장업,0,0,0,1,0,0
2025-12-27,일반주점업,0,0,0,2,0,0
2025-12-27,자동차 전문수리업,0,0,0,4,0,4
2025-12-27,일반음식점업,103,83,48,116,2,54
2025-12-27,기타미용업,0,0,3,2,0,3
2025-12-27,숙박업,25,20,25,4,0,0
2025-12-27,당구장 운영업,3,0,0,0,0,0
2025-12-27,식품판매업,10,14,9,39,5,10
2025-12-27,세탁업,1,0,2,8,0,6
2025-12-27,실내 스크린 골프업,0,2,4,0,0,1
2025-12-27,소매업,9,8,17,56,2,19
2025-12-27,슈퍼마켓,11,1,9,17,1,5
2025-12-27,커피전문점,10,14,3,8,0,7
2025-12-27,기타,0,0,0,1,0,2
2025-12-27,휴게음식점업,2,6,3,5,0,12
2025-12-26,기타,0,0,0,0,0,2
2025-12-26,휴게음식점업,2,4,2,3,0,8
2025-12-26,자동자 세차업,0,0,2,1,0,0
2025-12-26,일반주점업,0,0,0,2,0,0
2025-12-26,소매업,9,14,8,66,2,32
2025-12-26,목욕장업,0,0,0,2,0,0
2025-12-26,이ㆍ미용업,1,4,2,33,0,10
2025-12-26,당구장 운영업,6,2,0,0,0,0
2025-12-26,실내 스크린 골프업,0,0,6,0,0,0
2025-12-26,슈퍼마켓,9,1,5,19,1,2
2025-12-26,세탁업,1,2,3,12,0,7
2025-12-26,기타미용업,2,0,2,0,0,3
2025-12-26,일반음식점업,101,87,61,118,2,48
2025-12-26,식품판매업,15,13,10,33,11,6
2025-12-26,자동차 전문수리업,0,1,1,5,0,3
2025-12-26,커피전문점,5,7,2,6,0,4
2025-12-26,숙박업,27,23,20,3,0,0
2025-12-25,슈퍼마켓,17,0,13,35,3,1
2025-12-25,자동자 세차업,0,0,0,2,0,0
2025-12-25,기타미용업,0,0,0,6,0,0
2025-12-25,목욕장업,0,0,0,2,0,0
2025-12-25,휴게음식점업,2,6,0,6,1,0
2025-12-25,실내 스크린 골프업,0,0,1,0,0,2
2025-12-25,세탁업,2,3,3,9,0,1
2025-12-25,자동차 전문수리업,0,0,0,3,0,0
2025-12-25,기타,0,0,0,3,0,0
2025-12-25,숙박업,42,18,26,2,0,0
2025-12-25,이ㆍ미용업,1,5,4,31,0,2
2025-12-25,일반음식점업,105,85,51,115,7,11
2025-12-25,소매업,4,11,11,41,5,18
2025-12-25,당구장 운영업,3,2,0,0,0,0
2025-12-25,커피전문점,4,8,2,8,0,2
2025-12-25,식품판매업,10,17,11,16,9,3
2025-12-24,식품판매업,16,13,12,27,5,3
2025-12-24,슈퍼마켓,20,0,13,23,2,1
2025-12-24,이ㆍ미용업,4,8,2,11,7,2
2025-12-24,당구장 운영업,2,2,0,0,0,0
2025-12-24,자동차 전문수리업,0,0,0,4,0,0
2025-12-24,숙박업,48,27,30,1,0,0
2025-12-24,자동자 세차업,0,0,1,0,0,0
2025-12-24,기타미용업,2,0,1,2,0,0
2025-12-24,목욕장업,0,0,0,1,0,0
2025-12-24,주유소·LPG충전소,0,0,0,0,0,1
2025-12-24,실내 스크린 골프업,0,0,0,0,0,1
2025-12-24,일반음식점업,96,88,39,89,15,12
2025-12-24,커피전문점,3,5,2,6,0,2
2025-12-24,세탁업,1,5,4,6,1,0
2025-12-24,소매업,12,14,11,52,7,11
2025-12-24,휴게음식점업,3,5,0,5,0,0
2025-12-23,목욕장업,0,0,0,4,0,0
2025-12-23,기타미용업,0,0,1,5,0,2
2025-12-23,휴게음식점업,0,10,0,3,0,8
2025-12-23,실내 스크린 골프업,0,0,0,0,0,2
2025-12-23,숙박업,30,27,26,5,0,0
2025-12-23,자동차 전문수리업,0,0,0,5,0,6
2025-12-23,기타,0,0,0,2,0,2
2025-12-23,이ㆍ미용업,3,10,7,24,10,13
2025-12-23,식품판매업,11,11,10,42,11,4
2025-12-23,세탁업,0,1,3,21,2,8
2025-12-23,소매업,16,7,16,43,14,26
2025-12-23,일반음식점업,84,77,57,97,23,40
2025-12-23,주유소·LPG충전소,0,0,0,0,0,1
2025-12-23,슈퍼마켓,21,1,3,34,9,4
2025-12-23,커피전문점,4,6,0,1,0,6
2025-12-23,자동자 세차업,0,0,1,2,0,0
2025-12-23,당구장 운영업,2,2,0,0,0,0
2025-12-22,커피전문점,5,8,7,2,0,0
2025-12-22,일반음식점업,70,95,94,108,4,16
2025-12-22,숙박업,34,13,24,1,0,0
2025-12-22,이ㆍ미용업,7,12,36,41,0,2
2025-12-22,소매업,6,14,37,76,6,15
2025-12-22,슈퍼마켓,26,0,9,24,6,4
2025-12-22,세탁업,1,4,0,13,0,0
2025-12-22,일반주점업,0,1,0,0,0,0
2025-12-22,주유소·LPG충전소,0,0,0,0,0,1
2025-12-22,당구장 운영업,5,2,5,0,0,0
2025-12-22,자동차 전문수리업,0,0,0,4,1,0
2025-12-22,목욕장업,0,0,1,0,0,0
2025-12-22,휴게음식점업,2,11,2,6,0,0
2025-12-22,기타미용업,3,0,2,3,0,0
2025-12-22,자동자 세차업,0,0,0,2,0,0
2025-12-22,식품판매업,16,14,8,50,8,4
2025-12-21,식품판매업,36,11,39,35,11,3
2025-12-21,목욕장업,0,1,3,4,0,0
2025-12-21,당구장 운영업,0,2,0,0,0,0
2025-12-21,일반주점업,0,0,0,1,0,0
2025-12-21,슈퍼마켓,31,5,14,46,10,3
2025-12-21,이ㆍ미용업,1,0,16,17,0,4
2025-12-21,기타,0,0,0,4,0,0
2025-12-21,주유소·LPG충전소,0,0,0,0,0,1
2025-12-21,휴게음식점업,3,6,1,6,0,0
2025-12-21,세탁업,0,0,8,1,0,0
2025-12-21,소매업,6,13,23,50,14,8
2025-12-21,일반음식점업,88,144,132,81,8,13
2025-12-21,숙박업,36,25,38,5,0,0
2025-12-21,기타미용업,2,0,1,6,0,1
2025-12-21,커피전문점,8,15,8,3,0,0
2025-12-21,자동자 세차업,0,0,0,3,0,0
2025-12-21,실내 스크린 골프업,0,0,2,0,0,0
2025-12-20,소매업,9,19,5,74,6,9
2025-12-20,목욕장업,0,0,2,0,0,0
2025-12-20,당구장 운영업,2,2,0,0,0,0
2025-12-20,커피전문점,4,21,2,12,0,4
2025-12-20,자동차 전문수리업,0,0,0,1,0,2
2025-12-20,기타,0,0,0,0,0,2
2025-12-20,일반음식점업,100,157,61,142,8,32
2025-12-20,식품판매업,18,17,8,59,5,6
2025-12-20,세탁업,0,3,4,8,0,6
2025-12-20,기타미용업,1,0,0,3,0,3
2025-12-20,일반주점업,0,0,0,2,0,0
2025-12-20,실내 스크린 골프업,0,2,0,0,0,0
2025-12-20,주유소·LPG충전소,0,0,0,0,0,1
2025-12-20,숙박업,35,36,33,6,0,0
2025-12-20,슈퍼마켓,20,4,7,35,12,6
2025-12-20,이ㆍ미용업,5,7,2,47,0,4
2025-12-20,자동자 세차업,0,0,2,7,0,0
2025-12-20,휴게음식점업,3,17,0,9,0,6
2025-12-19,이ㆍ미용업,3,9,1,50,0,11
2025-12-19,당구장 운영업,4,0,0,0,0,0
2025-12-19,슈퍼마켓,31,10,6,39,8,6
2025-12-19,자동차 전문수리업,0,1,0,2,0,4
2025-12-19,주유소·LPG충전소,0,0,0,1,0,1
2025-12-19,기타미용업,8,0,5,1,0,2
2025-12-19,목욕장업,0,6,0,0,0,0
2025-12-19,커피전문점,5,7,3,4,0,4
2025-12-19,휴게음식점업,3,13,0,9,0,8
2025-12-19,소매업,11,29,14,60,2,21
2025-12-19,숙박업,41,39,21,4,0,0
2025-12-19,일반음식점업,79,131,45,141,12,46
2025-12-19,자동자 세차업,0,0,0,5,0,0
2025-12-19,식품판매업,17,15,6,56,8,3
2025-12-19,실내 스크린 골프업,0,1,0,0,0,2
2025-12-19,세탁업,0,6,0,19,0,6
2025-12-19,기타,0,0,0,0,0,2
2025-12-18,이ㆍ미용업,1,6,3,20,10,5
2025-12-18,주유소·LPG충전소,0,0,0,0,0,1
2025-12-18,세탁업,2,4,4,9,2,0
2025-12-18,식품판매업,19,22,16,43,14,2
2025-12-18,휴게음식점업,6,14,0,6,0,0
2025-12-18,목욕장업,0,11,0,0,0,0
2025-12-18,기타미용업,0,1,2,2,0,2
2025-12-18,자동차 전문수리업,0,0,0,4,0,0
2025-12-18,숙박업,29,26,35,5,0,0
2025-12-18,당구장 운영업,1,2,0,0,0,0
2025-12-18,커피전문점,6,10,2,9,0,0
2025-12-18,소매업,5,29,7,78,13,9
2025-12-18,일반주점업,0,1,0,0,0,0
2025-12-18,자동자 세차업,0,0,0,4,0,0
2025-12-18,슈퍼마켓,31,12,12,23,8,2
2025-12-18,일반음식점업,73,143,60,77,23,14
2025-12-17,당구장 운영업,0,0,4,0,0,0
2025-12-17,슈퍼마켓,27,12,11,40,14,6
2025-12-17,실내 스크린 골프업,1,3,0,0,0,2
2025-12-17,자동자 세차업,0,0,2,5,0,0
2025-12-17,소매업,15,31,35,55,16,0
2025-12-17,커피전문점,3,4,11,7,0,0
2025-12-17,기타미용업,3,2,0,1,0,0
2025-12-17,식품판매업,22,32,26,37,11,0
2025-12-17,이ㆍ미용업,3,9,40,30,10,2
2025-12-17,휴게음식점업,5,4,3,9,0,0
2025-12-17,자동차 전문수리업,0,0,1,1,0,0
2025-12-17,일반음식점업,59,134,105,88,28,16
2025-12-17,숙박업,40,34,29,7,0,0
2025-12-17,목욕장업,0,6,0,0,0,0
2025-12-17,일반주점업,0,0,0,2,0,0
2025-12-17,주유소·LPG충전소,0,0,0,0,0,1
2025-12-17,세탁업,3,2,4,7,2,0
2025-12-16,세탁업,4,2,0,13,2,0
2025-12-16,목욕장업,0,7,0,0,0,0
2025-12-16,주유소·LPG충전소,0,0,0,0,0,1
2025-12-16,기타미용업,2,0,0,2,0,2
2025-12-16,커피전문점,2,5,2,9,0,0
2025-12-16,이ㆍ미용업,6,11,3,27,10,2
2025-12-16,자동자 세차업,0,0,2,5,0,0
2025-12-16,소매업,9,37,6,117,15,4
2025-12-16,식품판매업,32,45,15,32,19,5
2025-12-16,일반음식점업,88,153,63,68,26,6
2025-12-16,숙박업,34,30,37,4,0,0
2025-12-16,휴게음식점업,6,7,2,4,0,0
2025-12-16,실내 스크린 골프업,0,0,6,0,0,0
2025-12-16,기타,0,0,0,3,0,0
2025-12-16,당구장 운영업,0,3,0,0,0,0
2025-12-16,슈퍼마켓,29,20,14,33,16,2
2025-12-16,일반주점업,0,0,0,2,0,0
2025-12-15,커피전문점,4,11,4,3,0,0
2025-12-15,슈퍼마켓,26,20,12,38,9,2
2025-12-15,자동자 세차업,0,0,2,6,0,0
2025-12-15,숙박업,34,36,24,5,0,0
2025-12-15,일반음식점업,93,157,121,102,4,10
2025-12-15,이ㆍ미용업,6,14,23,31,0,4
2025-12-15,소매업,7,35,31,79,6,15
2025-12-15,휴게음식점업,1,25,2,3,0,0
2025-12-15,기타미용업,4,5,0,2,0,0
2025-12-15,당구장 운영업,2,1,0,0,0,0
2025-12-15,일반주점업,0,2,0,0,0,0
2025-12-15,세탁업,6,7,13,12,0,0
2025-12-15,실내 스크린 골프업,1,0,1,0,0,0
2025-12-15,목욕장업,0,2,2,0,0,0
2025-12-15,주유소·LPG충전소,0,0,0,1,0,3
2025-12-15,식품판매업,20,46,39,64,9,3
2025-12-14,당구장 운영업,2,2,0,0,0,0
2025-12-14,일반음식점업,105,217,77,143,6,12
2025-12-14,일반주점업,0,3,0,0,0,0
2025-12-14,세탁업,0,4,0,11,0,2
2025-12-14,자동차 전문수리업,0,0,0,0,0,2
2025-12-14,실내 스크린 골프업,0,0,2,0,0,3
2025-12-14,식품판매업,35,47,13,35,2,4
2025-12-14,기타미용업,3,0,1,3,0,0
2025-12-14,이ㆍ미용업,3,6,5,27,0,2
2025-12-14,기타,0,0,0,3,0,0
2025-12-14,슈퍼마켓,37,30,19,81,15,1
2025-12-14,자동자 세차업,0,0,0,1,0,0
2025-12-14,커피전문점,9,6,6,3,0,4
2025-12-14,휴게음식점업,0,10,0,9,0,0
2025-12-14,소매업,5,57,6,73,7,16
2025-12-14,숙박업,36,50,14,13,0,0
2025-12-14,목욕장업,0,4,0,2,0,0
2025-12-13,주유소·LPG충전소,0,0,0,1,0,2
2025-12-13,목욕장업,0,5,0,3,0,0
2025-12-13,휴게음식점업,6,18,0,7,1,0
2025-12-13,숙박업,45,58,28,0,0,0
2025-12-13,일반음식점업,129,231,113,117,3,11
2025-12-13,당구장 운영업,2,0,4,0,0,0
2025-12-13,기타,0,0,0,2,0,0
2025-12-13,커피전문점,6,14,17,7,0,2
2025-12-13,슈퍼마켓,35,23,12,60,6,1
2025-12-13,세탁업,0,2,2,1,0,0
2025-12-13,소매업,5,58,45,72,8,10
2025-12-13,기타미용업,4,0,0,5,0,0
2025-12-13,자동차 전문수리업,0,1,0,2,0,0
2025-12-13,실내 스크린 골프업,1,2,4,0,0,0
2025-12-13,식품판매업,23,43,21,59,13,4
2025-12-13,이ㆍ미용업,11,8,42,35,0,2
2025-12-12,실내 스크린 골프업,0,0,1,0,0,2
2025-12-12,자동차 전문수리업,0,0,0,5,0,3
2025-12-12,식품판매업,26,29,44,54,11,2
2025-12-12,기타미용업,3,0,1,3,0,0
2025-12-12,주유소·LPG충전소,0,0,0,2,0,1
2025-12-12,세탁업,0,4,8,10,0,2
2025-12-12,자동자 세차업,0,0,1,3,0,0
2025-12-12,목욕장업,0,1,0,2,0,0
2025-12-12,이ㆍ미용업,6,9,24,27,0,2
2025-12-12,휴게음식점업,5,14,0,6,0,0
2025-12-12,일반음식점업,150,235,142,113,6,2
2025-12-12,슈퍼마켓,42,15,18,40,15,1
2025-12-12,당구장 운영업,3,0,1,0,0,0
2025-12-12,숙박업,46,63,22,4,0,0
2025-12-12,커피전문점,10,5,5,4,0,0
2025-12-12,소매업,13,40,18,70,4,6
2025-12-12,기타,0,0,0,2,0,0
2025-12-11,커피전문점,4,8,9,6,0,4
2025-12-11,당구장 운영업,1,0,0,0,0,0
2025-12-11,식품판매업,42,47,14,36,14,3
2025-12-11,이ㆍ미용업,6,8,4,37,10,8
2025-12-11,기타미용업,2,2,5,0,0,0
2025-12-11,세탁업,1,6,1,5,2,2
2025-12-11,자동자 세차업,0,0,1,1,0,0
2025-12-11,주유소·LPG충전소,0,0,0,9,0,2
2025-12-11,소매업,5,38,10,101,15,17
2025-12-11,숙박업,30,82,25,13,0,0
2025-12-11,실내 스크린 골프업,0,0,1,0,0,0
2025-12-11,슈퍼마켓,36,15,15,41,8,3
2025-12-11,기타,0,0,0,2,0,0
2025-12-11,휴게음식점업,3,10,0,5,1,2
2025-12-11,일반음식점업,113,205,64,110,23,32
2025-12-11,목욕장업,0,8,0,2,0,0
2025-12-11,자동차 전문수리업,0,0,0,1,0,5
2025-12-10,일반음식점업,129,257,63,95,27,4
2025-12-10,자동차 전문수리업,0,0,3,5,0,0
2025-12-10,소매업,13,33,17,75,15,5
2025-12-10,기타,0,0,0,2,0,0
2025-12-10,이ㆍ미용업,4,11,4,19,10,2
2025-12-10,세탁업,2,1,2,12,2,0
2025-12-10,자동자 세차업,0,0,1,1,0,0
2025-12-10,식품판매업,35,54,15,49,9,4
2025-12-10,커피전문점,5,3,7,7,0,0
2025-12-10,휴게음식점업,10,15,0,5,0,0
2025-12-10,목욕장업,0,11,2,1,0,0
2025-12-10,당구장 운영업,4,1,0,0,0,0
2025-12-10,숙박업,37,73,21,1,0,0
2025-12-10,주유소·LPG충전소,0,0,1,11,0,6
2025-12-10,슈퍼마켓,51,20,20,54,8,2
2025-12-10,기타미용업,5,3,2,2,0,0
2025-12-09,자동자 세차업,0,0,7,2,0,0
2025-12-09,휴게음식점업,6,8,0,5,0,8
2025-12-09,실내 스크린 골프업,1,0,1,0,0,2
2025-12-09,자동차 전문수리업,0,2,0,6,0,6
2025-12-09,식품판매업,37,56,17,52,20,4
2025-12-09,일반음식점업,95,262,45,124,30,42
2025-12-09,주유소·LPG충전소,0,0,0,18,0,2
2025-12-09,소매업,7,29,13,65,18,20
2025-12-09,당구장 운영업,3,1,0,0,0,0
2025-12-09,숙박업,38,77,24,4,0,0
2025-12-09,이ㆍ미용업,12,7,0,29,11,10
2025-12-09,목욕장업,0,10,0,2,0,0
2025-12-09,슈퍼마켓,36,31,20,64,8,3
2025-12-09,세탁업,6,5,1,8,2,8
2025-12-09,기타미용업,2,3,0,6,0,2
2025-12-09,기타,0,0,0,1,0,2
2025-12-09,커피전문점,9,10,5,7,0,7
2025-12-08,휴게음식점업,6,13,0,5,0,0
2025-12-08,자동차 전문수리업,0,0,1,6,0,0
2025-12-08,세탁업,3,4,5,5,0,0
2025-12-08,이ㆍ미용업,6,10,39,41,0,0
2025-12-08,당구장 운영업,0,1,4,0,0,0
2025-12-08,일반음식점업,115,278,109,138,4,11
2025-12-08,식품판매업,36,69,24,73,15,6
2025-12-08,실내 스크린 골프업,1,1,0,0,0,0
2025-12-08,숙박업,42,77,27,4,0,0
2025-12-08,슈퍼마켓,53,28,38,70,6,1
2025-12-08,주유소·LPG충전소,0,0,2,13,0,2
2025-12-08,커피전문점,7,7,8,6,0,0
2025-12-08,소매업,11,55,30,82,2,15
2025-12-08,목욕장업,0,7,0,5,0,0
2025-12-08,기타미용업,2,1,1,6,0,0
2025-12-08,자동자 세차업,0,0,6,2,0,0
2025-12-07,슈퍼마켓,57,58,44,93,22,6
2025-12-07,자동차 전문수리업,0,0,1,0,0,0
2025-12-07,휴게음식점업,5,20,0,2,0,0
2025-12-07,자동자 세차업,0,0,0,2,0,0
2025-12-07,기타미용업,2,0,0,6,0,1
2025-12-07,숙박업,44,82,23,0,0,0
2025-12-07,목욕장업,0,14,0,5,0,0
2025-12-07,일반음식점업,175,387,147,84,8,10
2025-12-07,세탁업,0,0,7,4,0,0
2025-12-07,소매업,6,71,20,58,13,19
2025-12-07,커피전문점,7,16,6,9,0,0
2025-12-07,이ㆍ미용업,1,0,22,10,0,7
2025-12-07,식품판매업,47,77,52,32,17,1
2025-12-07,기타,0,0,0,3,0,0
2025-12-07,실내 스크린 골프업,0,0,1,0,0,0
2025-12-07,주유소·LPG충전소,0,0,8,26,0,3
2025-12-06,슈퍼마켓,107,51,48,93,19,10
2025-12-06,기타미용업,2,2,0,4,0,4
2025-12-06,소매업,10,84,13,112,15,21
2025-12-06,목욕장업,0,14,2,2,0,0
2025-12-06,일반음식점업,186,506,64,133,6,58
2025-12-06,이ㆍ미용업,5,6,3,48,1,13
2025-12-06,커피전문점,13,13,5,6,0,2
2025-12-06,자동자 세차업,0,0,0,4,0,0
2025-12-06,기타,0,0,0,2,0,2
2025-12-06,자동차 전문수리업,0,0,0,3,0,4
2025-12-06,실내 스크린 골프업,0,0,1,0,0,2
2025-12-06,숙박업,39,119,43,7,0,0
2025-12-06,주유소·LPG충전소,0,0,3,23,0,2
2025-12-06,식품판매업,39,108,16,75,20,5
2025-12-06,세탁업,2,5,1,6,0,6
2025-12-06,휴게음식점업,10,24,0,9,1,6
2025-12-05,식품판매업,23,75,10,56,14,9
2025-12-05,숙박업,36,136,32,8,0,0
2025-12-05,커피전문점,2,5,6,6,0,2
2025-12-05,자동차 전문수리업,0,1,3,7,1,4
2025-12-05,휴게음식점업,11,10,2,9,0,8
2025-12-05,주유소·LPG충전소,0,0,6,19,0,1
2025-12-05,당구장 운영업,1,0,1,0,0,0
2025-12-05,자동자 세차업,0,0,2,4,0,0
2025-12-05,기타미용업,0,2,4,5,0,3
2025-12-05,일반음식점업,153,406,56,128,12,59
2025-12-05,슈퍼마켓,87,28,52,64,18,4
2025-12-05,목욕장업,0,15,0,2,0,0
2025-12-05,세탁업,3,0,1,24,0,6
2025-12-05,실내 스크린 골프업,0,0,0,0,0,3
2025-12-05,기타,0,0,0,0,0,2
2025-12-05,이ㆍ미용업,8,9,3,48,0,15
2025-12-05,소매업,13,85,11,103,10,24
2025-12-04,커피전문점,5,4,10,15,0,0
2025-12-04,휴게음식점업,6,6,2,11,0,0
2025-12-04,기타,0,0,0,4,0,0
2025-12-04,당구장 운영업,0,1,4,0,0,0
2025-12-04,자동차 전문수리업,0,1,0,7,0,0
2025-12-04,목욕장업,0,13,1,2,0,0
2025-12-04,기타미용업,1,0,1,3,0,2
2025-12-04,소매업,9,87,36,98,14,9
2025-12-04,주유소·LPG충전소,0,0,1,14,0,7
2025-12-04,자동자 세차업,0,0,2,3,0,0
2025-12-04,실내 스크린 골프업,0,0,0,0,0,2
2025-12-04,슈퍼마켓,79,37,42,63,19,7
2025-12-04,세탁업,4,4,3,14,2,0
2025-12-04,식품판매업,27,97,19,53,9,7
2025-12-04,이ㆍ미용업,6,8,37,31,10,5
2025-12-04,일반음식점업,146,410,133,118,26,20
2025-12-04,숙박업,30,130,34,3,0,0
2025-12-03,식품판매업,34,152,53,65,14,4
2025-12-03,주유소·LPG충전소,0,0,9,18,0,4
2025-12-03,휴게음식점업,7,14,0,5,0,0
2025-12-03,일반주점업,0,0,0,2,0,0
2025-12-03,이ㆍ미용업,7,11,22,26,10,3
2025-12-03,세탁업,1,4,10,11,2,0
2025-12-03,슈퍼마켓,94,167,53,70,25,6
2025-12-03,목욕장업,0,11,0,2,0,0
2025-12-03,커피전문점,2,3,5,13,0,0
2025-12-03,당구장 운영업,3,0,0,0,0,0
2025-12-03,숙박업,38,140,34,4,0,0
2025-12-03,기타미용업,0,2,1,9,0,1
2025-12-03,소매업,10,81,25,106,19,20
2025-12-03,자동차 전문수리업,2,1,3,9,0,0
2025-12-03,실내 스크린 골프업,0,0,1,0,0,2
2025-12-03,기타,0,0,0,5,0,0
2025-12-03,자동자 세차업,0,0,4,4,0,0
2025-12-03,일반음식점업,164,451,167,115,31,21
2025-12-02,기타미용업,2,1,0,8,0,4
2025-12-02,커피전문점,3,16,6,14,0,2
2025-12-02,자동자 세차업,0,0,2,4,0,0
2025-12-02,슈퍼마켓,107,236,79,70,20,9
2025-12-02,목욕장업,0,8,0,2,0,0
2025-12-02,주유소·LPG충전소,0,0,8,30,5,3
2025-12-02,일반주점업,0,1,0,0,0,0
2025-12-02,기타,0,0,0,6,0,2
2025-12-02,실내 스크린 골프업,0,0,1,0,0,0
2025-12-02,자동차 전문수리업,7,2,3,9,0,4
2025-12-02,휴게음식점업,4,10,2,9,0,8
2025-12-02,일반음식점업,154,483,83,157,27,65
2025-12-02,이ㆍ미용업,5,7,6,32,10,15
2025-12-02,숙박업,41,156,24,5,0,0
2025-12-02,세탁업,4,3,3,14,2,6
2025-12-02,식품판매업,38,199,19,80,20,8
2025-12-02,당구장 운영업,3,1,0,0,0,0
2025-12-02,소매업,11,90,14,131,9,31
2025-12-01,이ㆍ미용업,7,5,1,37,0,19
2025-12-01,목욕장업,0,11,2,4,0,0
2025-12-01,일반주점업,0,0,0,2,0,0
2025-12-01,자동차 전문수리업,14,2,2,2,0,4
2025-12-01,세탁업,3,3,3,30,0,6
2025-12-01,자동자 세차업,0,0,2,4,0,0
2025-12-01,식품판매업,51,204,20,58,25,12
2025-12-01,숙박업,76,175,34,6,0,0
2025-12-01,실내 스크린 골프업,0,2,1,0,0,3
2025-12-01,당구장 운영업,0,1,0,0,0,0
2025-12-01,소매업,11,138,13,118,10,35
2025-12-01,휴게음식점업,5,24,0,12,0,8
2025-12-01,커피전문점,4,10,8,6,0,2
2025-12-01,기타,0,0,0,0,0,2
2025-12-01,슈퍼마켓,145,430,87,99,33,7
2025-12-01,일반음식점업,156,553,99,129,6,70
2025-12-01,기타미용업,2,3,0,5,0,5
2025-12-01,주유소·LPG충전소,68,37,38,36,57,4
2025-11-30,기타,0,0,0,3,0,0
2025-11-30,자동자 세차업,0,0,0,1,0,0
2025-11-30,휴게음식점업,0,3,2,8,2,0
2025-11-30,소매업,5,10,7,56,6,12
2025-11-30,기타미용업,0,0,0,1,0,0
2025-11-30,식품판매업,19,12,5,31,2,7
2025-11-30,슈퍼마켓,14,2,11,32,3,0
2025-11-30,커피전문점,5,8,0,3,0,1
2025-11-30,이ㆍ미용업,1,1,1,15,0,2
2025-11-30,세탁업,0,0,0,2,0,2
2025-11-30,실내 스크린 골프업,0,2,0,0,0,1
2025-11-30,당구장 운영업,1,0,0,0,0,0
2025-11-30,자동차 전문수리업,0,0,0,5,0,2
2025-11-30,숙박업,26,18,40,2,0,0
2025-11-30,일반음식점업,71,57,35,89,4,10
2025-11-29,슈퍼마켓,11,0,11,27,8,2
2025-11-29,자동자 세차업,0,0,0,1,0,0
2025-11-29,자동차 전문수리업,0,1,0,5,0,5
2025-11-29,이ㆍ미용업,4,1,0,25,0,5
2025-11-29,목욕장업,0,0,2,0,0,0
2025-11-29,일반주점업,0,0,0,2,0,0
2025-11-29,일반음식점업,83,85,50,84,7,16
2025-11-29,휴게음식점업,6,5,0,8,0,6
2025-11-29,소매업,12,8,6,60,5,18
2025-11-29,기타미용업,0,0,0,6,0,0
2025-11-29,주유소·LPG충전소,0,0,0,0,0,1
2025-11-29,식품판매업,16,13,2,34,13,2
2025-11-29,숙박업,21,12,28,4,0,0
2025-11-29,세탁업,0,0,0,11,0,4
2025-11-29,커피전문점,5,4,0,5,0,2
2025-11-29,실내 스크린 골프업,0,1,0,0,0,2
2025-11-28,식품판매업,15,15,1,44,6,0
2025-11-28,주유소·LPG충전소,0,0,0,0,0,1
2025-11-28,휴게음식점업,8,2,0,10,0,0
2025-11-28,목욕장업,0,0,2,2,0,0
2025-11-28,기타미용업,3,0,0,6,0,0
2025-11-28,슈퍼마켓,5,2,5,12,3,0
2025-11-28,이ㆍ미용업,3,5,0,22,0,4
2025-11-28,세탁업,1,1,0,10,0,2
2025-11-28,숙박업,21,15,46,0,0,0
2025-11-28,자동차 전문수리업,0,0,0,5,0,2
2025-11-28,소매업,4,6,10,64,0,4
2025-11-28,실내 스크린 골프업,0,0,0,0,0,2
2025-11-28,자동자 세차업,0,0,0,6,0,0
2025-11-28,커피전문점,5,4,6,3,0,0
2025-11-28,일반음식점업,56,77,27,77,5,7
2025-11-27,자동차 전문수리업,0,0,0,4,1,5
2025-11-27,일반주점업,0,1,0,0,0,0
2025-11-27,슈퍼마켓,12,2,6,10,1,2
2025-11-27,식품판매업,11,11,3,31,7,5
2025-11-27,숙박업,20,13,23,2,0,0
2025-11-27,주유소·LPG충전소,0,0,0,0,0,1
2025-11-27,이ㆍ미용업,3,4,0,28,0,11
2025-11-27,목욕장업,0,0,3,2,0,0
2025-11-27,기타미용업,4,0,1,7,0,3
2025-11-27,소매업,6,10,6,72,2,28
2025-11-27,자동자 세차업,0,0,0,2,0,0
2025-11-27,휴게음식점업,5,8,2,6,0,9
2025-11-27,일반음식점업,50,60,34,68,2,47
2025-11-27,커피전문점,3,5,5,7,0,3
2025-11-27,세탁업,3,3,0,8,0,9
2025-11-27,기타,0,0,0,3,0,1
2025-11-26,소매업,10,9,13,69,0,9
2025-11-26,목욕장업,0,0,2,0,0,0
2025-11-26,커피전문점,1,8,8,2,0,0
2025-11-26,휴게음식점업,3,5,2,6,0,0
2025-11-26,숙박업,28,20,20,2,0,0
2025-11-26,실내 스크린 골프업,0,1,0,0,0,0
2025-11-26,슈퍼마켓,12,0,8,17,3,3
2025-11-26,주유소·LPG충전소,0,0,0,0,0,1
2025-11-26,식품판매업,12,16,7,53,9,3
2025-11-26,당구장 운영업,2,2,0,0,0,0
2025-11-26,기타미용업,4,0,0,2,0,0
2025-11-26,이ㆍ미용업,2,7,14,31,0,2
2025-11-26,일반음식점업,71,78,76,122,4,8
2025-11-26,세탁업,2,4,3,14,0,2
2025-11-26,자동차 전문수리업,0,1,0,0,0,2
2025-11-25,일반주점업,0,1,0,2,0,0
2025-11-25,이ㆍ미용업,5,8,13,23,15,2
2025-11-25,일반음식점업,64,89,80,90,24,9
2025-11-25,커피전문점,6,3,2,6,0,2
2025-11-25,당구장 운영업,0,2,2,0,0,0
2025-11-25,슈퍼마켓,10,4,10,26,8,1
2025-11-25,자동차 전문수리업,0,0,0,2,0,0
2025-11-25,휴게음식점업,0,7,0,1,0,0
2025-11-25,목욕장업,0,0,0,2,0,0
2025-11-25,소매업,8,10,13,61,16,10
2025-11-25,숙박업,15,20,13,0,0,0
2025-11-25,세탁업,3,2,4,11,3,0
2025-11-25,주유소·LPG충전소,0,0,0,0,0,3
2025-11-25,실내 스크린 골프업,0,1,1,0,0,2
2025-11-25,기타미용업,0,0,1,3,0,0
2025-11-25,자동자 세차업,0,0,0,6,0,0
2025-11-25,식품판매업,15,10,21,27,11,0
2025-11-24,슈퍼마켓,5,3,2,22,2,2
2025-11-24,기타미용업,2,0,0,4,0,0
2025-11-24,실내 스크린 골프업,1,0,0,0,0,0
2025-11-24,이ㆍ미용업,5,4,30,27,0,0
2025-11-24,휴게음식점업,3,8,2,7,0,0
2025-11-24,소매업,7,21,33,61,1,8
2025-11-24,숙박업,33,12,15,3,0,0
2025-11-24,목욕장업,0,0,2,2,0,0
2025-11-24,일반음식점업,63,84,97,104,1,6
2025-11-24,당구장 운영업,0,2,4,0,0,0
2025-11-24,세탁업,2,2,4,19,0,0
2025-11-24,식품판매업,21,14,19,32,11,3
2025-11-24,커피전문점,5,7,5,5,0,0
2025-11-24,자동차 전문수리업,0,0,0,6,0,0
2025-11-23,당구장 운영업,0,2,0,0,0,0
2025-11-23,슈퍼마켓,12,1,10,52,6,9
2025-11-23,주유소·LPG충전소,0,0,0,0,0,1
2025-11-23,휴게음식점업,3,14,0,10,0,0
2025-11-23,이ㆍ미용업,2,2,1,41,0,2
2025-11-23,소매업,8,15,6,68,2,5
2025-11-23,실내 스크린 골프업,2,1,10,0,0,0
2025-11-23,세탁업,0,0,0,6,0,0
2025-11-23,일반음식점업,102,107,63,117,9,16
2025-11-23,커피전문점,7,8,6,0,0,0
2025-11-23,목욕장업,0,0,3,5,0,0
2025-11-23,기타미용업,2,0,0,3,0,0
2025-11-23,식품판매업,27,12,6,57,8,2
2025-11-23,자동자 세차업,0,0,6,0,0,0
2025-11-23,숙박업,38,19,18,10,0,0
2025-11-22,자동차 전문수리업,0,0,1,1,0,4
2025-11-22,목욕장업,0,0,2,2,0,0
2025-11-22,이ㆍ미용업,5,11,1,17,0,2
2025-11-22,세탁업,0,2,2,5,0,1
2025-11-22,휴게음식점업,5,10,0,4,1,2
2025-11-22,일반음식점업,115,155,47,83,4,10
2025-11-22,소매업,5,37,3,48,1,10
2025-11-22,당구장 운영업,0,3,0,0,0,0
2025-11-22,슈퍼마켓,19,0,10,34,10,4
2025-11-22,기타미용업,0,0,3,3,0,0
2025-11-22,숙박업,29,28,33,4,0,0
2025-11-22,식품판매업,17,19,9,40,13,5
2025-11-22,자동자 세차업,0,0,7,2,0,0
2025-11-22,커피전문점,3,9,3,6,0,0
2025-11-22,일반주점업,0,0,0,2,0,0
2025-11-22,실내 스크린 골프업,2,4,1,0,0,0
2025-11-21,식품판매업,18,25,14,54,8,3
2025-11-21,이ㆍ미용업,6,7,3,34,0,12
2025-11-21,자동자 세차업,0,0,2,2,0,0
2025-11-21,기타미용업,2,2,0,0,0,4
2025-11-21,자동차 전문수리업,0,2,1,0,0,4
2025-11-21,소매업,11,34,5,87,3,28
2025-11-21,세탁업,0,1,2,7,0,6
2025-11-21,숙박업,34,33,27,3,0,0
2025-11-21,커피전문점,8,9,6,1,0,2
2025-11-21,슈퍼마켓,26,4,11,19,3,2
2025-11-21,목욕장업,0,0,2,3,0,0
2025-11-21,일반음식점업,75,135,51,107,8,44
2025-11-21,실내 스크린 골프업,1,1,0,0,0,2
2025-11-21,기타,0,0,0,0,0,2
2025-11-21,당구장 운영업,5,1,0,0,0,0
2025-11-21,휴게음식점업,1,13,2,5,0,8
2025-11-20,이ㆍ미용업,3,9,5,28,10,10
2025-11-20,목욕장업,0,0,2,2,0,0
2025-11-20,식품판매업,22,18,15,37,14,6
2025-11-20,일반음식점업,81,108,45,125,20,47
2025-11-20,자동자 세차업,0,0,0,3,0,0
2025-11-20,슈퍼마켓,9,5,7,32,8,6
2025-11-20,기타,0,0,0,0,0,2
2025-11-20,숙박업,21,33,31,7,0,0
2025-11-20,기타미용업,1,2,0,4,0,2
2025-11-20,세탁업,2,3,3,8,2,6
2025-11-20,휴게음식점업,4,8,0,0,0,8
2025-11-20,자동차 전문수리업,0,0,0,4,0,2
2025-11-20,소매업,10,26,6,60,11,26
2025-11-20,커피전문점,0,8,0,3,0,2
2025-11-20,일반주점업,0,0,0,2,0,0
2025-11-19,기타,0,0,0,2,0,0
2025-11-19,숙박업,25,25,14,2,0,0
2025-11-19,커피전문점,0,2,12,7,0,0
2025-11-19,소매업,9,20,40,62,12,6
2025-11-19,식품판매업,20,23,29,41,11,4
2025-11-19,실내 스크린 골프업,0,0,1,0,0,2
2025-11-19,일반음식점업,74,125,108,76,24,17
2025-11-19,슈퍼마켓,24,1,6,27,12,2
2025-11-19,기타미용업,3,2,2,5,0,2
2025-11-19,당구장 운영업,0,2,4,0,0,0
2025-11-19,자동차 전문수리업,0,0,0,3,0,0
2025-11-19,휴게음식점업,2,4,0,5,0,0
2025-11-19,목욕장업,0,0,0,1,0,0
2025-11-19,이ㆍ미용업,6,9,30,18,10,4
2025-11-19,자동자 세차업,0,0,2,0,0,0
2025-11-19,세탁업,2,4,4,10,3,0
2025-11-18,세탁업,6,1,8,11,2,0
2025-11-18,휴게음식점업,0,1,0,4,0,0
2025-11-18,주유소·LPG충전소,0,0,0,0,0,2
2025-11-18,숙박업,39,24,29,6,0,0
2025-11-18,일반음식점업,68,150,128,71,22,13
2025-11-18,당구장 운영업,2,0,0,0,0,0
2025-11-18,이ㆍ미용업,4,4,32,18,10,5
2025-11-18,슈퍼마켓,30,1,14,14,10,5
2025-11-18,소매업,12,30,20,66,12,7
2025-11-18,자동자 세차업,0,0,0,1,0,0
2025-11-18,실내 스크린 골프업,1,0,0,0,0,0
2025-11-18,식품판매업,21,12,28,22,12,4
2025-11-18,기타미용업,3,3,0,0,0,2
2025-11-18,목욕장업,0,5,0,2,0,0
2025-11-18,자동차 전문수리업,0,2,0,3,0,0
2025-11-18,커피전문점,4,8,5,2,0,0
2025-11-17,슈퍼마켓,26,0,11,21,8,7
2025-11-17,커피전문점,3,3,4,3,0,0
2025-11-17,이ㆍ미용업,7,13,23,34,0,5
2025-11-17,일반음식점업,75,122,93,107,5,18
2025-11-17,기타미용업,2,0,1,3,0,1
2025-11-17,식품판매업,21,16,32,62,10,2
2025-11-17,자동차 전문수리업,0,0,0,4,0,0
2025-11-17,당구장 운영업,2,4,0,0,0,0
2025-11-17,휴게음식점업,3,6,3,4,2,0
2025-11-17,세탁업,3,0,4,8,0,0
2025-11-17,소매업,7,31,33,77,4,10
2025-11-17,자동자 세차업,0,0,0,2,0,0
2025-11-17,실내 스크린 골프업,1,2,0,0,0,2
2025-11-17,목욕장업,0,7,0,4,0,0
2025-11-17,숙박업,32,28,19,10,0,0
2025-11-16,자동차 전문수리업,0,0,0,0,0,3
2025-11-16,슈퍼마켓,24,9,13,68,12,3
2025-11-16,숙박업,38,31,22,8,0,0
2025-11-16,기타미용업,0,0,2,7,0,2
2025-11-16,기타,0,0,0,0,0,2
2025-11-16,일반음식점업,98,135,87,108,8,40
2025-11-16,커피전문점,3,14,0,0,0,3
2025-11-16,주유소·LPG충전소,0,0,0,0,0,1
2025-11-16,식품판매업,17,18,15,26,7,6
2025-11-16,실내 스크린 골프업,0,0,0,0,0,1
2025-11-16,이ㆍ미용업,1,3,4,29,0,8
2025-11-16,휴게음식점업,3,9,3,9,1,6
2025-11-16,목욕장업,0,8,0,5,0,0
2025-11-16,당구장 운영업,1,0,1,0,0,0
2025-11-16,세탁업,0,3,0,4,0,2
2025-11-16,소매업,10,32,8,62,4,21
2025-11-16,자동자 세차업,0,0,2,4,0,0
2025-11-15,자동차 전문수리업,0,0,0,1,0,0
2025-11-15,커피전문점,9,13,5,5,0,1
2025-11-15,기타미용업,2,0,1,0,0,0
2025-11-15,숙박업,53,61,29,1,0,0
2025-11-15,일반음식점업,121,182,73,99,7,12
2025-11-15,실내 스크린 골프업,0,3,5,0,0,0
2025-11-15,일반주점업,0,0,0,2,0,0
2025-11-15,이ㆍ미용업,3,6,6,15,0,3
2025-11-15,자동자 세차업,0,0,2,3,0,0
2025-11-15,휴게음식점업,3,9,0,7,0,0
2025-11-15,목욕장업,0,7,0,0,0,0
2025-11-15,기타,0,0,0,2,0,0
2025-11-15,슈퍼마켓,31,13,20,61,12,2
2025-11-15,당구장 운영업,1,0,0,0,0,0
2025-11-15,소매업,17,35,6,53,1,10
2025-11-15,세탁업,3,6,5,7,0,2
2025-11-15,식품판매업,39,25,15,53,13,3
2025-11-14,자동자 세차업,0,0,2,2,0,0
2025-11-14,숙박업,47,61,22,2,0,0
2025-11-14,일반음식점업,105,169,64,97,25,44
2025-11-14,슈퍼마켓,43,12,16,51,11,3
2025-11-14,일반주점업,0,1,0,0,0,0
2025-11-14,기타,0,0,0,0,0,2
2025-11-14,이ㆍ미용업,1,7,9,15,10,10
2025-11-14,커피전문점,7,10,7,6,0,4
2025-11-14,기타미용업,2,0,2,2,0,2
2025-11-14,소매업,7,34,11,60,13,28
2025-11-14,세탁업,5,4,2,10,2,6
2025-11-14,자동차 전문수리업,0,0,0,6,0,6
2025-11-14,휴게음식점업,1,12,3,3,1,8
2025-11-14,목욕장업,0,4,0,0,0,0
2025-11-14,식품판매업,18,27,19,51,12,7
2025-11-14,실내 스크린 골프업,2,0,3,0,0,2
2025-11-13,자동차 전문수리업,0,0,0,9,0,4
2025-11-13,슈퍼마켓,34,14,14,56,18,4
2025-11-13,숙박업,28,44,22,6,0,0
2025-11-13,소매업,11,33,11,71,16,29
2025-11-13,기타미용업,1,0,0,6,0,2
2025-11-13,식품판매업,27,25,15,52,14,6
2025-11-13,이ㆍ미용업,2,10,4,30,10,10
2025-11-13,기타,0,0,0,2,0,2
2025-11-13,커피전문점,2,7,2,4,0,2
2025-11-13,일반음식점업,98,174,68,104,25,37
2025-11-13,자동자 세차업,0,0,3,3,0,0
2025-11-13,휴게음식점업,1,5,0,5,0,8
2025-11-13,실내 스크린 골프업,2,2,1,0,0,1
2025-11-13,목욕장업,0,1,0,2,0,0
2025-11-13,세탁업,1,5,3,14,2,8
2025-11-13,주유소·LPG충전소,0,0,0,0,0,4
2025-11-12,주유소·LPG충전소,0,0,0,1,0,3
2025-11-12,휴게음식점업,3,18,0,8,0,0
2025-11-12,당구장 운영업,0,0,4,0,0,0
2025-11-12,기타,0,0,0,3,0,0
2025-11-12,슈퍼마켓,27,6,17,45,12,2
2025-11-12,이ㆍ미용업,1,5,37,20,10,3
2025-11-12,자동차 전문수리업,0,0,0,3,0,0
2025-11-12,기타미용업,0,2,2,6,0,0
2025-11-12,목욕장업,0,0,0,1,0,0
2025-11-12,일반음식점업,67,185,118,87,31,12
2025-11-12,커피전문점,0,5,8,1,0,1
2025-11-12,숙박업,35,60,28,5,0,0
2025-11-12,소매업,11,36,41,78,13,19
2025-11-12,세탁업,4,2,4,11,2,1
2025-11-12,실내 스크린 골프업,1,0,0,0,0,1
2025-11-12,자동자 세차업,0,0,0,2,0,0
2025-11-12,식품판매업,21,30,23,36,12,5
2025-11-11,세탁업,2,3,10,9,0,0
2025-11-11,자동차 전문수리업,0,0,0,5,0,0
2025-11-11,이ㆍ미용업,3,7,28,21,0,2
2025-11-11,기타,0,0,0,6,0,0
2025-11-11,자동자 세차업,0,0,2,1,0,0
2025-11-11,휴게음식점업,4,10,2,4,0,0
2025-11-11,기타미용업,1,3,6,2,0,0
2025-11-11,일반음식점업,99,176,129,101,5,11
2025-11-11,소매업,22,28,23,74,9,7
2025-11-11,실내 스크린 골프업,0,1,0,0,0,1
2025-11-11,슈퍼마켓,31,14,31,61,2,2
2025-11-11,주유소·LPG충전소,0,0,0,2,0,3
2025-11-11,식품판매업,22,40,44,57,12,5
2025-11-11,일반주점업,0,0,0,1,0,0
2025-11-11,목욕장업,0,7,0,2,0,0
2025-11-11,숙박업,21,59,42,3,0,0
2025-11-11,커피전문점,1,8,9,9,0,1
2025-11-10,일반주점업,0,1,0,0,0,0
2025-11-10,이ㆍ미용업,8,10,37,22,0,1
2025-11-10,휴게음식점업,1,16,2,8,0,0
2025-11-10,일반음식점업,116,224,105,101,9,12
2025-11-10,식품판매업,27,42,14,64,14,4
2025-11-10,자동차 전문수리업,0,0,0,4,0,1
2025-11-10,세탁업,4,2,1,10,0,2
2025-11-10,실내 스크린 골프업,0,0,0,0,0,1
2025-11-10,당구장 운영업,0,1,4,0,0,0
2025-11-10,커피전문점,4,11,8,6,0,1
2025-11-10,숙박업,27,57,26,0,0,0
2025-11-10,소매업,17,33,32,99,8,15
2025-11-10,자동자 세차업,0,0,2,0,0,0
2025-11-10,슈퍼마켓,30,34,25,49,8,1
2025-11-10,목욕장업,0,12,0,2,0,0
2025-11-10,주유소·LPG충전소,0,0,0,12,0,3
2025-11-10,기타,0,0,0,5,0,0
2025-11-09,주유소·LPG충전소,0,0,0,8,0,4
2025-11-09,자동차 전문수리업,0,0,0,0,0,2
2025-11-09,기타,0,0,0,2,0,2
2025-11-09,당구장 운영업,3,1,0,0,0,0
2025-11-09,숙박업,36,66,28,5,0,0
2025-11-09,식품판매업,32,58,14,36,18,6
2025-11-09,자동자 세차업,0,0,0,4,0,0
2025-11-09,소매업,7,38,11,65,8,29
2025-11-09,세탁업,0,1,1,5,0,2
2025-11-09,일반주점업,0,0,0,2,0,0
2025-11-09,실내 스크린 골프업,0,2,2,0,0,0
2025-11-09,기타미용업,0,3,0,4,0,3
2025-11-09,이ㆍ미용업,1,2,0,24,0,15
2025-11-09,휴게음식점업,9,14,0,6,1,6
2025-11-09,슈퍼마켓,46,25,32,84,11,7
2025-11-09,커피전문점,3,15,4,2,0,2
2025-11-09,목욕장업,0,5,0,0,0,0
2025-11-09,일반음식점업,193,297,57,119,9,54
2025-11-08,소매업,14,52,12,80,8,27
2025-11-08,당구장 운영업,2,0,0,0,0,0
2025-11-08,자동차 전문수리업,0,0,0,2,0,4
2025-11-08,이ㆍ미용업,1,11,3,46,0,13
2025-11-08,주유소·LPG충전소,0,0,2,13,0,1
2025-11-08,일반주점업,0,1,0,2,0,0
2025-11-08,실내 스크린 골프업,0,0,2,0,0,1
2025-11-08,휴게음식점업,8,17,0,9,0,9
2025-11-08,기타미용업,3,2,1,9,0,4
2025-11-08,슈퍼마켓,56,25,31,63,17,8
2025-11-08,일반음식점업,204,343,68,108,9,52
2025-11-08,식품판매업,58,75,18,60,10,8
2025-11-08,커피전문점,12,14,8,5,0,2
2025-11-08,기타,0,0,0,2,0,2
2025-11-08,목욕장업,0,17,0,3,0,0
2025-11-08,숙박업,40,89,34,2,0,0
2025-11-08,자동자 세차업,0,0,0,3,0,0
2025-11-08,세탁업,2,7,2,8,0,6
2025-11-07,세탁업,3,3,3,18,0,0
2025-11-07,숙박업,44,94,24,12,0,0
2025-11-07,슈퍼마켓,51,40,46,73,14,5
2025-11-07,자동자 세차업,0,0,0,2,0,0
2025-11-07,이ㆍ미용업,4,6,3,53,0,7
2025-11-07,소매업,13,75,11,118,1,15
2025-11-07,휴게음식점업,6,19,0,3,0,0
2025-11-07,일반음식점업,153,287,71,161,14,27
2025-11-07,커피전문점,6,12,2,9,0,0
2025-11-07,자동차 전문수리업,0,2,0,6,0,0
2025-11-07,당구장 운영업,5,1,0,0,0,0
2025-11-07,일반주점업,0,0,0,2,0,0
2025-11-07,기타미용업,2,2,3,5,0,2
2025-11-07,기타,0,0,0,2,0,0
2025-11-07,주유소·LPG충전소,0,0,3,21,0,3
2025-11-07,목욕장업,0,7,0,2,0,0
2025-11-07,식품판매업,21,71,16,85,19,6
2025-11-06,식품판매업,52,86,8,87,20,11
2025-11-06,자동자 세차업,0,0,0,3,0,0
2025-11-06,자동차 전문수리업,0,1,0,7,2,0
2025-11-06,휴게음식점업,9,10,0,8,0,0
2025-11-06,주유소·LPG충전소,0,0,6,14,0,2
2025-11-06,기타,0,0,0,2,0,0
2025-11-06,이ㆍ미용업,5,10,9,43,0,12
2025-11-06,목욕장업,0,14,0,3,0,0
2025-11-06,소매업,20,73,13,82,6,14
2025-11-06,세탁업,2,5,3,10,0,0
2025-11-06,슈퍼마켓,52,42,36,60,11,9
2025-11-06,숙박업,34,97,26,0,0,0
2025-11-06,실내 스크린 골프업,0,3,0,0,0,3
2025-11-06,일반음식점업,147,291,63,130,8,21
2025-11-06,기타미용업,3,0,3,4,0,0
2025-11-06,커피전문점,5,7,2,7,0,0
2025-11-05,일반음식점업,137,373,142,111,28,18
2025-11-05,식품판매업,40,85,51,57,24,0
2025-11-05,자동자 세차업,0,0,0,2,0,0
2025-11-05,세탁업,4,4,12,18,2,0
2025-11-05,소매업,14,66,27,85,16,12
2025-11-05,슈퍼마켓,74,62,49,73,21,3
2025-11-05,이ㆍ미용업,5,17,28,34,12,2
2025-11-05,커피전문점,1,6,10,4,0,0
2025-11-05,기타미용업,3,2,0,5,0,3
2025-11-05,목욕장업,0,16,0,3,0,0
2025-11-05,주유소·LPG충전소,0,0,4,19,0,4
2025-11-05,기타,0,0,0,2,0,0
2025-11-05,휴게음식점업,7,16,0,8,0,0
2025-11-05,숙박업,19,121,28,4,0,0
2025-11-05,자동차 전문수리업,2,1,0,6,1,0
2025-11-04,숙박업,52,138,22,6,0,0
2025-11-04,세탁업,3,6,2,12,2,0
2025-11-04,이ㆍ미용업,4,11,36,31,13,13
2025-11-04,식품판매업,32,119,37,64,29,3
2025-11-04,소매업,15,91,52,76,17,17
2025-11-04,슈퍼마켓,99,75,44,81,20,9
2025-11-04,자동차 전문수리업,7,0,0,7,1,0
2025-11-04,기타미용업,2,0,0,9,0,0
2025-11-04,실내 스크린 골프업,0,2,1,0,0,3
2025-11-04,기타,0,0,0,8,0,0
2025-11-04,당구장 운영업,6,0,4,0,0,0
2025-11-04,주유소·LPG충전소,0,0,6,14,0,7
2025-11-04,목욕장업,0,9,0,3,0,0
2025-11-04,일반음식점업,138,423,150,121,24,39
2025-11-04,커피전문점,2,11,5,8,0,0
2025-11-04,휴게음식점업,4,4,0,8,0,0
2025-11-04,자동자 세차업,0,0,0,2,0,0
2025-11-03,식품판매업,35,119,46,62,17,10
2025-11-03,자동자 세차업,0,0,0,2,0,0
2025-11-03,이ㆍ미용업,1,14,30,43,9,9
2025-11-03,목욕장업,0,14,0,4,0,0
2025-11-03,소매업,14,115,28,130,23,24
2025-11-03,자동차 전문수리업,12,1,0,5,1,0
2025-11-03,실내 스크린 골프업,0,1,0,0,0,3
2025-11-03,당구장 운영업,7,1,0,0,0,0
2025-11-03,기타,0,0,0,5,0,0
2025-11-03,주유소·LPG충전소,0,0,5,25,0,3
2025-11-03,슈퍼마켓,121,96,49,69,17,5
2025-11-03,커피전문점,2,5,11,14,0,0
2025-11-03,휴게음식점업,6,11,0,12,0,0
2025-11-03,기타미용업,3,2,12,11,0,3
2025-11-03,세탁업,4,9,10,20,3,0
2025-11-03,일반주점업,0,0,0,1,0,0
2025-11-03,일반음식점업,160,460,146,117,28,36
2025-11-03,숙박업,47,139,24,2,0,0
2025-11-02,소매업,15,96,18,115,10,36
2025-11-02,목욕장업,0,17,0,5,0,0
2025-11-02,숙박업,50,154,32,11,0,0
2025-11-02,세탁업,0,1,0,10,0,4
2025-11-02,자동자 세차업,0,0,0,1,0,0
2025-11-02,슈퍼마켓,180,177,98,131,35,6
2025-11-02,일반주점업,0,0,0,2,0,0
2025-11-02,일반음식점업,220,659,131,197,9,48
2025-11-02,커피전문점,5,24,9,4,0,3
2025-11-02,자동차 전문수리업,0,0,0,0,0,8
2025-11-02,이ㆍ미용업,0,0,7,43,0,7
2025-11-02,실내 스크린 골프업,0,2,0,0,0,2
2025-11-02,휴게음식점업,13,24,1,15,0,0
2025-11-02,당구장 운영업,4,1,0,0,0,0
2025-11-02,주유소·LPG충전소,0,0,9,29,8,2
2025-11-02,기타미용업,5,2,2,2,0,0
2025-11-02,식품판매업,50,244,32,77,9,11
2025-11-01,자동자 세차업,0,0,0,1,0,0
2025-11-01,실내 스크린 골프업,0,0,0,0,0,4
2025-11-01,목욕장업,0,17,4,4,0,0
2025-11-01,슈퍼마켓,190,472,90,99,22,9
2025-11-01,소매업,17,127,10,86,14,67
2025-11-01,휴게음식점업,12,11,0,12,0,16
2025-11-01,식품판매업,49,270,25,88,13,21
2025-11-01,이ㆍ미용업,5,13,4,49,0,20
2025-11-01,자동차 전문수리업,2,0,0,3,0,2
2025-11-01,주유소·LPG충전소,68,35,47,57,53,7
2025-11-01,커피전문점,11,12,9,7,0,8
2025-11-01,세탁업,0,2,2,17,0,16
2025-11-01,일반음식점업,230,704,109,175,12,91
2025-11-01,숙박업,83,244,51,6,0,0
2025-11-01,기타미용업,5,2,3,7,0,4
2025-11-01,기타,0,0,0,0,0,4
2025-10-31,일반음식점업,53,59,38,72,7,4
2025-10-31,이ㆍ미용업,3,9,2,20,0,2
2025-10-31,기타,0,0,0,2,0,0
2025-10-31,기타미용업,0,0,0,2,0,0
2025-10-31,휴게음식점업,4,3,0,1,0,0
2025-10-31,자동차 전문수리업,0,1,0,4,0,1
2025-10-31,일반주점업,0,0,0,1,0,0
2025-10-31,세탁업,1,2,3,5,0,0
2025-10-31,숙박업,27,21,17,4,0,0
2025-10-31,식품판매업,8,6,2,24,6,0
2025-10-31,커피전문점,4,3,0,0,0,0
2025-10-31,소매업,6,13,3,41,2,1
2025-10-31,슈퍼마켓,5,15,5,19,1,1
2025-10-30,일반음식점업,50,62,34,93,3,0
2025-10-30,식품판매업,6,7,1,48,11,0
2025-10-30,주유소·LPG충전소,0,0,0,0,0,2
2025-10-30,휴게음식점업,0,8,0,1,0,0
2025-10-30,소매업,5,11,4,65,2,0
2025-10-30,목욕장업,0,0,0,1,0,0
2025-10-30,커피전문점,0,4,0,6,0,0
2025-10-30,숙박업,15,7,12,2,0,0
2025-10-30,기타미용업,2,0,0,2,0,0
2025-10-30,이ㆍ미용업,3,5,3,27,0,0
2025-10-30,슈퍼마켓,5,2,3,33,1,2
2025-10-30,실내 스크린 골프업,0,1,0,0,0,0
2025-10-30,자동차 전문수리업,0,1,0,5,0,0
2025-10-30,일반주점업,0,1,0,2,0,0
2025-10-30,기타,0,0,0,2,0,0
2025-10-30,세탁업,2,1,2,6,0,0
2025-10-29,일반음식점업,35,52,33,42,5,0
2025-10-29,커피전문점,4,3,0,2,0,0
2025-10-29,세탁업,0,0,3,16,0,0
2025-10-29,주유소·LPG충전소,0,0,0,0,0,1
2025-10-29,숙박업,15,16,16,2,0,0
2025-10-29,슈퍼마켓,9,6,1,17,5,0
2025-10-29,실내 스크린 골프업,0,1,0,0,0,0
2025-10-29,휴게음식점업,2,14,0,7,0,0
2025-10-29,자동차 전문수리업,0,0,0,6,0,0
2025-10-29,목욕장업,0,0,0,1,0,0
2025-10-29,이ㆍ미용업,2,3,2,18,0,0
2025-10-29,기타미용업,2,0,0,3,0,0
2025-10-29,소매업,3,13,1,37,2,0
2025-10-29,식품판매업,8,15,2,47,5,0
2025-10-28,일반음식점업,47,53,46,89,3,35
2025-10-28,기타미용업,0,0,0,8,0,4
2025-10-28,휴게음식점업,3,11,0,0,0,12
2025-10-28,숙박업,13,7,15,4,0,0
2025-10-28,기타,0,0,0,3,0,4
2025-10-28,목욕장업,0,0,0,1,0,0
2025-10-28,주유소·LPG충전소,0,0,0,0,0,2
2025-10-28,식품판매업,15,4,2,50,4,3
2025-10-28,슈퍼마켓,8,13,3,15,3,0
2025-10-28,자동자 세차업,0,0,1,1,0,0
2025-10-28,실내 스크린 골프업,1,0,3,0,0,0
2025-10-28,당구장 운영업,0,1,0,0,0,0
2025-10-28,이ㆍ미용업,2,10,3,24,0,11
2025-10-28,자동차 전문수리업,0,1,0,4,0,4
2025-10-28,커피전문점,1,1,0,4,0,2
2025-10-28,세탁업,1,1,2,14,0,7
2025-10-28,소매업,9,13,4,46,1,19
2025-10-27,커피전문점,0,5,4,4,0,0
2025-10-27,기타,0,0,0,1,0,0
2025-10-27,실내 스크린 골프업,1,1,0,0,0,0
2025-10-27,슈퍼마켓,9,8,5,16,2,3
2025-10-27,일반음식점업,59,60,48,91,6,34
2025-10-27,소매업,8,8,9,58,1,11
2025-10-27,휴게음식점업,4,9,0,1,0,4
2025-10-27,이ㆍ미용업,7,13,5,33,0,7
2025-10-27,자동자 세차업,0,0,0,1,0,0
2025-10-27,기타미용업,0,0,0,5,0,0
2025-10-27,목욕장업,0,0,1,0,0,0
2025-10-27,식품판매업,8,10,3,38,7,0
2025-10-27,자동차 전문수리업,0,0,0,6,0,2
2025-10-27,세탁업,3,0,4,8,0,6
2025-10-27,숙박업,18,7,11,2,0,0
2025-10-26,자동차 전문수리업,0,0,0,5,0,0
2025-10-26,실내 스크린 골프업,0,2,3,0,0,0
2025-10-26,숙박업,26,2,21,4,0,0
2025-10-26,일반음식점업,49,72,61,78,7,1
2025-10-26,소매업,14,9,7,44,2,0
2025-10-26,자동자 세차업,0,0,2,1,0,0
2025-10-26,식품판매업,18,8,2,42,7,0
2025-10-26,이ㆍ미용업,0,0,2,22,0,0
2025-10-26,기타미용업,2,0,0,5,0,0
2025-10-26,커피전문점,4,6,4,2,0,0
2025-10-26,세탁업,0,0,1,6,0,0
2025-10-26,목욕장업,0,0,3,1,0,0
2025-10-26,주유소·LPG충전소,0,0,0,0,0,1
2025-10-26,슈퍼마켓,15,9,2,25,6,2
2025-10-26,당구장 운영업,1,0,0,0,0,0
2025-10-26,휴게음식점업,6,12,2,2,0,0
2025-10-25,커피전문점,1,13,8,11,0,0
2025-10-25,소매업,12,13,29,60,1,1
2025-10-25,숙박업,26,10,19,5,0,0
2025-10-25,세탁업,1,4,0,21,0,0
2025-10-25,주유소·LPG충전소,0,0,0,0,0,2
2025-10-25,식품판매업,14,17,9,53,9,0
2025-10-25,일반음식점업,70,148,81,118,5,0
2025-10-25,기타미용업,3,0,0,1,0,0
2025-10-25,이ㆍ미용업,5,5,6,41,0,0
2025-10-25,슈퍼마켓,3,13,7,43,2,1
2025-10-25,자동차 전문수리업,0,0,0,2,0,0
2025-10-25,자동자 세차업,0,0,1,1,0,0
2025-10-25,휴게음식점업,3,13,2,5,0,0
2025-10-25,당구장 운영업,4,0,0,0,0,0
2025-10-25,일반주점업,0,0,0,2,0,0
2025-10-25,실내 스크린 골프업,1,0,1,0,0,0
2025-10-24,이ㆍ미용업,5,10,38,29,0,0
2025-10-24,실내 스크린 골프업,0,1,5,0,0,0
2025-10-24,자동자 세차업,0,0,0,3,0,0
2025-10-24,기타미용업,4,0,0,3,0,0
2025-10-24,주유소·LPG충전소,0,0,0,0,0,1
2025-10-24,슈퍼마켓,11,16,9,20,7,3
2025-10-24,식품판매업,14,17,23,47,13,0
2025-10-24,일반음식점업,63,121,116,100,4,3
2025-10-24,커피전문점,0,11,10,6,0,0
2025-10-24,숙박업,38,10,26,2,0,0
2025-10-24,소매업,16,18,20,67,0,8
2025-10-24,휴게음식점업,0,12,2,9,0,0
2025-10-24,일반주점업,0,0,0,2,0,0
2025-10-24,목욕장업,0,0,0,1,0,0
2025-10-24,자동차 전문수리업,0,0,0,5,0,0
2025-10-24,세탁업,4,1,5,7,0,5
2025-10-24,당구장 운영업,2,0,4,0,0,0
2025-10-23,기타미용업,0,0,1,3,0,0
2025-10-23,주유소·LPG충전소,0,0,0,0,0,2
2025-10-23,세탁업,2,2,2,14,1,3
2025-10-23,숙박업,15,15,13,2,0,0
2025-10-23,소매업,10,21,3,59,4,11
2025-10-23,기타,0,0,0,3,0,0
2025-10-23,실내 스크린 골프업,0,1,0,0,0,0
2025-10-23,일반음식점업,66,104,50,89,17,10
2025-10-23,이ㆍ미용업,4,5,5,25,4,2
2025-10-23,자동자 세차업,0,0,0,3,0,0
2025-10-23,슈퍼마켓,19,5,6,27,2,2
2025-10-23,자동차 전문수리업,0,0,0,3,1,0
2025-10-23,식품판매업,10,18,9,48,10,4
2025-10-23,당구장 운영업,6,0,0,0,0,0
2025-10-23,커피전문점,4,8,2,5,0,0
2025-10-23,목욕장업,0,0,2,2,0,0
2025-10-23,휴게음식점업,2,12,2,0,0,0
2025-10-22,목욕장업,0,0,0,2,0,0
2025-10-22,기타,0,0,0,1,0,0
2025-10-22,휴게음식점업,2,15,2,2,0,0
2025-10-22,이ㆍ미용업,4,5,40,15,10,6
2025-10-22,세탁업,1,4,8,5,2,4
2025-10-22,슈퍼마켓,19,8,13,34,12,3
2025-10-22,자동자 세차업,0,0,3,3,0,0
2025-10-22,일반음식점업,57,109,107,94,21,11
2025-10-22,숙박업,31,14,23,3,0,0
2025-10-22,기타미용업,0,2,0,7,0,0
2025-10-22,실내 스크린 골프업,0,0,6,0,0,0
2025-10-22,식품판매업,15,10,31,37,12,2
2025-10-22,당구장 운영업,3,2,2,0,0,0
2025-10-22,주유소·LPG충전소,0,0,0,1,0,0
2025-10-22,소매업,12,18,30,58,9,12
2025-10-22,커피전문점,2,11,4,5,0,0
2025-10-22,자동차 전문수리업,0,0,0,3,0,1
2025-10-21,기타미용업,0,4,2,5,0,3
2025-10-21,자동차 전문수리업,1,1,0,5,0,0
2025-10-21,소매업,9,34,10,67,10,13
2025-10-21,이ㆍ미용업,2,13,4,22,11,7
2025-10-21,실내 스크린 골프업,0,0,0,0,0,2
2025-10-21,세탁업,6,2,0,12,2,6
2025-10-21,숙박업,35,16,31,0,0,0
2025-10-21,주유소·LPG충전소,0,0,0,1,0,1
2025-10-21,자동자 세차업,0,0,2,3,0,0
2025-10-21,식품판매업,10,20,6,42,10,1
2025-10-21,당구장 운영업,2,0,0,0,0,0
2025-10-21,슈퍼마켓,19,4,6,25,7,3
2025-10-21,목욕장업,0,0,0,3,0,0
2025-10-21,휴게음식점업,3,6,0,1,1,2
2025-10-21,커피전문점,3,3,0,3,0,2
2025-10-21,일반음식점업,82,108,61,64,25,31
2025-10-20,기타,0,0,0,2,0,0
2025-10-20,슈퍼마켓,7,2,5,21,4,3
2025-10-20,일반음식점업,82,85,46,112,4,40
2025-10-20,기타미용업,6,3,0,0,0,4
2025-10-20,세탁업,1,7,0,8,0,4
2025-10-20,식품판매업,14,14,14,39,9,1
2025-10-20,자동자 세차업,0,0,1,3,0,0
2025-10-20,이ㆍ미용업,5,10,2,38,0,11
2025-10-20,당구장 운영업,2,0,0,0,0,0
2025-10-20,커피전문점,4,6,4,3,0,2
2025-10-20,휴게음식점업,1,12,2,7,1,6
2025-10-20,목욕장업,0,0,0,4,0,0
2025-10-20,자동차 전문수리업,6,1,1,3,0,7
2025-10-20,숙박업,40,31,29,6,0,0
2025-10-20,소매업,10,48,9,91,1,21
2025-10-20,실내 스크린 골프업,0,1,0,0,0,2
2025-10-20,주유소·LPG충전소,0,0,0,1,0,0
2025-10-19,휴게음식점업,2,8,2,5,1,14
2025-10-19,실내 스크린 골프업,0,2,4,0,0,0
2025-10-19,목욕장업,0,0,2,0,0,0
2025-10-19,주유소·LPG충전소,0,0,0,3,0,0
2025-10-19,기타미용업,3,0,0,4,0,4
2025-10-19,소매업,22,38,11,83,1,22
2025-10-19,커피전문점,6,11,6,1,0,4
2025-10-19,기타,0,0,0,0,0,2
2025-10-19,당구장 운영업,2,1,0,0,0,0
2025-10-19,자동차 전문수리업,0,0,0,0,0,4
2025-10-19,슈퍼마켓,24,4,6,38,9,3
2025-10-19,세탁업,1,0,0,3,0,6
2025-10-19,이ㆍ미용업,0,0,4,35,0,9
2025-10-19,식품판매업,26,13,11,28,9,4
2025-10-19,숙박업,43,23,34,8,0,0
2025-10-19,일반음식점업,99,87,80,120,7,54
2025-10-19,자동자 세차업,0,0,1,1,0,0
2025-10-18,식품판매업,38,24,7,42,12,4
2025-10-18,목욕장업,0,0,2,3,0,0
2025-10-18,실내 스크린 골프업,0,2,0,0,0,1
2025-10-18,커피전문점,8,13,8,4,0,1
2025-10-18,세탁업,2,1,0,12,3,2
2025-10-18,소매업,12,25,11,89,6,13
2025-10-18,슈퍼마켓,25,5,12,33,20,1
2025-10-18,이ㆍ미용업,4,8,8,35,10,1
2025-10-18,당구장 운영업,4,0,0,0,0,0
2025-10-18,휴게음식점업,5,13,2,7,0,0
2025-10-18,기타미용업,4,0,2,6,0,0
2025-10-18,자동차 전문수리업,0,0,1,4,0,1
2025-10-18,주유소·LPG충전소,0,0,0,2,0,0
2025-10-18,자동자 세차업,0,0,1,3,0,0
2025-10-18,일반음식점업,91,139,70,94,30,12
2025-10-18,숙박업,50,37,26,2,0,0
2025-10-17,일반음식점업,88,116,124,117,23,12
2025-10-17,커피전문점,8,11,13,14,0,0
2025-10-17,기타,0,0,0,3,0,0
2025-10-17,식품판매업,13,30,35,31,10,2
2025-10-17,자동자 세차업,0,0,0,2,0,0
2025-10-17,이ㆍ미용업,4,8,48,41,11,1
2025-10-17,세탁업,5,2,11,11,2,3
2025-10-17,주유소·LPG충전소,0,0,0,2,0,3
2025-10-17,소매업,12,41,26,75,10,11
2025-10-17,기타미용업,2,0,0,5,0,0
2025-10-17,자동차 전문수리업,2,0,1,8,0,1
2025-10-17,목욕장업,0,0,2,2,0,0
2025-10-17,슈퍼마켓,20,7,12,39,11,1
2025-10-17,휴게음식점업,6,4,2,9,0,0
2025-10-17,실내 스크린 골프업,0,1,0,0,0,1
2025-10-17,당구장 운영업,1,1,0,0,0,0
2025-10-17,숙박업,34,47,28,5,0,0
2025-10-16,실내 스크린 골프업,0,0,0,0,0,2
2025-10-16,세탁업,4,3,8,18,0,0
2025-10-16,자동차 전문수리업,0,2,0,7,0,2
2025-10-16,당구장 운영업,4,2,0,0,0,0
2025-10-16,목욕장업,0,0,0,2,0,0
2025-10-16,휴게음식점업,3,11,0,4,0,0
2025-10-16,자동자 세차업,0,0,0,3,0,0
2025-10-16,이ㆍ미용업,11,5,46,37,0,6
2025-10-16,슈퍼마켓,24,10,13,32,9,2
2025-10-16,소매업,5,32,24,69,1,21
2025-10-16,식품판매업,23,27,25,39,2,6
2025-10-16,주유소·LPG충전소,0,0,0,1,0,1
2025-10-16,기타미용업,1,0,0,1,0,0
2025-10-16,커피전문점,5,10,4,6,0,2
2025-10-16,숙박업,26,37,30,5,0,0
2025-10-16,일반음식점업,74,101,138,117,1,15
2025-10-15,자동자 세차업,0,0,0,2,0,0
2025-10-15,소매업,15,30,8,87,2,18
2025-10-15,숙박업,34,36,12,11,0,0
2025-10-15,기타미용업,3,0,0,3,0,0
2025-10-15,기타,0,0,0,3,0,0
2025-10-15,슈퍼마켓,38,3,11,39,9,4
2025-10-15,이ㆍ미용업,11,5,7,47,0,7
2025-10-15,커피전문점,1,11,2,13,0,2
2025-10-15,목욕장업,0,0,1,2,0,0
2025-10-15,당구장 운영업,3,0,0,0,0,0
2025-10-15,식품판매업,32,44,10,53,7,8
2025-10-15,일반음식점업,85,146,76,151,3,27
2025-10-15,자동차 전문수리업,4,3,0,6,0,4
2025-10-15,휴게음식점업,2,10,0,12,0,0
2025-10-15,일반주점업,0,0,0,2,0,0
2025-10-15,실내 스크린 골프업,0,0,1,0,0,1
2025-10-15,주유소·LPG충전소,0,0,0,1,0,0
2025-10-15,세탁업,1,3,0,13,0,0
2025-10-14,식품판매업,33,42,15,24,4,10
2025-10-14,주유소·LPG충전소,0,0,0,1,0,0
2025-10-14,자동차 전문수리업,3,1,0,3,0,9
2025-10-14,커피전문점,5,6,7,10,0,6
2025-10-14,자동자 세차업,0,0,0,3,0,0
2025-10-14,소매업,11,22,12,84,6,49
2025-10-14,세탁업,2,2,2,15,0,8
2025-10-14,휴게음식점업,8,4,2,0,0,18
2025-10-14,기타,0,0,0,3,0,4
2025-10-14,목욕장업,0,0,0,2,0,0
2025-10-14,기타미용업,2,0,0,4,0,4
2025-10-14,일반음식점업,107,167,89,95,5,80
2025-10-14,슈퍼마켓,43,10,11,37,10,5
2025-10-14,숙박업,41,44,21,5,0,0
2025-10-14,이ㆍ미용업,4,7,6,36,2,12
2025-10-14,실내 스크린 골프업,0,0,1,0,0,3
2025-10-14,당구장 운영업,0,2,0,0,0,0
2025-10-13,자동자 세차업,0,0,0,2,0,0
2025-10-13,커피전문점,6,8,10,6,0,2
2025-10-13,당구장 운영업,2,0,4,0,0,0
2025-10-13,식품판매업,31,43,25,34,9,6
2025-10-13,이ㆍ미용업,6,8,44,27,0,5
2025-10-13,자동차 전문수리업,1,1,0,4,0,3
2025-10-13,일반주점업,0,0,0,2,0,0
2025-10-13,세탁업,2,5,5,16,0,0
2025-10-13,슈퍼마켓,24,16,20,37,4,3
2025-10-13,소매업,16,16,35,98,0,21
2025-10-13,휴게음식점업,6,11,2,12,0,0
2025-10-13,기타미용업,2,0,3,2,0,0
2025-10-13,실내 스크린 골프업,0,0,0,0,0,3
2025-10-13,일반음식점업,85,133,121,65,5,18
2025-10-13,주유소·LPG충전소,0,0,0,6,0,0
2025-10-13,숙박업,52,48,28,1,0,0
2025-10-13,목욕장업,0,0,2,2,0,0
2025-10-12,커피전문점,6,18,8,3,0,0
2025-10-12,세탁업,0,5,0,7,0,0
2025-10-12,기타미용업,3,3,1,5,0,1
2025-10-12,실내 스크린 골프업,0,1,0,0,0,4
2025-10-12,이ㆍ미용업,3,1,2,15,0,6
2025-10-12,숙박업,45,67,15,3,0,0
2025-10-12,슈퍼마켓,34,13,14,76,11,9
2025-10-12,휴게음식점업,12,10,0,7,0,0
2025-10-12,당구장 운영업,0,3,0,0,0,0
2025-10-12,자동자 세차업,0,0,2,1,0,0
2025-10-12,기타,0,0,0,2,0,0
2025-10-12,식품판매업,30,36,22,51,12,6
2025-10-12,목욕장업,0,0,1,2,0,0
2025-10-12,주유소·LPG충전소,0,0,0,5,0,1
2025-10-12,소매업,16,32,22,47,2,14
2025-10-12,일반음식점업,133,259,79,97,3,19
2025-10-11,휴게음식점업,4,20,0,5,0,0
2025-10-11,식품판매업,13,59,39,73,13,7
2025-10-11,소매업,12,17,34,77,1,13
2025-10-11,실내 스크린 골프업,0,0,1,0,0,0
2025-10-11,목욕장업,0,0,0,4,0,0
2025-10-11,세탁업,0,5,4,6,0,0
2025-10-11,커피전문점,6,24,8,9,0,0
2025-10-11,슈퍼마켓,50,24,18,78,19,6
2025-10-11,일반음식점업,142,284,153,133,7,31
2025-10-11,자동차 전문수리업,0,1,0,2,0,0
2025-10-11,기타미용업,2,2,7,0,0,2
2025-10-11,숙박업,35,77,31,7,0,0
2025-10-11,기타,0,0,0,1,0,0
2025-10-11,이ㆍ미용업,3,9,40,36,0,10
2025-10-11,당구장 운영업,4,1,2,0,0,0
2025-10-11,자동자 세차업,0,0,3,3,0,0
2025-10-11,주유소·LPG충전소,0,0,0,6,0,0
2025-10-10,세탁업,4,6,0,14,3,0
2025-10-10,소매업,17,40,18,97,14,5
2025-10-10,휴게음식점업,2,14,0,11,0,0
2025-10-10,기타미용업,1,2,5,2,0,0
2025-10-10,자동자 세차업,0,0,4,3,0,0
2025-10-10,커피전문점,2,15,1,16,0,0
2025-10-10,실내 스크린 골프업,0,2,0,0,0,2
2025-10-10,당구장 운영업,1,3,0,0,0,0
2025-10-10,일반음식점업,137,248,85,190,32,27
2025-10-10,슈퍼마켓,47,32,20,74,11,7
2025-10-10,일반주점업,0,0,0,2,0,0
2025-10-10,기타,0,0,0,1,0,0
2025-10-10,숙박업,32,94,31,14,0,0
2025-10-10,식품판매업,25,63,27,65,18,9
2025-10-10,자동차 전문수리업,2,2,0,10,1,0
2025-10-10,주유소·LPG충전소,0,0,0,7,0,5
2025-10-10,목욕장업,0,0,0,4,0,0
2025-10-10,이ㆍ미용업,3,9,1,55,16,10
2025-10-09,소매업,8,62,11,87,7,51
2025-10-09,슈퍼마켓,49,43,23,69,9,11
2025-10-09,자동자 세차업,0,0,0,3,0,0
2025-10-09,커피전문점,7,18,4,17,0,4
2025-10-09,주유소·LPG충전소,0,0,0,14,0,3
2025-10-09,당구장 운영업,2,4,0,0,0,0
2025-10-09,식품판매업,19,68,22,52,5,12
2025-10-09,일반음식점업,161,300,76,154,2,86
2025-10-09,기타,0,0,0,4,0,4
2025-10-09,목욕장업,0,10,0,4,0,0
2025-10-09,실내 스크린 골프업,0,1,0,0,0,0
2025-10-09,기타미용업,1,2,5,3,0,2
2025-10-09,숙박업,28,82,24,7,0,0
2025-10-09,세탁업,1,4,4,7,0,8
2025-10-09,이ㆍ미용업,3,6,2,44,0,27
2025-10-09,일반주점업,0,0,0,2,0,0
2025-10-09,휴게음식점업,5,12,0,5,0,19
2025-10-09,자동차 전문수리업,0,1,1,2,0,8
2025-10-08,당구장 운영업,1,3,4,0,0,0
2025-10-08,자동자 세차업,0,0,1,2,0,0
2025-10-08,주유소·LPG충전소,0,0,4,11,0,5
2025-10-08,소매업,12,66,22,100,8,14
2025-10-08,식품판매업,39,74,38,46,13,3
2025-10-08,커피전문점,4,13,8,13,0,0
2025-10-08,기타,0,0,0,2,0,0
2025-10-08,휴게음식점업,3,16,0,6,0,0
2025-10-08,세탁업,1,2,4,9,0,0
2025-10-08,자동차 전문수리업,0,0,0,6,0,0
2025-10-08,일반음식점업,216,398,152,138,9,38
2025-10-08,슈퍼마켓,66,49,48,78,8,7
2025-10-08,실내 스크린 골프업,0,1,0,0,0,3
2025-10-08,이ㆍ미용업,9,10,33,37,0,10
2025-10-08,기타미용업,1,1,2,5,0,2
2025-10-08,숙박업,37,71,45,6,0,0
2025-10-08,목욕장업,0,11,0,2,0,0
2025-10-07,자동자 세차업,0,0,1,2,0,0
2025-10-07,이ㆍ미용업,2,0,16,20,12,15
2025-10-07,커피전문점,11,18,3,15,0,0
2025-10-07,휴게음식점업,3,15,0,5,0,0
2025-10-07,주유소·LPG충전소,0,0,4,16,0,5
2025-10-07,숙박업,69,82,50,3,0,0
2025-10-07,기타미용업,3,0,6,5,0,3
2025-10-07,슈퍼마켓,85,61,31,76,16,6
2025-10-07,식품판매업,53,55,55,36,4,6
2025-10-07,실내 스크린 골프업,0,1,2,0,0,0
2025-10-07,일반음식점업,199,418,142,112,32,38
2025-10-07,세탁업,0,3,7,5,3,0
2025-10-07,기타,0,0,0,5,0,0
2025-10-07,자동차 전문수리업,0,0,0,2,0,0
2025-10-07,소매업,13,93,48,69,15,19
2025-10-07,목욕장업,0,22,1,4,0,0
2025-10-06,슈퍼마켓,74,27,34,58,9,1
2025-10-06,소매업,10,52,18,55,8,2
2025-10-06,기타미용업,2,0,0,6,0,0
2025-10-06,자동자 세차업,0,0,3,4,0,0
2025-10-06,휴게음식점업,4,12,0,6,0,0
2025-10-06,식품판매업,21,32,14,24,1,0
2025-10-06,실내 스크린 골프업,0,2,0,0,0,0
2025-10-06,일반주점업,0,1,0,0,0,0
2025-10-06,숙박업,36,84,26,4,0,0
2025-10-06,일반음식점업,107,240,49,96,4,0
2025-10-06,주유소·LPG충전소,0,0,3,9,0,4
2025-10-06,이ㆍ미용업,3,3,0,16,0,0
2025-10-06,세탁업,0,1,0,4,0,0
2025-10-06,자동차 전문수리업,0,0,0,3,0,0
2025-10-06,목욕장업,0,22,0,4,0,0
2025-10-06,커피전문점,6,8,0,1,0,0
2025-10-06,당구장 운영업,1,0,0,0,0,0
2025-10-05,이ㆍ미용업,9,6,16,22,0,18
2025-10-05,자동자 세차업,0,0,0,3,0,0
2025-10-05,휴게음식점업,5,23,0,9,2,0
2025-10-05,세탁업,2,4,0,4,0,0
2025-10-05,커피전문점,10,26,11,14,0,0
2025-10-05,기타미용업,2,0,3,6,0,3
2025-10-05,슈퍼마켓,88,33,62,81,15,12
2025-10-05,기타,0,0,0,2,0,0
2025-10-05,일반음식점업,134,340,119,99,4,48
2025-10-05,식품판매업,54,105,42,81,21,8
2025-10-05,소매업,16,58,39,89,9,15
2025-10-05,일반주점업,0,0,0,2,0,0
2025-10-05,숙박업,45,99,39,5,0,0
2025-10-05,목욕장업,0,15,0,6,0,0
2025-10-05,주유소·LPG충전소,0,0,3,13,0,2
2025-10-05,실내 스크린 골프업,0,0,1,0,0,3
2025-10-05,자동차 전문수리업,0,0,0,6,0,0
2025-10-05,당구장 운영업,2,3,0,0,0,0
2025-10-04,세탁업,0,8,0,18,0,0
2025-10-04,식품판매업,55,152,39,87,29,8
2025-10-04,기타,0,0,0,5,0,0
2025-10-04,자동차 전문수리업,0,0,0,7,0,0
2025-10-04,커피전문점,8,18,5,25,0,2
2025-10-04,자동자 세차업,0,0,0,3,0,0
2025-10-04,일반음식점업,205,545,98,237,11,44
2025-10-04,슈퍼마켓,138,42,62,100,21,8
2025-10-04,이ㆍ미용업,7,11,1,79,0,7
2025-10-04,목욕장업,0,24,2,2,0,0
2025-10-04,숙박업,43,118,40,14,0,0
2025-10-04,주유소·LPG충전소,0,0,9,24,0,1
2025-10-04,휴게음식점업,4,23,0,15,0,0
2025-10-04,당구장 운영업,0,0,2,0,0,0
2025-10-04,기타미용업,0,2,3,6,0,0
2025-10-04,소매업,14,67,14,137,17,23
2025-10-04,실내 스크린 골프업,1,1,1,0,0,2
2025-10-03,자동차 전문수리업,0,0,0,5,0,0
2025-10-03,주유소·LPG충전소,2,0,7,36,0,11
2025-10-03,휴게음식점업,6,24,0,11,1,20
2025-10-03,세탁업,3,4,2,23,2,12
2025-10-03,실내 스크린 골프업,0,0,1,0,0,5
2025-10-03,숙박업,43,168,34,6,0,0
2025-10-03,기타미용업,1,1,0,2,0,7
2025-10-03,기타,0,0,0,2,0,4
2025-10-03,이ㆍ미용업,7,13,14,53,10,20
2025-10-03,일반주점업,0,0,0,2,0,0
2025-10-03,슈퍼마켓,159,212,84,106,18,11
2025-10-03,일반음식점업,211,631,118,163,38,102
2025-10-03,식품판매업,61,208,34,115,36,20
2025-10-03,소매업,18,89,16,115,33,60
2025-10-03,커피전문점,16,22,11,8,0,7
2025-10-03,자동자 세차업,0,0,3,3,0,0
2025-10-03,목욕장업,0,16,0,3,0,0
2025-10-03,당구장 운영업,1,1,4,0,0,0
2025-10-02,커피전문점,12,9,7,15,0,3
2025-10-02,자동차 전문수리업,5,0,0,6,0,6
2025-10-02,당구장 운영업,7,0,0,0,0,0
2025-10-02,일반주점업,0,0,0,2,0,0
2025-10-02,일반음식점업,148,545,84,256,30,46
2025-10-02,숙박업,78,174,38,11,0,0
2025-10-02,휴게음식점업,8,15,0,15,0,0
2025-10-02,주유소·LPG충전소,9,0,16,26,17,3
2025-10-02,실내 스크린 골프업,0,3,1,0,0,3
2025-10-02,식품판매업,54,205,34,125,42,19
2025-10-02,목욕장업,0,17,2,2,0,0
2025-10-02,자동자 세차업,0,0,5,2,0,0
2025-10-02,기타,0,0,0,5,0,0
2025-10-02,기타미용업,3,2,0,8,0,0
2025-10-02,슈퍼마켓,128,284,76,89,32,6
2025-10-02,세탁업,5,2,5,20,2,0
2025-10-02,이ㆍ미용업,7,9,5,73,10,15
2025-10-02,소매업,10,103,20,149,28,41
2025-10-01,식품판매업,46,263,30,121,58,22
2025-10-01,실내 스크린 골프업,0,1,0,0,0,6
2025-10-01,휴게음식점업,5,24,0,9,0,12
2025-10-01,커피전문점,4,7,11,9,0,4
2025-10-01,자동자 세차업,0,0,4,2,0,0
2025-10-01,자동차 전문수리업,0,1,2,4,0,8
2025-10-01,기타미용업,5,2,0,2,0,3
2025-10-01,주유소·LPG충전소,66,36,46,39,45,7
2025-10-01,일반음식점업,156,568,99,156,36,106
2025-10-01,소매업,15,137,15,131,29,75
2025-10-01,숙박업,52,184,41,8,0,0
2025-10-01,이ㆍ미용업,12,10,0,42,15,25
2025-10-01,슈퍼마켓,117,382,123,108,42,11
2025-10-01,목욕장업,0,5,0,2,0,0
2025-10-01,기타,0,0,0,5,0,4
2025-10-01,세탁업,4,2,2,16,3,12
2025-09-30,숙박업,30,17,20,7,0,0
2025-09-30,식품판매업,26,10,7,33,4,2
2025-09-30,휴게음식점업,2,3,0,1,0,0
2025-09-30,커피전문점,3,5,1,2,0,0
2025-09-30,세탁업,1,2,0,12,0,0
2025-09-30,자동차 전문수리업,0,0,0,3,0,0
2025-09-30,목욕장업,0,0,0,2,0,0
2025-09-30,기타미용업,3,0,0,2,0,0
2025-09-30,이ㆍ미용업,7,7,1,37,0,5
2025-09-30,일반음식점업,53,64,64,117,1,13
2025-09-30,소매업,20,9,4,71,0,2
2025-09-30,주유소·LPG충전소,0,0,0,0,0,1
2025-09-30,실내 스크린 골프업,0,0,3,0,0,0
2025-09-30,슈퍼마켓,14,1,4,13,1,2
2025-09-29,식품판매업,9,11,5,47,11,2
2025-09-29,슈퍼마켓,4,0,5,18,1,1
2025-09-29,일반주점업,0,0,0,2,0,0
2025-09-29,소매업,2,11,4,51,0,12
2025-09-29,실내 스크린 골프업,0,0,0,0,0,3
2025-09-29,커피전문점,3,7,1,4,0,4
2025-09-29,기타,0,0,0,0,0,4
2025-09-29,당구장 운영업,2,1,0,0,0,0
2025-09-29,일반음식점업,60,52,44,83,4,19
2025-09-29,세탁업,1,1,0,0,0,3
2025-09-29,기타미용업,1,2,0,5,0,2
2025-09-29,이ㆍ미용업,3,3,1,32,0,4
2025-09-29,휴게음식점업,0,14,0,3,0,5
2025-09-29,자동차 전문수리업,0,1,0,1,0,4
2025-09-29,자동자 세차업,0,0,1,0,0,0
2025-09-29,주유소·LPG충전소,0,0,0,0,0,3
2025-09-29,숙박업,22,16,9,10,0,0
2025-09-28,세탁업,0,0,4,3,0,0
2025-09-28,이ㆍ미용업,0,2,9,23,0,1
2025-09-28,자동자 세차업,0,0,2,0,0,0
2025-09-28,기타,0,0,0,3,0,0
2025-09-28,숙박업,21,11,19,1,0,0
2025-09-28,휴게음식점업,3,13,1,0,0,0
2025-09-28,기타미용업,2,1,0,5,0,0
2025-09-28,목욕장업,0,0,2,0,0,0
2025-09-28,슈퍼마켓,7,0,10,26,2,5
2025-09-28,일반음식점업,65,62,83,67,4,17
2025-09-28,커피전문점,5,6,5,1,0,0
2025-09-28,당구장 운영업,3,1,0,0,0,0
2025-09-28,실내 스크린 골프업,0,0,1,0,0,0
2025-09-28,소매업,15,10,7,22,6,7
2025-09-28,식품판매업,32,11,16,23,2,2
2025-09-27,당구장 운영업,1,0,0,0,0,0
2025-09-27,식품판매업,17,19,14,29,13,0
2025-09-27,슈퍼마켓,4,0,10,20,1,0
2025-09-27,실내 스크린 골프업,0,0,1,0,0,0
2025-09-27,기타미용업,0,2,0,3,0,0
2025-09-27,커피전문점,5,17,4,7,0,0
2025-09-27,목욕장업,0,0,3,2,0,0
2025-09-27,소매업,15,13,25,17,6,7
2025-09-27,휴게음식점업,3,11,3,6,0,0
2025-09-27,숙박업,14,16,25,4,0,0
2025-09-27,자동자 세차업,0,0,4,0,0,0
2025-09-27,자동차 전문수리업,0,0,0,3,0,0
2025-09-27,세탁업,0,4,0,2,0,0
2025-09-27,이ㆍ미용업,3,7,24,16,0,4
2025-09-27,일반음식점업,62,92,75,37,2,15
2025-09-26,자동자 세차업,0,0,4,2,0,0
2025-09-26,슈퍼마켓,5,2,4,22,7,4
2025-09-26,숙박업,23,20,26,0,0,0
2025-09-26,자동차 전문수리업,0,1,1,2,0,0
2025-09-26,커피전문점,5,10,7,5,0,0
2025-09-26,당구장 운영업,1,0,0,0,0,0
2025-09-26,실내 스크린 골프업,0,1,0,0,0,0
2025-09-26,기타,0,0,0,2,0,0
2025-09-26,세탁업,3,3,4,2,1,0
2025-09-26,일반음식점업,55,87,90,55,6,14
2025-09-26,이ㆍ미용업,4,6,24,12,5,6
2025-09-26,식품판매업,13,14,20,39,9,0
2025-09-26,휴게음식점업,3,9,4,2,0,0
2025-09-26,목욕장업,0,0,2,2,0,0
2025-09-26,소매업,10,12,22,35,6,8
2025-09-26,기타미용업,0,0,0,0,0,2
2025-09-25,커피전문점,2,4,2,6,0,0
2025-09-25,자동자 세차업,0,0,0,2,0,0
2025-09-25,자동차 전문수리업,0,1,1,4,0,3
2025-09-25,이ㆍ미용업,5,4,3,18,0,12
2025-09-25,기타미용업,0,2,0,3,0,6
2025-09-25,휴게음식점업,3,10,0,1,1,10
2025-09-25,숙박업,26,16,22,0,0,0
2025-09-25,식품판매업,14,16,7,42,8,7
2025-09-25,일반음식점업,59,95,55,67,3,32
2025-09-25,소매업,8,15,7,43,5,27
2025-09-25,세탁업,0,1,0,2,0,9
2025-09-25,실내 스크린 골프업,0,2,0,0,0,0
2025-09-25,슈퍼마켓,3,0,9,24,3,1
2025-09-25,목욕장업,0,0,0,2,0,0
2025-09-25,기타,0,0,0,2,0,4
2025-09-25,주유소·LPG충전소,0,0,0,0,0,3
2025-09-25,당구장 운영업,1,0,0,0,0,0
2025-09-24,주유소·LPG충전소,0,0,0,0,0,1
2025-09-24,식품판매업,6,7,19,29,17,0
2025-09-24,기타미용업,3,2,0,1,0,0
2025-09-24,당구장 운영업,3,0,0,0,0,0
2025-09-24,슈퍼마켓,6,1,16,22,6,3
2025-09-24,커피전문점,1,3,3,4,0,0
2025-09-24,휴게음식점업,2,7,0,2,0,5
2025-09-24,자동차 전문수리업,1,2,0,0,0,6
2025-09-24,소매업,7,13,7,42,10,24
2025-09-24,숙박업,28,19,23,2,0,0
2025-09-24,이ㆍ미용업,3,5,4,15,9,10
2025-09-24,자동자 세차업,0,0,0,2,0,0
2025-09-24,실내 스크린 골프업,0,1,0,0,0,2
2025-09-24,기타,0,0,0,2,0,0
2025-09-24,세탁업,1,2,3,4,2,4
2025-09-24,일반음식점업,68,99,44,54,15,37
2025-09-23,커피전문점,8,4,5,3,0,0
2025-09-23,일반음식점업,62,82,100,52,25,7
2025-09-23,당구장 운영업,1,0,0,0,0,0
2025-09-23,이ㆍ미용업,1,11,26,7,10,2
2025-09-23,목욕장업,0,0,0,4,0,0
2025-09-23,세탁업,1,3,4,7,2,0
2025-09-23,식품판매업,17,13,24,18,13,0
2025-09-23,자동자 세차업,0,0,0,2,0,0
2025-09-23,소매업,8,16,12,48,13,10
2025-09-23,기타,0,0,0,1,0,0
2025-09-23,숙박업,34,21,18,2,0,0
2025-09-23,기타미용업,0,0,0,4,0,0
2025-09-23,실내 스크린 골프업,1,1,1,0,0,0
2025-09-23,슈퍼마켓,11,0,12,17,5,1
2025-09-23,휴게음식점업,1,11,0,3,1,0
2025-09-23,자동차 전문수리업,0,2,1,3,0,0
2025-09-22,일반음식점업,78,96,86,65,3,16
2025-09-22,이ㆍ미용업,1,6,25,18,0,2
2025-09-22,당구장 운영업,2,0,0,0,0,0
2025-09-22,슈퍼마켓,14,1,8,18,3,5
2025-09-22,식품판매업,12,14,25,50,12,0
2025-09-22,휴게음식점업,5,3,0,0,0,0
2025-09-22,커피전문점,3,4,2,5,0,0
2025-09-22,자동자 세차업,0,0,0,2,0,0
2025-09-22,기타,0,0,0,2,0,0
2025-09-22,자동차 전문수리업,1,1,0,3,0,0
2025-09-22,소매업,10,17,22,58,6,4
2025-09-22,세탁업,4,1,2,8,0,0
2025-09-22,숙박업,48,23,14,1,0,0
2025-09-22,실내 스크린 골프업,0,4,0,0,0,0
2025-09-22,기타미용업,4,0,0,2,0,0
2025-09-21,기타미용업,0,2,0,2,0,4
2025-09-21,슈퍼마켓,18,3,7,56,6,6
2025-09-21,세탁업,0,1,1,0,0,4
2025-09-21,당구장 운영업,4,0,0,0,0,0
2025-09-21,이ㆍ미용업,1,8,1,13,0,18
2025-09-21,기타,0,0,0,2,0,0
2025-09-21,일반주점업,0,0,0,2,0,0
2025-09-21,일반음식점업,109,123,63,55,5,65
2025-09-21,소매업,15,22,8,36,4,35
2025-09-21,주유소·LPG충전소,0,0,0,0,0,2
2025-09-21,자동자 세차업,0,0,0,1,0,0
2025-09-21,휴게음식점업,1,10,0,4,2,16
2025-09-21,숙박업,32,15,14,5,0,0
2025-09-21,식품판매업,21,10,14,30,11,4
2025-09-21,실내 스크린 골프업,0,2,0,0,0,0
2025-09-21,커피전문점,8,17,0,5,0,4
2025-09-20,이ㆍ미용업,7,13,1,55,0,4
2025-09-20,기타미용업,2,0,0,4,0,1
2025-09-20,휴게음식점업,6,8,0,6,0,2
2025-09-20,주유소·LPG충전소,0,0,0,0,0,1
2025-09-20,실내 스크린 골프업,0,3,3,0,0,0
2025-09-20,슈퍼마켓,18,2,15,22,7,0
2025-09-20,식품판매업,21,30,6,42,14,5
2025-09-20,커피전문점,3,16,6,7,0,0
2025-09-20,일반주점업,0,0,0,1,0,0
2025-09-20,세탁업,0,2,0,9,0,4
2025-09-20,기타,0,0,0,2,0,0
2025-09-20,자동차 전문수리업,0,0,0,3,0,2
2025-09-20,소매업,12,30,11,57,2,7
2025-09-20,숙박업,33,23,26,5,0,0
2025-09-20,일반음식점업,83,132,40,121,6,11
2025-09-20,자동자 세차업,0,0,0,1,0,0
2025-09-19,커피전문점,3,5,4,6,0,0
2025-09-19,기타미용업,1,0,1,0,0,0
2025-09-19,주유소·LPG충전소,0,0,0,0,0,1
2025-09-19,휴게음식점업,3,9,0,4,0,0
2025-09-19,일반음식점업,73,121,43,87,5,6
2025-09-19,세탁업,0,1,0,3,0,0
2025-09-19,슈퍼마켓,13,3,11,29,4,4
2025-09-19,식품판매업,22,18,7,36,10,0
2025-09-19,소매업,13,35,2,55,3,9
2025-09-19,숙박업,44,15,21,2,0,0
2025-09-19,이ㆍ미용업,5,9,3,8,0,2
2025-09-19,자동자 세차업,0,0,0,1,0,0
2025-09-19,실내 스크린 골프업,0,1,5,0,0,2
2025-09-19,자동차 전문수리업,1,0,0,1,0,0
2025-09-18,커피전문점,6,8,0,7,0,0
2025-09-18,당구장 운영업,0,1,0,0,0,0
2025-09-18,소매업,7,22,24,45,8,1
2025-09-18,일반음식점업,79,143,118,72,5,15
2025-09-18,숙박업,35,21,18,3,0,0
2025-09-18,세탁업,1,2,2,3,0,0
2025-09-18,식품판매업,16,24,31,43,14,0
2025-09-18,휴게음식점업,3,11,0,1,1,0
2025-09-18,이ㆍ미용업,5,7,18,26,0,4
2025-09-18,주유소·LPG충전소,0,0,0,4,0,0
2025-09-18,슈퍼마켓,13,8,12,28,6,6
2025-09-18,기타미용업,2,2,0,0,0,0
2025-09-18,자동자 세차업,0,0,0,1,0,0
2025-09-18,실내 스크린 골프업,0,2,0,0,0,0
2025-09-18,자동차 전문수리업,0,0,0,5,0,0
2025-09-17,일반음식점업,76,140,116,40,28,6
2025-09-17,휴게음식점업,6,20,0,6,0,0
2025-09-17,세탁업,4,4,7,6,3,0
2025-09-17,숙박업,45,27,17,0,0,0
2025-09-17,커피전문점,0,2,5,1,0,0
2025-09-17,자동차 전문수리업,0,2,0,5,0,0
2025-09-17,당구장 운영업,0,2,0,0,0,0
2025-09-17,슈퍼마켓,14,0,7,24,8,2
2025-09-17,이ㆍ미용업,5,6,38,15,11,5
2025-09-17,기타미용업,1,0,2,1,0,2
2025-09-17,주유소·LPG충전소,0,0,0,0,0,1
2025-09-17,자동자 세차업,0,0,0,1,0,0
2025-09-17,소매업,6,31,14,33,13,6
2025-09-17,실내 스크린 골프업,0,2,0,0,0,0
2025-09-17,식품판매업,5,28,32,21,10,2
2025-09-16,자동자 세차업,0,0,0,1,0,0
2025-09-16,소매업,12,20,5,31,10,30
2025-09-16,숙박업,38,27,16,0,0,0
2025-09-16,슈퍼마켓,33,3,13,31,20,5
2025-09-16,일반음식점업,75,136,47,52,23,52
2025-09-16,실내 스크린 골프업,0,0,0,0,0,1
2025-09-16,주유소·LPG충전소,0,0,0,1,0,1
2025-09-16,이ㆍ미용업,1,14,0,8,11,12
2025-09-16,커피전문점,4,6,5,3,0,4
2025-09-16,식품판매업,19,21,10,26,13,4
2025-09-16,당구장 운영업,0,1,0,0,0,0
2025-09-16,기타미용업,4,0,0,0,0,2
2025-09-16,기타,0,0,0,0,0,4
2025-09-16,세탁업,1,1,3,7,2,10
2025-09-16,휴게음식점업,2,13,0,2,0,17
2025-09-16,자동차 전문수리업,1,0,0,1,0,8
2025-09-15,기타,0,0,0,3,0,0
2025-09-15,이ㆍ미용업,12,4,2,34,0,1
2025-09-15,숙박업,30,34,23,6,0,0
2025-09-15,주유소·LPG충전소,0,0,0,1,0,1
2025-09-15,당구장 운영업,0,1,0,0,0,0
2025-09-15,식품판매업,20,23,13,56,15,0
2025-09-15,일반주점업,0,0,0,2,0,0
2025-09-15,소매업,7,28,4,67,6,0
2025-09-15,세탁업,5,3,2,8,0,0
2025-09-15,슈퍼마켓,28,7,11,41,8,1
2025-09-15,자동자 세차업,0,0,1,1,0,0
2025-09-15,기타미용업,1,2,0,1,0,0
2025-09-15,자동차 전문수리업,0,0,0,2,0,0
2025-09-15,휴게음식점업,2,12,0,7,0,0
2025-09-15,일반음식점업,88,145,55,112,2,7
2025-09-15,커피전문점,10,8,3,3,0,0
2025-09-14,이ㆍ미용업,3,4,5,9,0,10
2025-09-14,당구장 운영업,1,0,0,0,0,0
2025-09-14,실내 스크린 골프업,1,0,0,0,0,0
2025-09-14,숙박업,32,36,22,0,0,0
2025-09-14,휴게음식점업,5,18,0,3,1,6
2025-09-14,주유소·LPG충전소,0,0,0,1,0,1
2025-09-14,커피전문점,16,11,4,4,0,0
2025-09-14,목욕장업,0,2,0,0,0,0
2025-09-14,기타미용업,0,0,0,2,0,2
2025-09-14,자동자 세차업,0,0,0,1,0,0
2025-09-14,소매업,9,51,13,54,14,22
2025-09-14,자동차 전문수리업,0,0,0,0,0,4
2025-09-14,세탁업,0,1,0,5,0,2
2025-09-14,일반주점업,0,0,0,2,0,0
2025-09-14,일반음식점업,140,195,81,47,6,36
2025-09-14,슈퍼마켓,47,20,13,50,10,3
2025-09-14,식품판매업,18,28,17,34,23,1
2025-09-13,기타미용업,1,0,0,0,0,0
2025-09-13,일반음식점업,163,240,125,47,6,0
2025-09-13,목욕장업,0,16,0,2,0,0
2025-09-13,숙박업,41,81,27,1,0,0
2025-09-13,휴게음식점업,6,24,0,7,1,0
2025-09-13,커피전문점,9,9,8,8,0,0
2025-09-13,이ㆍ미용업,7,7,31,6,1,1
2025-09-13,소매업,10,51,12,36,4,5
2025-09-13,식품판매업,17,31,31,39,25,0
2025-09-13,세탁업,3,2,8,0,0,0
2025-09-13,주유소·LPG충전소,0,0,0,4,0,0
2025-09-13,자동차 전문수리업,0,1,0,2,0,0
2025-09-13,자동자 세차업,0,0,1,3,0,0
2025-09-13,실내 스크린 골프업,0,1,0,0,0,0
2025-09-13,당구장 운영업,1,0,0,0,0,0
2025-09-13,슈퍼마켓,44,14,19,31,11,0
2025-09-12,일반음식점업,112,188,81,52,1,0
2025-09-12,당구장 운영업,4,1,0,0,0,0
2025-09-12,자동차 전문수리업,1,0,0,1,0,0
2025-09-12,실내 스크린 골프업,0,1,0,0,0,0
2025-09-12,이ㆍ미용업,4,8,24,13,1,0
2025-09-12,세탁업,1,3,0,2,0,0
2025-09-12,식품판매업,13,34,12,47,16,1
2025-09-12,휴게음식점업,2,14,0,2,0,0
2025-09-12,기타미용업,1,0,0,0,0,0
2025-09-12,숙박업,44,69,27,2,0,0
2025-09-12,커피전문점,12,15,1,6,0,0
2025-09-12,자동자 세차업,0,0,0,1,0,0
2025-09-12,목욕장업,0,11,0,2,0,0
2025-09-12,슈퍼마켓,34,30,16,29,12,3
2025-09-12,주유소·LPG충전소,0,0,0,1,0,0
2025-09-12,소매업,8,27,27,49,11,5
2025-09-11,당구장 운영업,0,2,0,0,0,0
2025-09-11,소매업,17,29,17,49,17,6
2025-09-11,슈퍼마켓,26,20,28,58,12,6
2025-09-11,숙박업,50,62,18,1,0,0
2025-09-11,실내 스크린 골프업,0,1,0,0,0,0
2025-09-11,커피전문점,9,17,5,11,0,0
2025-09-11,기타,0,0,0,4,0,0
2025-09-11,세탁업,2,2,0,5,2,0
2025-09-11,기타미용업,4,0,1,3,0,3
2025-09-11,일반음식점업,90,223,78,50,22,15
2025-09-11,자동차 전문수리업,1,0,0,1,0,0
2025-09-11,이ㆍ미용업,7,13,16,8,10,6
2025-09-11,목욕장업,0,9,0,2,0,0
2025-09-11,식품판매업,27,45,12,48,20,6
2025-09-11,휴게음식점업,5,18,0,5,0,0
2025-09-11,자동자 세차업,0,0,0,3,0,0
2025-09-11,주유소·LPG충전소,0,0,0,4,0,0
2025-09-10,기타,0,0,0,4,0,0
2025-09-10,기타미용업,3,2,6,1,0,0
2025-09-10,세탁업,1,3,6,11,2,0
2025-09-10,자동차 전문수리업,1,0,0,12,1,0
2025-09-10,목욕장업,0,6,2,2,0,0
2025-09-10,주유소·LPG충전소,0,0,0,3,0,0
2025-09-10,커피전문점,10,7,2,9,0,0
2025-09-10,일반음식점업,121,243,64,112,24,20
2025-09-10,숙박업,30,52,32,5,0,0
2025-09-10,실내 스크린 골프업,0,1,6,0,0,2
2025-09-10,휴게음식점업,4,12,0,6,0,0
2025-09-10,자동자 세차업,0,0,0,5,0,0
2025-09-10,슈퍼마켓,38,14,22,74,17,2
2025-09-10,소매업,12,40,11,79,13,15
2025-09-10,이ㆍ미용업,3,5,2,16,10,6
2025-09-10,당구장 운영업,3,1,0,0,0,0
2025-09-10,식품판매업,25,47,18,56,20,2
2025-09-09,커피전문점,5,5,6,8,0,0
2025-09-09,기타미용업,2,0,4,5,0,2
2025-09-09,식품판매업,36,69,47,58,16,4
2025-09-09,목욕장업,0,5,0,2,0,0
2025-09-09,일반음식점업,139,236,151,114,33,15
2025-09-09,이ㆍ미용업,6,3,39,35,15,7
2025-09-09,일반주점업,0,0,0,2,0,0
2025-09-09,휴게음식점업,12,12,0,8,0,0
2025-09-09,세탁업,4,1,8,11,3,0
2025-09-09,실내 스크린 골프업,0,3,0,0,0,0
2025-09-09,소매업,15,38,26,93,18,8
2025-09-09,주유소·LPG충전소,0,0,0,7,0,0
2025-09-09,슈퍼마켓,45,10,33,71,14,8
2025-09-09,자동자 세차업,0,0,3,5,0,0
2025-09-09,당구장 운영업,4,2,0,0,0,0
2025-09-09,숙박업,40,69,24,2,0,0
2025-09-09,자동차 전문수리업,1,0,0,3,0,0
2025-09-09,기타,0,0,0,1,0,0
2025-09-08,소매업,14,43,14,116,6,12
2025-09-08,숙박업,25,78,32,7,0,0
2025-09-08,자동차 전문수리업,0,0,0,7,0,6
2025-09-08,커피전문점,15,10,6,16,0,0
2025-09-08,일반음식점업,139,262,56,190,2,41
2025-09-08,기타,0,0,0,1,0,4
2025-09-08,슈퍼마켓,41,16,31,63,9,3
2025-09-08,실내 스크린 골프업,1,0,1,0,0,3
2025-09-08,세탁업,2,3,4,18,0,0
2025-09-08,식품판매업,36,57,18,86,15,4
2025-09-08,이ㆍ미용업,8,13,3,53,0,10
2025-09-08,당구장 운영업,1,2,0,0,0,0
2025-09-08,자동자 세차업,0,0,0,3,0,0
2025-09-08,주유소·LPG충전소,0,0,0,13,0,2
2025-09-08,목욕장업,0,8,3,2,0,0
2025-09-08,기타미용업,2,0,1,3,0,0
2025-09-08,휴게음식점업,3,8,0,10,0,0
2025-09-07,세탁업,0,3,0,3,0,0
2025-09-07,이ㆍ미용업,4,0,1,19,0,3
2025-09-07,일반음식점업,202,361,73,97,4,21
2025-09-07,식품판매업,31,118,9,60,24,10
2025-09-07,휴게음식점업,6,22,0,8,1,0
2025-09-07,목욕장업,0,15,0,2,0,0
2025-09-07,자동차 전문수리업,0,0,0,2,0,3
2025-09-07,일반주점업,0,0,0,1,0,0
2025-09-07,주유소·LPG충전소,0,0,0,19,0,6
2025-09-07,당구장 운영업,4,1,0,0,0,0
2025-09-07,실내 스크린 골프업,0,2,0,0,0,2
2025-09-07,슈퍼마켓,96,30,54,112,20,3
2025-09-07,소매업,16,40,14,96,12,22
2025-09-07,커피전문점,18,13,9,5,0,3
2025-09-07,기타미용업,2,3,2,4,0,0
2025-09-07,숙박업,45,94,39,5,0,0
2025-09-07,자동자 세차업,0,0,0,3,0,0
2025-09-06,자동차 전문수리업,1,0,0,4,0,0
2025-09-06,자동자 세차업,0,0,0,5,0,0
2025-09-06,소매업,11,70,9,110,10,51
2025-09-06,숙박업,42,139,31,6,0,0
2025-09-06,목욕장업,0,19,0,2,0,0
2025-09-06,일반음식점업,197,428,67,139,8,69
2025-09-06,기타미용업,4,0,3,5,0,4
2025-09-06,커피전문점,19,19,5,11,0,7
2025-09-06,식품판매업,30,125,24,84,30,14
2025-09-06,세탁업,3,10,1,9,0,12
2025-09-06,당구장 운영업,3,1,0,0,0,0
2025-09-06,실내 스크린 골프업,0,0,0,0,0,3
2025-09-06,일반주점업,0,0,0,2,0,0
2025-09-06,기타,0,0,0,1,0,0
2025-09-06,슈퍼마켓,113,45,70,80,11,6
2025-09-06,휴게음식점업,8,14,0,1,1,16
2025-09-06,이ㆍ미용업,7,10,1,43,0,12
2025-09-06,주유소·LPG충전소,0,0,3,16,0,5
2025-09-05,일반음식점업,163,469,125,115,8,30
2025-09-05,소매업,7,70,42,119,6,24
2025-09-05,기타미용업,3,0,4,0,0,0
2025-09-05,슈퍼마켓,102,41,67,67,26,3
2025-09-05,실내 스크린 골프업,0,1,0,0,0,0
2025-09-05,숙박업,64,114,30,2,0,0
2025-09-05,커피전문점,10,17,5,9,0,3
2025-09-05,목욕장업,0,26,0,2,0,0
2025-09-05,당구장 운영업,3,2,0,0,0,0
2025-09-05,이ㆍ미용업,9,9,34,40,0,6
2025-09-05,자동차 전문수리업,3,0,1,6,0,3
2025-09-05,자동자 세차업,0,0,2,3,0,0
2025-09-05,휴게음식점업,5,28,0,3,1,0
2025-09-05,식품판매업,39,128,30,80,13,12
2025-09-05,세탁업,2,2,0,6,0,0
2025-09-05,기타,0,0,0,1,0,0
2025-09-05,주유소·LPG충전소,0,0,6,20,0,5
2025-09-04,기타미용업,2,0,1,4,0,0
2025-09-04,자동자 세차업,0,0,3,3,0,0
2025-09-04,소매업,15,100,25,99,17,21
2025-09-04,이ㆍ미용업,2,10,29,24,10,5
2025-09-04,당구장 운영업,2,2,0,0,0,0
2025-09-04,세탁업,3,4,10,13,2,0
2025-09-04,목욕장업,0,9,0,4,0,0
2025-09-04,실내 스크린 골프업,0,0,2,0,0,1
2025-09-04,숙박업,24,116,29,3,0,0
2025-09-04,일반음식점업,142,440,149,126,23,27
2025-09-04,자동차 전문수리업,2,6,0,5,0,0
2025-09-04,기타,0,0,0,3,0,0
2025-09-04,주유소·LPG충전소,0,0,8,21,0,5
2025-09-04,식품판매업,65,111,52,82,34,12
2025-09-04,휴게음식점업,3,12,0,8,0,0
2025-09-04,커피전문점,9,5,8,15,0,3
2025-09-04,슈퍼마켓,117,44,71,92,20,7
2025-09-03,당구장 운영업,6,2,0,0,0,0
2025-09-03,일반음식점업,175,474,90,168,24,72
2025-09-03,휴게음식점업,5,25,0,6,0,10
2025-09-03,자동자 세차업,0,0,0,4,0,0
2025-09-03,목욕장업,0,11,0,2,0,0
2025-09-03,커피전문점,13,8,6,15,0,5
2025-09-03,이ㆍ미용업,9,8,3,53,10,13
2025-09-03,실내 스크린 골프업,0,1,0,0,0,4
2025-09-03,일반주점업,0,0,0,2,0,0
2025-09-03,식품판매업,46,136,24,62,25,14
2025-09-03,자동차 전문수리업,1,0,0,7,0,8
2025-09-03,기타,0,0,0,4,0,2
2025-09-03,슈퍼마켓,121,138,60,77,20,9
2025-09-03,세탁업,3,3,2,9,2,6
2025-09-03,주유소·LPG충전소,0,0,9,22,3,6
2025-09-03,숙박업,42,143,25,7,0,0
2025-09-03,기타미용업,3,0,0,6,0,2
2025-09-03,소매업,18,100,16,144,8,46
2025-09-02,세탁업,3,2,3,23,2,0
2025-09-02,이ㆍ미용업,11,6,3,68,10,7
2025-09-02,주유소·LPG충전소,0,0,9,24,11,6
2025-09-02,휴게음식점업,4,15,0,13,0,0
2025-09-02,실내 스크린 골프업,0,4,2,0,0,3
2025-09-02,자동차 전문수리업,3,0,0,9,0,4
2025-09-02,소매업,17,100,12,117,9,45
2025-09-02,숙박업,53,190,43,8,0,0
2025-09-02,식품판매업,62,254,26,79,27,13
2025-09-02,기타미용업,2,2,0,6,0,0
2025-09-02,슈퍼마켓,162,267,92,107,25,3
2025-09-02,자동자 세차업,0,0,0,4,0,0
2025-09-02,커피전문점,14,10,5,7,0,3
2025-09-02,일반주점업,0,0,0,2,0,0
2025-09-02,기타,0,0,0,1,0,0
2025-09-02,당구장 운영업,0,2,0,0,0,0
2025-09-02,일반음식점업,190,615,88,180,21,45
2025-09-02,목욕장업,0,16,0,2,0,0
2025-09-01,기타,0,0,0,1,0,3
2025-09-01,휴게음식점업,0,24,0,10,2,20
2025-09-01,식품판매업,56,258,19,65,39,18
2025-09-01,세탁업,3,0,0,16,0,10
2025-09-01,숙박업,71,212,46,6,0,0
2025-09-01,소매업,22,89,51,118,4,59
2025-09-01,목욕장업,0,2,0,2,0,0
2025-09-01,자동자 세차업,0,0,0,4,0,0
2025-09-01,이ㆍ미용업,6,11,3,46,0,19
2025-09-01,기타미용업,4,2,0,4,0,4
2025-09-01,주유소·LPG충전소,56,35,43,55,53,8
2025-09-01,일반음식점업,189,610,102,117,8,87
2025-09-01,커피전문점,12,8,12,8,0,7
2025-09-01,실내 스크린 골프업,0,0,1,0,0,5
2025-09-01,슈퍼마켓,153,483,80,116,38,10
2025-09-01,자동차 전문수리업,7,2,0,7,0,8
2025-08-31,자동차 전문수리업,0,0,0,1,0,4
2025-08-31,기타미용업,0,0,0,2,0,0
2025-08-31,이ㆍ미용업,2,0,0,8,0,3
2025-08-31,소매업,8,13,13,41,0,19
2025-08-31,숙박업,23,15,8,6,0,0
2025-08-31,일반음식점업,61,49,44,64,5,18
2025-08-31,일반주점업,0,0,0,2,0,0
2025-08-31,주유소·LPG충전소,0,0,0,0,0,3
2025-08-31,슈퍼마켓,7,0,7,26,3,0
2025-08-31,자동자 세차업,0,0,3,0,0,0
2025-08-31,휴게음식점업,1,5,1,0,1,0
2025-08-31,식품판매업,17,7,9,27,12,0
2025-08-31,실내 스크린 골프업,0,2,1,0,0,0
2025-08-31,커피전문점,5,0,0,2,0,3
2025-08-31,세탁업,0,0,1,7,0,0
2025-08-30,당구장 운영업,1,0,0,0,0,0
2025-08-30,세탁업,0,1,1,9,0,0
2025-08-30,소매업,14,11,11,67,2,11
2025-08-30,기타,0,0,0,0,0,2
2025-08-30,슈퍼마켓,4,1,3,25,3,6
2025-08-30,기타미용업,4,0,0,4,0,0
2025-08-30,휴게음식점업,1,1,0,6,0,4
2025-08-30,커피전문점,3,0,0,6,0,0
2025-08-30,실내 스크린 골프업,0,1,1,0,0,0
2025-08-30,숙박업,23,15,8,6,0,0
2025-08-30,식품판매업,17,14,5,37,6,0
2025-08-30,자동차 전문수리업,0,0,0,8,0,0
2025-08-30,일반음식점업,72,73,41,122,5,12
2025-08-30,자동자 세차업,0,0,2,0,0,0
2025-08-30,목욕장업,0,0,0,3,0,0
2025-08-30,이ㆍ미용업,1,6,2,44,0,1
2025-08-29,세탁업,3,1,1,7,0,3
2025-08-29,자동차 전문수리업,0,0,0,10,0,6
2025-08-29,숙박업,20,12,10,5,0,0
2025-08-29,실내 스크린 골프업,0,2,0,0,0,0
2025-08-29,기타,0,0,0,3,0,4
2025-08-29,소매업,11,9,8,78,1,31
2025-08-29,일반음식점업,60,66,55,118,6,30
2025-08-29,식품판매업,12,7,4,53,6,1
2025-08-29,슈퍼마켓,4,0,7,29,0,7
2025-08-29,기타미용업,2,0,2,2,0,4
2025-08-29,이ㆍ미용업,2,3,10,38,0,11
2025-08-29,커피전문점,2,0,0,10,0,0
2025-08-29,휴게음식점업,1,4,0,5,0,8
2025-08-28,이ㆍ미용업,3,7,40,36,0,0
2025-08-28,자동차 전문수리업,0,1,0,1,0,0
2025-08-28,기타미용업,2,0,1,4,0,0
2025-08-28,세탁업,2,3,4,5,0,0
2025-08-28,숙박업,22,9,4,0,0,0
2025-08-28,슈퍼마켓,4,1,10,24,4,0
2025-08-28,자동자 세차업,0,0,3,2,0,0
2025-08-28,휴게음식점업,1,3,0,3,0,0
2025-08-28,식품판매업,8,12,22,48,6,0
2025-08-28,커피전문점,13,2,9,6,0,0
2025-08-28,소매업,12,6,16,66,1,5
2025-08-28,일반주점업,0,0,0,2,0,0
2025-08-28,일반음식점업,51,64,126,130,6,0
2025-08-28,주유소·LPG충전소,0,0,0,0,0,3
2025-08-27,세탁업,0,1,4,18,2,0
2025-08-27,당구장 운영업,2,0,0,0,0,0
2025-08-27,숙박업,22,17,21,2,0,0
2025-08-27,실내 스크린 골프업,0,2,1,0,0,0
2025-08-27,커피전문점,6,0,8,9,0,0
2025-08-27,소매업,14,11,26,91,8,0
2025-08-27,슈퍼마켓,6,1,12,32,5,0
2025-08-27,식품판매업,9,12,15,33,10,0
2025-08-27,이ㆍ미용업,2,4,39,26,9,0
2025-08-27,주유소·LPG충전소,0,0,0,0,0,1
2025-08-27,자동자 세차업,0,0,3,5,0,0
2025-08-27,휴게음식점업,0,6,0,1,1,0
2025-08-27,기타미용업,4,0,0,2,0,0
2025-08-27,자동차 전문수리업,0,0,0,7,0,0
2025-08-27,일반음식점업,61,64,111,116,13,0
2025-08-26,기타미용업,2,0,2,2,0,7
2025-08-26,실내 스크린 골프업,0,1,0,0,0,0
2025-08-26,이ㆍ미용업,7,8,4,46,11,18
2025-08-26,당구장 운영업,1,0,0,0,0,0
2025-08-26,슈퍼마켓,10,4,7,26,4,9
2025-08-26,커피전문점,2,8,0,3,0,2
2025-08-26,자동차 전문수리업,0,0,0,1,0,8
2025-08-26,소매업,12,10,10,66,9,38
2025-08-26,식품판매업,8,17,11,53,7,8
2025-08-26,일반음식점업,56,68,53,95,25,51
2025-08-26,자동자 세차업,0,0,3,5,0,0
2025-08-26,세탁업,0,1,3,4,2,10
2025-08-26,휴게음식점업,3,11,0,9,1,10
2025-08-26,숙박업,18,11,9,2,0,0
2025-08-26,기타,0,0,0,0,0,4
2025-08-25,식품판매업,16,6,12,52,5,0
2025-08-25,소매업,15,9,8,85,2,19
2025-08-25,기타,0,0,0,3,0,4
2025-08-25,기타미용업,6,0,0,2,0,0
2025-08-25,슈퍼마켓,10,0,14,34,3,2
2025-08-25,휴게음식점업,4,3,0,8,0,4
2025-08-25,세탁업,0,2,5,10,0,0
2025-08-25,이ㆍ미용업,5,4,3,56,0,4
2025-08-25,자동차 전문수리업,0,0,0,4,0,4
2025-08-25,커피전문점,13,8,1,8,0,0
2025-08-25,숙박업,21,22,13,6,0,0
2025-08-25,자동자 세차업,0,0,1,5,0,0
2025-08-25,실내 스크린 골프업,0,1,0,0,0,3
2025-08-25,당구장 운영업,3,0,0,0,0,0
2025-08-25,일반음식점업,51,81,46,157,4,29
2025-08-24,슈퍼마켓,9,1,17,56,1,1
2025-08-24,일반주점업,0,0,0,1,0,0
2025-08-24,휴게음식점업,7,6,0,7,2,0
2025-08-24,기타미용업,0,0,1,5,0,0
2025-08-24,자동차 전문수리업,0,0,0,2,0,1
2025-08-24,주유소·LPG충전소,0,0,0,0,0,1
2025-08-24,자동자 세차업,0,0,4,1,0,0
2025-08-24,식품판매업,20,5,7,52,17,4
2025-08-24,소매업,7,8,11,53,7,16
2025-08-24,이ㆍ미용업,0,0,4,30,0,1
2025-08-24,당구장 운영업,1,0,0,0,0,0
2025-08-24,세탁업,0,0,1,0,0,0
2025-08-24,일반음식점업,90,88,72,114,8,13
2025-08-24,커피전문점,25,10,7,9,0,1
2025-08-24,목욕장업,0,0,0,5,0,0
2025-08-24,실내 스크린 골프업,0,1,9,0,0,1
2025-08-24,숙박업,34,11,14,0,0,0
2025-08-23,기타미용업,3,0,3,7,0,0
2025-08-23,슈퍼마켓,21,0,20,45,3,1
2025-08-23,자동차 전문수리업,0,0,0,4,0,0
2025-08-23,이ㆍ미용업,6,4,10,19,0,0
2025-08-23,기타,0,0,0,1,0,0
2025-08-23,일반음식점업,91,95,102,112,9,8
2025-08-23,소매업,14,8,8,78,1,11
2025-08-23,세탁업,2,0,5,6,0,4
2025-08-23,실내 스크린 골프업,1,1,0,0,0,0
2025-08-23,식품판매업,25,13,18,34,16,2
2025-08-23,숙박업,44,29,24,1,0,0
2025-08-23,휴게음식점업,7,7,1,5,0,0
2025-08-23,커피전문점,10,15,5,4,0,0
2025-08-23,자동자 세차업,0,0,3,1,0,0
2025-08-22,기타,0,0,0,5,0,4
2025-08-22,기타미용업,3,0,3,2,0,0
2025-08-22,자동차 전문수리업,0,1,0,4,0,6
2025-08-22,실내 스크린 골프업,0,1,0,0,0,1
2025-08-22,커피전문점,10,10,5,10,0,5
2025-08-22,슈퍼마켓,22,1,8,20,2,4
2025-08-22,자동자 세차업,0,0,3,1,0,0
2025-08-22,이ㆍ미용업,4,4,3,37,0,17
2025-08-22,휴게음식점업,4,13,0,2,0,12
2025-08-22,주유소·LPG충전소,0,0,0,0,0,1
2025-08-22,소매업,9,9,9,72,5,33
2025-08-22,일반음식점업,91,104,51,122,6,66
2025-08-22,세탁업,1,1,2,6,0,12
2025-08-22,식품판매업,6,20,8,46,9,4
2025-08-22,숙박업,45,26,21,2,0,0
2025-08-22,일반주점업,0,0,0,1,0,0
2025-08-21,당구장 운영업,2,0,0,0,0,0
2025-08-21,커피전문점,12,16,6,6,0,1
2025-08-21,기타미용업,3,0,2,4,0,0
2025-08-21,자동차 전문수리업,0,0,0,1,0,1
2025-08-21,일반음식점업,84,130,117,80,24,10
2025-08-21,휴게음식점업,4,10,0,2,0,0
2025-08-21,목욕장업,0,0,1,0,0,0
2025-08-21,실내 스크린 골프업,0,0,0,0,0,1
2025-08-21,슈퍼마켓,12,2,9,45,6,1
2025-08-21,소매업,12,17,33,56,15,12
2025-08-21,주유소·LPG충전소,0,0,0,0,0,1
2025-08-21,식품판매업,5,15,37,28,14,3
2025-08-21,세탁업,4,4,2,6,2,0
2025-08-21,숙박업,28,24,28,6,0,0
2025-08-21,이ㆍ미용업,2,4,38,25,10,1
2025-08-20,소매업,13,12,27,85,12,8
2025-08-20,일반음식점업,91,121,98,157,19,11
2025-08-20,슈퍼마켓,28,3,12,26,8,1
2025-08-20,휴게음식점업,4,7,0,2,0,0
2025-08-20,일반주점업,0,0,0,1,0,0
2025-08-20,이ㆍ미용업,2,6,18,32,10,3
2025-08-20,당구장 운영업,2,0,0,0,0,0
2025-08-20,자동자 세차업,0,0,1,0,0,0
2025-08-20,세탁업,2,4,1,6,2,0
2025-08-20,커피전문점,15,5,4,8,0,1
2025-08-20,자동차 전문수리업,0,1,0,7,0,1
2025-08-20,식품판매업,18,34,14,41,9,3
2025-08-20,기타미용업,1,0,2,2,0,0
2025-08-20,숙박업,42,25,14,10,0,0
2025-08-19,일반주점업,0,0,0,2,0,0
2025-08-19,기타미용업,1,0,5,2,0,0
2025-08-19,이ㆍ미용업,2,14,33,22,11,2
2025-08-19,숙박업,43,25,22,5,0,0
2025-08-19,세탁업,0,2,8,8,2,0
2025-08-19,자동자 세차업,0,0,1,0,0,0
2025-08-19,당구장 운영업,4,0,0,0,0,0
2025-08-19,자동차 전문수리업,0,0,0,2,0,1
2025-08-19,식품판매업,14,11,35,50,14,3
2025-08-19,소매업,18,15,19,79,13,11
2025-08-19,일반음식점업,86,125,137,91,23,14
2025-08-19,슈퍼마켓,30,2,8,35,9,2
2025-08-19,실내 스크린 골프업,0,1,0,0,0,2
2025-08-19,휴게음식점업,4,9,0,5,0,0
2025-08-19,커피전문점,1,13,11,5,0,1
2025-08-19,기타,0,0,0,1,0,0
2025-08-18,숙박업,41,37,21,7,0,0
2025-08-18,세탁업,4,2,0,6,1,0
2025-08-18,기타,0,0,0,1,0,0
2025-08-18,자동차 전문수리업,0,0,0,3,0,0
2025-08-18,슈퍼마켓,23,4,10,35,8,1
2025-08-18,휴게음식점업,1,5,0,8,0,0
2025-08-18,기타미용업,5,0,4,2,0,0
2025-08-18,일반음식점업,89,120,63,105,5,9
2025-08-18,당구장 운영업,0,1,0,0,0,0
2025-08-18,커피전문점,7,13,9,4,0,0
2025-08-18,이ㆍ미용업,9,13,2,44,0,0
2025-08-18,식품판매업,20,16,10,59,18,6
2025-08-18,실내 스크린 골프업,0,2,1,0,0,2
2025-08-18,소매업,12,32,13,85,6,14
2025-08-17,일반주점업,0,0,0,2,0,0
2025-08-17,실내 스크린 골프업,0,2,0,0,0,2
2025-08-17,일반음식점업,116,138,70,88,5,81
2025-08-17,숙박업,47,31,21,1,0,0
2025-08-17,소매업,7,45,12,44,14,33
2025-08-17,식품판매업,21,16,10,41,17,2
2025-08-17,목욕장업,0,0,0,4,0,0
2025-08-17,휴게음식점업,2,1,2,4,0,15
2025-08-17,기타미용업,2,4,3,3,0,1
2025-08-17,자동자 세차업,0,0,0,5,0,0
2025-08-17,당구장 운영업,0,1,0,0,0,0
2025-08-17,자동차 전문수리업,0,0,0,0,0,4
2025-08-17,이ㆍ미용업,4,0,3,23,0,20
2025-08-17,세탁업,0,1,0,2,0,1
2025-08-17,기타,0,0,0,2,0,0
2025-08-17,커피전문점,17,16,9,4,0,4
2025-08-17,슈퍼마켓,23,4,20,59,13,10
2025-08-16,세탁업,2,1,0,9,0,12
2025-08-16,휴게음식점업,3,4,0,7,1,8
2025-08-16,주유소·LPG충전소,0,0,0,0,0,2
2025-08-16,기타미용업,2,4,1,3,0,1
2025-08-16,소매업,13,46,6,67,4,28
2025-08-16,기타,0,0,0,4,0,0
2025-08-16,커피전문점,17,27,8,9,0,2
2025-08-16,식품판매업,34,41,8,56,12,6
2025-08-16,자동차 전문수리업,0,0,0,7,0,2
2025-08-16,목욕장업,0,0,0,3,0,0
2025-08-16,일반주점업,0,0,0,1,0,0
2025-08-16,슈퍼마켓,33,0,12,51,6,6
2025-08-16,실내 스크린 골프업,1,3,1,0,0,0
2025-08-16,이ㆍ미용업,5,12,3,29,0,15
2025-08-16,숙박업,57,39,37,3,0,0
2025-08-16,일반음식점업,136,187,73,100,6,56
2025-08-16,당구장 운영업,5,0,0,0,0,0
2025-08-15,기타,0,0,0,4,0,0
2025-08-15,자동자 세차업,0,0,0,3,0,0
2025-08-15,기타미용업,6,2,0,3,0,3
2025-08-15,세탁업,3,1,0,2,0,0
2025-08-15,소매업,20,53,7,79,11,10
2025-08-15,커피전문점,10,26,2,12,0,0
2025-08-15,자동차 전문수리업,1,1,0,2,0,0
2025-08-15,실내 스크린 골프업,0,2,0,0,0,1
2025-08-15,당구장 운영업,1,0,0,0,0,0
2025-08-15,식품판매업,40,27,10,61,18,5
2025-08-15,이ㆍ미용업,6,3,4,38,0,5
2025-08-15,숙박업,43,36,34,3,0,0
2025-08-15,휴게음식점업,2,21,1,9,0,0
2025-08-15,목욕장업,0,0,0,3,0,0
2025-08-15,일반음식점업,151,214,75,126,6,27
2025-08-15,슈퍼마켓,30,18,11,63,11,6
2025-08-14,기타미용업,1,3,2,3,0,1
2025-08-14,이ㆍ미용업,4,13,35,22,10,9
2025-08-14,목욕장업,0,0,0,4,0,0
2025-08-14,실내 스크린 골프업,0,3,0,0,0,1
2025-08-14,슈퍼마켓,29,16,13,50,16,5
2025-08-14,일반주점업,0,0,0,1,0,0
2025-08-14,휴게음식점업,5,11,2,3,0,0
2025-08-14,세탁업,3,2,5,14,2,0
2025-08-14,자동자 세차업,0,0,0,1,0,0
2025-08-14,숙박업,47,49,34,2,0,0
2025-08-14,식품판매업,28,26,20,52,16,5
2025-08-14,소매업,10,45,20,85,13,10
2025-08-14,자동차 전문수리업,0,0,1,5,0,0
2025-08-14,커피전문점,7,12,6,6,0,0
2025-08-14,일반음식점업,106,182,127,72,25,27
2025-08-14,당구장 운영업,1,1,0,0,0,0
2025-08-14,주유소·LPG충전소,0,0,0,0,0,3
2025-08-13,일반음식점업,92,163,82,128,21,32
2025-08-13,식품판매업,18,43,27,74,10,7
2025-08-13,목욕장업,0,0,0,2,0,0
2025-08-13,당구장 운영업,2,3,0,0,0,0
2025-08-13,커피전문점,11,10,4,12,0,0
2025-08-13,실내 스크린 골프업,0,0,5,0,0,2
2025-08-13,휴게음식점업,8,18,0,6,0,0
2025-08-13,소매업,10,46,13,76,11,16
2025-08-13,슈퍼마켓,24,14,12,51,10,4
2025-08-13,세탁업,2,1,8,16,2,0
2025-08-13,자동차 전문수리업,1,0,0,4,0,0
2025-08-13,주유소·LPG충전소,0,0,0,0,0,1
2025-08-13,기타미용업,1,0,1,3,0,2
2025-08-13,이ㆍ미용업,4,5,12,32,12,8
2025-08-13,숙박업,31,43,27,2,0,0
2025-08-13,자동자 세차업,0,0,0,3,0,0
2025-08-12,소매업,23,40,22,73,5,28
2025-08-12,휴게음식점업,3,7,2,6,0,12
2025-08-12,이ㆍ미용업,7,7,2,38,0,18
2025-08-12,기타미용업,1,2,3,3,0,1
2025-08-12,실내 스크린 골프업,0,2,2,0,0,2
2025-08-12,일반음식점업,83,209,56,109,4,62
2025-08-12,목욕장업,0,0,0,4,0,0
2025-08-12,자동자 세차업,0,0,0,3,0,0
2025-08-12,슈퍼마켓,40,24,22,49,11,8
2025-08-12,당구장 운영업,0,3,0,0,0,0
2025-08-12,커피전문점,1,5,5,15,0,2
2025-08-12,식품판매업,24,43,12,75,14,8
2025-08-12,일반주점업,0,0,0,1,0,0
2025-08-12,자동차 전문수리업,1,2,0,3,0,2
2025-08-12,세탁업,5,1,0,16,0,6
2025-08-12,숙박업,34,51,24,4,0,0
2025-08-12,기타,0,0,0,6,0,4
2025-08-11,일반음식점업,105,190,49,116,20,32
2025-08-11,실내 스크린 골프업,0,0,0,0,0,2
2025-08-11,이ㆍ미용업,10,9,4,38,8,10
2025-08-11,자동자 세차업,0,0,0,3,0,0
2025-08-11,슈퍼마켓,36,15,14,66,13,2
2025-08-11,목욕장업,0,0,0,4,0,0
2025-08-11,기타미용업,1,0,2,2,0,2
2025-08-11,커피전문점,11,6,8,4,0,0
2025-08-11,소매업,13,33,12,87,14,12
2025-08-11,자동차 전문수리업,1,0,3,6,0,0
2025-08-11,휴게음식점업,2,8,0,7,1,0
2025-08-11,숙박업,39,53,27,4,0,0
2025-08-11,식품판매업,52,50,16,53,18,4
2025-08-11,세탁업,5,4,0,15,2,0
2025-08-11,당구장 운영업,4,4,0,0,0,0
2025-08-10,실내 스크린 골프업,0,0,3,0,0,2
2025-08-10,커피전문점,25,17,10,6,0,2
2025-08-10,기타미용업,1,0,0,6,0,0
2025-08-10,자동자 세차업,0,0,1,3,0,0
2025-08-10,일반음식점업,132,236,137,77,5,16
2025-08-10,숙박업,35,47,34,1,0,0
2025-08-10,당구장 운영업,2,2,0,0,0,0
2025-08-10,기타,0,0,0,1,0,0
2025-08-10,휴게음식점업,4,13,0,6,0,0
2025-08-10,자동차 전문수리업,1,0,0,4,0,2
2025-08-10,소매업,7,33,32,65,10,18
2025-08-10,슈퍼마켓,45,29,10,67,26,7
2025-08-10,세탁업,0,1,3,4,0,0
2025-08-10,이ㆍ미용업,3,3,10,23,0,3
2025-08-10,주유소·LPG충전소,0,0,0,0,0,1
2025-08-10,목욕장업,0,8,0,2,0,0
2025-08-10,식품판매업,43,64,31,37,12,8
2025-08-09,일반음식점업,166,307,57,133,5,62
2025-08-09,실내 스크린 골프업,0,0,0,0,0,2
2025-08-09,당구장 운영업,7,2,0,0,0,0
2025-08-09,주유소·LPG충전소,0,0,0,9,0,5
2025-08-09,이ㆍ미용업,3,11,4,35,0,13
2025-08-09,목욕장업,0,19,0,2,0,0
2025-08-09,자동차 전문수리업,2,1,0,2,0,4
2025-08-09,소매업,8,23,14,75,13,29
2025-08-09,자동자 세차업,0,0,1,3,0,0
2025-08-09,일반주점업,0,0,0,3,0,0
2025-08-09,슈퍼마켓,50,30,33,58,10,3
2025-08-09,숙박업,32,74,33,2,0,0
2025-08-09,기타미용업,0,2,0,1,0,0
2025-08-09,세탁업,0,2,2,11,0,12
2025-08-09,휴게음식점업,7,18,0,5,0,18
2025-08-09,식품판매업,48,47,9,64,25,8
2025-08-09,커피전문점,9,13,6,7,0,6
2025-08-09,기타,0,0,0,1,0,0
2025-08-08,소매업,9,53,15,85,3,16
2025-08-08,자동차 전문수리업,1,1,2,6,0,2
2025-08-08,숙박업,35,81,26,4,0,0
2025-08-08,일반음식점업,142,259,124,113,8,16
2025-08-08,당구장 운영업,0,2,0,0,0,0
2025-08-08,슈퍼마켓,32,30,36,71,9,5
2025-08-08,세탁업,0,4,4,4,0,0
2025-08-08,목욕장업,0,14,0,2,0,0
2025-08-08,커피전문점,3,10,10,11,0,0
2025-08-08,실내 스크린 골프업,0,1,0,0,0,2
2025-08-08,자동자 세차업,0,0,1,5,0,0
2025-08-08,휴게음식점업,2,27,0,6,0,0
2025-08-08,이ㆍ미용업,3,7,37,37,1,0
2025-08-08,식품판매업,31,58,37,56,15,8
2025-08-08,기타미용업,2,0,0,2,0,0
2025-08-08,주유소·LPG충전소,0,0,0,8,0,4
2025-08-07,자동차 전문수리업,0,1,0,1,0,0
2025-08-07,식품판매업,28,107,33,79,20,10
2025-08-07,숙박업,31,91,20,8,0,0
2025-08-07,이ㆍ미용업,8,16,10,54,0,4
2025-08-07,커피전문점,15,19,2,13,0,1
2025-08-07,기타,0,0,0,6,0,0
2025-08-07,일반음식점업,151,314,106,180,5,21
2025-08-07,기타미용업,1,1,2,1,0,0
2025-08-07,자동자 세차업,0,0,2,5,0,0
2025-08-07,세탁업,1,5,4,6,0,0
2025-08-07,당구장 운영업,2,1,0,0,0,0
2025-08-07,휴게음식점업,6,19,0,10,0,0
2025-08-07,슈퍼마켓,68,46,43,65,1,5
2025-08-07,목욕장업,0,14,0,2,0,0
2025-08-07,소매업,8,38,10,87,7,20
2025-08-07,주유소·LPG충전소,0,0,0,7,0,7
2025-08-07,실내 스크린 골프업,0,0,0,0,0,1
2025-08-06,기타미용업,4,1,0,3,0,0
2025-08-06,슈퍼마켓,60,55,50,64,13,3
2025-08-06,목욕장업,0,15,0,2,0,0
2025-08-06,주유소·LPG충전소,0,0,0,13,0,4
2025-08-06,커피전문점,7,19,7,13,0,2
2025-08-06,실내 스크린 골프업,0,0,0,0,0,2
2025-08-06,일반음식점업,171,350,109,149,22,24
2025-08-06,당구장 운영업,2,2,0,0,0,0
2025-08-06,자동차 전문수리업,1,1,0,6,0,2
2025-08-06,세탁업,2,3,1,17,2,0
2025-08-06,휴게음식점업,5,20,0,10,0,0
2025-08-06,자동자 세차업,0,0,2,3,0,0
2025-08-06,식품판매업,45,107,39,46,17,10
2025-08-06,숙박업,36,94,41,2,0,0
2025-08-06,소매업,20,65,30,100,11,19
2025-08-06,이ㆍ미용업,8,9,15,34,10,2
2025-08-06,일반주점업,0,0,0,1,0,0
2025-08-05,자동자 세차업,0,0,0,1,0,0
2025-08-05,커피전문점,18,22,6,14,0,3
2025-08-05,일반음식점업,157,408,127,139,20,24
2025-08-05,주유소·LPG충전소,0,0,2,26,0,3
2025-08-05,일반주점업,0,0,0,2,0,0
2025-08-05,휴게음식점업,5,17,0,3,1,0
2025-08-05,슈퍼마켓,128,76,45,64,15,3
2025-08-05,자동차 전문수리업,3,2,0,4,0,1
2025-08-05,세탁업,4,8,4,9,2,0
2025-08-05,당구장 운영업,8,1,0,0,0,0
2025-08-05,소매업,17,88,38,77,14,23
2025-08-05,식품판매업,53,111,46,62,16,9
2025-08-05,목욕장업,0,13,0,2,0,0
2025-08-05,기타,0,0,0,4,0,0
2025-08-05,이ㆍ미용업,5,12,27,23,12,5
2025-08-05,기타미용업,1,2,2,1,0,0
2025-08-05,실내 스크린 골프업,0,0,0,0,0,2
2025-08-05,숙박업,60,115,26,5,0,0
2025-08-04,주유소·LPG충전소,0,0,9,26,0,0
2025-08-04,실내 스크린 골프업,0,2,0,0,0,2
2025-08-04,이ㆍ미용업,5,15,15,45,12,4
2025-08-04,자동자 세차업,0,0,0,3,0,0
2025-08-04,일반음식점업,187,455,119,132,30,22
2025-08-04,기타미용업,1,0,0,3,0,0
2025-08-04,숙박업,72,98,26,7,0,0
2025-08-04,당구장 운영업,0,4,0,0,0,0
2025-08-04,일반주점업,0,0,0,1,0,0
2025-08-04,소매업,15,111,17,108,25,22
2025-08-04,슈퍼마켓,124,95,62,88,24,3
2025-08-04,식품판매업,52,115,41,50,33,9
2025-08-04,휴게음식점업,5,18,1,8,0,0
2025-08-04,세탁업,3,2,7,19,3,0
2025-08-04,기타,0,0,0,1,0,0
2025-08-04,자동차 전문수리업,6,4,0,7,0,2
2025-08-04,커피전문점,20,16,7,12,0,2
2025-08-04,목욕장업,0,22,0,4,0,0
2025-08-03,기타,0,0,0,2,0,0
2025-08-03,실내 스크린 골프업,1,0,1,0,0,2
2025-08-03,주유소·LPG충전소,0,0,10,35,0,5
2025-08-03,기타미용업,3,2,0,5,0,2
2025-08-03,식품판매업,51,206,44,45,30,10
2025-08-03,숙박업,54,117,39,6,0,0
2025-08-03,휴게음식점업,7,24,1,7,1,12
2025-08-03,당구장 운영업,3,3,0,0,0,0
2025-08-03,소매업,16,67,27,103,12,23
2025-08-03,목욕장업,0,13,0,0,0,0
2025-08-03,자동차 전문수리업,0,0,0,0,0,4
2025-08-03,세탁업,0,0,1,6,0,0
2025-08-03,자동자 세차업,0,0,0,1,0,0
2025-08-03,일반음식점업,192,574,82,135,4,97
2025-08-03,슈퍼마켓,148,104,80,112,23,12
2025-08-03,커피전문점,15,21,3,9,0,4
2025-08-03,이ㆍ미용업,6,0,3,33,0,27
2025-08-02,일반음식점업,234,749,109,170,14,34
2025-08-02,세탁업,3,5,2,9,0,0
2025-08-02,실내 스크린 골프업,0,0,0,0,0,3
2025-08-02,자동자 세차업,0,0,0,1,0,0
2025-08-02,이ㆍ미용업,8,19,10,49,0,16
2025-08-02,주유소·LPG충전소,0,0,14,28,11,5
2025-08-02,자동차 전문수리업,0,4,0,5,0,0
2025-08-02,숙박업,45,183,44,11,0,0
2025-08-02,식품판매업,58,239,48,109,37,7
2025-08-02,커피전문점,22,28,7,13,0,0
2025-08-02,목욕장업,0,24,0,0,0,0
2025-08-02,당구장 운영업,3,2,0,0,0,0
2025-08-02,슈퍼마켓,190,260,89,81,40,9
2025-08-02,소매업,21,121,25,104,18,16
2025-08-02,휴게음식점업,2,28,1,7,0,0
2025-08-02,기타,0,0,0,2,0,0
2025-08-02,기타미용업,1,2,2,3,0,4
2025-08-01,슈퍼마켓,195,447,124,82,51,10
2025-08-01,일반음식점업,221,690,120,108,6,82
2025-08-01,실내 스크린 골프업,0,1,0,0,0,3
2025-08-01,목욕장업,0,23,0,0,0,0
2025-08-01,세탁업,2,1,0,4,0,6
2025-08-01,주유소·LPG충전소,59,38,44,56,56,12
2025-08-01,숙박업,69,206,48,8,0,0
2025-08-01,자동차 전문수리업,5,1,0,0,0,2
2025-08-01,당구장 운영업,5,0,0,0,0,0
2025-08-01,식품판매업,54,204,26,96,32,8
2025-08-01,휴게음식점업,3,35,0,14,1,9
2025-08-01,소매업,17,88,19,75,8,27
2025-08-01,이ㆍ미용업,5,3,11,40,0,25
2025-08-01,커피전문점,14,18,2,2,0,2
2025-08-01,기타미용업,2,2,0,3,0,3
2025-08-01,자동자 세차업,0,0,1,1,0,0
2025-07-31,휴게음식점업,0,4,0,3,2,0
2025-07-31,식품판매업,15,12,2,30,5,8
2025-07-31,소매업,6,9,9,30,3,9
2025-07-31,기타,0,0,0,2,0,2
2025-07-31,자동자 세차업,0,0,2,0,0,0
2025-07-31,일반음식점업,45,69,43,73,6,29
2025-07-31,자동차 전문수리업,0,0,1,7,0,0
2025-07-31,세탁업,1,0,0,3,0,0
2025-07-31,이ㆍ미용업,2,6,25,30,0,7
2025-07-31,커피전문점,11,4,2,3,0,0
2025-07-31,슈퍼마켓,7,1,3,14,2,5
2025-07-31,숙박업,27,23,14,14,0,0
2025-07-31,기타미용업,4,0,0,1,0,2
2025-07-30,당구장 운영업,0,4,0,0,0,0
2025-07-30,일반음식점업,53,55,84,103,5,35
2025-07-30,이ㆍ미용업,4,6,25,26,0,10
2025-07-30,커피전문점,10,3,3,4,0,0
2025-07-30,세탁업,0,0,4,8,0,0
2025-07-30,소매업,11,10,22,53,1,13
2025-07-30,식품판매업,20,8,28,40,4,5
2025-07-30,슈퍼마켓,9,2,4,17,0,6
2025-07-30,숙박업,25,3,5,3,0,0
2025-07-30,기타미용업,3,0,0,2,0,2
2025-07-30,휴게음식점업,0,3,0,4,1,0
2025-07-30,실내 스크린 골프업,0,1,1,0,0,1
2025-07-30,자동차 전문수리업,0,0,0,4,0,0
2025-07-30,자동자 세차업,0,0,2,0,0,0
2025-07-29,자동자 세차업,0,0,3,0,0,0
2025-07-29,당구장 운영업,0,3,0,0,0,0
2025-07-29,식품판매업,15,5,17,36,13,6
2025-07-29,슈퍼마켓,6,3,7,20,2,3
2025-07-29,기타,0,0,0,2,0,4
2025-07-29,일반음식점업,55,54,89,109,4,29
2025-07-29,휴게음식점업,5,2,0,3,1,16
2025-07-29,이ㆍ미용업,4,5,12,35,0,7
2025-07-29,실내 스크린 골프업,1,0,2,0,0,0
2025-07-29,커피전문점,9,8,0,8,0,2
2025-07-29,세탁업,0,1,6,5,0,5
2025-07-29,숙박업,22,5,4,6,0,0
2025-07-29,기타미용업,4,0,1,2,0,2
2025-07-29,소매업,8,15,20,70,3,10
2025-07-29,자동차 전문수리업,0,0,0,8,1,0
2025-07-28,기타미용업,7,0,0,2,0,0
2025-07-28,숙박업,29,10,10,13,0,0
2025-07-28,커피전문점,10,4,0,6,0,4
2025-07-28,휴게음식점업,0,7,0,7,1,16
2025-07-28,이ㆍ미용업,4,4,7,24,0,14
2025-07-28,주유소·LPG충전소,0,0,0,0,0,1
2025-07-28,세탁업,0,2,6,4,0,12
2025-07-28,일반음식점업,69,61,50,71,4,75
2025-07-28,슈퍼마켓,2,0,6,10,0,5
2025-07-28,식품판매업,15,15,4,44,2,6
2025-07-28,소매업,5,8,4,72,1,21
2025-07-28,자동자 세차업,0,0,4,0,0,0
2025-07-28,자동차 전문수리업,0,0,0,7,1,2
2025-07-28,실내 스크린 골프업,0,1,1,0,0,2
2025-07-28,당구장 운영업,5,2,0,0,0,0
2025-07-27,숙박업,32,7,11,5,0,0
2025-07-27,휴게음식점업,2,6,1,1,2,0
2025-07-27,식품판매업,25,10,17,33,6,2
2025-07-27,당구장 운영업,0,3,0,0,0,0
2025-07-27,실내 스크린 골프업,0,2,4,0,0,1
2025-07-27,세탁업,0,1,4,0,0,0
2025-07-27,일반음식점업,59,74,73,84,3,17
2025-07-27,주유소·LPG충전소,0,0,0,0,0,2
2025-07-27,커피전문점,16,8,6,7,0,0
2025-07-27,목욕장업,0,0,0,4,0,0
2025-07-27,기타미용업,3,0,0,1,0,0
2025-07-27,이ㆍ미용업,0,2,12,28,0,4
2025-07-27,슈퍼마켓,7,0,6,37,1,5
2025-07-27,소매업,10,20,15,38,5,8
2025-07-26,세탁업,0,1,0,7,0,0
2025-07-26,소매업,12,23,10,69,7,4
2025-07-26,실내 스크린 골프업,0,2,0,0,0,1
2025-07-26,이ㆍ미용업,4,11,13,26,0,4
2025-07-26,자동차 전문수리업,0,0,0,7,0,0
2025-07-26,커피전문점,13,10,10,7,0,0
2025-07-26,숙박업,28,11,20,2,0,0
2025-07-26,일반음식점업,82,88,89,100,3,19
2025-07-26,목욕장업,0,0,0,4,0,0
2025-07-26,당구장 운영업,2,0,0,0,0,0
2025-07-26,기타미용업,2,0,2,5,0,1
2025-07-26,휴게음식점업,1,7,1,3,0,0
2025-07-26,슈퍼마켓,9,0,4,31,2,3
2025-07-26,일반주점업,0,0,0,1,0,0
2025-07-26,식품판매업,13,11,17,46,11,1
2025-07-26,자동자 세차업,0,0,1,0,0,0
2025-07-25,기타미용업,2,0,1,3,0,1
2025-07-25,당구장 운영업,2,3,0,0,0,0
2025-07-25,주유소·LPG충전소,0,0,0,0,0,1
2025-07-25,이ㆍ미용업,2,7,24,13,11,2
2025-07-25,숙박업,28,21,10,4,0,0
2025-07-25,슈퍼마켓,10,0,6,11,4,2
2025-07-25,세탁업,2,2,2,6,3,0
2025-07-25,기타,0,0,0,3,0,0
2025-07-25,휴게음식점업,3,8,0,3,2,0
2025-07-25,커피전문점,9,10,11,10,0,0
2025-07-25,식품판매업,12,10,28,33,9,1
2025-07-25,자동자 세차업,0,0,0,1,0,0
2025-07-25,일반음식점업,60,111,95,80,23,16
2025-07-25,자동차 전문수리업,1,0,0,9,0,0
2025-07-25,소매업,10,23,12,61,7,7
2025-07-25,실내 스크린 골프업,0,0,0,0,0,1
2025-07-24,당구장 운영업,3,0,0,0,0,0
2025-07-24,숙박업,23,11,9,5,0,0
2025-07-24,실내 스크린 골프업,0,0,1,0,0,2
2025-07-24,자동자 세차업,0,0,0,1,0,0
2025-07-24,소매업,7,16,10,56,7,5
2025-07-24,커피전문점,14,8,2,4,0,0
2025-07-24,휴게음식점업,5,5,1,4,2,0
2025-07-24,이ㆍ미용업,2,5,4,44,2,3
2025-07-24,기타미용업,1,0,2,3,0,2
2025-07-24,일반음식점업,61,88,64,123,4,18
2025-07-24,식품판매업,20,12,20,39,8,1
2025-07-24,슈퍼마켓,11,2,9,21,2,3
2025-07-24,세탁업,2,5,2,9,0,0
2025-07-24,자동차 전문수리업,1,4,0,5,0,0
2025-07-23,주유소·LPG충전소,0,0,0,0,0,1
2025-07-23,세탁업,2,1,0,5,1,2
2025-07-23,식품판매업,12,17,12,30,23,2
2025-07-23,슈퍼마켓,11,1,9,24,3,5
2025-07-23,소매업,7,31,9,63,3,21
2025-07-23,기타미용업,0,0,4,7,0,2
2025-07-23,당구장 운영업,2,2,0,0,0,0
2025-07-23,이ㆍ미용업,4,6,2,31,0,12
2025-07-23,자동차 전문수리업,0,4,1,2,1,2
2025-07-23,실내 스크린 골프업,0,0,0,0,0,2
2025-07-23,커피전문점,15,8,5,3,0,0
2025-07-23,자동자 세차업,0,0,1,1,0,0
2025-07-23,휴게음식점업,2,6,0,6,0,2
2025-07-23,숙박업,37,16,9,3,0,0
2025-07-23,일반음식점업,87,88,82,105,2,32
2025-07-22,당구장 운영업,1,1,0,0,0,0
2025-07-22,이ㆍ미용업,9,7,6,30,10,9
2025-07-22,자동차 전문수리업,2,6,1,10,0,0
2025-07-22,식품판매업,11,11,19,46,10,5
2025-07-22,자동자 세차업,0,0,0,1,0,0
2025-07-22,기타미용업,1,0,1,5,0,1
2025-07-22,슈퍼마켓,9,2,12,23,7,4
2025-07-22,실내 스크린 골프업,0,0,1,0,0,2
2025-07-22,세탁업,0,0,2,5,2,4
2025-07-22,휴게음식점업,2,10,0,9,1,8
2025-07-22,숙박업,26,13,9,5,0,0
2025-07-22,소매업,15,25,9,64,10,13
2025-07-22,커피전문점,11,15,5,6,0,2
2025-07-22,목욕장업,0,0,0,2,0,0
2025-07-22,주유소·LPG충전소,0,0,0,0,0,2
2025-07-22,일반음식점업,81,101,78,89,20,34
2025-07-22,기타,0,0,0,0,0,2
2025-07-21,기타미용업,2,0,0,2,0,1
2025-07-21,세탁업,1,4,0,12,0,0
2025-07-21,주유소·LPG충전소,0,0,0,0,0,1
2025-07-21,자동차 전문수리업,0,2,0,3,0,0
2025-07-21,숙박업,38,27,8,6,0,0
2025-07-21,이ㆍ미용업,4,12,4,44,0,6
2025-07-21,일반음식점업,91,100,61,171,4,14
2025-07-21,실내 스크린 골프업,1,2,0,0,0,1
2025-07-21,소매업,12,29,7,96,7,5
2025-07-21,일반주점업,0,0,0,1,0,0
2025-07-21,식품판매업,15,18,13,62,5,4
2025-07-21,휴게음식점업,3,6,0,6,0,0
2025-07-21,커피전문점,9,5,10,13,0,0
2025-07-21,슈퍼마켓,16,1,5,29,9,4
2025-07-21,당구장 운영업,2,5,0,0,0,0
2025-07-20,실내 스크린 골프업,0,0,0,0,0,1
2025-07-20,기타미용업,0,1,0,1,0,0
2025-07-20,식품판매업,20,12,17,39,13,6
2025-07-20,커피전문점,12,16,8,10,0,1
2025-07-20,휴게음식점업,3,2,0,7,0,0
2025-07-20,세탁업,0,1,5,4,0,0
2025-07-20,자동자 세차업,0,0,0,1,0,0
2025-07-20,슈퍼마켓,23,1,14,48,10,1
2025-07-20,당구장 운영업,2,0,0,0,0,0
2025-07-20,일반주점업,0,0,0,1,0,0
2025-07-20,목욕장업,0,0,0,2,0,0
2025-07-20,숙박업,32,16,27,7,0,0
2025-07-20,일반음식점업,101,105,123,91,4,20
2025-07-20,소매업,9,34,14,29,9,14
2025-07-20,이ㆍ미용업,1,0,14,24,0,2
2025-07-19,슈퍼마켓,29,5,14,46,20,1
2025-07-19,당구장 운영업,3,1,0,0,0,0
2025-07-19,자동차 전문수리업,0,0,0,1,0,0
2025-07-19,일반주점업,0,0,0,2,0,0
2025-07-19,소매업,11,28,25,77,10,10
2025-07-19,기타,0,0,0,2,0,0
2025-07-19,실내 스크린 골프업,0,0,4,0,0,0
2025-07-19,식품판매업,29,27,13,58,15,6
2025-07-19,이ㆍ미용업,6,11,10,33,0,1
2025-07-19,자동자 세차업,0,0,0,3,0,0
2025-07-19,일반음식점업,107,175,92,82,5,11
2025-07-19,숙박업,37,27,17,2,0,0
2025-07-19,세탁업,1,3,2,10,0,0
2025-07-19,기타미용업,3,0,1,3,0,0
2025-07-19,휴게음식점업,7,7,0,1,0,0
2025-07-19,커피전문점,12,15,5,6,0,2
2025-07-18,커피전문점,8,12,6,7,0,1
2025-07-18,식품판매업,22,28,35,61,14,5
2025-07-18,자동자 세차업,0,0,0,3,0,0
2025-07-18,기타미용업,2,0,4,3,0,0
2025-07-18,일반주점업,0,0,0,1,0,0
2025-07-18,슈퍼마켓,28,3,14,41,10,3
2025-07-18,이ㆍ미용업,5,7,16,37,1,9
2025-07-18,세탁업,0,2,5,8,0,0
2025-07-18,소매업,14,28,11,82,4,12
2025-07-18,자동차 전문수리업,0,1,0,2,0,2
2025-07-18,당구장 운영업,1,0,0,0,0,0
2025-07-18,일반음식점업,86,146,94,111,5,21
2025-07-18,실내 스크린 골프업,0,1,5,0,0,0
2025-07-18,휴게음식점업,3,2,0,4,1,0
2025-07-18,기타,0,0,0,2,0,0
2025-07-18,숙박업,46,30,21,2,0,0
2025-07-17,기타미용업,1,1,0,3,0,0
2025-07-17,실내 스크린 골프업,0,0,1,0,0,1
2025-07-17,당구장 운영업,3,2,0,0,0,0
2025-07-17,숙박업,29,26,16,1,0,0
2025-07-17,소매업,7,33,5,79,1,13
2025-07-17,자동자 세차업,0,0,0,5,0,0
2025-07-17,기타,0,0,0,6,0,0
2025-07-17,자동차 전문수리업,1,1,1,2,0,2
2025-07-17,식품판매업,14,24,15,67,7,5
2025-07-17,일반음식점업,73,114,53,179,3,14
2025-07-17,목욕장업,0,0,0,4,0,0
2025-07-17,슈퍼마켓,22,4,6,46,4,3
2025-07-17,세탁업,1,1,2,14,0,0
2025-07-17,휴게음식점업,3,12,0,9,0,0
2025-07-17,주유소·LPG충전소,0,0,0,0,0,1
2025-07-17,이ㆍ미용업,3,6,2,48,0,1
2025-07-17,일반주점업,0,0,0,3,0,0
2025-07-17,커피전문점,4,6,6,4,0,0
2025-07-16,슈퍼마켓,21,8,15,53,17,4
2025-07-16,일반주점업,0,0,0,1,0,0
2025-07-16,일반음식점업,84,182,64,100,23,43
2025-07-16,자동차 전문수리업,2,1,0,2,0,2
2025-07-16,당구장 운영업,2,0,0,0,0,0
2025-07-16,숙박업,39,32,25,3,0,0
2025-07-16,실내 스크린 골프업,0,0,1,0,0,1
2025-07-16,소매업,18,27,9,57,17,24
2025-07-16,식품판매업,27,38,11,41,12,5
2025-07-16,자동자 세차업,0,0,0,5,0,0
2025-07-16,세탁업,1,3,7,6,2,6
2025-07-16,이ㆍ미용업,6,9,2,22,10,10
2025-07-16,휴게음식점업,1,11,0,2,0,10
2025-07-16,기타미용업,1,3,1,0,0,0
2025-07-16,커피전문점,5,5,2,0,0,1
2025-07-15,숙박업,29,42,20,3,0,0
2025-07-15,일반주점업,0,0,0,2,0,0
2025-07-15,세탁업,3,1,1,9,2,6
2025-07-15,자동자 세차업,0,0,0,5,0,0
2025-07-15,이ㆍ미용업,11,10,2,14,13,11
2025-07-15,소매업,17,36,12,52,15,23
2025-07-15,일반음식점업,94,176,62,94,23,44
2025-07-15,슈퍼마켓,23,13,7,42,16,3
2025-07-15,휴게음식점업,9,9,0,4,0,6
2025-07-15,커피전문점,8,7,1,10,0,4
2025-07-15,기타,0,0,0,4,0,2
2025-07-15,식품판매업,30,31,21,55,10,5
2025-07-15,당구장 운영업,1,0,0,0,0,0
2025-07-15,실내 스크린 골프업,0,0,0,0,0,2
2025-07-15,자동차 전문수리업,5,0,0,3,0,4
2025-07-15,목욕장업,0,0,0,1,0,0
2025-07-15,기타미용업,4,2,2,4,0,0
2025-07-14,기타미용업,0,0,1,1,0,0
2025-07-14,실내 스크린 골프업,1,0,0,0,0,2
2025-07-14,이ㆍ미용업,7,12,17,32,9,2
2025-07-14,휴게음식점업,3,14,0,7,0,0
2025-07-14,기타,0,0,0,1,0,0
2025-07-14,숙박업,48,39,26,5,0,0
2025-07-14,목욕장업,0,8,0,4,0,0
2025-07-14,슈퍼마켓,35,10,14,37,11,2
2025-07-14,일반주점업,0,0,0,1,0,0
2025-07-14,세탁업,3,9,6,11,2,0
2025-07-14,커피전문점,4,5,1,6,0,1
2025-07-14,자동자 세차업,0,0,0,2,0,0
2025-07-14,일반음식점업,88,163,83,69,21,13
2025-07-14,소매업,15,23,17,54,11,15
2025-07-14,당구장 운영업,2,2,0,0,0,0
2025-07-14,식품판매업,32,50,27,42,12,3
2025-07-14,자동차 전문수리업,1,1,0,3,0,2
2025-07-13,소매업,9,29,25,55,15,8
2025-07-13,숙박업,34,43,27,2,0,0
2025-07-13,목욕장업,0,8,0,1,0,0
2025-07-13,당구장 운영업,4,4,0,0,0,0
2025-07-13,커피전문점,11,11,10,8,0,0
2025-07-13,자동자 세차업,0,0,2,3,0,0
2025-07-13,세탁업,0,1,4,5,0,0
2025-07-13,기타미용업,0,2,0,4,0,2
2025-07-13,일반음식점업,134,221,95,73,10,24
2025-07-13,이ㆍ미용업,0,1,11,16,0,10
2025-07-13,식품판매업,31,60,26,43,17,4
2025-07-13,슈퍼마켓,51,12,22,53,16,10
2025-07-13,휴게음식점업,9,11,1,1,2,0
2025-07-13,주유소·LPG충전소,0,0,0,0,0,4
2025-07-13,기타,0,0,0,4,0,0
2025-07-13,실내 스크린 골프업,1,1,1,0,0,0
2025-07-12,일반주점업,0,0,0,1,0,0
2025-07-12,휴게음식점업,2,18,2,7,1,0
2025-07-12,실내 스크린 골프업,0,3,2,0,0,2
2025-07-12,커피전문점,14,18,5,7,0,0
2025-07-12,이ㆍ미용업,5,4,17,33,0,3
2025-07-12,당구장 운영업,4,3,0,0,0,0
2025-07-12,세탁업,2,0,3,9,0,0
2025-07-12,목욕장업,0,9,0,2,0,0
2025-07-12,자동자 세차업,0,0,0,3,0,0
2025-07-12,일반음식점업,156,303,105,112,4,30
2025-07-12,소매업,13,37,10,91,4,9
2025-07-12,기타미용업,1,0,0,0,0,0
2025-07-12,자동차 전문수리업,0,0,0,2,0,0
2025-07-12,숙박업,42,68,39,1,0,0
2025-07-12,식품판매업,32,48,11,74,18,3
2025-07-12,기타,0,0,0,1,0,0
2025-07-12,슈퍼마켓,43,27,16,63,10,3
2025-07-11,숙박업,49,94,36,4,0,0
2025-07-11,커피전문점,12,19,12,9,0,0
2025-07-11,당구장 운영업,3,0,0,0,0,0
2025-07-11,이ㆍ미용업,5,5,19,28,0,10
2025-07-11,세탁업,3,4,3,6,0,0
2025-07-11,기타,0,0,0,1,0,0
2025-07-11,실내 스크린 골프업,0,0,1,0,0,2
2025-07-11,목욕장업,0,0,0,2,0,0
2025-07-11,기타미용업,4,3,0,1,0,2
2025-07-11,자동자 세차업,0,0,1,3,0,0
2025-07-11,휴게음식점업,12,15,0,3,1,0
2025-07-11,슈퍼마켓,50,13,14,69,9,4
2025-07-11,소매업,14,41,22,79,8,16
2025-07-11,자동차 전문수리업,1,0,0,0,0,0
2025-07-11,식품판매업,40,60,23,75,14,2
2025-07-11,일반음식점업,130,281,112,83,3,22
2025-07-10,슈퍼마켓,38,10,12,60,12,5
2025-07-10,일반음식점업,129,279,94,127,3,23
2025-07-10,세탁업,1,1,7,14,0,0
2025-07-10,자동차 전문수리업,1,0,0,3,0,0
2025-07-10,이ㆍ미용업,3,11,26,35,0,7
2025-07-10,주유소·LPG충전소,0,0,0,0,0,2
2025-07-10,커피전문점,10,9,12,5,0,0
2025-07-10,자동자 세차업,0,0,3,2,0,0
2025-07-10,당구장 운영업,3,1,0,0,0,0
2025-07-10,실내 스크린 골프업,0,1,1,0,0,0
2025-07-10,목욕장업,0,12,0,2,0,0
2025-07-10,소매업,12,39,22,94,6,10
2025-07-10,숙박업,41,59,23,3,0,0
2025-07-10,기타,0,0,0,1,0,0
2025-07-10,식품판매업,35,66,20,63,18,4
2025-07-10,기타미용업,0,0,2,4,0,1
2025-07-10,휴게음식점업,2,19,0,6,0,0
2025-07-10,일반주점업,0,0,0,3,0,0
2025-07-09,자동차 전문수리업,0,0,0,0,0,2
2025-07-09,자동자 세차업,0,0,0,7,0,0
2025-07-09,숙박업,43,82,31,2,0,0
2025-07-09,슈퍼마켓,67,22,12,44,12,8
2025-07-09,목욕장업,0,16,0,2,0,0
2025-07-09,기타,0,0,0,5,0,2
2025-07-09,실내 스크린 골프업,0,2,0,0,0,2
2025-07-09,당구장 운영업,1,0,0,0,0,0
2025-07-09,주유소·LPG충전소,0,0,0,1,0,0
2025-07-09,식품판매업,46,76,29,62,19,3
2025-07-09,휴게음식점업,6,23,3,3,0,12
2025-07-09,세탁업,7,5,5,12,2,8
2025-07-09,이ㆍ미용업,2,9,3,29,11,16
2025-07-09,커피전문점,16,12,2,13,0,4
2025-07-09,기타미용업,3,2,0,3,0,2
2025-07-09,소매업,19,48,14,75,14,32
2025-07-09,일반음식점업,135,301,61,87,21,49
2025-07-08,주유소·LPG충전소,0,0,0,13,0,2
2025-07-08,세탁업,2,4,0,14,2,0
2025-07-08,자동자 세차업,0,0,2,1,0,0
2025-07-08,일반음식점업,102,295,63,130,24,26
2025-07-08,이ㆍ미용업,6,13,2,35,11,6
2025-07-08,커피전문점,13,20,0,5,0,0
2025-07-08,기타미용업,0,2,0,5,0,1
2025-07-08,일반주점업,0,0,0,3,0,0
2025-07-08,자동차 전문수리업,1,2,0,5,0,0
2025-07-08,실내 스크린 골프업,0,3,1,0,0,2
2025-07-08,기타,0,0,0,2,0,0
2025-07-08,소매업,16,50,14,118,15,14
2025-07-08,슈퍼마켓,52,23,26,63,10,1
2025-07-08,목욕장업,0,9,0,2,0,0
2025-07-08,당구장 운영업,1,1,0,0,0,0
2025-07-08,휴게음식점업,3,11,1,8,0,0
2025-07-08,식품판매업,41,93,22,63,18,2
2025-07-08,숙박업,19,92,20,5,0,0
2025-07-07,세탁업,4,1,4,16,2,8
2025-07-07,당구장 운영업,0,1,0,0,0,0
2025-07-07,목욕장업,0,22,0,2,0,0
2025-07-07,휴게음식점업,4,20,1,7,0,12
2025-07-07,일반주점업,0,0,0,2,0,0
2025-07-07,소매업,17,46,12,90,11,29
2025-07-07,자동차 전문수리업,1,0,1,2,0,2
2025-07-07,식품판매업,41,65,33,52,24,9
2025-07-07,슈퍼마켓,64,46,26,64,10,8
2025-07-07,주유소·LPG충전소,0,0,0,15,0,2
2025-07-07,일반음식점업,150,273,56,107,20,67
2025-07-07,실내 스크린 골프업,0,2,0,0,0,2
2025-07-07,자동자 세차업,0,0,3,1,0,0
2025-07-07,숙박업,52,78,29,3,0,0
2025-07-07,이ㆍ미용업,12,14,3,35,8,24
2025-07-07,커피전문점,7,10,6,10,0,2
2025-07-07,기타미용업,1,0,2,3,0,2
2025-07-07,기타,0,0,0,1,0,4
2025-07-06,목욕장업,0,14,0,4,0,0
2025-07-06,실내 스크린 골프업,0,3,0,0,0,1
2025-07-06,식품판매업,65,119,50,62,16,4
2025-07-06,숙박업,46,92,52,1,0,0
2025-07-06,소매업,16,66,20,72,16,15
2025-07-06,이ㆍ미용업,5,0,10,26,0,2
2025-07-06,커피전문점,18,25,5,7,0,2
2025-07-06,일반음식점업,205,427,121,113,6,23
2025-07-06,자동자 세차업,0,0,0,3,0,0
2025-07-06,기타미용업,2,2,0,3,0,0
2025-07-06,자동차 전문수리업,0,0,0,0,0,1
2025-07-06,세탁업,0,1,5,7,0,0
2025-07-06,주유소·LPG충전소,0,0,6,18,0,9
2025-07-06,슈퍼마켓,114,43,59,111,11,4
2025-07-06,휴게음식점업,5,18,0,7,1,0
2025-07-05,주유소·LPG충전소,0,0,7,26,0,6
2025-07-05,숙박업,68,124,41,0,0,0
2025-07-05,당구장 운영업,3,0,0,0,0,0
2025-07-05,자동차 전문수리업,1,0,0,0,0,2
2025-07-05,휴게음식점업,5,29,0,7,2,0
2025-07-05,커피전문점,13,32,8,10,0,2
2025-07-05,소매업,14,93,39,103,4,18
2025-07-05,목욕장업,0,11,0,4,0,0
2025-07-05,실내 스크린 골프업,0,2,1,0,0,2
2025-07-05,슈퍼마켓,133,56,62,96,23,5
2025-07-05,일반음식점업,210,564,124,136,11,21
2025-07-05,기타,0,0,0,1,0,0
2025-07-05,이ㆍ미용업,9,9,23,42,0,6
2025-07-05,식품판매업,64,155,32,95,29,6
2025-07-05,자동자 세차업,0,0,0,3,0,0
2025-07-05,세탁업,1,5,3,19,0,0
2025-07-05,기타미용업,1,0,0,5,0,0
2025-07-04,식품판매업,40,93,37,72,26,5
2025-07-04,기타미용업,1,2,3,1,0,0
2025-07-04,숙박업,48,171,39,3,0,0
2025-07-04,소매업,17,77,27,115,9,17
2025-07-04,자동차 전문수리업,0,0,0,3,0,0
2025-07-04,주유소·LPG충전소,0,0,5,28,0,5
2025-07-04,자동자 세차업,0,0,0,2,0,0
2025-07-04,일반음식점업,176,500,120,137,27,19
2025-07-04,세탁업,5,0,4,10,2,0
2025-07-04,커피전문점,17,15,6,11,0,1
2025-07-04,휴게음식점업,3,12,0,4,1,0
2025-07-04,일반주점업,0,0,0,2,0,0
2025-07-04,이ㆍ미용업,7,7,25,30,10,6
2025-07-04,당구장 운영업,3,0,0,0,0,0
2025-07-04,목욕장업,0,17,0,2,0,0
2025-07-04,기타,0,0,0,5,0,0
2025-07-04,슈퍼마켓,124,57,55,79,21,3
2025-07-03,슈퍼마켓,115,164,60,68,17,2
2025-07-03,당구장 운영업,2,0,0,0,0,0
2025-07-03,목욕장업,0,1,0,2,0,0
2025-07-03,식품판매업,45,186,29,75,16,9
2025-07-03,기타미용업,0,1,0,6,0,0
2025-07-03,자동차 전문수리업,2,0,0,3,0,4
2025-07-03,자동자 세차업,0,0,0,3,0,0
2025-07-03,기타,0,0,0,1,0,0
2025-07-03,일반음식점업,178,490,69,197,24,36
2025-07-03,숙박업,54,135,33,0,0,0
2025-07-03,휴게음식점업,5,16,0,9,0,4
2025-07-03,일반주점업,0,0,0,2,0,0
2025-07-03,세탁업,2,1,4,19,2,2
2025-07-03,이ㆍ미용업,6,17,3,54,10,6
2025-07-03,커피전문점,11,9,4,9,0,2
2025-07-03,실내 스크린 골프업,0,0,1,0,0,3
2025-07-03,주유소·LPG충전소,0,0,8,29,0,5
2025-07-03,소매업,11,89,12,105,15,24
2025-07-02,자동자 세차업,0,0,0,3,0,0
2025-07-02,목욕장업,0,13,0,2,0,0
2025-07-02,일반주점업,0,0,0,5,0,0
2025-07-02,기타,0,0,0,3,0,0
2025-07-02,이ㆍ미용업,8,10,8,47,10,17
2025-07-02,세탁업,6,8,0,14,2,6
2025-07-02,식품판매업,45,207,24,90,30,12
2025-07-02,슈퍼마켓,142,290,87,77,19,4
2025-07-02,소매업,12,111,27,114,15,42
2025-07-02,휴게음식점업,3,23,1,7,2,16
2025-07-02,주유소·LPG충전소,1,0,9,17,12,7
2025-07-02,당구장 운영업,3,1,0,0,0,0
2025-07-02,실내 스크린 골프업,0,0,2,0,0,2
2025-07-02,숙박업,66,211,40,7,0,0
2025-07-02,커피전문점,12,15,6,13,0,7
2025-07-02,자동차 전문수리업,2,0,0,1,0,5
2025-07-02,일반음식점업,193,518,90,194,22,68
2025-07-02,기타미용업,2,2,2,3,0,0
2025-07-01,주유소·LPG충전소,58,35,43,52,53,9
2025-07-01,자동차 전문수리업,2,0,0,4,0,5
2025-07-01,슈퍼마켓,166,423,115,95,50,12
2025-07-01,당구장 운영업,5,1,0,0,0,0
2025-07-01,기타,0,0,0,2,0,4
2025-07-01,소매업,18,85,21,90,7,36
2025-07-01,기타미용업,0,2,0,5,0,0
2025-07-01,세탁업,4,6,4,10,0,6
2025-07-01,휴게음식점업,4,23,0,8,0,4
2025-07-01,실내 스크린 골프업,0,1,0,0,0,3
2025-07-01,목욕장업,0,16,0,2,0,0
2025-07-01,자동자 세차업,0,0,0,3,0,0
2025-07-01,숙박업,65,229,39,3,0,0
2025-07-01,식품판매업,52,232,27,73,30,9
2025-07-01,커피전문점,11,11,7,10,0,3
2025-07-01,일반주점업,0,0,0,4,0,0
2025-07-01,일반음식점업,161,572,105,151,16,69
2025-07-01,이ㆍ미용업,9,7,21,38,0,19
2025-06-30,슈퍼마켓,7,1,11,30,0,2
2025-06-30,자동자 세차업,0,0,1,0,0,0
2025-06-30,식품판매업,26,5,20,33,7,5
2025-06-30,일반음식점업,44,47,73,66,2,36
2025-06-30,휴게음식점업,1,3,0,0,0,0
2025-06-30,커피전문점,8,8,0,3,0,0
2025-06-30,숙박업,22,6,4,7,0,0
2025-06-30,당구장 운영업,1,2,0,0,0,0
2025-06-30,이ㆍ미용업,4,6,15,18,0,7
2025-06-30,소매업,10,46,10,40,4,19
2025-06-30,세탁업,3,1,4,3,0,0
2025-06-30,실내 스크린 골프업,0,0,2,0,0,0
2025-06-30,자동차 전문수리업,0,0,0,2,1,2
2025-06-30,기타미용업,1,0,0,2,0,0
2025-06-30,일반주점업,0,0,0,3,0,0
2025-06-30,목욕장업,0,0,0,2,0,0
2025-06-29,커피전문점,14,10,0,4,0,0
2025-06-29,기타미용업,2,0,0,2,0,1
2025-06-29,식품판매업,23,12,18,28,10,6
2025-06-29,소매업,12,20,26,39,3,11
2025-06-29,슈퍼마켓,3,3,10,30,0,6
2025-06-29,자동자 세차업,0,0,1,0,0,0
2025-06-29,일반음식점업,66,58,78,88,10,34
2025-06-29,이ㆍ미용업,1,1,16,16,0,9
2025-06-29,목욕장업,0,0,0,4,0,0
2025-06-29,휴게음식점업,3,8,0,5,2,0
2025-06-29,세탁업,0,0,2,9,0,0
2025-06-29,숙박업,29,15,18,1,0,0
2025-06-29,실내 스크린 골프업,0,2,0,0,0,2
2025-06-28,기타미용업,3,0,0,4,0,1
2025-06-28,이ㆍ미용업,5,4,23,20,0,7
2025-06-28,실내 스크린 골프업,0,0,1,0,0,1
2025-06-28,주유소·LPG충전소,0,0,0,0,0,1
2025-06-28,커피전문점,13,10,0,10,0,0
2025-06-28,자동자 세차업,0,0,0,1,0,0
2025-06-28,당구장 운영업,0,2,0,0,0,0
2025-06-28,숙박업,26,24,13,7,0,0
2025-06-28,세탁업,1,5,3,15,0,0
2025-06-28,소매업,12,17,16,55,1,8
2025-06-28,슈퍼마켓,2,5,11,20,1,3
2025-06-28,식품판매업,23,10,2,37,13,8
2025-06-28,휴게음식점업,0,4,0,1,2,0
2025-06-28,자동차 전문수리업,0,0,0,1,0,0
2025-06-28,목욕장업,0,0,0,2,0,0
2025-06-28,일반음식점업,100,109,81,78,6,25
2025-06-27,휴게음식점업,4,2,0,2,1,0
2025-06-27,소매업,13,13,10,90,0,7
2025-06-27,기타미용업,3,0,0,2,0,0
2025-06-27,당구장 운영업,0,2,0,0,0,0
2025-06-27,자동자 세차업,0,0,1,1,0,0
2025-06-27,숙박업,35,19,9,5,0,0
2025-06-27,자동차 전문수리업,0,0,2,4,0,0
2025-06-27,이ㆍ미용업,2,8,4,21,0,7
2025-06-27,세탁업,0,3,6,14,0,0
2025-06-27,일반음식점업,70,107,76,86,1,16
2025-06-27,식품판매업,24,18,25,52,11,7
2025-06-27,커피전문점,5,8,9,8,0,0
2025-06-27,실내 스크린 골프업,0,1,1,0,0,1
2025-06-27,슈퍼마켓,5,2,11,19,5,4
2025-06-27,기타,0,0,0,3,0,0
2025-06-26,커피전문점,6,0,0,15,0,3
2025-06-26,소매업,10,20,5,86,3,28
2025-06-26,자동차 전문수리업,0,0,0,1,0,0
2025-06-26,세탁업,6,0,0,6,0,8
2025-06-26,실내 스크린 골프업,0,0,1,0,0,0
2025-06-26,자동자 세차업,0,0,0,1,0,0
2025-06-26,기타미용업,2,0,0,0,0,2
2025-06-26,식품판매업,21,11,11,57,9,9
2025-06-26,이ㆍ미용업,4,10,1,25,0,20
2025-06-26,일반음식점업,52,99,46,124,6,41
2025-06-26,숙박업,18,9,14,0,0,0
2025-06-26,슈퍼마켓,5,3,5,22,2,5
2025-06-26,주유소·LPG충전소,0,0,0,0,0,1
2025-06-26,휴게음식점업,5,10,0,1,0,16
2025-06-25,자동자 세차업,0,0,0,1,0,0
2025-06-25,휴게음식점업,2,4,1,2,0,8
2025-06-25,실내 스크린 골프업,0,1,2,0,0,0
2025-06-25,당구장 운영업,0,2,0,0,0,0
2025-06-25,슈퍼마켓,5,3,5,35,2,5
2025-06-25,커피전문점,8,0,2,4,0,2
2025-06-25,일반주점업,0,0,0,2,0,0
2025-06-25,이ㆍ미용업,3,4,0,23,6,20
2025-06-25,세탁업,0,2,2,10,0,4
2025-06-25,주유소·LPG충전소,0,0,0,0,0,2
2025-06-25,숙박업,20,12,22,0,0,0
2025-06-25,식품판매업,20,17,2,29,10,11
2025-06-25,기타미용업,0,0,0,1,0,0
2025-06-25,일반음식점업,53,97,52,100,3,38
2025-06-25,소매업,13,16,4,82,4,29
2025-06-24,당구장 운영업,0,1,0,0,0,0
2025-06-24,숙박업,24,10,17,3,0,0
2025-06-24,소매업,7,15,9,66,14,16
2025-06-24,일반음식점업,52,103,44,97,15,58
2025-06-24,실내 스크린 골프업,0,1,3,0,0,1
2025-06-24,이ㆍ미용업,5,6,2,12,12,13
2025-06-24,식품판매업,11,9,12,37,9,2
2025-06-24,커피전문점,5,8,4,10,0,0
2025-06-24,슈퍼마켓,10,0,7,21,6,6
2025-06-24,기타,0,0,0,4,0,0
2025-06-24,자동자 세차업,0,0,0,1,0,0
2025-06-24,기타미용업,1,0,2,2,0,1
2025-06-24,세탁업,1,3,1,8,2,7
2025-06-24,휴게음식점업,5,8,0,2,0,4
2025-06-24,자동차 전문수리업,0,0,0,4,0,4
2025-06-23,자동차 전문수리업,0,1,0,3,0,0
2025-06-23,자동자 세차업,0,0,1,1,0,0
2025-06-23,실내 스크린 골프업,0,1,3,0,0,1
2025-06-23,소매업,11,15,20,65,7,5
2025-06-23,숙박업,21,15,28,1,0,0
2025-06-23,슈퍼마켓,17,3,9,31,11,2
2025-06-23,휴게음식점업,6,7,2,10,0,0
2025-06-23,일반음식점업,89,100,84,67,17,25
2025-06-23,당구장 운영업,3,6,0,0,0,0
2025-06-23,식품판매업,12,10,13,45,10,0
2025-06-23,이ㆍ미용업,2,3,10,29,9,6
2025-06-23,커피전문점,10,10,3,6,0,0
2025-06-23,기타미용업,0,0,2,0,0,1
2025-06-23,세탁업,0,3,8,2,2,0
2025-06-22,숙박업,37,18,22,4,0,0
2025-06-22,소매업,15,32,17,37,9,8
2025-06-22,식품판매업,31,8,22,43,9,3
2025-06-22,세탁업,0,1,6,2,0,0
2025-06-22,기타미용업,0,0,0,5,0,0
2025-06-22,휴게음식점업,7,7,0,11,0,0
2025-06-22,슈퍼마켓,8,0,15,39,15,0
2025-06-22,주유소·LPG충전소,0,0,0,0,0,1
2025-06-22,당구장 운영업,2,3,0,0,0,0
2025-06-22,일반음식점업,93,137,110,134,4,7
2025-06-22,커피전문점,20,2,11,10,0,0
2025-06-22,이ㆍ미용업,1,4,9,39,0,0
2025-06-22,일반주점업,0,0,0,1,0,0
2025-06-21,커피전문점,7,6,4,9,0,2
2025-06-21,당구장 운영업,4,0,0,0,0,0
2025-06-21,세탁업,2,1,6,13,0,0
2025-06-21,숙박업,31,33,21,8,0,0
2025-06-21,일반음식점업,111,151,94,115,10,8
2025-06-21,일반주점업,0,0,0,3,0,0
2025-06-21,이ㆍ미용업,2,7,11,40,0,2
2025-06-21,휴게음식점업,4,11,0,9,0,0
2025-06-21,식품판매업,21,18,36,51,15,0
2025-06-21,주유소·LPG충전소,0,0,0,0,0,1
2025-06-21,기타미용업,0,2,0,5,0,0
2025-06-21,기타,0,0,0,2,0,0
2025-06-21,슈퍼마켓,8,0,8,30,4,1
2025-06-21,소매업,20,36,16,65,0,4
2025-06-21,실내 스크린 골프업,0,0,0,0,0,2
2025-06-20,자동차 전문수리업,0,0,0,3,0,0
2025-06-20,소매업,15,29,13,52,0,13
2025-06-20,기타미용업,1,2,2,4,0,0
2025-06-20,일반주점업,0,0,0,1,0,0
2025-06-20,이ㆍ미용업,0,12,10,32,0,5
2025-06-20,실내 스크린 골프업,0,1,5,0,0,1
2025-06-20,숙박업,48,34,20,6,0,0
2025-06-20,세탁업,3,0,2,15,0,0
2025-06-20,식품판매업,26,11,31,38,5,4
2025-06-20,커피전문점,10,4,11,9,0,0
2025-06-20,슈퍼마켓,14,2,1,24,7,3
2025-06-20,일반음식점업,95,137,101,94,5,14
2025-06-20,휴게음식점업,1,6,0,4,0,0
2025-06-19,기타,0,0,0,5,0,0
2025-06-19,자동자 세차업,0,0,0,2,0,0
2025-06-19,실내 스크린 골프업,0,0,0,0,0,1
2025-06-19,일반음식점업,101,118,98,103,6,13
2025-06-19,소매업,9,38,14,56,0,12
2025-06-19,커피전문점,12,4,9,4,0,1
2025-06-19,이ㆍ미용업,7,5,26,37,0,2
2025-06-19,세탁업,3,4,5,13,0,0
2025-06-19,식품판매업,22,15,32,63,10,4
2025-06-19,슈퍼마켓,24,3,2,26,6,3
2025-06-19,기타미용업,2,0,0,4,0,0
2025-06-19,자동차 전문수리업,0,2,1,3,0,0
2025-06-19,휴게음식점업,2,9,0,8,0,0
2025-06-19,숙박업,22,27,26,4,0,0
2025-06-19,당구장 운영업,0,1,0,0,0,0
2025-06-18,당구장 운영업,1,0,0,0,0,0
2025-06-18,자동자 세차업,0,0,2,3,0,0
2025-06-18,일반음식점업,98,130,68,111,11,48
2025-06-18,슈퍼마켓,15,2,9,32,6,3
2025-06-18,소매업,9,29,7,67,13,24
2025-06-18,일반주점업,0,0,0,3,0,0
2025-06-18,커피전문점,5,3,6,10,0,3
2025-06-18,이ㆍ미용업,7,9,2,37,3,10
2025-06-18,기타미용업,2,0,2,2,0,0
2025-06-18,숙박업,36,34,23,2,0,0
2025-06-18,자동차 전문수리업,0,0,0,0,0,2
2025-06-18,세탁업,2,4,0,11,1,8
2025-06-18,휴게음식점업,3,13,0,6,0,14
2025-06-18,기타,0,0,0,4,0,0
2025-06-18,실내 스크린 골프업,0,0,6,0,0,2
2025-06-18,식품판매업,23,12,17,38,9,6
2025-06-17,이ㆍ미용업,7,13,2,36,6,9
2025-06-17,자동차 전문수리업,0,4,0,5,0,2
2025-06-17,휴게음식점업,1,5,0,8,0,4
2025-06-17,일반음식점업,97,114,57,94,20,28
2025-06-17,숙박업,33,32,33,7,0,0
2025-06-17,소매업,6,34,11,84,11,18
2025-06-17,주유소·LPG충전소,0,0,0,0,0,2
2025-06-17,커피전문점,4,7,3,2,0,4
2025-06-17,실내 스크린 골프업,0,0,0,0,0,1
2025-06-17,일반주점업,0,0,0,1,0,0
2025-06-17,식품판매업,16,15,22,74,16,6
2025-06-17,당구장 운영업,4,1,0,0,0,0
2025-06-17,기타미용업,2,2,0,1,0,0
2025-06-17,슈퍼마켓,15,2,15,33,11,2
2025-06-17,세탁업,1,6,0,15,2,6
2025-06-17,자동자 세차업,0,0,0,2,0,0
2025-06-16,주유소·LPG충전소,0,0,0,0,0,2
2025-06-16,식품판매업,27,22,12,71,8,7
2025-06-16,휴게음식점업,1,4,0,6,1,6
2025-06-16,소매업,16,26,9,47,11,24
2025-06-16,커피전문점,10,10,6,4,0,3
2025-06-16,세탁업,0,4,3,21,2,6
2025-06-16,이ㆍ미용업,2,5,6,31,7,15
2025-06-16,당구장 운영업,0,1,0,0,0,0
2025-06-16,일반음식점업,121,121,39,98,19,54
2025-06-16,일반주점업,0,0,0,1,0,0
2025-06-16,기타미용업,0,0,0,3,0,0
2025-06-16,실내 스크린 골프업,0,0,2,0,0,2
2025-06-16,숙박업,33,43,28,3,0,0
2025-06-16,자동차 전문수리업,0,1,0,1,0,3
2025-06-16,자동자 세차업,0,0,0,2,0,0
2025-06-16,슈퍼마켓,25,3,7,39,10,8
2025-06-15,커피전문점,15,10,9,11,0,0
2025-06-15,일반음식점업,126,165,111,118,10,16
2025-06-15,슈퍼마켓,19,11,7,61,10,4
2025-06-15,이ㆍ미용업,1,2,10,11,0,6
2025-06-15,실내 스크린 골프업,0,1,0,0,0,3
2025-06-15,세탁업,0,0,0,2,0,0
2025-06-15,일반주점업,0,0,0,2,0,0
2025-06-15,식품판매업,36,22,12,41,20,5
2025-06-15,목욕장업,0,0,0,6,0,0
2025-06-15,당구장 운영업,3,0,0,0,0,0
2025-06-15,기타미용업,0,0,0,2,0,2
2025-06-15,기타,0,0,0,4,0,0
2025-06-15,소매업,15,29,14,59,3,9
2025-06-15,휴게음식점업,3,3,0,6,0,0
2025-06-15,자동자 세차업,0,0,0,1,0,0
2025-06-15,숙박업,32,29,40,2,0,0
2025-06-15,자동차 전문수리업,0,0,0,2,0,0
2025-06-14,이ㆍ미용업,4,10,18,27,0,6
2025-06-14,기타,0,0,0,2,0,0
2025-06-14,슈퍼마켓,33,4,14,51,12,2
2025-06-14,당구장 운영업,5,0,0,0,0,0
2025-06-14,휴게음식점업,6,13,0,7,0,0
2025-06-14,커피전문점,12,18,6,7,0,0
2025-06-14,일반주점업,0,0,0,6,0,0
2025-06-14,자동자 세차업,0,0,0,2,0,0
2025-06-14,자동차 전문수리업,0,0,0,2,0,0
2025-06-14,주유소·LPG충전소,0,0,0,2,0,0
2025-06-14,기타미용업,2,2,0,5,0,2
2025-06-14,목욕장업,0,0,0,2,0,0
2025-06-14,일반음식점업,149,262,109,128,11,14
2025-06-14,식품판매업,27,41,25,76,17,0
2025-06-14,소매업,9,32,13,85,9,7
2025-06-14,실내 스크린 골프업,0,2,0,0,0,2
2025-06-14,숙박업,55,50,46,3,0,0
2025-06-14,세탁업,2,6,1,9,0,0
2025-06-13,숙박업,33,58,31,1,0,0
2025-06-13,식품판매업,28,33,30,61,19,1
2025-06-13,자동자 세차업,0,0,0,2,0,0
2025-06-13,휴게음식점업,6,14,1,4,1,0
2025-06-13,이ㆍ미용업,5,11,35,37,0,4
2025-06-13,목욕장업,0,1,0,2,0,0
2025-06-13,커피전문점,7,7,6,8,0,0
2025-06-13,일반주점업,0,0,0,1,0,0
2025-06-13,일반음식점업,134,179,66,123,3,11
2025-06-13,기타미용업,2,2,0,2,0,1
2025-06-13,기타,0,0,0,6,0,0
2025-06-13,소매업,13,26,20,72,4,10
2025-06-13,자동차 전문수리업,0,0,2,5,0,0
2025-06-13,주유소·LPG충전소,0,0,0,1,0,2
2025-06-13,슈퍼마켓,28,9,8,43,8,3
2025-06-13,세탁업,1,4,4,10,0,0
2025-06-13,실내 스크린 골프업,0,1,0,0,0,1
2025-06-12,숙박업,23,54,24,2,0,0
2025-06-12,일반음식점업,101,189,46,117,22,58
2025-06-12,세탁업,1,0,2,15,2,10
2025-06-12,목욕장업,0,7,0,2,0,0
2025-06-12,식품판매업,34,50,19,54,21,6
2025-06-12,휴게음식점업,4,23,0,10,2,16
2025-06-12,주유소·LPG충전소,0,0,0,1,0,0
2025-06-12,자동차 전문수리업,0,0,2,2,0,2
2025-06-12,슈퍼마켓,19,10,10,48,12,12
2025-06-12,기타미용업,0,2,1,2,0,0
2025-06-12,실내 스크린 골프업,0,0,2,0,0,2
2025-06-12,커피전문점,12,5,10,7,0,4
2025-06-12,이ㆍ미용업,6,12,4,35,8,14
2025-06-12,자동자 세차업,0,0,1,2,0,0
2025-06-12,소매업,15,27,15,75,10,14
2025-06-11,자동자 세차업,0,0,4,2,0,0
2025-06-11,기타미용업,1,2,2,3,0,0
2025-06-11,자동차 전문수리업,1,0,0,4,0,0
2025-06-11,기타,0,0,0,1,0,0
2025-06-11,식품판매업,34,31,19,69,11,3
2025-06-11,세탁업,2,1,2,16,2,0
2025-06-11,주유소·LPG충전소,0,0,0,5,0,1
2025-06-11,당구장 운영업,3,1,0,0,0,0
2025-06-11,일반주점업,0,0,0,1,0,0
2025-06-11,목욕장업,0,14,0,2,0,0
2025-06-11,커피전문점,10,3,4,9,0,0
2025-06-11,이ㆍ미용업,6,12,3,35,8,5
2025-06-11,일반음식점업,113,185,51,177,21,8
2025-06-11,숙박업,41,57,37,5,0,0
2025-06-11,슈퍼마켓,25,13,10,52,13,1
2025-06-11,소매업,18,20,11,86,13,10
2025-06-11,휴게음식점업,3,31,2,6,0,1
2025-06-10,숙박업,40,58,25,0,0,0
2025-06-10,휴게음식점업,4,9,0,12,0,1
2025-06-10,주유소·LPG충전소,0,0,0,6,0,1
2025-06-10,목욕장업,0,14,0,2,0,0
2025-06-10,자동차 전문수리업,0,3,0,0,0,0
2025-06-10,일반주점업,0,0,0,1,0,0
2025-06-10,실내 스크린 골프업,0,1,1,0,0,2
2025-06-10,이ㆍ미용업,11,13,6,50,8,4
2025-06-10,기타미용업,4,2,2,4,0,2
2025-06-10,식품판매업,25,45,8,82,13,1
2025-06-10,소매업,8,48,14,120,11,4
2025-06-10,커피전문점,4,15,1,7,0,0
2025-06-10,당구장 운영업,3,1,0,0,0,0
2025-06-10,기타,0,0,0,2,0,0
2025-06-10,자동자 세차업,0,0,7,0,0,0
2025-06-10,일반음식점업,112,199,52,114,20,16
2025-06-10,슈퍼마켓,43,13,14,60,11,3
2025-06-10,세탁업,3,4,0,14,2,0
2025-06-09,일반주점업,0,0,0,1,0,0
2025-06-09,숙박업,63,53,29,0,0,0
2025-06-09,이ㆍ미용업,9,12,6,37,0,13
2025-06-09,소매업,17,27,6,98,10,22
2025-06-09,슈퍼마켓,51,12,14,56,9,7
2025-06-09,일반음식점업,117,204,56,125,7,56
2025-06-09,자동차 전문수리업,1,2,1,1,0,4
2025-06-09,세탁업,2,6,3,17,0,6
2025-06-09,기타,0,0,0,1,0,0
2025-06-09,당구장 운영업,3,2,0,0,0,0
2025-06-09,휴게음식점업,2,29,2,6,0,9
2025-06-09,커피전문점,11,8,4,13,0,0
2025-06-09,식품판매업,40,62,12,69,21,6
2025-06-09,주유소·LPG충전소,0,0,0,4,0,1
2025-06-09,기타미용업,0,2,0,3,0,2
2025-06-09,실내 스크린 골프업,0,3,2,0,0,0
2025-06-09,목욕장업,0,14,0,2,0,0
2025-06-08,일반음식점업,180,291,139,91,9,17
2025-06-08,휴게음식점업,5,29,0,5,0,0
2025-06-08,실내 스크린 골프업,0,1,0,0,0,1
2025-06-08,커피전문점,23,18,4,10,0,2
2025-06-08,기타미용업,1,0,0,3,0,0
2025-06-08,일반주점업,0,0,0,1,0,0
2025-06-08,기타,0,0,0,6,0,0
2025-06-08,이ㆍ미용업,3,1,14,24,0,2
2025-06-08,식품판매업,42,106,43,62,20,6
2025-06-08,세탁업,1,0,5,2,0,0
2025-06-08,당구장 운영업,4,3,0,0,0,0
2025-06-08,자동자 세차업,0,0,0,1,0,0
2025-06-08,목욕장업,0,0,0,6,0,0
2025-06-08,주유소·LPG충전소,0,0,0,6,0,4
2025-06-08,소매업,16,42,16,71,13,12
2025-06-08,슈퍼마켓,75,15,32,91,13,2
2025-06-08,숙박업,54,59,40,5,0,0
2025-06-07,당구장 운영업,6,0,0,0,0,0
2025-06-07,이ㆍ미용업,14,7,10,37,0,6
2025-06-07,식품판매업,36,121,21,83,29,6
2025-06-07,소매업,8,57,21,82,16,18
2025-06-07,휴게음식점업,5,22,0,11,0,0
2025-06-07,슈퍼마켓,81,24,29,73,15,5
2025-06-07,실내 스크린 골프업,0,0,0,0,0,2
2025-06-07,세탁업,1,3,0,5,0,0
2025-06-07,목욕장업,0,0,0,2,0,0
2025-06-07,커피전문점,18,34,4,15,0,1
2025-06-07,자동차 전문수리업,0,0,0,2,0,0
2025-06-07,주유소·LPG충전소,0,0,0,16,0,6
2025-06-07,숙박업,47,116,38,7,0,0
2025-06-07,기타,0,0,0,9,0,0
2025-06-07,일반주점업,0,0,0,3,0,0
2025-06-07,기타미용업,1,2,0,4,0,0
2025-06-07,일반음식점업,196,414,110,139,13,29
2025-06-07,자동자 세차업,0,0,1,2,0,0
2025-06-06,세탁업,3,2,8,4,2,0
2025-06-06,숙박업,56,118,41,2,0,0
2025-06-06,식품판매업,69,131,29,76,31,4
2025-06-06,소매업,16,36,20,82,11,10
2025-06-06,목욕장업,0,4,0,2,0,0
2025-06-06,일반주점업,0,0,0,2,0,0
2025-06-06,실내 스크린 골프업,0,2,1,0,0,1
2025-06-06,기타미용업,2,2,0,4,0,0
2025-06-06,슈퍼마켓,124,45,35,84,16,4
2025-06-06,기타,0,0,0,2,0,0
2025-06-06,당구장 운영업,1,1,0,0,0,0
2025-06-06,주유소·LPG충전소,0,0,0,26,0,4
2025-06-06,일반음식점업,204,472,106,101,21,15
2025-06-06,커피전문점,9,24,13,8,0,2
2025-06-06,휴게음식점업,9,23,0,10,2,0
2025-06-06,자동차 전문수리업,1,2,0,2,0,0
2025-06-06,이ㆍ미용업,5,13,30,27,8,4
2025-06-06,자동자 세차업,0,0,1,6,0,0
2025-06-05,실내 스크린 골프업,0,0,1,0,0,2
2025-06-05,세탁업,1,2,4,15,0,0
2025-06-05,숙박업,36,141,20,6,0,0
2025-06-05,주유소·LPG충전소,0,0,5,16,0,5
2025-06-05,이ㆍ미용업,6,11,10,51,0,3
2025-06-05,기타,0,0,0,2,0,0
2025-06-05,커피전문점,7,10,4,18,0,2
2025-06-05,일반음식점업,165,427,66,201,5,19
2025-06-05,소매업,12,46,6,100,7,12
2025-06-05,자동차 전문수리업,2,0,0,2,0,0
2025-06-05,자동자 세차업,0,0,1,6,0,0
2025-06-05,목욕장업,0,22,0,4,0,0
2025-06-05,기타미용업,2,0,2,2,0,0
2025-06-05,식품판매업,35,107,15,91,24,4
2025-06-05,휴게음식점업,7,20,0,12,0,0
2025-06-05,슈퍼마켓,122,44,55,94,16,1
2025-06-05,당구장 운영업,3,2,0,0,0,0
2025-06-05,일반주점업,0,0,0,1,0,0
2025-06-04,일반주점업,0,0,0,1,0,0
2025-06-04,식품판매업,59,88,45,73,28,7
2025-06-04,세탁업,3,4,7,19,2,0
2025-06-04,휴게음식점업,4,21,0,4,0,0
2025-06-04,목욕장업,0,13,0,2,0,0
2025-06-04,당구장 운영업,5,0,0,0,0,0
2025-06-04,이ㆍ미용업,3,6,13,62,6,6
2025-06-04,일반음식점업,156,377,92,139,21,17
2025-06-04,실내 스크린 골프업,0,0,1,0,0,2
2025-06-04,숙박업,71,132,20,4,0,0
2025-06-04,소매업,15,59,18,90,14,18
2025-06-04,기타,0,0,0,2,0,0
2025-06-04,기타미용업,5,2,0,5,0,0
2025-06-04,자동차 전문수리업,3,0,0,0,0,0
2025-06-04,자동자 세차업,0,0,2,2,0,0
2025-06-04,주유소·LPG충전소,0,0,8,17,0,7
2025-06-04,커피전문점,8,5,8,10,0,1
2025-06-04,슈퍼마켓,92,40,63,51,16,5
2025-06-03,소매업,12,91,27,92,19,43
2025-06-03,일반주점업,0,0,0,3,0,0
2025-06-03,자동자 세차업,0,0,0,6,0,0
2025-06-03,목욕장업,0,24,0,4,0,0
2025-06-03,일반음식점업,164,505,89,136,30,77
2025-06-03,기타미용업,0,1,2,4,0,0
2025-06-03,숙박업,58,134,21,2,0,0
2025-06-03,커피전문점,10,35,2,6,0,6
2025-06-03,주유소·LPG충전소,0,0,8,28,0,9
2025-06-03,당구장 운영업,3,1,0,0,0,0
2025-06-03,이ㆍ미용업,7,11,7,38,12,12
2025-06-03,식품판매업,42,148,29,96,32,14
2025-06-03,실내 스크린 골프업,0,0,0,0,0,3
2025-06-03,슈퍼마켓,140,72,59,114,28,7
2025-06-03,휴게음식점업,7,14,0,14,0,16
2025-06-03,세탁업,0,5,4,16,4,8
2025-06-03,자동차 전문수리업,2,0,2,1,0,0
2025-06-03,기타,0,0,0,2,0,0
2025-06-02,휴게음식점업,1,18,0,10,2,0
2025-06-02,주유소·LPG충전소,0,38,13,25,3,6
2025-06-02,당구장 운영업,4,1,0,0,0,0
2025-06-02,이ㆍ미용업,10,18,12,63,0,7
2025-06-02,커피전문점,20,24,11,18,0,2
2025-06-02,목욕장업,0,28,0,5,0,0
2025-06-02,기타,0,0,0,7,0,0
2025-06-02,슈퍼마켓,162,269,107,104,20,3
2025-06-02,세탁업,4,2,3,21,0,0
2025-06-02,식품판매업,49,205,23,96,28,10
2025-06-02,소매업,14,78,12,112,5,26
2025-06-02,일반주점업,0,0,0,1,0,0
2025-06-02,실내 스크린 골프업,0,0,2,0,0,0
2025-06-02,기타미용업,3,1,0,5,0,0
2025-06-02,일반음식점업,201,585,107,225,4,30
2025-06-02,자동자 세차업,0,0,0,6,0,0
2025-06-02,숙박업,72,188,26,9,0,0
2025-06-02,자동차 전문수리업,13,8,0,1,1,0
2025-06-01,이ㆍ미용업,0,2,6,16,0,23
2025-06-01,소매업,14,97,17,98,1,23
2025-06-01,당구장 운영업,2,1,0,0,0,0
2025-06-01,주유소·LPG충전소,55,0,52,50,67,5
2025-06-01,휴게음식점업,4,25,0,9,0,10
2025-06-01,슈퍼마켓,160,515,154,128,62,13
2025-06-01,자동차 전문수리업,0,0,0,6,0,4
2025-06-01,숙박업,98,221,37,2,0,0
2025-06-01,커피전문점,25,35,7,6,0,2
2025-06-01,일반음식점업,226,689,123,89,8,90
2025-06-01,기타미용업,0,0,0,4,0,3
2025-06-01,목욕장업,0,8,1,0,0,0
2025-06-01,세탁업,0,1,0,3,0,0
2025-06-01,실내 스크린 골프업,0,0,0,0,0,3
2025-06-01,식품판매업,64,337,20,91,20,2
2025-06-01,일반주점업,0,0,0,2,0,0
2025-05-31,일반음식점업,58,51,88,76,7,21
2025-05-31,숙박업,23,15,20,1,0,0
2025-05-31,목욕장업,0,0,0,4,0,0
2025-05-31,커피전문점,7,6,0,3,0,2
2025-05-31,자동자 세차업,0,0,3,0,0,0
2025-05-31,기타미용업,0,0,0,3,0,0
2025-05-31,자동차 전문수리업,0,0,0,7,0,0
2025-05-31,슈퍼마켓,5,1,7,20,0,3
2025-05-31,휴게음식점업,1,2,3,0,2,0
2025-05-31,이ㆍ미용업,2,7,4,22,0,5
2025-05-31,당구장 운영업,2,0,0,0,0,0
2025-05-31,주유소·LPG충전소,0,0,0,0,0,1
2025-05-31,세탁업,0,3,6,7,0,0
2025-05-31,소매업,9,14,22,35,1,8
2025-05-31,식품판매업,13,11,8,46,12,0
2025-05-30,자동자 세차업,0,0,2,0,0,0
2025-05-30,슈퍼마켓,2,1,4,32,1,0
2025-05-30,이ㆍ미용업,2,2,27,24,0,2
2025-05-30,숙박업,13,11,17,0,0,0
2025-05-30,커피전문점,7,6,0,11,0,0
2025-05-30,소매업,5,8,15,47,0,14
2025-05-30,기타미용업,0,0,0,2,0,0
2025-05-30,식품판매업,9,10,3,39,6,4
2025-05-30,세탁업,4,0,3,10,0,0
2025-05-30,당구장 운영업,2,0,0,0,0,0
2025-05-30,자동차 전문수리업,0,0,0,3,0,0
2025-05-30,실내 스크린 골프업,0,1,0,0,0,0
2025-05-30,일반음식점업,53,54,75,86,3,16
2025-05-30,휴게음식점업,2,6,0,0,0,0
2025-05-29,자동자 세차업,0,0,2,0,0,0
2025-05-29,실내 스크린 골프업,0,1,2,0,0,2
2025-05-29,휴게음식점업,6,8,2,4,3,0
2025-05-29,커피전문점,2,4,9,5,0,0
2025-05-29,슈퍼마켓,1,0,15,32,1,5
2025-05-29,일반음식점업,45,49,107,82,8,22
2025-05-29,이ㆍ미용업,5,4,8,28,2,3
2025-05-29,자동차 전문수리업,0,0,0,3,0,0
2025-05-29,식품판매업,9,4,13,41,12,1
2025-05-29,주유소·LPG충전소,0,0,0,0,0,1
2025-05-29,당구장 운영업,1,0,0,0,0,0
2025-05-29,기타미용업,0,0,0,2,0,1
2025-05-29,소매업,5,6,5,55,4,8
2025-05-29,숙박업,23,5,5,4,0,0
2025-05-29,세탁업,4,2,4,8,1,0
2025-05-28,자동자 세차업,0,0,2,0,0,0
2025-05-28,이ㆍ미용업,1,8,1,25,0,8
2025-05-28,식품판매업,10,14,5,38,5,3
2025-05-28,당구장 운영업,4,0,0,0,0,0
2025-05-28,숙박업,25,12,9,7,0,0
2025-05-28,커피전문점,10,1,0,3,0,0
2025-05-28,실내 스크린 골프업,0,1,0,0,0,0
2025-05-28,슈퍼마켓,1,0,10,32,0,3
2025-05-28,휴게음식점업,1,9,0,2,0,2
2025-05-28,세탁업,0,0,4,12,0,0
2025-05-28,기타미용업,3,0,0,0,0,1
2025-05-28,소매업,9,12,9,64,2,14
2025-05-28,자동차 전문수리업,0,0,0,3,0,0
2025-05-28,일반음식점업,46,63,37,111,3,20
2025-05-27,휴게음식점업,2,6,3,3,0,16
2025-05-27,소매업,2,13,10,53,11,20
2025-05-27,기타,0,0,0,4,0,0
2025-05-27,커피전문점,4,3,0,8,0,4
2025-05-27,슈퍼마켓,0,5,10,23,7,9
2025-05-27,실내 스크린 골프업,0,1,3,0,0,1
2025-05-27,자동차 전문수리업,0,0,0,5,0,2
2025-05-27,일반음식점업,49,75,52,61,16,48
2025-05-27,세탁업,0,2,4,6,2,8
2025-05-27,자동자 세차업,0,0,3,0,0,0
2025-05-27,식품판매업,6,11,5,55,11,5
2025-05-27,일반주점업,0,0,0,1,0,0
2025-05-27,이ㆍ미용업,8,6,1,27,9,11
2025-05-27,기타미용업,4,0,0,4,0,1
2025-05-27,당구장 운영업,3,0,0,0,0,0
2025-05-27,숙박업,17,7,13,3,0,0
2025-05-26,주유소·LPG충전소,0,0,0,0,0,2
2025-05-26,당구장 운영업,1,1,0,0,0,0
2025-05-26,이ㆍ미용업,8,5,15,49,0,4
2025-05-26,휴게음식점업,2,10,0,2,0,0
2025-05-26,기타미용업,2,0,2,0,0,1
2025-05-26,실내 스크린 골프업,0,0,1,0,0,2
2025-05-26,소매업,16,15,5,57,0,5
2025-05-26,세탁업,0,4,6,10,0,0
2025-05-26,숙박업,16,15,13,2,0,0
2025-05-26,커피전문점,9,3,0,4,0,0
2025-05-26,자동차 전문수리업,0,1,1,2,0,0
2025-05-26,식품판매업,17,15,26,68,8,4
2025-05-26,일반음식점업,58,64,87,88,5,11
2025-05-26,슈퍼마켓,3,8,17,17,2,6
2025-05-26,일반주점업,0,0,0,1,0,0
2025-05-25,커피전문점,7,10,0,6,0,1
2025-05-25,실내 스크린 골프업,0,1,2,0,0,3
2025-05-25,숙박업,30,18,20,6,0,0
2025-05-25,일반음식점업,57,71,109,90,6,17
2025-05-25,세탁업,0,1,4,3,0,0
2025-05-25,기타미용업,2,0,2,6,0,0
2025-05-25,당구장 운영업,1,0,0,0,0,0
2025-05-25,소매업,14,11,36,29,4,12
2025-05-25,목욕장업,0,0,0,4,0,0
2025-05-25,슈퍼마켓,4,2,13,21,1,2
2025-05-25,주유소·LPG충전소,0,0,0,0,0,2
2025-05-25,식품판매업,24,7,13,61,19,8
2025-05-25,이ㆍ미용업,0,0,14,38,0,3
2025-05-25,휴게음식점업,3,4,0,8,0,0
2025-05-24,세탁업,0,2,2,10,0,0
2025-05-24,실내 스크린 골프업,0,2,3,0,0,0
2025-05-24,숙박업,19,18,29,3,0,0
2025-05-24,기타미용업,3,0,1,6,0,0
2025-05-24,일반음식점업,72,91,110,101,6,11
2025-05-24,이ㆍ미용업,5,6,24,42,0,5
2025-05-24,커피전문점,9,5,0,6,0,1
2025-05-24,슈퍼마켓,11,1,20,32,5,1
2025-05-24,자동차 전문수리업,0,0,1,1,0,0
2025-05-24,목욕장업,0,0,0,2,0,0
2025-05-24,소매업,10,10,28,49,0,3
2025-05-24,당구장 운영업,1,2,0,0,0,0
2025-05-24,식품판매업,12,21,19,40,14,4
2025-05-24,휴게음식점업,4,8,0,6,0,0
2025-05-23,커피전문점,7,12,5,2,0,2
2025-05-23,세탁업,3,2,1,4,0,8
2025-05-23,슈퍼마켓,2,2,7,39,8,4
2025-05-23,일반주점업,0,0,0,2,0,0
2025-05-23,일반음식점업,68,95,46,84,8,54
2025-05-23,실내 스크린 골프업,0,2,1,0,0,0
2025-05-23,숙박업,40,15,13,0,0,0
2025-05-23,휴게음식점업,3,5,0,1,0,7
2025-05-23,당구장 운영업,3,0,0,0,0,0
2025-05-23,이ㆍ미용업,3,9,0,48,0,14
2025-05-23,기타미용업,1,0,5,4,0,0
2025-05-23,자동자 세차업,0,0,0,4,0,0
2025-05-23,소매업,11,8,4,59,2,22
2025-05-23,자동차 전문수리업,0,0,0,2,0,4
2025-05-23,목욕장업,0,0,0,2,0,0
2025-05-23,식품판매업,22,12,9,49,13,3
2025-05-22,식품판매업,16,17,8,36,13,6
2025-05-22,슈퍼마켓,7,3,8,33,6,3
2025-05-22,소매업,14,26,9,55,12,22
2025-05-22,자동차 전문수리업,0,2,0,0,0,0
2025-05-22,자동자 세차업,0,0,2,2,0,0
2025-05-22,일반주점업,0,0,0,2,0,0
2025-05-22,목욕장업,0,0,0,4,0,0
2025-05-22,세탁업,0,2,0,3,2,12
2025-05-22,커피전문점,12,5,6,8,0,4
2025-05-22,기타미용업,1,0,0,6,0,0
2025-05-22,휴게음식점업,4,10,0,10,0,19
2025-05-22,이ㆍ미용업,2,6,1,35,8,7
2025-05-22,당구장 운영업,0,1,0,0,0,0
2025-05-22,숙박업,36,16,23,4,0,0
2025-05-22,일반음식점업,57,100,68,76,21,48
2025-05-21,자동차 전문수리업,0,1,0,1,0,0
2025-05-21,휴게음식점업,3,12,0,1,1,0
2025-05-21,기타미용업,2,2,1,4,0,0
2025-05-21,식품판매업,16,22,31,43,6,4
2025-05-21,슈퍼마켓,6,7,12,36,4,1
2025-05-21,당구장 운영업,1,0,0,0,0,0
2025-05-21,커피전문점,6,3,9,8,0,1
2025-05-21,숙박업,42,23,22,2,0,0
2025-05-21,실내 스크린 골프업,0,0,2,0,0,2
2025-05-21,일반주점업,0,0,0,2,0,0
2025-05-21,이ㆍ미용업,3,9,6,32,0,2
2025-05-21,기타,0,0,0,2,0,0
2025-05-21,자동자 세차업,0,0,0,6,0,0
2025-05-21,소매업,15,37,6,64,1,9
2025-05-21,일반음식점업,69,87,100,100,5,19
2025-05-21,세탁업,4,3,4,14,0,0
2025-05-20,이ㆍ미용업,3,12,18,17,8,2
2025-05-20,자동자 세차업,0,0,0,3,0,0
2025-05-20,기타미용업,1,2,1,4,0,0
2025-05-20,슈퍼마켓,9,4,9,17,5,1
2025-05-20,목욕장업,0,0,0,2,0,0
2025-05-20,실내 스크린 골프업,1,2,4,0,0,0
2025-05-20,당구장 운영업,0,1,0,0,0,0
2025-05-20,커피전문점,5,6,10,11,0,0
2025-05-20,기타,0,0,0,6,0,0
2025-05-20,주유소·LPG충전소,0,0,0,0,0,2
2025-05-20,숙박업,28,21,15,3,0,0
2025-05-20,일반음식점업,92,123,102,54,18,10
2025-05-20,휴게음식점업,2,4,1,3,0,0
2025-05-20,세탁업,4,4,0,4,2,0
2025-05-20,소매업,10,39,15,58,10,8
2025-05-20,식품판매업,22,19,34,22,7,4
2025-05-19,소매업,9,22,15,65,2,9
2025-05-19,실내 스크린 골프업,0,0,1,0,0,1
2025-05-19,커피전문점,6,2,8,4,0,1
2025-05-19,식품판매업,20,18,34,45,11,4
2025-05-19,일반주점업,0,0,0,3,0,0
2025-05-19,이ㆍ미용업,5,9,15,31,0,2
2025-05-19,일반음식점업,75,101,94,95,2,14
2025-05-19,숙박업,32,15,26,6,0,0
2025-05-19,세탁업,4,2,7,2,0,0
2025-05-19,자동자 세차업,0,0,0,2,0,0
2025-05-19,자동차 전문수리업,0,0,0,2,0,0
2025-05-19,슈퍼마켓,9,4,7,23,6,1
2025-05-19,휴게음식점업,4,4,0,5,1,0
2025-05-19,기타,0,0,0,2,0,0
2025-05-19,기타미용업,3,0,1,2,0,0
2025-05-19,목욕장업,0,0,0,4,0,0
2025-05-18,기타,0,0,0,3,0,0
2025-05-18,당구장 운영업,1,2,0,0,0,0
2025-05-18,이ㆍ미용업,3,5,4,11,0,15
2025-05-18,소매업,8,38,11,44,1,17
2025-05-18,실내 스크린 골프업,1,1,0,0,0,1
2025-05-18,세탁업,0,0,1,2,0,0
2025-05-18,기타미용업,0,2,0,3,0,1
2025-05-18,슈퍼마켓,11,9,14,53,9,8
2025-05-18,주유소·LPG충전소,0,0,0,0,0,2
2025-05-18,자동차 전문수리업,0,0,0,2,0,2
2025-05-18,커피전문점,10,15,6,5,0,3
2025-05-18,휴게음식점업,9,8,1,2,1,10
2025-05-18,숙박업,46,30,22,3,0,0
2025-05-18,일반음식점업,84,141,71,72,3,64
2025-05-18,식품판매업,19,32,16,41,21,6
2025-05-18,자동자 세차업,0,0,2,0,0,0
2025-05-17,기타,0,0,0,1,0,0
2025-05-17,식품판매업,37,32,19,64,31,6
2025-05-17,커피전문점,12,11,3,2,0,3
2025-05-17,소매업,16,40,4,102,4,8
2025-05-17,숙박업,39,33,22,4,0,0
2025-05-17,일반주점업,0,0,0,1,0,0
2025-05-17,이ㆍ미용업,7,3,7,37,0,8
2025-05-17,세탁업,2,5,7,16,0,0
2025-05-17,휴게음식점업,4,13,0,9,0,0
2025-05-17,슈퍼마켓,19,7,19,36,9,5
2025-05-17,자동자 세차업,0,0,2,0,0,0
2025-05-17,기타미용업,2,0,3,4,0,1
2025-05-17,일반음식점업,105,158,60,129,3,19
2025-05-17,실내 스크린 골프업,1,0,0,0,0,1
2025-05-17,자동차 전문수리업,0,0,1,1,0,0
2025-05-16,기타,0,0,0,2,0,0
2025-05-16,일반음식점업,79,132,74,137,6,14
2025-05-16,자동차 전문수리업,0,0,1,2,0,2
2025-05-16,슈퍼마켓,16,5,21,40,7,8
2025-05-16,이ㆍ미용업,7,5,23,31,0,5
2025-05-16,기타미용업,2,2,0,2,0,1
2025-05-16,당구장 운영업,5,1,0,0,0,0
2025-05-16,소매업,9,35,23,64,8,5
2025-05-16,커피전문점,6,4,7,11,0,0
2025-05-16,식품판매업,29,25,24,64,10,5
2025-05-16,일반주점업,0,0,0,3,0,0
2025-05-16,자동자 세차업,0,0,5,0,0,0
2025-05-16,주유소·LPG충전소,0,0,0,0,0,1
2025-05-16,휴게음식점업,6,11,0,11,0,0
2025-05-16,숙박업,52,39,25,6,0,0
2025-05-16,실내 스크린 골프업,1,0,0,0,0,2
2025-05-16,세탁업,4,4,6,10,0,0
2025-05-15,커피전문점,7,6,11,9,0,0
2025-05-15,기타미용업,0,2,2,5,0,2
2025-05-15,세탁업,3,1,7,9,2,0
2025-05-15,일반음식점업,93,127,95,106,19,22
2025-05-15,기타,0,0,0,6,0,0
2025-05-15,당구장 운영업,2,0,0,0,0,0
2025-05-15,이ㆍ미용업,3,7,9,22,8,8
2025-05-15,실내 스크린 골프업,0,0,1,0,0,1
2025-05-15,소매업,11,35,16,70,7,13
2025-05-15,휴게음식점업,3,20,0,7,0,0
2025-05-15,식품판매업,22,35,41,50,7,6
2025-05-15,숙박업,39,55,28,4,0,0
2025-05-15,자동차 전문수리업,0,1,1,2,0,0
2025-05-15,슈퍼마켓,14,8,16,36,4,4
2025-05-14,목욕장업,0,4,0,2,0,0
2025-05-14,주유소·LPG충전소,0,0,0,0,0,2
2025-05-14,휴게음식점업,0,10,0,3,0,0
2025-05-14,숙박업,34,62,31,2,0,0
2025-05-14,세탁업,2,3,4,16,2,1
2025-05-14,일반주점업,0,0,0,1,0,0
2025-05-14,자동차 전문수리업,0,0,1,2,0,0
2025-05-14,실내 스크린 골프업,1,0,0,0,0,2
2025-05-14,기타미용업,1,0,0,6,0,2
2025-05-14,당구장 운영업,0,1,0,0,0,0
2025-05-14,커피전문점,9,3,8,4,0,2
2025-05-14,일반음식점업,86,143,118,103,23,19
2025-05-14,소매업,16,26,16,80,13,8
2025-05-14,식품판매업,26,48,20,54,5,4
2025-05-14,기타,0,0,0,2,0,0
2025-05-14,슈퍼마켓,26,8,15,55,16,4
2025-05-14,자동자 세차업,0,0,4,0,0,0
2025-05-14,이ㆍ미용업,7,5,22,32,8,8
2025-05-13,식품판매업,46,39,32,42,16,6
2025-05-13,기타,0,0,0,2,0,0
2025-05-13,일반주점업,0,0,0,1,0,0
2025-05-13,주유소·LPG충전소,0,0,0,0,0,2
2025-05-13,목욕장업,0,7,0,2,0,0
2025-05-13,실내 스크린 골프업,0,2,0,0,0,1
2025-05-13,슈퍼마켓,33,9,13,45,14,8
2025-05-13,커피전문점,5,3,2,9,0,2
2025-05-13,소매업,15,31,19,79,11,11
2025-05-13,휴게음식점업,3,15,1,3,0,0
2025-05-13,일반음식점업,96,174,85,82,21,22
2025-05-13,자동차 전문수리업,0,0,0,0,1,0
2025-05-13,숙박업,52,67,37,0,0,0
2025-05-13,이ㆍ미용업,7,8,20,14,8,8
2025-05-13,기타미용업,3,2,1,2,0,2
2025-05-13,세탁업,1,2,0,13,2,0
2025-05-12,자동차 전문수리업,0,0,1,3,0,0
2025-05-12,당구장 운영업,4,0,0,0,0,0
2025-05-12,기타미용업,0,0,2,0,0,1
2025-05-12,실내 스크린 골프업,0,2,1,0,0,3
2025-05-12,세탁업,4,3,4,17,0,0
2025-05-12,일반음식점업,87,141,85,144,6,22
2025-05-12,일반주점업,0,0,0,1,0,0
2025-05-12,소매업,15,21,9,99,10,4
2025-05-12,식품판매업,50,48,15,63,13,0
2025-05-12,이ㆍ미용업,11,7,11,46,0,7
2025-05-12,커피전문점,6,4,12,17,0,0
2025-05-12,슈퍼마켓,37,13,17,56,11,4
2025-05-12,목욕장업,0,12,0,2,0,0
2025-05-12,휴게음식점업,6,11,0,5,0,0
2025-05-12,숙박업,48,63,26,6,0,0
2025-05-11,자동자 세차업,0,0,0,6,0,0
2025-05-11,세탁업,0,1,4,4,0,0
2025-05-11,숙박업,47,60,23,0,0,0
2025-05-11,식품판매업,39,43,18,58,9,9
2025-05-11,기타,0,0,0,5,0,0
2025-05-11,일반음식점업,109,228,82,87,2,51
2025-05-11,커피전문점,9,18,10,11,0,4
2025-05-11,휴게음식점업,9,17,0,7,0,8
2025-05-11,슈퍼마켓,44,22,17,68,10,4
2025-05-11,이ㆍ미용업,4,2,16,9,0,7
2025-05-11,실내 스크린 골프업,0,1,0,0,0,1
2025-05-11,일반주점업,0,0,0,1,0,0
2025-05-11,자동차 전문수리업,0,0,2,0,0,2
2025-05-11,당구장 운영업,3,0,0,0,0,0
2025-05-11,기타미용업,1,2,0,0,0,0
2025-05-11,소매업,14,28,18,71,6,26
2025-05-11,목욕장업,0,6,0,2,0,0
2025-05-10,당구장 운영업,2,0,0,0,0,0
2025-05-10,실내 스크린 골프업,0,0,3,0,0,1
2025-05-10,소매업,11,22,4,79,9,29
2025-05-10,자동자 세차업,0,0,1,7,0,0
2025-05-10,주유소·LPG충전소,0,0,0,0,0,2
2025-05-10,기타,0,0,0,2,0,0
2025-05-10,휴게음식점업,4,17,0,2,0,10
2025-05-10,목욕장업,0,7,0,2,0,0
2025-05-10,자동차 전문수리업,0,1,1,0,0,2
2025-05-10,커피전문점,6,9,3,8,0,6
2025-05-10,세탁업,2,3,2,9,0,12
2025-05-10,식품판매업,37,65,22,69,29,6
2025-05-10,슈퍼마켓,57,10,12,60,14,4
2025-05-10,이ㆍ미용업,10,8,5,31,0,9
2025-05-10,숙박업,47,76,26,0,0,0
2025-05-10,일반주점업,0,0,0,1,0,0
2025-05-10,기타미용업,3,0,0,5,0,0
2025-05-10,일반음식점업,150,230,48,121,6,46
2025-05-09,주유소·LPG충전소,0,0,0,0,0,2
2025-05-09,세탁업,1,5,4,18,0,0
2025-05-09,자동자 세차업,0,0,1,2,0,0
2025-05-09,기타미용업,3,3,2,2,0,0
2025-05-09,일반음식점업,155,228,99,135,4,9
2025-05-09,식품판매업,44,69,17,62,16,5
2025-05-09,당구장 운영업,1,1,0,0,0,0
2025-05-09,일반주점업,0,0,0,2,0,0
2025-05-09,슈퍼마켓,54,14,14,55,11,4
2025-05-09,자동차 전문수리업,3,0,1,0,0,0
2025-05-09,목욕장업,0,7,0,2,0,0
2025-05-09,소매업,11,34,11,81,5,10
2025-05-09,실내 스크린 골프업,0,1,0,0,0,0
2025-05-09,이ㆍ미용업,5,7,11,31,0,3
2025-05-09,휴게음식점업,6,10,0,5,0,0
2025-05-09,커피전문점,9,7,9,8,0,0
2025-05-09,숙박업,58,104,37,3,0,0
2025-05-08,슈퍼마켓,49,20,21,71,13,3
2025-05-08,일반주점업,0,0,0,2,0,0
2025-05-08,주유소·LPG충전소,0,0,0,5,0,10
2025-05-08,실내 스크린 골프업,0,0,1,0,0,1
2025-05-08,기타미용업,2,2,1,5,0,0
2025-05-08,자동자 세차업,0,0,0,2,0,0
2025-05-08,목욕장업,0,2,0,3,0,0
2025-05-08,소매업,12,35,20,68,14,10
2025-05-08,식품판매업,32,70,43,81,12,7
2025-05-08,자동차 전문수리업,2,0,0,1,0,0
2025-05-08,휴게음식점업,5,17,0,4,0,0
2025-05-08,당구장 운영업,2,1,0,0,0,0
2025-05-08,일반음식점업,106,264,89,111,22,20
2025-05-08,이ㆍ미용업,5,9,16,35,8,3
2025-05-08,커피전문점,6,13,7,5,0,1
2025-05-08,숙박업,46,73,33,1,0,0
2025-05-08,세탁업,3,1,6,20,2,0
2025-05-07,기타미용업,1,2,0,3,0,0
2025-05-07,세탁업,7,3,0,9,2,0
2025-05-07,이ㆍ미용업,5,8,13,32,8,7
2025-05-07,당구장 운영업,3,3,0,0,0,0
2025-05-07,휴게음식점업,1,22,0,9,0,0
2025-05-07,식품판매업,40,82,19,72,24,4
2025-05-07,슈퍼마켓,70,18,40,74,13,3
2025-05-07,소매업,9,40,12,98,11,14
2025-05-07,숙박업,45,88,28,0,0,0
2025-05-07,일반음식점업,119,235,133,121,24,24
2025-05-07,일반주점업,0,0,0,3,0,0
2025-05-07,자동차 전문수리업,10,0,0,0,0,2
2025-05-07,목욕장업,0,5,0,2,0,0
2025-05-07,커피전문점,5,8,2,18,0,1
2025-05-07,실내 스크린 골프업,0,1,1,0,0,2
2025-05-07,자동자 세차업,0,0,2,2,0,0
2025-05-07,주유소·LPG충전소,0,0,0,15,0,3
2025-05-06,슈퍼마켓,100,46,43,112,21,1
2025-05-06,자동자 세차업,0,0,0,2,0,0
2025-05-06,주유소·LPG충전소,0,0,2,25,0,3
2025-05-06,식품판매업,41,132,12,58,20,4
2025-05-06,세탁업,6,4,6,14,2,0
2025-05-06,목욕장업,0,10,0,2,0,0
2025-05-06,일반음식점업,160,330,100,161,21,12
2025-05-06,실내 스크린 골프업,0,2,1,0,0,1
2025-05-06,일반주점업,0,0,0,1,0,0
2025-05-06,휴게음식점업,6,22,0,5,0,0
2025-05-06,숙박업,46,85,32,6,0,0
2025-05-06,이ㆍ미용업,6,12,12,41,8,2
2025-05-06,커피전문점,18,29,2,5,0,0
2025-05-06,당구장 운영업,2,3,0,0,0,0
2025-05-06,소매업,7,52,30,63,14,11
2025-05-06,자동차 전문수리업,6,0,0,7,0,0
2025-05-06,기타미용업,2,2,2,4,0,0
2025-05-05,목욕장업,0,9,0,2,0,0
2025-05-05,기타미용업,2,2,0,6,0,0
2025-05-05,식품판매업,44,102,25,86,29,9
2025-05-05,휴게음식점업,1,17,1,5,1,15
2025-05-05,세탁업,4,5,0,20,0,12
2025-05-05,주유소·LPG충전소,0,0,6,23,0,3
2025-05-05,실내 스크린 골프업,0,1,1,0,0,1
2025-05-05,일반음식점업,240,474,86,123,13,76
2025-05-05,일반주점업,0,0,0,3,0,0
2025-05-05,자동차 전문수리업,0,0,2,2,0,2
2025-05-05,커피전문점,12,20,5,7,0,10
2025-05-05,소매업,8,51,17,81,5,28
2025-05-05,자동자 세차업,0,0,3,2,0,0
2025-05-05,이ㆍ미용업,5,6,1,30,0,15
2025-05-05,당구장 운영업,0,5,0,0,0,0
2025-05-05,숙박업,47,84,38,0,0,0
2025-05-05,슈퍼마켓,139,55,60,78,12,7
2025-05-04,식품판매업,52,174,26,60,27,5
2025-05-04,실내 스크린 골프업,0,0,0,0,0,2
2025-05-04,이ㆍ미용업,3,0,2,22,0,13
2025-05-04,일반주점업,0,0,0,3,0,0
2025-05-04,소매업,19,51,13,102,8,19
2025-05-04,슈퍼마켓,175,36,61,93,14,12
2025-05-04,당구장 운영업,0,4,0,0,0,0
2025-05-04,목욕장업,0,19,0,2,0,0
2025-05-04,커피전문점,25,52,5,9,0,4
2025-05-04,자동차 전문수리업,0,0,1,0,0,2
2025-05-04,자동자 세차업,0,0,0,4,0,0
2025-05-04,일반음식점업,274,590,77,101,8,59
2025-05-04,숙박업,55,110,40,4,0,0
2025-05-04,주유소·LPG충전소,0,0,13,29,0,6
2025-05-04,세탁업,0,1,1,11,0,0
2025-05-04,휴게음식점업,5,20,2,9,0,10
2025-05-04,기타미용업,1,0,1,3,0,1
2025-05-03,휴게음식점업,4,15,2,11,0,0
2025-05-03,기타미용업,1,0,1,2,0,2
2025-05-03,이ㆍ미용업,4,5,6,57,0,12
2025-05-03,커피전문점,16,20,7,13,0,2
2025-05-03,자동자 세차업,0,0,0,4,0,0
2025-05-03,당구장 운영업,6,3,0,0,0,0
2025-05-03,목욕장업,0,34,0,2,0,0
2025-05-03,슈퍼마켓,185,52,80,90,22,7
2025-05-03,식품판매업,41,144,26,105,32,7
2025-05-03,소매업,16,64,12,134,11,16
2025-05-03,숙박업,51,147,30,6,0,0
2025-05-03,일반음식점업,245,680,84,202,6,41
2025-05-03,자동차 전문수리업,0,0,0,2,0,0
2025-05-03,주유소·LPG충전소,0,0,7,29,0,4
2025-05-03,실내 스크린 골프업,1,3,3,0,0,2
2025-05-03,일반주점업,0,0,0,2,0,0
2025-05-03,세탁업,3,6,4,16,0,0
2025-05-02,주유소·LPG충전소,0,0,8,37,2,5
2025-05-02,휴게음식점업,4,15,2,4,0,8
2025-05-02,일반주점업,0,0,0,4,0,0
2025-05-02,일반음식점업,264,616,108,146,26,48
2025-05-02,기타,0,0,0,4,0,0
2025-05-02,이ㆍ미용업,5,13,35,21,8,14
2025-05-02,목욕장업,0,24,0,2,0,0
2025-05-02,당구장 운영업,4,0,0,0,0,0
2025-05-02,기타미용업,2,2,2,6,0,2
2025-05-02,숙박업,57,176,42,2,0,0
2025-05-02,세탁업,1,2,2,20,2,4
2025-05-02,식품판매업,50,203,24,74,24,8
2025-05-02,소매업,9,95,16,110,14,15
2025-05-02,실내 스크린 골프업,0,0,0,0,0,1
2025-05-02,슈퍼마켓,192,233,82,89,39,7
2025-05-02,커피전문점,15,25,12,12,0,5
2025-05-02,자동차 전문수리업,4,1,0,2,0,4
2025-05-01,슈퍼마켓,187,545,115,99,52,13
2025-05-01,기타미용업,0,0,0,2,0,3
2025-05-01,당구장 운영업,4,0,0,0,0,0
2025-05-01,세탁업,0,2,5,13,2,8
2025-05-01,커피전문점,20,23,9,23,0,6
2025-05-01,식품판매업,59,275,34,112,53,5
2025-05-01,소매업,10,81,18,109,14,32
2025-05-01,이ㆍ미용업,7,12,11,14,9,20
2025-05-01,휴게음식점업,4,16,2,7,0,4
2025-05-01,기타,0,0,0,4,0,0
2025-05-01,숙박업,69,226,30,2,0,0
2025-05-01,실내 스크린 골프업,0,0,3,0,0,2
2025-05-01,자동차 전문수리업,3,0,0,4,1,0
2025-05-01,목욕장업,0,19,0,3,0,0
2025-05-01,주유소·LPG충전소,61,39,51,41,70,10
2025-05-01,일반주점업,0,0,0,2,0,0
2025-05-01,일반음식점업,246,791,106,116,29,64
2025-04-30,식품판매업,30,8,26,28,4,3
2025-04-30,소매업,19,7,12,72,1,1
2025-04-30,숙박업,24,18,27,2,0,0
2025-04-30,커피전문점,10,0,4,9,0,3
2025-04-30,주유소·LPG충전소,0,0,0,0,0,1
2025-04-30,당구장 운영업,3,0,0,0,0,0
2025-04-30,이ㆍ미용업,1,8,14,29,0,3
2025-04-30,세탁업,1,1,8,7,0,0
2025-04-30,기타미용업,0,0,2,4,0,0
2025-04-30,일반음식점업,63,84,88,90,3,15
2025-04-30,실내 스크린 골프업,0,0,1,0,0,0
2025-04-30,휴게음식점업,0,12,0,8,1,0
2025-04-30,슈퍼마켓,10,1,10,35,2,5
2025-04-30,자동차 전문수리업,0,0,0,2,0,0
2025-04-29,일반음식점업,53,81,98,102,5,19
2025-04-29,자동자 세차업,0,0,1,0,0,0
2025-04-29,휴게음식점업,5,13,0,6,1,1
2025-04-29,소매업,19,10,16,56,0,14
2025-04-29,숙박업,15,11,11,2,0,0
2025-04-29,슈퍼마켓,1,1,5,36,0,1
2025-04-29,당구장 운영업,3,1,0,0,0,0
2025-04-29,일반주점업,0,0,0,2,0,0
2025-04-29,자동차 전문수리업,0,1,0,2,1,0
2025-04-29,식품판매업,25,12,21,44,9,4
2025-04-29,기타,0,0,0,3,0,0
2025-04-29,세탁업,0,3,1,3,0,0
2025-04-29,기타미용업,0,0,0,3,0,2
2025-04-29,이ㆍ미용업,3,10,4,27,0,8
2025-04-29,커피전문점,6,3,3,7,0,0
2025-04-28,숙박업,22,13,7,3,0,0
2025-04-28,실내 스크린 골프업,0,0,1,0,0,1
2025-04-28,식품판매업,24,15,17,35,5,4
2025-04-28,일반주점업,0,0,0,3,0,0
2025-04-28,커피전문점,6,9,2,3,0,1
2025-04-28,기타미용업,0,3,0,1,0,0
2025-04-28,자동차 전문수리업,0,0,0,3,0,0
2025-04-28,자동자 세차업,0,0,1,0,0,0
2025-04-28,일반음식점업,70,78,64,129,4,19
2025-04-28,슈퍼마켓,3,0,5,35,0,5
2025-04-28,휴게음식점업,2,11,0,5,0,4
2025-04-28,이ㆍ미용업,4,0,1,35,0,5
2025-04-28,당구장 운영업,2,1,0,0,0,0
2025-04-28,주유소·LPG충전소,0,0,0,0,0,2
2025-04-28,소매업,10,10,10,75,1,4
2025-04-28,세탁업,0,4,3,9,0,8
2025-04-27,식품판매업,14,10,11,30,9,3
2025-04-27,실내 스크린 골프업,0,1,1,0,0,1
2025-04-27,목욕장업,0,0,0,4,0,0
2025-04-27,소매업,6,20,5,55,9,16
2025-04-27,당구장 운영업,4,1,0,0,0,0
2025-04-27,자동차 전문수리업,0,0,0,0,0,3
2025-04-27,자동자 세차업,0,0,1,0,0,0
2025-04-27,슈퍼마켓,5,4,13,32,2,4
2025-04-27,숙박업,29,10,15,1,0,0
2025-04-27,이ㆍ미용업,0,3,1,30,0,11
2025-04-27,기타미용업,1,0,0,0,0,0
2025-04-27,커피전문점,8,15,3,0,0,7
2025-04-27,휴게음식점업,4,5,0,6,0,10
2025-04-27,주유소·LPG충전소,0,0,0,0,0,2
2025-04-27,일반음식점업,90,104,55,73,5,49
2025-04-27,세탁업,0,1,1,8,0,0
2025-04-27,일반주점업,0,0,0,4,0,0
2025-04-26,이ㆍ미용업,5,4,8,34,0,4
2025-04-26,휴게음식점업,7,10,0,4,0,0
2025-04-26,자동차 전문수리업,0,0,0,0,0,2
2025-04-26,세탁업,1,1,2,16,0,0
2025-04-26,커피전문점,9,19,10,6,0,0
2025-04-26,목욕장업,0,0,0,2,0,0
2025-04-26,자동자 세차업,0,0,6,0,0,0
2025-04-26,소매업,11,14,16,48,1,9
2025-04-26,당구장 운영업,7,1,0,0,0,0
2025-04-26,일반음식점업,100,119,79,103,7,15
2025-04-26,식품판매업,11,19,13,44,11,2
2025-04-26,슈퍼마켓,0,1,8,39,1,6
2025-04-26,숙박업,32,24,17,2,0,0
2025-04-26,실내 스크린 골프업,0,0,1,0,0,1
2025-04-26,주유소·LPG충전소,0,0,0,0,0,1
2025-04-26,기타미용업,1,2,4,3,0,0
2025-04-25,목욕장업,0,0,0,2,0,0
2025-04-25,커피전문점,7,8,6,1,0,0
2025-04-25,식품판매업,17,16,9,73,8,4
2025-04-25,이ㆍ미용업,1,12,34,19,0,6
2025-04-25,자동자 세차업,0,0,3,0,0,0
2025-04-25,기타,0,0,0,2,0,0
2025-04-25,휴게음식점업,3,14,0,4,0,0
2025-04-25,일반주점업,0,0,0,2,0,0
2025-04-25,소매업,13,14,17,61,2,2
2025-04-25,숙박업,35,23,14,2,0,0
2025-04-25,슈퍼마켓,5,5,14,26,0,2
2025-04-25,세탁업,0,4,4,7,0,0
2025-04-25,기타미용업,1,0,0,2,0,1
2025-04-25,당구장 운영업,0,1,0,0,0,0
2025-04-25,실내 스크린 골프업,0,2,1,0,0,0
2025-04-25,일반음식점업,80,104,59,93,2,7
2025-04-24,소매업,3,14,10,63,5,3
2025-04-24,자동차 전문수리업,0,0,0,3,0,1
2025-04-24,휴게음식점업,7,8,1,2,0,0
2025-04-24,커피전문점,9,10,4,7,0,2
2025-04-24,일반음식점업,61,82,102,78,2,11
2025-04-24,세탁업,0,1,4,4,0,0
2025-04-24,숙박업,25,16,14,5,0,0
2025-04-24,기타미용업,2,2,0,4,0,1
2025-04-24,주유소·LPG충전소,0,0,0,0,0,1
2025-04-24,당구장 운영업,1,0,0,0,0,0
2025-04-24,식품판매업,17,16,19,42,6,0
2025-04-24,기타,0,0,0,2,0,0
2025-04-24,실내 스크린 골프업,0,0,0,0,0,1
2025-04-24,이ㆍ미용업,10,4,12,20,1,3
2025-04-24,일반주점업,0,0,0,1,0,0
2025-04-24,슈퍼마켓,1,5,12,23,3,7
2025-04-24,목욕장업,0,0,0,2,0,0
2025-04-24,자동자 세차업,0,0,0,2,0,0
2025-04-23,식품판매업,13,19,9,60,16,4
2025-04-23,소매업,15,22,6,56,7,18
2025-04-23,커피전문점,1,4,6,5,0,2
2025-04-23,자동자 세차업,0,0,0,2,0,0
2025-04-23,기타,0,0,0,2,0,0
2025-04-23,자동차 전문수리업,0,0,0,0,1,4
2025-04-23,슈퍼마켓,14,7,8,20,5,3
2025-04-23,휴게음식점업,3,14,0,7,1,7
2025-04-23,세탁업,1,3,2,15,4,6
2025-04-23,일반주점업,0,0,0,1,0,0
2025-04-23,당구장 운영업,7,0,0,0,0,0
2025-04-23,기타미용업,0,2,0,5,0,1
2025-04-23,실내 스크린 골프업,0,1,0,0,0,0
2025-04-23,일반음식점업,69,89,73,70,19,50
2025-04-23,이ㆍ미용업,5,3,5,26,9,12
2025-04-23,숙박업,34,20,12,0,0,0
2025-04-22,당구장 운영업,2,0,0,0,0,0
2025-04-22,소매업,8,26,9,50,7,19
2025-04-22,일반주점업,0,0,0,2,0,0
2025-04-22,자동자 세차업,0,0,3,2,0,0
2025-04-22,주유소·LPG충전소,0,0,0,0,0,3
2025-04-22,커피전문점,4,10,8,4,0,7
2025-04-22,자동차 전문수리업,0,0,1,0,0,0
2025-04-22,휴게음식점업,1,9,2,2,0,10
2025-04-22,식품판매업,21,33,20,56,11,3
2025-04-22,숙박업,34,23,22,2,0,0
2025-04-22,기타미용업,3,0,0,3,0,1
2025-04-22,실내 스크린 골프업,0,2,0,0,0,2
2025-04-22,슈퍼마켓,16,1,10,33,9,8
2025-04-22,세탁업,1,2,0,9,2,10
2025-04-22,이ㆍ미용업,4,7,6,18,8,13
2025-04-22,일반음식점업,72,110,62,65,19,44
2025-04-21,자동자 세차업,0,0,3,2,0,0
2025-04-21,이ㆍ미용업,8,4,31,15,2,5
2025-04-21,일반음식점업,64,110,84,74,2,17
2025-04-21,당구장 운영업,1,2,0,0,0,0
2025-04-21,식품판매업,23,21,23,44,9,2
2025-04-21,목욕장업,0,0,0,2,0,0
2025-04-21,커피전문점,4,14,7,5,0,1
2025-04-21,실내 스크린 골프업,0,0,0,0,0,1
2025-04-21,숙박업,42,13,19,3,0,0
2025-04-21,세탁업,0,5,7,11,0,0
2025-04-21,기타미용업,1,0,4,6,0,1
2025-04-21,자동차 전문수리업,0,0,0,4,0,0
2025-04-21,소매업,9,24,23,47,0,7
2025-04-21,슈퍼마켓,14,3,8,43,5,5
2025-04-21,일반주점업,0,0,0,1,0,0
2025-04-21,휴게음식점업,4,13,3,1,0,0
2025-04-20,당구장 운영업,2,1,0,0,0,0
2025-04-20,주유소·LPG충전소,0,0,0,0,0,2
2025-04-20,커피전문점,5,8,16,3,0,1
2025-04-20,휴게음식점업,6,15,0,7,0,0
2025-04-20,숙박업,37,28,32,3,0,0
2025-04-20,세탁업,0,1,1,2,0,0
2025-04-20,자동차 전문수리업,0,0,0,4,0,0
2025-04-20,슈퍼마켓,18,3,9,56,2,2
2025-04-20,소매업,13,34,17,65,11,11
2025-04-20,식품판매업,26,22,18,36,18,4
2025-04-20,기타미용업,0,1,3,1,0,0
2025-04-20,일반음식점업,94,139,129,82,10,27
2025-04-20,일반주점업,0,0,0,2,0,0
2025-04-20,실내 스크린 골프업,0,0,2,0,0,1
2025-04-20,이ㆍ미용업,0,0,4,10,0,2
2025-04-19,세탁업,0,2,6,14,0,0
2025-04-19,일반주점업,0,0,0,1,0,0
2025-04-19,목욕장업,0,0,0,1,0,0
2025-04-19,이ㆍ미용업,4,12,18,26,0,3
2025-04-19,소매업,13,39,20,67,2,9
2025-04-19,숙박업,34,45,28,3,0,0
2025-04-19,기타미용업,1,0,0,3,0,0
2025-04-19,슈퍼마켓,15,2,15,33,7,2
2025-04-19,당구장 운영업,3,2,0,0,0,0
2025-04-19,자동차 전문수리업,0,0,0,4,0,0
2025-04-19,커피전문점,9,11,9,3,0,2
2025-04-19,식품판매업,33,34,21,71,13,4
2025-04-19,일반음식점업,129,185,96,83,5,13
2025-04-19,휴게음식점업,4,9,0,6,0,0
2025-04-19,실내 스크린 골프업,0,0,2,0,0,1
2025-04-18,세탁업,1,1,2,8,2,11
2025-04-18,휴게음식점업,2,9,0,4,0,18
2025-04-18,소매업,16,32,8,63,8,24
2025-04-18,일반음식점업,87,155,44,87,19,44
2025-04-18,자동자 세차업,0,0,1,0,0,0
2025-04-18,슈퍼마켓,15,1,7,38,5,2
2025-04-18,식품판매업,17,47,21,46,10,8
2025-04-18,실내 스크린 골프업,1,2,0,0,0,1
2025-04-18,숙박업,50,32,27,0,0,0
2025-04-18,일반주점업,0,0,0,1,0,0
2025-04-18,자동차 전문수리업,0,0,0,2,0,0
2025-04-18,기타미용업,1,2,0,3,0,0
2025-04-18,커피전문점,5,9,8,9,0,6
2025-04-18,당구장 운영업,2,0,0,0,0,0
2025-04-18,이ㆍ미용업,6,5,2,28,8,5
2025-04-17,소매업,6,40,6,84,1,13
2025-04-17,세탁업,2,5,5,14,0,0
2025-04-17,자동차 전문수리업,0,1,0,0,0,2
2025-04-17,실내 스크린 골프업,0,0,0,0,0,1
2025-04-17,당구장 운영업,3,0,0,0,0,0
2025-04-17,이ㆍ미용업,1,5,3,46,0,4
2025-04-17,자동자 세차업,0,0,1,0,0,0
2025-04-17,숙박업,27,39,25,5,0,0
2025-04-17,슈퍼마켓,16,7,5,41,5,3
2025-04-17,기타미용업,0,2,1,4,0,0
2025-04-17,식품판매업,29,46,12,83,16,5
2025-04-17,휴게음식점업,6,7,0,3,0,0
2025-04-17,주유소·LPG충전소,0,0,0,0,0,1
2025-04-17,일반음식점업,73,128,54,122,1,18
2025-04-17,커피전문점,8,10,4,6,0,1
2025-04-16,일반음식점업,85,168,45,130,21,10
2025-04-16,당구장 운영업,1,0,0,0,0,0
2025-04-16,기타미용업,2,2,0,1,0,0
2025-04-16,자동차 전문수리업,0,0,2,2,0,0
2025-04-16,소매업,10,31,9,84,8,8
2025-04-16,이ㆍ미용업,5,5,2,37,8,3
2025-04-16,세탁업,3,1,3,8,2,0
2025-04-16,휴게음식점업,2,19,0,7,0,0
2025-04-16,커피전문점,5,8,9,12,0,1
2025-04-16,실내 스크린 골프업,0,0,4,0,0,0
2025-04-16,식품판매업,44,34,14,50,11,3
2025-04-16,숙박업,31,36,22,4,0,0
2025-04-16,슈퍼마켓,19,13,10,55,13,2
2025-04-15,식품판매업,24,39,35,52,8,3
2025-04-15,기타미용업,0,0,2,2,0,0
2025-04-15,일반주점업,0,0,0,1,0,0
2025-04-15,실내 스크린 골프업,0,2,1,0,0,1
2025-04-15,숙박업,43,51,24,3,0,0
2025-04-15,커피전문점,8,6,7,8,0,2
2025-04-15,휴게음식점업,6,5,1,3,0,0
2025-04-15,일반음식점업,79,150,111,76,25,17
2025-04-15,슈퍼마켓,28,12,10,45,6,2
2025-04-15,이ㆍ미용업,8,14,15,13,8,3
2025-04-15,세탁업,5,6,6,11,2,0
2025-04-15,자동자 세차업,0,0,1,0,0,0
2025-04-15,소매업,11,27,15,50,10,10
2025-04-15,자동차 전문수리업,0,0,0,6,0,0
2025-04-14,슈퍼마켓,29,14,8,44,10,2
2025-04-14,일반음식점업,100,153,104,97,5,19
2025-04-14,자동차 전문수리업,1,0,0,1,0,0
2025-04-14,세탁업,2,0,4,13,0,0
2025-04-14,숙박업,46,46,23,3,0,0
2025-04-14,식품판매업,29,43,45,57,7,8
2025-04-14,커피전문점,4,3,7,13,0,0
2025-04-14,휴게음식점업,0,18,0,3,1,0
2025-04-14,이ㆍ미용업,2,3,13,19,0,3
2025-04-14,실내 스크린 골프업,1,2,3,0,0,1
2025-04-14,당구장 운영업,0,1,0,0,0,0
2025-04-14,일반주점업,0,0,0,1,0,0
2025-04-14,기타미용업,2,0,1,4,0,0
2025-04-14,소매업,7,51,14,79,5,18
2025-04-13,소매업,8,23,12,47,5,18
2025-04-13,이ㆍ미용업,0,1,0,28,0,17
2025-04-13,휴게음식점업,3,5,0,6,0,16
2025-04-13,커피전문점,11,14,10,6,0,3
2025-04-13,세탁업,1,0,0,7,0,0
2025-04-13,당구장 운영업,2,0,0,0,0,0
2025-04-13,주유소·LPG충전소,0,0,0,0,0,1
2025-04-13,일반음식점업,106,181,62,85,3,55
2025-04-13,기타미용업,0,0,2,3,0,2
2025-04-13,숙박업,56,49,19,5,0,0
2025-04-13,슈퍼마켓,39,13,8,68,25,9
2025-04-13,목욕장업,0,0,0,4,0,0
2025-04-13,실내 스크린 골프업,0,0,1,0,0,1
2025-04-13,일반주점업,0,0,0,1,0,0
2025-04-13,자동자 세차업,0,0,0,2,0,0
2025-04-13,자동차 전문수리업,0,0,0,0,0,4
2025-04-13,식품판매업,34,48,16,44,10,4
2025-04-12,이ㆍ미용업,8,8,24,34,0,8
2025-04-12,주유소·LPG충전소,0,0,0,0,0,2
2025-04-12,일반주점업,0,0,0,2,0,0
2025-04-12,기타미용업,1,1,5,3,0,1
2025-04-12,휴게음식점업,4,15,0,8,0,8
2025-04-12,일반음식점업,170,245,67,110,7,40
2025-04-12,소매업,6,36,17,72,1,17
2025-04-12,실내 스크린 골프업,0,2,0,0,0,1
2025-04-12,커피전문점,10,14,3,11,0,9
2025-04-12,슈퍼마켓,58,19,13,68,16,3
2025-04-12,자동자 세차업,0,0,0,2,0,0
2025-04-12,당구장 운영업,1,0,0,0,0,0
2025-04-12,목욕장업,0,6,0,2,0,0
2025-04-12,숙박업,54,69,30,0,0,0
2025-04-12,세탁업,2,3,2,13,0,12
2025-04-12,식품판매업,29,62,15,64,21,6
2025-04-11,기타미용업,2,0,0,5,0,1
2025-04-11,일반주점업,0,0,0,2,0,0
2025-04-11,자동자 세차업,0,0,2,2,0,0
2025-04-11,커피전문점,9,7,5,8,0,1
2025-04-11,휴게음식점업,2,8,3,6,0,0
2025-04-11,소매업,13,29,15,71,12,5
2025-04-11,숙박업,47,86,20,5,0,0
2025-04-11,실내 스크린 골프업,0,1,0,0,0,1
2025-04-11,목욕장업,0,15,0,3,0,0
2025-04-11,일반음식점업,134,228,45,104,25,10
2025-04-11,식품판매업,26,44,8,66,16,3
2025-04-11,당구장 운영업,4,1,0,0,0,0
2025-04-11,자동차 전문수리업,0,0,1,2,0,0
2025-04-11,주유소·LPG충전소,0,0,0,0,0,2
2025-04-11,슈퍼마켓,41,23,6,71,8,3
2025-04-11,세탁업,4,2,2,14,2,0
2025-04-11,이ㆍ미용업,3,7,17,41,8,5
2025-04-10,커피전문점,9,9,1,11,0,0
2025-04-10,숙박업,37,46,17,8,0,0
2025-04-10,식품판매업,22,67,24,69,14,2
2025-04-10,소매업,10,33,11,76,3,9
2025-04-10,기타미용업,2,0,1,1,0,1
2025-04-10,이ㆍ미용업,6,4,5,34,0,4
2025-04-10,당구장 운영업,5,0,0,0,0,0
2025-04-10,슈퍼마켓,37,18,18,66,12,3
2025-04-10,세탁업,2,4,2,11,0,0
2025-04-10,목욕장업,0,12,0,2,0,0
2025-04-10,일반음식점업,115,185,50,148,9,14
2025-04-10,휴게음식점업,4,12,0,9,0,0
2025-04-10,실내 스크린 골프업,0,0,2,0,0,1
2025-04-10,자동차 전문수리업,3,0,0,1,1,0
2025-04-10,주유소·LPG충전소,0,0,0,0,0,2
2025-04-10,자동자 세차업,0,0,2,2,0,0
2025-04-09,실내 스크린 골프업,0,0,1,0,0,1
2025-04-09,이ㆍ미용업,5,8,6,25,8,14
2025-04-09,슈퍼마켓,44,25,12,43,14,7
2025-04-09,자동자 세차업,0,0,3,2,0,0
2025-04-09,세탁업,4,5,3,12,2,8
2025-04-09,당구장 운영업,1,1,0,0,0,0
2025-04-09,숙박업,38,63,19,3,0,0
2025-04-09,목욕장업,0,17,0,2,0,0
2025-04-09,주유소·LPG충전소,0,0,4,4,0,2
2025-04-09,자동차 전문수리업,1,0,1,3,0,2
2025-04-09,휴게음식점업,4,16,2,3,0,17
2025-04-09,커피전문점,4,10,5,8,0,7
2025-04-09,일반음식점업,119,219,52,90,23,53
2025-04-09,식품판매업,39,63,21,57,8,10
2025-04-09,기타미용업,3,2,0,5,0,1
2025-04-09,소매업,8,23,7,75,11,20
2025-04-08,주유소·LPG충전소,0,0,3,7,0,7
2025-04-08,목욕장업,0,15,0,2,0,0
2025-04-08,커피전문점,4,7,9,11,0,2
2025-04-08,휴게음식점업,5,12,2,3,0,0
2025-04-08,소매업,16,28,9,66,16,4
2025-04-08,식품판매업,44,80,38,49,21,5
2025-04-08,일반음식점업,106,287,96,102,21,23
2025-04-08,이ㆍ미용업,10,14,13,24,8,7
2025-04-08,당구장 운영업,2,1,0,0,0,0
2025-04-08,일반주점업,0,0,0,2,0,0
2025-04-08,세탁업,5,6,5,9,2,0
2025-04-08,기타미용업,2,0,1,6,0,1
2025-04-08,자동자 세차업,0,0,0,2,0,0
2025-04-08,자동차 전문수리업,3,0,0,0,0,0
2025-04-08,숙박업,40,82,27,5,0,0
2025-04-08,실내 스크린 골프업,1,1,1,0,0,1
2025-04-08,슈퍼마켓,53,29,28,68,13,7
2025-04-07,휴게음식점업,5,12,0,6,0,0
2025-04-07,기타미용업,2,1,1,4,0,2
2025-04-07,자동차 전문수리업,3,0,0,6,0,0
2025-04-07,세탁업,3,5,6,8,0,0
2025-04-07,주유소·LPG충전소,0,0,6,10,0,3
2025-04-07,자동자 세차업,0,0,1,2,0,0
2025-04-07,이ㆍ미용업,8,7,18,19,0,8
2025-04-07,당구장 운영업,0,2,0,0,0,0
2025-04-07,숙박업,29,80,39,7,0,0
2025-04-07,목욕장업,0,15,0,2,0,0
2025-04-07,일반음식점업,147,266,109,107,3,24
2025-04-07,실내 스크린 골프업,1,0,1,0,0,2
2025-04-07,일반주점업,0,0,0,2,0,0
2025-04-07,커피전문점,8,13,9,7,0,1
2025-04-07,소매업,5,22,11,59,4,14
2025-04-07,식품판매업,30,85,33,44,15,5
2025-04-07,슈퍼마켓,70,45,48,68,14,6
2025-04-06,커피전문점,14,20,8,20,0,2
2025-04-06,실내 스크린 골프업,0,2,1,0,0,1
2025-04-06,일반음식점업,173,379,103,142,7,22
2025-04-06,주유소·LPG충전소,0,0,5,22,0,2
2025-04-06,당구장 운영업,2,1,0,0,0,0
2025-04-06,식품판매업,36,144,26,74,26,4
2025-04-06,소매업,12,23,14,90,9,15
2025-04-06,목욕장업,0,15,0,4,0,0
2025-04-06,휴게음식점업,3,7,0,11,2,2
2025-04-06,기타미용업,3,2,2,4,0,0
2025-04-06,슈퍼마켓,141,50,57,89,19,3
2025-04-06,이ㆍ미용업,0,0,0,40,0,2
2025-04-06,숙박업,50,79,29,7,0,0
2025-04-06,자동자 세차업,0,0,1,4,0,0
2025-04-06,세탁업,0,0,3,5,0,0
2025-04-06,자동차 전문수리업,0,0,2,2,0,0
2025-04-05,휴게음식점업,5,10,0,9,0,1
2025-04-05,자동차 전문수리업,0,0,0,2,0,1
2025-04-05,주유소·LPG충전소,0,0,7,20,0,6
2025-04-05,숙박업,41,138,31,8,0,0
2025-04-05,자동자 세차업,0,0,2,0,0,0
2025-04-05,실내 스크린 골프업,1,0,1,0,0,2
2025-04-05,당구장 운영업,2,0,0,0,0,0
2025-04-05,소매업,7,58,20,118,9,10
2025-04-05,기타미용업,2,3,4,5,0,0
2025-04-05,커피전문점,11,17,5,12,0,1
2025-04-05,이ㆍ미용업,4,6,16,39,0,3
2025-04-05,목욕장업,0,29,0,5,0,0
2025-04-05,세탁업,0,2,4,13,0,0
2025-04-05,일반음식점업,170,461,94,173,7,26
2025-04-05,슈퍼마켓,136,39,61,79,26,5
2025-04-05,식품판매업,34,147,23,112,27,6
2025-04-04,이ㆍ미용업,7,9,21,21,0,15
2025-04-04,세탁업,5,3,4,16,0,6
2025-04-04,주유소·LPG충전소,0,0,6,31,0,6
2025-04-04,커피전문점,15,16,8,8,0,10
2025-04-04,기타미용업,2,0,2,3,0,0
2025-04-04,자동자 세차업,0,0,1,0,0,0
2025-04-04,숙박업,53,162,41,4,0,0
2025-04-04,자동차 전문수리업,2,2,0,1,0,2
2025-04-04,일반음식점업,172,509,83,132,6,64
2025-04-04,휴게음식점업,2,5,0,7,0,4
2025-04-04,목욕장업,0,20,0,5,0,0
2025-04-04,당구장 운영업,2,0,0,0,0,0
2025-04-04,슈퍼마켓,126,101,50,102,12,7
2025-04-04,식품판매업,34,125,12,81,27,6
2025-04-04,소매업,12,55,14,88,6,28
2025-04-03,이ㆍ미용업,6,5,7,42,8,5
2025-04-03,자동차 전문수리업,1,1,0,3,1,0
2025-04-03,실내 스크린 골프업,0,0,1,0,0,2
2025-04-03,일반음식점업,157,465,88,123,22,21
2025-04-03,커피전문점,11,15,15,14,0,1
2025-04-03,세탁업,4,4,2,13,2,0
2025-04-03,주유소·LPG충전소,0,0,2,17,0,4
2025-04-03,식품판매업,46,112,18,95,21,6
2025-04-03,슈퍼마켓,103,169,75,60,19,1
2025-04-03,소매업,10,63,7,129,14,20
2025-04-03,기타미용업,4,1,0,4,0,0
2025-04-03,당구장 운영업,2,1,0,0,0,0
2025-04-03,숙박업,51,126,22,7,0,0
2025-04-03,목욕장업,0,13,0,4,0,0
2025-04-03,휴게음식점업,4,10,1,10,0,0
2025-04-02,자동차 전문수리업,8,0,0,1,0,0
2025-04-02,주유소·LPG충전소,0,0,6,29,11,5
2025-04-02,이ㆍ미용업,8,2,16,53,8,7
2025-04-02,일반음식점업,179,487,96,207,23,29
2025-04-02,휴게음식점업,5,4,0,4,0,0
2025-04-02,기타미용업,2,0,3,6,0,0
2025-04-02,소매업,5,58,16,93,7,23
2025-04-02,당구장 운영업,6,1,0,0,0,0
2025-04-02,실내 스크린 골프업,0,1,1,0,0,2
2025-04-02,슈퍼마켓,137,271,70,71,30,2
2025-04-02,자동자 세차업,0,0,1,4,0,0
2025-04-02,세탁업,4,4,1,22,2,0
2025-04-02,목욕장업,0,9,0,2,0,0
2025-04-02,숙박업,62,168,30,6,0,0
2025-04-02,커피전문점,12,11,4,12,0,2
2025-04-02,식품판매업,42,153,36,73,20,9
2025-04-01,실내 스크린 골프업,0,1,0,0,0,3
2025-04-01,세탁업,5,2,4,15,2,10
2025-04-01,휴게음식점업,5,7,0,2,0,16
2025-04-01,목욕장업,0,3,0,4,0,0
2025-04-01,식품판매업,56,216,26,83,46,14
2025-04-01,자동차 전문수리업,6,0,0,1,0,4
2025-04-01,슈퍼마켓,173,382,97,88,47,4
2025-04-01,소매업,12,36,29,90,11,45
2025-04-01,커피전문점,8,14,0,4,0,4
2025-04-01,기타미용업,4,2,1,3,0,0
2025-04-01,숙박업,70,197,54,2,0,0
2025-04-01,이ㆍ미용업,11,5,26,30,8,15
2025-04-01,자동자 세차업,0,0,1,2,0,0
2025-04-01,당구장 운영업,3,1,0,0,0,0
2025-04-01,일반음식점업,185,600,52,71,21,70
2025-04-01,주유소·LPG충전소,55,38,43,56,57,6
2025-03-31,자동자 세차업,0,0,4,0,0,0
2025-03-31,커피전문점,7,1,0,1,0,0
2025-03-31,목욕장업,0,0,0,2,0,0
2025-03-31,기타미용업,0,0,0,5,0,0
2025-03-31,휴게음식점업,4,14,2,5,0,0
2025-03-31,세탁업,1,3,2,3,0,0
2025-03-31,숙박업,19,15,9,2,0,0
2025-03-31,소매업,15,12,18,39,2,11
2025-03-31,슈퍼마켓,1,0,12,9,0,0
2025-03-31,식품판매업,24,13,7,24,8,3
2025-03-31,일반음식점업,48,60,59,56,3,20
2025-03-31,당구장 운영업,1,0,0,0,0,0
2025-03-31,실내 스크린 골프업,0,0,0,0,0,2
2025-03-31,주유소·LPG충전소,0,0,0,0,0,1
2025-03-31,이ㆍ미용업,0,4,8,19,0,5
2025-03-30,숙박업,27,9,7,0,0,0
2025-03-30,자동자 세차업,0,0,2,0,0,0
2025-03-30,커피전문점,12,3,6,5,0,2
2025-03-30,이ㆍ미용업,0,0,14,26,0,9
2025-03-30,식품판매업,28,8,15,33,7,1
2025-03-30,자동차 전문수리업,0,0,2,0,0,0
2025-03-30,소매업,5,3,13,37,2,9
2025-03-30,기타미용업,1,2,1,4,0,3
2025-03-30,휴게음식점업,6,5,0,2,0,0
2025-03-30,주유소·LPG충전소,0,0,0,0,0,2
2025-03-30,일반음식점업,69,61,95,69,3,24
2025-03-30,실내 스크린 골프업,0,1,0,0,0,0
2025-03-30,당구장 운영업,2,0,0,0,0,0
2025-03-30,슈퍼마켓,10,1,10,33,0,7
2025-03-30,세탁업,0,0,5,4,0,0
2025-03-29,식품판매업,27,16,21,33,5,2
2025-03-29,자동자 세차업,0,0,1,0,0,0
2025-03-29,슈퍼마켓,4,0,8,17,0,4
2025-03-29,일반음식점업,66,84,73,76,3,17
2025-03-29,세탁업,0,4,4,6,0,0
2025-03-29,커피전문점,11,12,1,6,0,2
2025-03-29,기타미용업,0,2,4,11,0,1
2025-03-29,숙박업,36,10,11,3,0,0
2025-03-29,이ㆍ미용업,1,13,16,29,0,7
2025-03-29,소매업,7,10,21,56,5,12
2025-03-29,당구장 운영업,2,0,0,0,0,0
2025-03-29,주유소·LPG충전소,0,0,0,0,0,1
2025-03-29,휴게음식점업,5,6,2,5,2,0
2025-03-29,실내 스크린 골프업,0,0,0,0,0,1
2025-03-28,이ㆍ미용업,7,4,11,38,0,7
2025-03-28,숙박업,29,9,18,3,0,0
2025-03-28,세탁업,0,0,0,11,0,0
2025-03-28,커피전문점,4,4,1,4,0,2
2025-03-28,자동자 세차업,0,0,3,0,0,0
2025-03-28,당구장 운영업,1,0,0,0,0,0
2025-03-28,주유소·LPG충전소,0,0,0,0,0,1
2025-03-28,슈퍼마켓,5,2,12,23,4,5
2025-03-28,기타미용업,1,1,1,4,0,1
2025-03-28,일반주점업,0,0,0,2,0,0
2025-03-28,일반음식점업,59,68,52,108,1,19
2025-03-28,소매업,21,18,4,88,2,6
2025-03-28,자동차 전문수리업,0,0,0,0,1,0
2025-03-28,식품판매업,13,11,3,37,9,2
2025-03-28,실내 스크린 골프업,0,1,2,0,0,1
2025-03-28,휴게음식점업,4,16,3,2,0,0
2025-03-27,세탁업,0,1,1,7,1,6
2025-03-27,숙박업,30,6,8,3,0,0
2025-03-27,기타미용업,1,0,0,7,0,2
2025-03-27,식품판매업,22,13,7,39,7,5
2025-03-27,슈퍼마켓,10,0,9,31,0,8
2025-03-27,일반음식점업,43,72,53,95,4,33
2025-03-27,휴게음식점업,1,12,3,1,2,4
2025-03-27,이ㆍ미용업,2,10,5,26,3,12
2025-03-27,실내 스크린 골프업,0,1,1,0,0,2
2025-03-27,당구장 운영업,5,0,0,0,0,0
2025-03-27,주유소·LPG충전소,0,0,0,0,0,1
2025-03-27,소매업,9,13,0,66,10,11
2025-03-27,커피전문점,6,5,3,10,0,2
2025-03-26,기타미용업,0,0,0,5,0,1
2025-03-26,목욕장업,0,0,0,1,0,0
2025-03-26,식품판매업,12,9,26,61,5,4
2025-03-26,슈퍼마켓,9,1,8,31,2,6
2025-03-26,휴게음식점업,1,11,0,4,0,0
2025-03-26,소매업,13,12,8,79,8,8
2025-03-26,이ㆍ미용업,4,3,17,32,8,7
2025-03-26,자동차 전문수리업,0,1,0,3,0,0
2025-03-26,커피전문점,3,2,8,11,0,2
2025-03-26,실내 스크린 골프업,0,2,1,0,0,2
2025-03-26,일반음식점업,46,87,88,90,9,14
2025-03-26,주유소·LPG충전소,0,0,0,0,0,1
2025-03-26,숙박업,20,8,16,3,0,0
2025-03-26,세탁업,0,3,0,7,2,0
2025-03-26,당구장 운영업,2,0,0,0,0,0
2025-03-25,커피전문점,6,3,5,1,0,6
2025-03-25,소매업,10,17,2,51,8,27
2025-03-25,기타미용업,0,2,0,3,0,2
2025-03-25,휴게음식점업,2,13,0,3,1,16
2025-03-25,세탁업,4,5,0,6,2,10
2025-03-25,슈퍼마켓,4,1,3,29,5,7
2025-03-25,숙박업,28,11,8,2,0,0
2025-03-25,실내 스크린 골프업,0,0,1,0,0,1
2025-03-25,식품판매업,9,10,13,45,12,7
2025-03-25,당구장 운영업,3,0,0,0,0,0
2025-03-25,주유소·LPG충전소,0,0,0,0,0,1
2025-03-25,일반음식점업,58,95,45,74,13,46
2025-03-25,자동차 전문수리업,0,0,0,3,0,4
2025-03-25,자동자 세차업,0,0,3,2,0,0
2025-03-25,이ㆍ미용업,2,9,0,22,8,14
2025-03-24,일반주점업,0,0,0,2,0,0
2025-03-24,휴게음식점업,6,15,3,6,1,0
2025-03-24,실내 스크린 골프업,0,0,1,0,0,1
2025-03-24,세탁업,0,1,0,13,0,0
2025-03-24,당구장 운영업,1,0,0,0,0,0
2025-03-24,주유소·LPG충전소,0,0,0,0,0,1
2025-03-24,일반음식점업,72,83,43,156,3,14
2025-03-24,슈퍼마켓,10,2,7,40,3,2
2025-03-24,커피전문점,1,1,1,4,0,2
2025-03-24,소매업,8,25,6,84,4,9
2025-03-24,자동자 세차업,0,0,5,0,0,0
2025-03-24,식품판매업,19,20,5,71,8,3
2025-03-24,숙박업,26,11,10,4,0,0
2025-03-24,이ㆍ미용업,7,6,5,33,0,7
2025-03-24,기타미용업,1,1,2,4,0,2
2025-03-23,세탁업,1,0,1,7,0,0
2025-03-23,기타미용업,2,2,3,3,0,0
2025-03-23,주유소·LPG충전소,0,0,0,0,0,2
2025-03-23,자동차 전문수리업,0,0,2,0,0,0
2025-03-23,일반음식점업,71,128,44,129,6,23
2025-03-23,자동자 세차업,0,0,1,6,0,0
2025-03-23,식품판매업,20,21,7,57,7,8
2025-03-23,슈퍼마켓,17,3,6,41,5,1
2025-03-23,실내 스크린 골프업,0,1,1,0,0,1
2025-03-23,숙박업,39,11,11,14,0,0
2025-03-23,이ㆍ미용업,0,4,1,44,0,2
2025-03-23,목욕장업,0,0,0,6,0,0
2025-03-23,휴게음식점업,8,14,0,13,0,0
2025-03-23,당구장 운영업,7,0,0,0,0,0
2025-03-23,소매업,7,28,6,86,5,8
2025-03-23,커피전문점,8,12,8,8,0,1
2025-03-22,이ㆍ미용업,2,4,2,43,0,15
2025-03-22,식품판매업,21,42,14,46,9,5
2025-03-22,일반주점업,0,0,0,2,0,0
2025-03-22,실내 스크린 골프업,0,2,0,0,0,0
2025-03-22,슈퍼마켓,19,5,9,37,6,3
2025-03-22,세탁업,0,0,5,14,0,11
2025-03-22,당구장 운영업,2,0,0,0,0,0
2025-03-22,휴게음식점업,6,17,0,6,0,12
2025-03-22,소매업,6,41,5,66,11,22
2025-03-22,커피전문점,10,24,12,8,0,3
2025-03-22,자동차 전문수리업,0,2,0,0,0,4
2025-03-22,기타미용업,0,0,3,4,0,0
2025-03-22,주유소·LPG충전소,0,0,0,0,0,1
2025-03-22,숙박업,44,15,16,0,0,0
2025-03-22,자동자 세차업,0,0,1,6,0,0
2025-03-22,목욕장업,0,0,0,4,0,0
2025-03-22,일반음식점업,109,165,51,96,5,63
2025-03-21,세탁업,3,4,0,21,0,0
2025-03-21,이ㆍ미용업,2,8,22,23,0,2
2025-03-21,목욕장업,0,0,0,4,0,0
2025-03-21,슈퍼마켓,13,0,7,46,6,0
2025-03-21,일반음식점업,77,136,84,107,8,21
2025-03-21,휴게음식점업,3,14,0,7,0,0
2025-03-21,자동차 전문수리업,0,0,0,2,0,0
2025-03-21,커피전문점,9,9,11,4,0,0
2025-03-21,식품판매업,18,30,14,64,8,7
2025-03-21,일반주점업,0,0,0,2,0,0
2025-03-21,기타미용업,1,3,0,2,0,0
2025-03-21,주유소·LPG충전소,0,0,0,0,0,1
2025-03-21,실내 스크린 골프업,0,0,0,0,0,1
2025-03-21,당구장 운영업,1,0,0,0,0,0
2025-03-21,소매업,14,41,10,71,4,16
2025-03-21,숙박업,34,10,25,2,0,0
2025-03-20,커피전문점,2,7,12,15,0,2
2025-03-20,자동차 전문수리업,0,0,0,4,0,0
2025-03-20,일반음식점업,61,121,102,76,21,16
2025-03-20,소매업,6,18,6,70,12,15
2025-03-20,기타미용업,1,0,0,0,0,0
2025-03-20,주유소·LPG충전소,0,0,0,0,0,1
2025-03-20,세탁업,3,5,6,4,2,0
2025-03-20,슈퍼마켓,20,1,8,40,13,3
2025-03-20,당구장 운영업,1,0,0,0,0,0
2025-03-20,목욕장업,0,0,0,4,0,0
2025-03-20,실내 스크린 골프업,0,1,0,0,0,2
2025-03-20,숙박업,33,10,18,0,0,0
2025-03-20,이ㆍ미용업,3,5,19,24,8,5
2025-03-20,휴게음식점업,2,11,0,7,0,0
2025-03-20,식품판매업,20,36,27,45,4,7
2025-03-19,소매업,11,16,28,66,12,14
2025-03-19,실내 스크린 골프업,1,1,2,0,0,1
2025-03-19,식품판매업,28,19,25,29,14,6
2025-03-19,숙박업,35,21,27,5,0,0
2025-03-19,일반음식점업,77,96,82,92,26,20
2025-03-19,목욕장업,0,0,0,2,0,0
2025-03-19,기타미용업,2,1,0,1,0,0
2025-03-19,슈퍼마켓,14,4,10,38,8,1
2025-03-19,일반주점업,0,0,0,2,0,0
2025-03-19,당구장 운영업,2,0,0,0,0,0
2025-03-19,커피전문점,1,3,5,7,0,2
2025-03-19,세탁업,1,1,5,8,2,0
2025-03-19,이ㆍ미용업,4,4,22,19,8,1
2025-03-19,자동차 전문수리업,0,2,2,0,0,0
2025-03-19,휴게음식점업,4,7,0,0,0,0
2025-03-18,목욕장업,0,0,0,4,0,0
2025-03-18,슈퍼마켓,20,1,9,46,6,5
2025-03-18,휴게음식점업,2,15,0,2,0,14
2025-03-18,자동자 세차업,0,0,0,2,0,0
2025-03-18,커피전문점,1,5,3,12,0,3
2025-03-18,숙박업,26,20,20,5,0,0
2025-03-18,자동차 전문수리업,0,1,0,3,0,0
2025-03-18,식품판매업,15,22,14,38,3,7
2025-03-18,당구장 운영업,1,0,0,0,0,0
2025-03-18,소매업,11,22,8,52,13,22
2025-03-18,기타미용업,0,2,3,6,0,0
2025-03-18,일반음식점업,62,97,59,60,25,36
2025-03-18,이ㆍ미용업,2,8,24,17,8,10
2025-03-18,세탁업,4,1,2,8,2,12
2025-03-17,식품판매업,37,36,22,58,13,8
2025-03-17,실내 스크린 골프업,0,1,6,0,0,1
2025-03-17,자동자 세차업,0,0,1,0,0,0
2025-03-17,소매업,8,22,13,55,10,14
2025-03-17,슈퍼마켓,17,4,7,33,9,2
2025-03-17,목욕장업,0,0,0,2,0,0
2025-03-17,자동차 전문수리업,0,4,0,2,1,0
2025-03-17,숙박업,46,32,20,7,0,0
2025-03-17,당구장 운영업,1,0,0,0,0,0
2025-03-17,일반음식점업,86,112,67,91,6,19
2025-03-17,커피전문점,5,4,1,8,0,1
2025-03-17,세탁업,3,4,2,15,0,0
2025-03-17,휴게음식점업,1,13,0,3,1,0
2025-03-17,기타미용업,2,0,0,0,0,0
2025-03-17,이ㆍ미용업,2,5,13,28,0,3
2025-03-16,식품판매업,34,37,22,27,12,3
2025-03-16,이ㆍ미용업,2,6,5,16,0,13
2025-03-16,일반음식점업,103,173,84,98,5,45
2025-03-16,목욕장업,0,0,0,2,0,0
2025-03-16,자동자 세차업,0,0,1,4,0,0
2025-03-16,숙박업,34,25,28,2,0,0
2025-03-16,휴게음식점업,7,13,1,3,0,8
2025-03-16,세탁업,0,0,4,1,0,0
2025-03-16,기타미용업,1,0,2,2,0,0
2025-03-16,소매업,15,24,20,66,10,13
2025-03-16,실내 스크린 골프업,0,0,5,0,0,1
2025-03-16,슈퍼마켓,29,3,11,44,10,7
2025-03-16,커피전문점,6,15,9,11,0,2
2025-03-16,주유소·LPG충전소,0,0,0,0,0,2
2025-03-16,당구장 운영업,3,1,0,0,0,0
2025-03-16,자동차 전문수리업,0,0,0,0,0,2
2025-03-15,식품판매업,30,55,23,60,10,4
2025-03-15,일반음식점업,105,204,111,104,4,16
2025-03-15,커피전문점,5,22,21,8,0,0
2025-03-15,기타미용업,1,0,0,6,0,2
2025-03-15,당구장 운영업,2,0,0,0,0,0
2025-03-15,주유소·LPG충전소,0,0,0,0,0,1
2025-03-15,슈퍼마켓,26,8,15,55,12,4
2025-03-15,목욕장업,0,0,0,2,0,0
2025-03-15,실내 스크린 골프업,0,1,0,0,0,1
2025-03-15,자동자 세차업,0,0,1,2,0,0
2025-03-15,세탁업,3,2,4,10,0,0
2025-03-15,숙박업,35,40,28,4,0,0
2025-03-15,자동차 전문수리업,0,0,0,4,0,0
2025-03-15,휴게음식점업,7,18,0,6,0,0
2025-03-15,일반주점업,0,0,0,2,0,0
2025-03-15,소매업,14,39,14,74,6,4
2025-03-15,이ㆍ미용업,5,5,18,21,0,7
2025-03-14,식품판매업,28,41,24,77,10,3
2025-03-14,이ㆍ미용업,8,9,21,24,0,5
2025-03-14,일반음식점업,93,172,78,143,2,12
2025-03-14,주유소·LPG충전소,0,0,0,0,0,2
2025-03-14,자동차 전문수리업,0,0,0,5,0,0
2025-03-14,자동자 세차업,0,0,1,1,0,0
2025-03-14,숙박업,41,47,41,6,0,0
2025-03-14,세탁업,1,4,0,19,0,0
2025-03-14,커피전문점,3,6,7,9,0,0
2025-03-14,기타미용업,1,1,4,2,0,1
2025-03-14,당구장 운영업,1,0,0,0,0,0
2025-03-14,소매업,10,24,12,103,6,9
2025-03-14,휴게음식점업,2,13,0,4,0,0
2025-03-14,일반주점업,0,0,0,2,0,0
2025-03-14,실내 스크린 골프업,0,2,0,0,0,1
2025-03-14,슈퍼마켓,30,21,15,45,11,6
2025-03-13,슈퍼마켓,24,8,14,44,16,7
2025-03-13,소매업,10,35,13,80,10,7
2025-03-13,당구장 운영업,2,1,0,0,0,0
2025-03-13,일반음식점업,103,142,95,104,24,21
2025-03-13,자동차 전문수리업,0,2,1,2,0,0
2025-03-13,숙박업,38,41,36,2,0,0
2025-03-13,식품판매업,45,45,33,72,13,4
2025-03-13,주유소·LPG충전소,0,0,0,0,0,2
2025-03-13,기타미용업,1,0,2,2,0,1
2025-03-13,자동자 세차업,0,0,1,4,0,0
2025-03-13,휴게음식점업,2,14,0,4,0,0
2025-03-13,실내 스크린 골프업,1,2,3,0,0,1
2025-03-13,목욕장업,0,8,0,2,0,0
2025-03-13,커피전문점,5,4,11,10,0,0
2025-03-13,이ㆍ미용업,7,2,16,38,8,7
2025-03-13,세탁업,5,1,4,16,2,0
2025-03-13,일반주점업,0,0,0,2,0,0
2025-03-12,휴게음식점업,1,13,0,2,0,8
2025-03-12,숙박업,34,49,24,0,0,0
2025-03-12,일반음식점업,112,160,55,118,5,54
2025-03-12,세탁업,2,2,1,16,0,8
2025-03-12,슈퍼마켓,26,13,20,52,5,6
2025-03-12,이ㆍ미용업,8,10,20,29,0,12
2025-03-12,식품판매업,46,56,16,68,15,0
2025-03-12,기타미용업,1,2,1,0,0,1
2025-03-12,커피전문점,3,9,8,17,0,4
2025-03-12,목욕장업,0,9,0,2,0,0
2025-03-12,일반주점업,0,0,0,2,0,0
2025-03-12,실내 스크린 골프업,0,1,1,0,0,2
2025-03-12,자동차 전문수리업,0,0,1,4,0,2
2025-03-12,당구장 운영업,1,1,0,0,0,0
2025-03-12,자동자 세차업,0,0,0,2,0,0
2025-03-12,소매업,9,24,16,100,9,25
2025-03-11,자동자 세차업,0,0,0,4,0,0
2025-03-11,당구장 운영업,1,1,0,0,0,0
2025-03-11,목욕장업,0,14,0,2,0,0
2025-03-11,일반주점업,0,0,0,2,0,0
2025-03-11,주유소·LPG충전소,0,0,0,1,0,2
2025-03-11,숙박업,32,54,34,8,0,0
2025-03-11,휴게음식점업,5,8,0,8,0,0
2025-03-11,실내 스크린 골프업,0,1,1,0,0,0
2025-03-11,이ㆍ미용업,8,6,2,54,9,4
2025-03-11,자동차 전문수리업,0,0,0,2,0,0
2025-03-11,일반음식점업,113,183,53,138,27,9
2025-03-11,소매업,10,28,6,96,13,6
2025-03-11,커피전문점,2,12,3,6,0,0
2025-03-11,슈퍼마켓,27,13,19,54,13,3
2025-03-11,기타미용업,1,2,1,4,0,1
2025-03-11,식품판매업,37,83,21,63,26,3
2025-03-11,세탁업,2,4,0,13,2,0
2025-03-10,소매업,5,26,4,86,2,31
2025-03-10,자동차 전문수리업,8,2,0,2,0,4
2025-03-10,식품판매업,27,95,11,78,28,7
2025-03-10,세탁업,2,2,0,13,0,12
2025-03-10,당구장 운영업,4,2,0,0,0,0
2025-03-10,숙박업,32,59,24,0,0,0
2025-03-10,휴게음식점업,2,13,0,4,0,12
2025-03-10,기타미용업,1,0,2,7,0,1
2025-03-10,일반주점업,0,0,0,4,0,0
2025-03-10,자동자 세차업,0,0,1,6,0,0
2025-03-10,이ㆍ미용업,7,10,3,22,0,17
2025-03-10,커피전문점,5,10,1,3,0,6
2025-03-10,실내 스크린 골프업,0,2,2,0,0,1
2025-03-10,일반음식점업,124,178,63,81,2,74
2025-03-10,목욕장업,0,11,0,2,0,0
2025-03-10,주유소·LPG충전소,0,0,1,9,0,1
2025-03-10,슈퍼마켓,61,14,15,60,11,8
2025-03-09,기타미용업,1,0,0,0,0,0
2025-03-09,실내 스크린 골프업,0,1,0,0,0,1
2025-03-09,자동자 세차업,0,0,3,0,0,0
2025-03-09,휴게음식점업,1,9,0,2,1,0
2025-03-09,이ㆍ미용업,1,0,13,29,0,3
2025-03-09,목욕장업,0,6,0,0,0,0
2025-03-09,숙박업,44,60,38,3,0,0
2025-03-09,식품판매업,41,93,33,75,25,6
2025-03-09,일반음식점업,154,269,115,135,8,24
2025-03-09,슈퍼마켓,51,15,27,98,13,5
2025-03-09,소매업,13,34,29,72,4,14
2025-03-09,당구장 운영업,1,2,0,0,0,0
2025-03-09,세탁업,0,0,4,8,0,0
2025-03-09,자동차 전문수리업,0,0,0,2,0,0
2025-03-09,주유소·LPG충전소,0,0,1,11,0,6
2025-03-09,커피전문점,5,7,11,10,0,1
2025-03-08,주유소·LPG충전소,0,0,6,16,0,5
2025-03-08,세탁업,2,1,7,12,0,0
2025-03-08,이ㆍ미용업,2,7,23,34,0,1
2025-03-08,목욕장업,0,18,0,0,0,0
2025-03-08,휴게음식점업,4,17,0,3,0,0
2025-03-08,식품판매업,35,102,36,71,21,11
2025-03-08,소매업,13,29,16,67,9,9
2025-03-08,슈퍼마켓,83,14,24,98,21,2
2025-03-08,실내 스크린 골프업,0,1,0,0,0,2
2025-03-08,당구장 운영업,2,2,0,0,0,0
2025-03-08,커피전문점,6,6,11,21,0,2
2025-03-08,자동차 전문수리업,0,0,1,4,0,0
2025-03-08,자동자 세차업,0,0,3,0,0,0
2025-03-08,숙박업,44,87,43,9,0,0
2025-03-08,일반음식점업,143,312,113,164,7,21
2025-03-08,기타미용업,2,2,0,1,0,0
2025-03-07,소매업,10,31,14,100,2,13
2025-03-07,목욕장업,0,25,0,0,0,0
2025-03-07,자동차 전문수리업,0,1,0,4,0,0
2025-03-07,기타미용업,1,0,2,2,0,0
2025-03-07,일반음식점업,152,276,100,125,11,22
2025-03-07,커피전문점,4,9,16,3,0,1
2025-03-07,실내 스크린 골프업,0,0,1,0,0,1
2025-03-07,식품판매업,54,89,43,90,15,5
2025-03-07,숙박업,54,95,42,9,0,0
2025-03-07,당구장 운영업,0,1,0,0,0,0
2025-03-07,이ㆍ미용업,10,11,22,33,0,4
2025-03-07,휴게음식점업,3,5,0,4,2,0
2025-03-07,주유소·LPG충전소,0,0,7,16,0,2
2025-03-07,세탁업,4,2,6,20,0,0
2025-03-07,슈퍼마켓,98,30,45,82,6,1
2025-03-06,일반음식점업,141,299,55,168,25,27
2025-03-06,커피전문점,2,10,11,12,0,2
2025-03-06,자동차 전문수리업,0,1,0,9,0,0
2025-03-06,숙박업,40,112,35,12,0,0
2025-03-06,이ㆍ미용업,4,11,5,55,14,6
2025-03-06,식품판매업,36,108,26,68,24,8
2025-03-06,슈퍼마켓,83,40,51,78,12,4
2025-03-06,소매업,12,31,12,85,8,18
2025-03-06,세탁업,3,1,3,29,4,0
2025-03-06,주유소·LPG충전소,0,0,1,13,0,6
2025-03-06,목욕장업,0,22,0,0,0,0
2025-03-06,자동자 세차업,0,0,1,0,0,0
2025-03-06,기타미용업,1,1,1,3,0,0
2025-03-06,당구장 운영업,4,1,0,0,0,0
2025-03-06,휴게음식점업,2,4,1,4,1,0
2025-03-06,일반주점업,0,0,0,4,0,0
2025-03-06,실내 스크린 골프업,0,0,0,0,0,2
2025-03-05,슈퍼마켓,109,51,35,52,18,1
2025-03-05,목욕장업,0,21,0,0,0,0
2025-03-05,실내 스크린 골프업,0,1,2,0,0,2
2025-03-05,이ㆍ미용업,2,7,13,49,11,4
2025-03-05,숙박업,49,111,38,6,0,0
2025-03-05,휴게음식점업,4,15,0,6,0,0
2025-03-05,자동자 세차업,0,0,1,0,0,0
2025-03-05,식품판매업,30,91,22,58,22,9
2025-03-05,소매업,6,32,10,89,5,16
2025-03-05,기타미용업,1,2,2,4,0,0
2025-03-05,일반음식점업,148,297,79,142,30,23
2025-03-05,세탁업,3,4,2,22,2,0
2025-03-05,당구장 운영업,7,2,0,0,0,0
2025-03-05,자동차 전문수리업,2,0,0,4,0,0
2025-03-05,커피전문점,5,4,17,2,0,1
2025-03-05,주유소·LPG충전소,0,0,7,11,0,2
2025-03-04,슈퍼마켓,105,45,54,37,20,6
2025-03-04,주유소·LPG충전소,0,0,9,14,0,4
2025-03-04,소매업,4,33,13,57,15,35
2025-03-04,당구장 운영업,2,1,0,0,0,0
2025-03-04,자동차 전문수리업,5,0,0,2,0,4
2025-03-04,숙박업,43,106,53,4,0,0
2025-03-04,목욕장업,0,16,0,0,0,0
2025-03-04,이ㆍ미용업,14,8,12,32,8,13
2025-03-04,실내 스크린 골프업,0,1,1,0,0,2
2025-03-04,휴게음식점업,4,9,0,0,0,13
2025-03-04,기타미용업,3,1,0,2,0,0
2025-03-04,일반음식점업,114,290,95,73,32,65
2025-03-04,세탁업,4,1,2,6,2,8
2025-03-04,커피전문점,5,6,9,6,0,3
2025-03-04,식품판매업,37,71,31,48,17,15
2025-03-03,슈퍼마켓,101,55,66,45,20,2
2025-03-03,세탁업,0,2,2,11,0,0
2025-03-03,실내 스크린 골프업,0,1,3,0,0,3
2025-03-03,주유소·LPG충전소,0,0,7,24,0,3
2025-03-03,숙박업,43,132,33,6,0,0
2025-03-03,커피전문점,12,20,4,6,0,0
2025-03-03,이ㆍ미용업,6,7,2,17,0,2
2025-03-03,휴게음식점업,4,5,0,4,0,0
2025-03-03,당구장 운영업,0,2,0,0,0,0
2025-03-03,소매업,4,51,14,39,8,19
2025-03-03,기타미용업,3,0,0,3,0,0
2025-03-03,일반음식점업,125,500,52,71,3,24
2025-03-03,식품판매업,22,88,14,27,30,11
2025-03-02,자동자 세차업,0,0,3,2,0,0
2025-03-02,일반주점업,0,0,0,2,0,0
2025-03-02,실내 스크린 골프업,0,1,0,0,0,2
2025-03-02,일반음식점업,264,739,110,135,4,34
2025-03-02,커피전문점,11,33,2,9,0,3
2025-03-02,숙박업,56,179,51,11,0,0
2025-03-02,소매업,7,35,18,94,8,19
2025-03-02,슈퍼마켓,156,170,98,105,34,9
2025-03-02,기타미용업,1,0,0,0,0,2
2025-03-02,주유소·LPG충전소,0,0,8,27,6,0
2025-03-02,휴게음식점업,3,20,2,8,0,0
2025-03-02,이ㆍ미용업,7,0,10,26,0,12
2025-03-02,당구장 운영업,6,4,0,0,0,0
2025-03-02,식품판매업,34,222,42,78,27,2
2025-03-02,세탁업,0,0,0,14,0,0
2025-03-02,목욕장업,0,18,0,5,0,0
2025-03-01,커피전문점,18,39,6,7,0,6
2025-03-01,자동자 세차업,0,0,0,2,0,0
2025-03-01,자동차 전문수리업,6,1,0,2,0,2
2025-03-01,슈퍼마켓,194,560,135,118,49,12
2025-03-01,이ㆍ미용업,11,11,30,34,0,19
2025-03-01,당구장 운영업,4,4,0,0,0,0
2025-03-01,주유소·LPG충전소,50,35,46,63,66,7
2025-03-01,목욕장업,0,10,0,6,0,0
2025-03-01,세탁업,0,6,4,15,0,4
2025-03-01,기타미용업,3,0,0,0,0,2
2025-03-01,실내 스크린 골프업,0,1,1,0,0,2
2025-03-01,일반음식점업,260,957,113,106,11,61
2025-03-01,숙박업,85,242,86,4,0,0
2025-03-01,소매업,10,94,21,85,17,26
2025-03-01,휴게음식점업,5,24,0,6,0,6
2025-03-01,식품판매업,65,218,26,94,47,6
2025-02-28,슈퍼마켓,9,2,4,17,4,4
2025-02-28,소매업,5,15,7,64,3,11
2025-02-28,커피전문점,15,1,3,4,0,1
2025-02-28,자동차 전문수리업,0,0,0,3,0,0
2025-02-28,숙박업,19,10,9,5,0,0
2025-02-28,당구장 운영업,2,0,0,0,0,0
2025-02-28,일반음식점업,70,87,46,106,5,19
2025-02-28,세탁업,1,0,0,13,0,0
2025-02-28,실내 스크린 골프업,0,0,0,0,0,1
2025-02-28,주유소·LPG충전소,0,0,0,0,0,1
2025-02-28,목욕장업,0,0,0,4,0,0
2025-02-28,이ㆍ미용업,2,7,5,40,0,7
2025-02-28,자동자 세차업,0,0,3,0,0,0
2025-02-28,휴게음식점업,3,4,1,2,0,2
2025-02-28,식품판매업,22,25,8,35,13,4
2025-02-28,기타미용업,1,0,3,3,0,1
2025-02-27,일반음식점업,53,83,76,83,3,42
2025-02-27,실내 스크린 골프업,0,0,3,0,0,2
2025-02-27,휴게음식점업,3,12,3,1,0,10
2025-02-27,자동자 세차업,0,0,1,0,0,0
2025-02-27,슈퍼마켓,11,6,13,21,1,5
2025-02-27,당구장 운영업,1,0,0,0,0,0
2025-02-27,자동차 전문수리업,0,0,1,1,0,4
2025-02-27,식품판매업,26,18,8,45,7,6
2025-02-27,숙박업,22,6,9,4,0,0
2025-02-27,세탁업,0,3,0,7,0,4
2025-02-27,목욕장업,0,0,0,2,0,0
2025-02-27,기타미용업,0,2,2,5,0,1
2025-02-27,커피전문점,4,5,1,2,0,2
2025-02-27,소매업,7,9,13,63,0,19
2025-02-27,주유소·LPG충전소,0,0,0,0,0,1
2025-02-27,이ㆍ미용업,5,2,14,30,0,9
2025-02-26,휴게음식점업,6,12,3,7,0,8
2025-02-26,목욕장업,0,0,0,2,0,0
2025-02-26,숙박업,16,17,7,0,0,0
2025-02-26,당구장 운영업,2,0,0,0,0,0
2025-02-26,이ㆍ미용업,3,2,23,34,7,13
2025-02-26,식품판매업,23,21,9,30,4,3
2025-02-26,소매업,9,15,15,60,5,23
2025-02-26,자동자 세차업,0,0,1,0,0,0
2025-02-26,슈퍼마켓,9,0,24,24,2,5
2025-02-26,커피전문점,6,2,5,11,0,5
2025-02-26,자동차 전문수리업,0,2,1,1,0,0
2025-02-26,기타미용업,0,2,5,4,0,1
2025-02-26,실내 스크린 골프업,1,1,1,0,0,0
2025-02-26,일반음식점업,75,93,70,100,18,39
2025-02-26,세탁업,1,4,5,9,2,8
2025-02-25,기타미용업,0,2,2,3,0,2
2025-02-25,커피전문점,1,9,8,6,0,1
2025-02-25,실내 스크린 골프업,0,0,1,0,0,1
2025-02-25,당구장 운영업,2,0,0,0,0,0
2025-02-25,일반음식점업,68,101,102,77,18,17
2025-02-25,이ㆍ미용업,2,11,27,22,9,6
2025-02-25,휴게음식점업,3,6,0,9,0,0
2025-02-25,숙박업,22,11,9,2,0,0
2025-02-25,주유소·LPG충전소,0,0,0,0,0,2
2025-02-25,소매업,8,19,16,49,5,7
2025-02-25,식품판매업,24,24,18,46,8,2
2025-02-25,목욕장업,0,0,0,4,0,0
2025-02-25,자동차 전문수리업,0,0,0,4,0,0
2025-02-25,슈퍼마켓,11,0,10,27,6,4
2025-02-25,세탁업,0,4,3,12,2,0
2025-02-24,자동차 전문수리업,0,1,1,1,0,0
2025-02-24,숙박업,29,10,9,1,0,0
2025-02-24,세탁업,3,1,4,9,2,0
2025-02-24,휴게음식점업,3,12,3,4,0,0
2025-02-24,목욕장업,0,0,0,4,0,0
2025-02-24,슈퍼마켓,13,3,14,22,7,2
2025-02-24,소매업,8,15,17,52,6,11
2025-02-24,실내 스크린 골프업,0,0,0,0,0,1
2025-02-24,식품판매업,25,20,32,42,10,2
2025-02-24,자동자 세차업,0,0,1,0,0,0
2025-02-24,커피전문점,8,5,6,3,0,3
2025-02-24,기타미용업,0,0,0,3,0,1
2025-02-24,일반음식점업,65,85,84,61,20,17
2025-02-24,당구장 운영업,0,1,0,0,0,0
2025-02-24,이ㆍ미용업,4,5,29,20,6,8
2025-02-23,숙박업,24,16,16,4,0,0
2025-02-23,기타미용업,2,0,1,5,0,0
2025-02-23,커피전문점,9,8,9,6,0,0
2025-02-23,이ㆍ미용업,0,1,1,40,0,4
2025-02-23,식품판매업,25,14,5,34,7,11
2025-02-23,일반주점업,0,0,0,4,0,0
2025-02-23,일반음식점업,115,100,78,159,2,20
2025-02-23,슈퍼마켓,12,2,14,44,6,1
2025-02-23,휴게음식점업,1,17,3,9,1,0
2025-02-23,당구장 운영업,3,3,0,0,0,0
2025-02-23,세탁업,0,0,0,6,0,0
2025-02-23,주유소·LPG충전소,0,0,0,0,0,3
2025-02-23,소매업,6,18,4,81,3,10
2025-02-22,커피전문점,5,12,9,7,0,4
2025-02-22,숙박업,36,9,17,2,0,0
2025-02-22,일반음식점업,126,132,64,104,5,74
2025-02-22,슈퍼마켓,20,3,18,40,8,5
2025-02-22,소매업,6,25,9,59,4,29
2025-02-22,이ㆍ미용업,3,4,1,23,0,11
2025-02-22,기타미용업,1,0,1,6,0,0
2025-02-22,주유소·LPG충전소,0,0,0,0,0,2
2025-02-22,자동차 전문수리업,0,0,0,0,0,2
2025-02-22,식품판매업,24,27,12,47,13,8
2025-02-22,세탁업,2,4,2,14,0,12
2025-02-22,자동자 세차업,0,0,1,0,0,0
2025-02-22,휴게음식점업,3,16,0,4,0,14
2025-02-22,당구장 운영업,2,2,0,0,0,0
2025-02-21,당구장 운영업,3,0,0,0,0,0
2025-02-21,실내 스크린 골프업,1,1,2,0,0,1
2025-02-21,기타미용업,1,0,7,4,0,0
2025-02-21,자동차 전문수리업,0,2,0,0,0,2
2025-02-21,주유소·LPG충전소,0,0,0,0,0,2
2025-02-21,휴게음식점업,10,9,0,2,1,4
2025-02-21,커피전문점,7,8,4,4,0,0
2025-02-21,슈퍼마켓,14,2,21,35,9,2
2025-02-21,일반음식점업,90,149,68,134,8,35
2025-02-21,소매업,16,21,4,80,4,16
2025-02-21,세탁업,0,2,0,18,0,2
2025-02-21,숙박업,35,10,10,7,0,0
2025-02-21,식품판매업,23,28,11,62,12,11
2025-02-21,일반주점업,0,0,0,2,0,0
2025-02-21,자동자 세차업,0,0,1,3,0,0
2025-02-21,이ㆍ미용업,3,12,4,31,1,6
2025-02-20,실내 스크린 골프업,0,0,1,0,0,3
2025-02-20,자동자 세차업,0,0,0,2,0,0
2025-02-20,숙박업,21,14,7,7,0,0
2025-02-20,소매업,16,26,3,79,4,12
2025-02-20,이ㆍ미용업,4,7,2,49,0,3
2025-02-20,기타미용업,1,0,2,4,0,0
2025-02-20,휴게음식점업,5,9,0,11,0,0
2025-02-20,세탁업,5,7,2,6,0,0
2025-02-20,자동차 전문수리업,0,2,1,5,0,0
2025-02-20,커피전문점,3,5,5,11,0,0
2025-02-20,일반주점업,0,0,0,2,0,0
2025-02-20,당구장 운영업,2,0,0,0,0,0
2025-02-20,일반음식점업,84,92,66,127,2,20
2025-02-20,식품판매업,23,29,16,67,3,4
2025-02-20,슈퍼마켓,25,4,15,27,8,2
2025-02-20,주유소·LPG충전소,0,0,0,0,0,1
2025-02-19,기타미용업,0,0,0,2,0,0
2025-02-19,일반음식점업,85,94,59,82,21,54
2025-02-19,당구장 운영업,4,0,0,0,0,0
2025-02-19,숙박업,36,19,13,4,0,0
2025-02-19,세탁업,2,2,3,16,2,10
2025-02-19,이ㆍ미용업,1,6,3,22,7,13
2025-02-19,휴게음식점업,2,8,0,0,0,10
2025-02-19,자동자 세차업,0,0,1,2,0,0
2025-02-19,슈퍼마켓,17,26,10,48,5,4
2025-02-19,실내 스크린 골프업,0,1,2,0,0,0
2025-02-19,소매업,17,26,5,60,7,30
2025-02-19,커피전문점,11,2,11,11,0,4
2025-02-19,자동차 전문수리업,0,3,0,9,0,2
2025-02-19,식품판매업,30,34,18,48,10,6
2025-02-18,이ㆍ미용업,4,6,14,36,12,2
2025-02-18,기타미용업,1,0,1,6,0,0
2025-02-18,자동자 세차업,0,0,2,3,0,0
2025-02-18,소매업,10,30,9,63,5,6
2025-02-18,커피전문점,2,8,5,13,0,0
2025-02-18,당구장 운영업,6,0,0,0,0,0
2025-02-18,식품판매업,40,34,34,59,10,6
2025-02-18,휴게음식점업,6,9,0,5,0,0
2025-02-18,슈퍼마켓,14,16,12,36,9,1
2025-02-18,세탁업,1,7,6,18,2,0
2025-02-18,일반음식점업,84,116,86,70,20,16
2025-02-18,자동차 전문수리업,0,0,0,1,0,0
2025-02-18,실내 스크린 골프업,1,0,3,0,0,1
2025-02-18,숙박업,39,28,36,6,0,0
2025-02-17,실내 스크린 골프업,1,0,0,0,0,1
2025-02-17,휴게음식점업,4,4,0,1,0,0
2025-02-17,일반음식점업,113,136,102,66,1,16
2025-02-17,소매업,15,26,5,50,3,11
2025-02-17,커피전문점,5,10,11,2,0,0
2025-02-17,기타미용업,2,0,1,3,0,0
2025-02-17,이ㆍ미용업,3,6,15,23,0,2
2025-02-17,세탁업,5,1,8,22,0,0
2025-02-17,식품판매업,23,36,35,83,4,6
2025-02-17,자동차 전문수리업,0,0,0,5,0,0
2025-02-17,자동자 세차업,0,0,4,2,0,0
2025-02-17,슈퍼마켓,15,12,12,39,8,2
2025-02-17,숙박업,49,29,33,0,0,0
2025-02-17,당구장 운영업,0,3,0,0,0,0
2025-02-16,일반음식점업,134,180,121,91,3,20
2025-02-16,소매업,15,30,10,51,12,12
2025-02-16,세탁업,0,0,0,8,0,0
2025-02-16,슈퍼마켓,23,24,6,61,19,5
2025-02-16,자동자 세차업,0,0,0,2,0,0
2025-02-16,주유소·LPG충전소,0,0,0,0,0,2
2025-02-16,실내 스크린 골프업,1,0,1,0,0,0
2025-02-16,휴게음식점업,3,7,0,4,1,0
2025-02-16,당구장 운영업,4,3,0,0,0,0
2025-02-16,숙박업,47,26,34,0,0,0
2025-02-16,커피전문점,11,22,10,7,0,2
2025-02-16,기타미용업,0,0,0,0,0,2
2025-02-16,식품판매업,35,40,19,46,17,1
2025-02-16,목욕장업,0,0,0,4,0,0
2025-02-16,이ㆍ미용업,0,4,5,11,0,6
2025-02-15,세탁업,2,1,4,8,0,0
2025-02-15,숙박업,49,46,43,0,0,0
2025-02-15,실내 스크린 골프업,0,2,1,0,0,2
2025-02-15,식품판매업,28,45,18,68,13,0
2025-02-15,커피전문점,9,12,5,14,0,2
2025-02-15,이ㆍ미용업,6,6,34,28,0,2
2025-02-15,소매업,17,41,16,72,4,1
2025-02-15,슈퍼마켓,27,27,14,56,13,4
2025-02-15,당구장 운영업,3,0,0,0,0,0
2025-02-15,자동자 세차업,0,0,1,3,0,0
2025-02-15,목욕장업,0,2,0,5,0,0
2025-02-15,기타미용업,0,0,0,2,0,0
2025-02-15,자동차 전문수리업,0,0,0,4,0,0
2025-02-15,주유소·LPG충전소,0,0,0,0,0,1
2025-02-15,일반음식점업,135,204,86,117,6,11
2025-02-15,휴게음식점업,3,16,0,7,1,0
2025-02-14,숙박업,43,58,51,2,0,0
2025-02-14,자동차 전문수리업,1,4,0,0,0,0
2025-02-14,목욕장업,0,6,0,4,0,0
2025-02-14,실내 스크린 골프업,0,1,2,0,0,0
2025-02-14,슈퍼마켓,27,24,8,39,11,3
2025-02-14,당구장 운영업,1,1,0,0,0,0
2025-02-14,휴게음식점업,6,12,0,2,0,0
2025-02-14,이ㆍ미용업,10,11,16,25,0,5
2025-02-14,소매업,9,44,29,66,9,7
2025-02-14,커피전문점,3,8,11,7,0,0
2025-02-14,식품판매업,21,41,36,77,8,3
2025-02-14,기타미용업,1,0,3,1,0,1
2025-02-14,자동자 세차업,0,0,1,2,0,0
2025-02-14,일반음식점업,99,137,111,83,4,12
2025-02-14,주유소·LPG충전소,0,0,1,0,0,1
2025-02-14,세탁업,1,4,1,18,0,0
2025-02-13,식품판매업,24,57,22,45,22,6
2025-02-13,실내 스크린 골프업,0,0,0,0,0,1
2025-02-13,세탁업,4,5,1,10,2,10
2025-02-13,기타미용업,1,0,0,3,0,1
2025-02-13,슈퍼마켓,24,13,5,53,9,9
2025-02-13,일반음식점업,102,171,71,64,19,65
2025-02-13,자동자 세차업,0,0,1,4,0,0
2025-02-13,숙박업,41,59,33,3,0,0
2025-02-13,소매업,9,35,8,73,6,28
2025-02-13,당구장 운영업,1,0,0,0,0,0
2025-02-13,자동차 전문수리업,1,4,0,3,0,4
2025-02-13,목욕장업,0,12,0,4,0,0
2025-02-13,이ㆍ미용업,8,11,1,22,6,15
2025-02-13,휴게음식점업,2,15,0,3,0,14
2025-02-13,커피전문점,6,9,5,4,0,6
2025-02-12,휴게음식점업,9,7,0,4,0,0
2025-02-12,이ㆍ미용업,10,9,4,49,10,7
2025-02-12,자동차 전문수리업,1,0,0,3,0,0
2025-02-12,당구장 운영업,2,2,0,0,0,0
2025-02-12,일반음식점업,84,165,46,111,22,23
2025-02-12,숙박업,50,59,30,6,0,0
2025-02-12,커피전문점,8,4,0,22,0,2
2025-02-12,식품판매업,39,36,12,68,12,2
2025-02-12,실내 스크린 골프업,1,0,6,0,0,1
2025-02-12,세탁업,0,2,0,12,2,2
2025-02-12,일반주점업,0,0,0,2,0,0
2025-02-12,주유소·LPG충전소,0,0,1,0,0,0
2025-02-12,목욕장업,0,0,0,2,0,0
2025-02-12,소매업,8,23,2,90,7,6
2025-02-12,슈퍼마켓,32,14,15,45,13,4
2025-02-12,기타미용업,0,0,0,0,0,1
2025-02-11,세탁업,4,5,0,21,0,10
2025-02-11,일반음식점업,112,207,76,80,5,67
2025-02-11,소매업,14,39,9,78,5,28
2025-02-11,숙박업,51,74,47,3,0,0
2025-02-11,식품판매업,41,60,23,65,9,4
2025-02-11,휴게음식점업,2,5,0,0,1,12
2025-02-11,주유소·LPG충전소,0,0,2,3,0,0
2025-02-11,기타미용업,0,0,0,1,0,1
2025-02-11,자동자 세차업,0,0,2,4,0,0
2025-02-11,커피전문점,8,7,5,5,0,7
2025-02-11,당구장 운영업,4,0,0,0,0,0
2025-02-11,슈퍼마켓,35,8,10,64,10,10
2025-02-11,이ㆍ미용업,5,13,0,24,0,19
2025-02-11,목욕장업,0,9,0,2,0,0
2025-02-11,자동차 전문수리업,0,0,0,4,0,2
2025-02-11,실내 스크린 골프업,0,0,6,0,0,2
2025-02-10,자동차 전문수리업,0,1,0,2,0,0
2025-02-10,기타미용업,0,0,2,0,0,1
2025-02-10,숙박업,43,71,45,4,0,0
2025-02-10,커피전문점,8,11,13,6,0,1
2025-02-10,세탁업,2,1,5,17,2,0
2025-02-10,당구장 운영업,1,0,0,0,0,0
2025-02-10,일반음식점업,113,196,122,94,24,19
2025-02-10,주유소·LPG충전소,0,0,5,7,0,2
2025-02-10,목욕장업,0,14,0,4,0,0
2025-02-10,실내 스크린 골프업,1,1,4,0,0,0
2025-02-10,소매업,6,13,10,81,8,6
2025-02-10,슈퍼마켓,44,10,16,59,17,2
2025-02-10,이ㆍ미용업,7,10,20,32,6,6
2025-02-10,휴게음식점업,4,9,0,4,0,0
2025-02-10,식품판매업,34,71,42,58,27,2
2025-02-09,일반음식점업,143,241,85,106,6,20
2025-02-09,실내 스크린 골프업,0,0,1,0,0,2
2025-02-09,자동자 세차업,0,0,0,2,0,0
2025-02-09,소매업,13,22,23,53,8,13
2025-02-09,목욕장업,0,16,0,0,0,0
2025-02-09,휴게음식점업,6,8,0,5,0,0
2025-02-09,식품판매업,42,63,23,85,13,6
2025-02-09,커피전문점,7,18,15,10,0,0
2025-02-09,기타미용업,2,0,0,2,0,0
2025-02-09,당구장 운영업,3,0,0,0,0,0
2025-02-09,이ㆍ미용업,3,0,23,12,0,3
2025-02-09,주유소·LPG충전소,0,0,2,3,0,0
2025-02-09,슈퍼마켓,44,12,17,76,9,3
2025-02-09,숙박업,51,65,45,4,0,0
2025-02-09,세탁업,0,0,5,9,0,0
2025-02-08,식품판매업,32,90,21,83,22,9
2025-02-08,이ㆍ미용업,5,6,10,29,0,7
2025-02-08,실내 스크린 골프업,0,1,2,0,0,2
2025-02-08,자동차 전문수리업,0,0,0,4,0,2
2025-02-08,당구장 운영업,1,1,0,0,0,0
2025-02-08,슈퍼마켓,58,12,13,64,5,3
2025-02-08,세탁업,0,2,0,8,0,0
2025-02-08,일반주점업,0,0,0,2,0,0
2025-02-08,휴게음식점업,3,16,0,0,0,0
2025-02-08,숙박업,52,103,30,7,0,0
2025-02-08,커피전문점,6,15,12,16,0,0
2025-02-08,자동자 세차업,0,0,0,3,0,0
2025-02-08,주유소·LPG충전소,0,0,2,5,0,3
2025-02-08,기타미용업,1,0,0,6,0,0
2025-02-08,소매업,6,34,8,83,4,19
2025-02-08,목욕장업,0,18,0,0,0,0
2025-02-08,일반음식점업,170,306,105,120,11,27
2025-02-07,숙박업,38,103,33,5,0,0
2025-02-07,당구장 운영업,3,1,0,0,0,0
2025-02-07,자동차 전문수리업,3,1,0,3,0,0
2025-02-07,커피전문점,9,6,9,14,0,2
2025-02-07,일반음식점업,129,281,100,132,4,52
2025-02-07,이ㆍ미용업,3,3,11,19,0,10
2025-02-07,주유소·LPG충전소,0,0,1,3,0,6
2025-02-07,기타미용업,1,0,0,5,0,0
2025-02-07,실내 스크린 골프업,0,1,0,0,0,2
2025-02-07,목욕장업,0,11,0,0,0,0
2025-02-07,휴게음식점업,6,7,0,5,1,8
2025-02-07,자동자 세차업,0,0,1,4,0,0
2025-02-07,슈퍼마켓,85,24,29,34,5,7
2025-02-07,식품판매업,39,88,21,58,14,10
2025-02-07,세탁업,2,3,0,17,0,6
2025-02-07,소매업,8,25,19,88,2,25
2025-02-06,일반음식점업,116,277,72,140,19,22
2025-02-06,이ㆍ미용업,7,10,31,46,8,6
2025-02-06,목욕장업,0,4,0,0,0,0
2025-02-06,자동자 세차업,0,0,2,4,0,0
2025-02-06,식품판매업,26,80,21,58,16,8
2025-02-06,주유소·LPG충전소,0,0,5,5,0,5
2025-02-06,자동차 전문수리업,2,3,0,2,0,0
2025-02-06,슈퍼마켓,84,18,45,44,13,2
2025-02-06,소매업,13,26,23,85,9,16
2025-02-06,당구장 운영업,0,1,0,0,0,0
2025-02-06,커피전문점,6,2,14,6,0,0
2025-02-06,휴게음식점업,5,12,0,4,0,0
2025-02-06,세탁업,2,5,5,19,2,0
2025-02-06,기타미용업,0,0,0,2,0,0
2025-02-06,숙박업,39,102,47,6,0,0
2025-02-06,실내 스크린 골프업,0,0,4,0,0,3
2025-02-05,세탁업,2,6,5,12,0,0
2025-02-05,실내 스크린 골프업,0,1,0,0,0,1
2025-02-05,자동자 세차업,0,0,0,4,0,0
2025-02-05,기타미용업,1,0,2,6,0,0
2025-02-05,일반음식점업,143,339,96,167,5,17
2025-02-05,숙박업,51,116,37,0,0,0
2025-02-05,일반주점업,0,0,0,4,0,0
2025-02-05,자동차 전문수리업,1,2,0,2,0,0
2025-02-05,목욕장업,0,1,0,0,0,0
2025-02-05,소매업,8,38,14,121,7,12
2025-02-05,커피전문점,6,8,9,17,0,0
2025-02-05,이ㆍ미용업,3,9,15,58,0,2
2025-02-05,당구장 운영업,4,2,0,0,0,0
2025-02-05,식품판매업,41,80,40,72,18,7
2025-02-05,휴게음식점업,6,8,0,13,0,0
2025-02-05,슈퍼마켓,96,23,38,62,10,3
2025-02-05,주유소·LPG충전소,0,0,1,19,0,2
2025-02-04,식품판매업,43,94,39,83,24,7
2025-02-04,당구장 운영업,2,1,0,0,0,0
2025-02-04,소매업,9,53,19,104,7,20
2025-02-04,자동차 전문수리업,4,1,0,3,0,0
2025-02-04,기타미용업,1,0,2,8,0,0
2025-02-04,주유소·LPG충전소,0,0,5,23,0,7
2025-02-04,일반음식점업,169,387,96,145,22,23
2025-02-04,휴게음식점업,8,12,1,8,0,0
2025-02-04,자동자 세차업,0,0,0,4,0,0
2025-02-04,실내 스크린 골프업,0,2,5,0,0,3
2025-02-04,커피전문점,8,15,7,9,0,0
2025-02-04,숙박업,41,142,31,6,0,0
2025-02-04,세탁업,4,3,4,14,2,0
2025-02-04,목욕장업,0,8,0,0,0,0
2025-02-04,이ㆍ미용업,11,9,16,29,10,5
2025-02-04,슈퍼마켓,113,41,60,87,16,2
2025-02-03,자동차 전문수리업,6,0,0,4,0,0
2025-02-03,숙박업,50,157,38,6,0,0
2025-02-03,일반주점업,0,0,0,4,0,0
2025-02-03,커피전문점,14,16,7,6,0,0
2025-02-03,휴게음식점업,1,13,0,8,3,0
2025-02-03,실내 스크린 골프업,0,0,1,0,0,2
2025-02-03,세탁업,2,2,0,14,2,0
2025-02-03,기타미용업,0,0,0,7,0,0
2025-02-03,슈퍼마켓,131,70,65,74,29,2
2025-02-03,주유소·LPG충전소,0,0,7,24,0,5
2025-02-03,소매업,15,65,16,99,12,17
2025-02-03,식품판매업,23,102,40,73,15,8
2025-02-03,당구장 운영업,1,1,0,0,0,0
2025-02-03,이ㆍ미용업,11,11,17,52,6,4
2025-02-03,일반음식점업,154,537,109,143,20,23
2025-02-03,자동자 세차업,0,0,0,4,0,0
2025-02-03,목욕장업,0,15,0,0,0,0
2025-02-02,주유소·LPG충전소,0,0,5,35,3,2
2025-02-02,커피전문점,10,37,13,16,0,4
2025-02-02,세탁업,0,0,4,14,0,0
2025-02-02,기타미용업,2,0,2,2,0,2
2025-02-02,숙박업,68,179,58,8,0,0
2025-02-02,슈퍼마켓,175,177,83,114,41,9
2025-02-02,식품판매업,45,238,30,93,32,2
2025-02-02,당구장 운영업,5,1,0,0,0,0
2025-02-02,이ㆍ미용업,2,5,4,34,0,8
2025-02-02,자동차 전문수리업,3,0,0,0,0,0
2025-02-02,실내 스크린 골프업,0,0,0,0,0,2
2025-02-02,자동자 세차업,0,0,1,0,0,0
2025-02-02,소매업,6,59,34,104,7,13
2025-02-02,일반음식점업,219,669,145,167,4,33
2025-02-02,목욕장업,0,13,0,2,0,0
2025-02-02,휴게음식점업,7,4,0,4,0,0
2025-02-01,휴게음식점업,3,7,0,3,0,10
2025-02-01,식품판매업,41,201,23,86,40,8
2025-02-01,슈퍼마켓,183,513,139,104,35,8
2025-02-01,숙박업,89,251,83,1,0,0
2025-02-01,목욕장업,0,5,0,2,0,0
2025-02-01,당구장 운영업,5,1,0,0,0,0
2025-02-01,이ㆍ미용업,8,7,30,32,0,20
2025-02-01,세탁업,3,2,0,13,0,6
2025-02-01,커피전문점,17,19,8,12,0,6
2025-02-01,기타미용업,2,0,0,1,0,3
2025-02-01,실내 스크린 골프업,0,0,1,0,0,3
2025-02-01,자동차 전문수리업,1,0,0,0,0,4
2025-02-01,일반음식점업,228,904,131,134,3,81
2025-02-01,주유소·LPG충전소,47,33,54,69,66,6
2025-02-01,소매업,16,83,24,109,16,30
2025-01-31,세탁업,0,1,1,2,0,0
2025-01-31,목욕장업,0,0,0,4,0,0
2025-01-31,휴게음식점업,2,0,0,11,0,4
2025-01-31,기타미용업,0,0,4,3,0,2
2025-01-31,커피전문점,4,13,2,10,0,2
2025-01-31,숙박업,19,8,15,2,0,0
2025-01-31,소매업,5,15,25,42,5,6
2025-01-31,슈퍼마켓,4,2,9,21,4,4
2025-01-31,자동차 전문수리업,0,0,1,0,1,0
2025-01-31,실내 스크린 골프업,0,3,0,0,0,0
2025-01-31,일반음식점업,65,69,46,102,10,18
2025-01-31,당구장 운영업,2,0,0,0,0,0
2025-01-31,식품판매업,24,12,25,37,3,1
2025-01-31,이ㆍ미용업,1,4,9,28,5,5
2025-01-30,기타미용업,0,0,1,1,0,2
2025-01-30,세탁업,0,1,3,2,2,0
2025-01-30,커피전문점,8,7,7,3,0,3
2025-01-30,숙박업,15,6,15,2,0,0
2025-01-30,일반음식점업,68,60,69,57,29,22
2025-01-30,식품판매업,20,10,13,13,7,0
2025-01-30,소매업,8,9,11,21,5,13
2025-01-30,실내 스크린 골프업,0,1,0,0,0,2
2025-01-30,이ㆍ미용업,0,0,2,10,6,8
2025-01-30,휴게음식점업,2,0,2,3,1,0
2025-01-30,당구장 운영업,2,1,0,0,0,0
2025-01-30,목욕장업,0,0,0,2,0,0
2025-01-30,슈퍼마켓,5,0,9,18,9,3
2025-01-29,기타미용업,0,0,1,2,0,0
2025-01-29,당구장 운영업,1,1,0,0,0,0
2025-01-29,일반음식점업,41,49,61,50,1,4
2025-01-29,주유소·LPG충전소,0,0,0,0,0,3
2025-01-29,숙박업,27,4,10,5,0,0
2025-01-29,소매업,1,6,14,15,0,0
2025-01-29,세탁업,0,0,4,2,0,0
2025-01-29,휴게음식점업,0,5,2,5,1,0
2025-01-29,실내 스크린 골프업,0,2,0,0,0,0
2025-01-29,이ㆍ미용업,0,2,10,2,0,0
2025-01-29,자동자 세차업,0,0,1,0,0,0
2025-01-29,식품판매업,12,13,8,32,1,0
2025-01-29,슈퍼마켓,2,0,9,23,3,0
2025-01-29,커피전문점,9,5,0,4,0,0
2025-01-28,실내 스크린 골프업,0,0,2,0,0,2
2025-01-28,슈퍼마켓,9,0,10,25,7,10
2025-01-28,기타미용업,0,0,2,1,0,2
2025-01-28,일반음식점업,55,55,70,60,24,17
2025-01-28,커피전문점,3,9,3,5,0,3
2025-01-28,이ㆍ미용업,0,6,23,4,8,7
2025-01-28,자동자 세차업,0,0,4,0,0,0
2025-01-28,숙박업,25,3,15,5,0,0
2025-01-28,세탁업,0,0,4,1,2,0
2025-01-28,휴게음식점업,0,9,3,0,0,0
2025-01-28,식품판매업,8,5,8,24,3,2
2025-01-28,목욕장업,0,0,0,4,0,0
2025-01-28,소매업,9,7,10,43,2,10
2025-01-28,당구장 운영업,0,1,0,0,0,0
2025-01-27,식품판매업,13,10,11,55,6,2
2025-01-27,자동차 전문수리업,0,2,0,0,0,0
2025-01-27,슈퍼마켓,19,3,12,32,4,3
2025-01-27,소매업,5,5,7,70,8,6
2025-01-27,기타미용업,1,0,5,3,0,1
2025-01-27,자동자 세차업,0,0,3,0,0,0
2025-01-27,목욕장업,0,0,0,2,0,0
2025-01-27,실내 스크린 골프업,0,0,2,0,0,0
2025-01-27,당구장 운영업,3,1,0,0,0,0
2025-01-27,이ㆍ미용업,0,2,22,22,2,6
2025-01-27,세탁업,0,1,0,2,0,0
2025-01-27,일반음식점업,83,80,69,79,25,16
2025-01-27,커피전문점,12,9,8,4,0,2
2025-01-27,숙박업,34,5,11,5,0,0
2025-01-27,휴게음식점업,0,8,2,8,0,4
2025-01-26,일반음식점업,92,115,111,95,2,19
2025-01-26,소매업,8,20,20,41,2,11
2025-01-26,식품판매업,23,12,26,48,12,7
2025-01-26,이ㆍ미용업,0,8,9,15,0,6
2025-01-26,기타미용업,0,0,2,1,0,0
2025-01-26,실내 스크린 골프업,2,0,0,0,0,3
2025-01-26,당구장 운영업,1,1,0,0,0,0
2025-01-26,슈퍼마켓,5,21,12,29,13,3
2025-01-26,세탁업,0,0,3,4,0,0
2025-01-26,숙박업,33,3,24,6,0,0
2025-01-26,휴게음식점업,1,3,0,5,0,0
2025-01-26,커피전문점,10,12,6,6,0,0
2025-01-25,주유소·LPG충전소,0,0,0,0,0,1
2025-01-25,휴게음식점업,1,16,0,4,0,3
2025-01-25,세탁업,0,0,4,4,0,0
2025-01-25,자동차 전문수리업,0,0,0,0,1,0
2025-01-25,숙박업,31,5,17,8,0,0
2025-01-25,기타미용업,0,0,4,2,0,0
2025-01-25,이ㆍ미용업,2,7,11,21,0,0
2025-01-25,슈퍼마켓,14,18,6,29,7,0
2025-01-25,소매업,15,19,16,59,2,12
2025-01-25,실내 스크린 골프업,0,1,5,0,0,2
2025-01-25,당구장 운영업,3,0,0,0,0,0
2025-01-25,커피전문점,8,19,2,10,0,0
2025-01-25,자동자 세차업,0,0,0,1,0,0
2025-01-25,일반음식점업,84,129,99,100,13,18
2025-01-25,일반주점업,0,0,0,4,0,0
2025-01-25,식품판매업,32,29,26,47,13,6
2025-01-24,휴게음식점업,7,6,0,3,0,6
2025-01-24,기타미용업,0,0,0,2,0,0
2025-01-24,세탁업,0,5,0,7,0,6
2025-01-24,자동차 전문수리업,0,1,1,0,0,4
2025-01-24,주유소·LPG충전소,0,0,0,0,0,2
2025-01-24,자동자 세차업,0,0,0,1,0,0
2025-01-24,일반음식점업,62,116,68,94,5,45
2025-01-24,슈퍼마켓,9,18,15,19,8,1
2025-01-24,식품판매업,22,28,23,35,16,6
2025-01-24,소매업,11,16,13,65,3,21
2025-01-24,숙박업,34,11,9,2,0,0
2025-01-24,이ㆍ미용업,5,7,7,25,0,6
2025-01-24,실내 스크린 골프업,0,1,2,0,0,1
2025-01-24,목욕장업,0,0,0,2,0,0
2025-01-24,커피전문점,5,3,4,5,0,0
2025-01-24,당구장 운영업,5,1,0,0,0,0
2025-01-23,자동자 세차업,0,0,2,2,0,0
2025-01-23,목욕장업,0,0,0,2,0,0
2025-01-23,세탁업,0,5,0,10,0,8
2025-01-23,자동차 전문수리업,0,3,0,0,0,0
2025-01-23,커피전문점,1,9,9,5,0,4
2025-01-23,슈퍼마켓,17,2,7,14,6,6
2025-01-23,휴게음식점업,5,10,0,4,0,11
2025-01-23,실내 스크린 골프업,0,1,1,0,0,3
2025-01-23,소매업,5,14,8,60,0,36
2025-01-23,식품판매업,11,20,12,48,3,11
2025-01-23,당구장 운영업,5,1,0,0,0,0
2025-01-23,숙박업,34,12,24,0,0,0
2025-01-23,이ㆍ미용업,3,4,5,19,0,7
2025-01-23,기타미용업,1,0,1,4,0,0
2025-01-23,일반음식점업,69,93,64,75,8,59
2025-01-22,이ㆍ미용업,8,3,5,16,0,8
2025-01-22,일반음식점업,71,96,64,85,2,60
2025-01-22,소매업,8,15,10,70,3,30
2025-01-22,숙박업,24,10,15,3,0,0
2025-01-22,당구장 운영업,0,1,0,0,0,0
2025-01-22,휴게음식점업,6,8,0,2,0,8
2025-01-22,자동자 세차업,0,0,2,3,0,0
2025-01-22,자동차 전문수리업,0,2,0,0,0,4
2025-01-22,커피전문점,5,5,6,3,0,3
2025-01-22,식품판매업,25,19,17,54,8,12
2025-01-22,슈퍼마켓,11,0,12,26,2,4
2025-01-22,주유소·LPG충전소,0,0,0,0,0,2
2025-01-22,세탁업,0,3,0,7,0,9
2025-01-22,기타미용업,4,0,2,4,0,0
2025-01-22,실내 스크린 골프업,0,0,3,0,0,1
2025-01-21,이ㆍ미용업,3,5,3,16,0,11
2025-01-21,숙박업,42,21,17,3,0,0
2025-01-21,실내 스크린 골프업,0,0,0,0,0,1
2025-01-21,자동자 세차업,0,0,0,4,0,0
2025-01-21,자동차 전문수리업,0,3,0,0,0,0
2025-01-21,커피전문점,3,6,0,12,0,2
2025-01-21,기타미용업,3,0,3,4,0,0
2025-01-21,세탁업,1,8,0,10,0,6
2025-01-21,소매업,16,17,5,48,2,32
2025-01-21,휴게음식점업,7,5,0,3,0,10
2025-01-21,당구장 운영업,0,2,0,0,0,0
2025-01-21,주유소·LPG충전소,0,0,0,0,0,1
2025-01-21,슈퍼마켓,8,1,16,35,2,8
2025-01-21,일반음식점업,80,131,57,91,5,61
2025-01-21,식품판매업,28,21,21,61,6,12
2025-01-21,목욕장업,0,0,0,2,0,0
2025-01-20,식품판매업,26,15,26,68,5,5
2025-01-20,목욕장업,0,0,0,2,0,0
2025-01-20,커피전문점,7,8,4,8,0,0
2025-01-20,숙박업,53,27,23,2,0,0
2025-01-20,실내 스크린 골프업,0,0,1,0,0,1
2025-01-20,일반음식점업,97,111,87,59,3,11
2025-01-20,소매업,17,8,13,61,1,9
2025-01-20,기타미용업,1,0,2,4,0,0
2025-01-20,휴게음식점업,2,9,1,4,0,0
2025-01-20,슈퍼마켓,20,2,8,19,4,1
2025-01-20,이ㆍ미용업,4,9,15,21,0,2
2025-01-20,세탁업,0,1,4,7,0,0
2025-01-20,당구장 운영업,4,2,0,0,0,0
2025-01-20,자동차 전문수리업,0,1,0,0,0,0
2025-01-20,자동자 세차업,0,0,2,2,0,0
2025-01-19,슈퍼마켓,23,1,11,40,10,3
2025-01-19,일반음식점업,94,146,101,88,9,17
2025-01-19,세탁업,0,0,0,10,0,0
2025-01-19,소매업,11,28,12,49,5,5
2025-01-19,커피전문점,10,13,10,2,0,2
2025-01-19,숙박업,29,25,16,2,0,0
2025-01-19,당구장 운영업,2,0,0,0,0,0
2025-01-19,기타미용업,1,0,0,0,0,0
2025-01-19,실내 스크린 골프업,0,0,0,0,0,1
2025-01-19,이ㆍ미용업,2,3,10,16,1,3
2025-01-19,휴게음식점업,3,8,0,4,0,0
2025-01-19,목욕장업,0,0,0,4,0,0
2025-01-19,식품판매업,40,16,26,56,8,0
2025-01-18,휴게음식점업,1,19,0,2,1,0
2025-01-18,기타미용업,1,0,2,2,0,0
2025-01-18,세탁업,0,4,4,17,0,0
2025-01-18,커피전문점,8,13,7,2,0,0
2025-01-18,식품판매업,24,22,32,67,17,0
2025-01-18,이ㆍ미용업,6,10,34,27,0,0
2025-01-18,목욕장업,0,10,0,2,0,0
2025-01-18,당구장 운영업,1,0,0,0,0,0
2025-01-18,일반음식점업,109,169,84,97,0,0
2025-01-18,숙박업,45,36,27,2,0,0
2025-01-18,소매업,18,29,22,61,5,0
2025-01-18,슈퍼마켓,47,1,20,40,11,1
2025-01-18,실내 스크린 골프업,0,2,0,0,0,0
2025-01-18,주유소·LPG충전소,0,0,0,0,0,2
2025-01-18,자동차 전문수리업,0,0,0,2,0,0
2025-01-17,이ㆍ미용업,4,9,3,48,1,5
2025-01-17,자동차 전문수리업,0,2,0,1,0,0
2025-01-17,자동자 세차업,0,0,1,2,0,0
2025-01-17,당구장 운영업,1,0,0,0,0,0
2025-01-17,휴게음식점업,4,10,0,7,0,0
2025-01-17,일반음식점업,90,139,45,110,3,14
2025-01-17,소매업,12,29,8,102,1,4
2025-01-17,주유소·LPG충전소,0,0,0,0,0,1
2025-01-17,목욕장업,0,10,0,2,0,0
2025-01-17,기타미용업,0,0,0,0,0,1
2025-01-17,커피전문점,5,11,4,9,0,1
2025-01-17,일반주점업,0,0,0,4,0,0
2025-01-17,실내 스크린 골프업,0,0,1,0,0,0
2025-01-17,숙박업,42,38,27,5,0,0
2025-01-17,식품판매업,33,41,20,71,20,1
2025-01-17,슈퍼마켓,36,3,6,39,7,3
2025-01-17,세탁업,1,3,0,12,0,0
2025-01-16,일반음식점업,79,126,57,106,2,63
2025-01-16,세탁업,4,3,2,18,0,8
2025-01-16,이ㆍ미용업,2,8,0,22,0,14
2025-01-16,숙박업,33,20,25,1,0,0
2025-01-16,당구장 운영업,3,1,0,0,0,0
2025-01-16,식품판매업,34,34,18,69,11,5
2025-01-16,목욕장업,0,14,0,3,0,0
2025-01-16,주유소·LPG충전소,0,0,0,0,0,1
2025-01-16,기타미용업,0,0,0,0,0,1
2025-01-16,실내 스크린 골프업,0,0,1,0,0,1
2025-01-16,커피전문점,4,11,6,5,0,4
2025-01-16,자동차 전문수리업,2,3,0,0,0,4
2025-01-16,소매업,12,16,5,63,1,19
2025-01-16,슈퍼마켓,33,2,9,45,4,5
2025-01-16,휴게음식점업,2,6,1,4,0,10
2025-01-15,숙박업,47,38,18,8,0,0
2025-01-15,자동차 전문수리업,0,0,0,2,1,0
2025-01-15,커피전문점,7,6,7,8,0,0
2025-01-15,식품판매업,18,38,15,47,8,1
2025-01-15,세탁업,2,3,2,22,0,0
2025-01-15,이ㆍ미용업,9,8,6,42,4,6
2025-01-15,기타미용업,0,0,0,2,0,1
2025-01-15,슈퍼마켓,32,8,10,53,9,2
2025-01-15,일반음식점업,68,151,44,130,13,9
2025-01-15,소매업,10,20,18,85,3,5
2025-01-15,휴게음식점업,3,3,0,4,0,0
2025-01-15,자동자 세차업,0,0,3,2,0,0
2025-01-15,목욕장업,0,6,0,2,0,0
2025-01-15,실내 스크린 골프업,0,0,3,0,0,0
2025-01-14,자동자 세차업,0,0,3,2,0,0
2025-01-14,주유소·LPG충전소,0,0,0,0,0,1
2025-01-14,휴게음식점업,6,4,0,4,0,0
2025-01-14,숙박업,40,45,23,1,0,0
2025-01-14,실내 스크린 골프업,0,0,1,0,0,1
2025-01-14,목욕장업,0,7,0,2,0,0
2025-01-14,세탁업,3,2,4,13,2,0
2025-01-14,자동차 전문수리업,0,1,0,2,0,0
2025-01-14,식품판매업,30,41,30,63,13,1
2025-01-14,커피전문점,9,7,4,2,0,3
2025-01-14,기타미용업,1,0,1,1,0,1
2025-01-14,소매업,11,18,12,39,7,3
2025-01-14,일반음식점업,87,163,103,65,20,10
2025-01-14,이ㆍ미용업,5,4,16,23,6,6
2025-01-14,슈퍼마켓,31,9,9,39,6,2
2025-01-13,기타미용업,0,0,0,0,0,1
2025-01-13,목욕장업,0,0,0,2,0,0
2025-01-13,커피전문점,4,11,11,12,0,2
2025-01-13,슈퍼마켓,34,9,5,31,8,4
2025-01-13,숙박업,45,37,40,3,0,0
2025-01-13,자동차 전문수리업,3,0,1,1,0,0
2025-01-13,소매업,11,27,14,72,12,7
2025-01-13,당구장 운영업,1,1,0,0,0,0
2025-01-13,세탁업,5,1,2,16,2,0
2025-01-13,실내 스크린 골프업,0,0,4,0,0,1
2025-01-13,식품판매업,30,60,17,68,5,2
2025-01-13,자동자 세차업,0,0,0,1,0,0
2025-01-13,이ㆍ미용업,11,5,25,21,6,6
2025-01-13,일반음식점업,99,164,88,69,21,15
2025-01-13,휴게음식점업,4,3,0,3,0,0
2025-01-12,당구장 운영업,3,2,0,0,0,0
2025-01-12,자동자 세차업,0,0,1,4,0,0
2025-01-12,일반음식점업,129,226,99,93,3,20
2025-01-12,실내 스크린 골프업,0,2,0,0,0,1
2025-01-12,숙박업,37,55,38,0,0,0
2025-01-12,슈퍼마켓,31,10,17,69,26,1
2025-01-12,이ㆍ미용업,1,0,24,14,0,4
2025-01-12,자동차 전문수리업,0,0,0,4,0,0
2025-01-12,세탁업,0,0,4,2,1,0
2025-01-12,휴게음식점업,4,7,0,5,0,0
2025-01-12,소매업,9,20,20,67,11,16
2025-01-12,커피전문점,12,31,8,3,0,0
2025-01-12,식품판매업,29,54,20,50,10,9
2025-01-12,목욕장업,0,4,0,2,0,0
2025-01-12,기타미용업,2,0,2,8,0,0
2025-01-12,주유소·LPG충전소,0,0,0,0,0,1
2025-01-11,당구장 운영업,2,3,0,0,0,0
2025-01-11,자동차 전문수리업,1,0,0,2,0,0
2025-01-11,소매업,4,34,1,92,8,10
2025-01-11,커피전문점,4,14,5,1,0,0
2025-01-11,목욕장업,0,11,0,2,0,0
2025-01-11,숙박업,35,80,41,5,0,0
2025-01-11,슈퍼마켓,24,19,8,63,7,2
2025-01-11,세탁업,1,1,0,16,0,0
2025-01-11,휴게음식점업,7,13,0,2,0,0
2025-01-11,이ㆍ미용업,11,5,2,23,0,3
2025-01-11,실내 스크린 골프업,0,3,0,0,0,1
2025-01-11,자동자 세차업,0,0,0,4,0,0
2025-01-11,기타미용업,0,0,0,5,0,0
2025-01-11,식품판매업,35,67,11,91,15,7
2025-01-11,일반음식점업,129,250,49,143,5,17
2025-01-10,이ㆍ미용업,10,5,2,25,0,13
2025-01-10,휴게음식점업,0,7,2,2,1,10
2025-01-10,일반주점업,0,0,0,2,0,0
2025-01-10,목욕장업,0,13,0,2,0,0
2025-01-10,자동자 세차업,0,0,2,3,0,0
2025-01-10,슈퍼마켓,34,12,15,51,11,4
2025-01-10,식품판매업,39,49,10,68,11,8
2025-01-10,주유소·LPG충전소,0,0,0,6,0,0
2025-01-10,당구장 운영업,0,1,0,0,0,0
2025-01-10,숙박업,45,86,36,1,0,0
2025-01-10,실내 스크린 골프업,0,0,0,0,0,1
2025-01-10,자동차 전문수리업,0,1,0,2,0,4
2025-01-10,일반음식점업,144,196,48,80,8,57
2025-01-10,소매업,8,20,4,67,7,27
2025-01-10,기타미용업,1,0,0,4,0,0
2025-01-10,세탁업,3,1,0,24,0,6
2025-01-10,커피전문점,4,6,5,6,0,3
2025-01-09,숙박업,49,72,24,10,0,0
2025-01-09,소매업,11,22,8,104,2,12
2025-01-09,기타미용업,1,0,0,6,0,0
2025-01-09,당구장 운영업,0,1,0,0,0,0
2025-01-09,이ㆍ미용업,7,5,0,34,0,4
2025-01-09,주유소·LPG충전소,0,0,0,8,0,0
2025-01-09,자동차 전문수리업,0,0,0,4,0,0
2025-01-09,실내 스크린 골프업,0,0,2,0,0,2
2025-01-09,일반주점업,0,0,0,3,0,0
2025-01-09,목욕장업,0,0,0,2,0,0
2025-01-09,식품판매업,24,71,19,65,13,8
2025-01-09,휴게음식점업,3,10,0,7,0,0
2025-01-09,세탁업,1,2,0,8,0,0
2025-01-09,슈퍼마켓,36,15,19,64,12,1
2025-01-09,자동자 세차업,0,0,0,2,0,0
2025-01-09,일반음식점업,137,198,51,118,5,22
2025-01-09,커피전문점,4,7,3,7,0,0
2025-01-08,자동자 세차업,0,0,2,2,0,0
2025-01-08,이ㆍ미용업,7,8,1,19,9,13
2025-01-08,주유소·LPG충전소,0,0,5,5,0,2
2025-01-08,커피전문점,9,8,8,11,0,2
2025-01-08,일반음식점업,127,232,56,76,23,57
2025-01-08,슈퍼마켓,53,11,18,63,13,7
2025-01-08,숙박업,33,87,40,2,0,0
2025-01-08,실내 스크린 골프업,0,0,2,0,0,1
2025-01-08,식품판매업,33,61,17,64,15,6
2025-01-08,휴게음식점업,1,12,3,4,0,10
2025-01-08,세탁업,6,0,0,13,2,9
2025-01-08,기타미용업,0,0,0,5,0,0
2025-01-08,당구장 운영업,1,0,0,0,0,0
2025-01-08,소매업,8,19,12,72,8,25
2025-01-08,자동차 전문수리업,0,0,0,4,0,2
2025-01-07,소매업,11,17,18,65,6,12
2025-01-07,실내 스크린 골프업,0,0,2,0,0,1
2025-01-07,자동자 세차업,0,0,3,2,0,0
2025-01-07,이ㆍ미용업,5,8,7,20,8,3
2025-01-07,슈퍼마켓,89,27,32,53,7,2
2025-01-07,당구장 운영업,3,2,0,0,0,0
2025-01-07,목욕장업,0,15,0,0,0,0
2025-01-07,주유소·LPG충전소,0,0,1,5,0,4
2025-01-07,자동차 전문수리업,2,0,1,0,0,0
2025-01-07,휴게음식점업,4,17,3,2,0,0
2025-01-07,세탁업,1,5,0,14,2,0
2025-01-07,일반음식점업,144,296,123,80,24,16
2025-01-07,식품판매업,34,96,25,58,8,12
2025-01-07,숙박업,43,97,32,2,0,0
2025-01-07,커피전문점,4,11,11,13,0,0
2025-01-07,기타미용업,0,0,2,4,0,0
2025-01-06,이ㆍ미용업,7,7,17,23,6,4
2025-01-06,당구장 운영업,0,1,0,0,0,0
2025-01-06,휴게음식점업,2,18,3,4,0,0
2025-01-06,자동차 전문수리업,2,0,1,2,0,0
2025-01-06,소매업,7,28,16,65,6,17
2025-01-06,실내 스크린 골프업,0,1,8,0,0,2
2025-01-06,숙박업,38,110,35,2,0,0
2025-01-06,주유소·LPG충전소,0,0,3,12,0,4
2025-01-06,목욕장업,0,19,0,0,0,0
2025-01-06,슈퍼마켓,92,33,32,73,15,1
2025-01-06,일반음식점업,131,320,93,59,22,22
2025-01-06,식품판매업,29,95,37,51,27,10
2025-01-06,커피전문점,8,6,4,5,0,0
2025-01-06,기타미용업,1,0,0,4,0,0
2025-01-06,자동자 세차업,0,0,2,2,0,0
2025-01-06,세탁업,6,4,5,24,2,0
2025-01-05,숙박업,33,99,58,1,0,0
2025-01-05,기타미용업,0,0,0,3,0,1
2025-01-05,세탁업,0,0,4,7,0,0
2025-01-05,슈퍼마켓,113,27,50,93,14,7
2025-01-05,식품판매업,39,94,24,71,21,3
2025-01-05,실내 스크린 골프업,0,0,1,0,0,2
2025-01-05,주유소·LPG충전소,0,0,2,17,0,1
2025-01-05,이ㆍ미용업,3,2,13,28,0,9
2025-01-05,목욕장업,0,18,0,2,0,0
2025-01-05,일반음식점업,172,387,110,104,3,31
2025-01-05,커피전문점,11,16,10,10,0,3
2025-01-05,휴게음식점업,3,9,0,3,0,0
2025-01-05,소매업,11,30,9,65,8,10
2025-01-05,자동자 세차업,0,0,0,2,0,0
2025-01-05,당구장 운영업,3,1,0,0,0,0
2025-01-05,자동차 전문수리업,0,0,0,1,0,0
2025-01-04,일반음식점업,175,586,52,184,3,21
2025-01-04,자동차 전문수리업,0,1,0,0,0,0
2025-01-04,이ㆍ미용업,12,5,4,37,0,7
2025-01-04,자동자 세차업,0,0,1,2,0,0
2025-01-04,커피전문점,11,26,3,7,0,3
2025-01-04,식품판매업,29,149,19,94,17,4
2025-01-04,목욕장업,0,21,0,3,0,0
2025-01-04,실내 스크린 골프업,2,0,0,0,0,1
2025-01-04,주유소·LPG충전소,0,0,7,32,0,3
2025-01-04,기타미용업,1,0,2,3,0,2
2025-01-04,소매업,12,42,7,98,6,8
2025-01-04,숙박업,62,159,50,6,0,0
2025-01-04,휴게음식점업,3,16,0,2,2,0
2025-01-04,세탁업,3,0,1,14,0,0
2025-01-04,당구장 운영업,2,0,0,0,0,0
2025-01-04,슈퍼마켓,125,39,92,80,29,6
2025-01-03,일반음식점업,173,575,73,115,24,85
2025-01-03,목욕장업,0,4,0,2,0,0
2025-01-03,소매업,6,62,8,93,9,30
2025-01-03,당구장 운영업,1,0,0,0,0,0
2025-01-03,슈퍼마켓,129,46,82,89,15,10
2025-01-03,식품판매업,35,144,24,65,15,7
2025-01-03,세탁업,5,2,0,17,2,10
2025-01-03,휴게음식점업,6,6,0,3,0,12
2025-01-03,기타미용업,1,0,0,1,0,2
2025-01-03,숙박업,47,185,44,3,0,0
2025-01-03,이ㆍ미용업,13,9,3,28,8,16
2025-01-03,자동자 세차업,0,0,0,4,0,0
2025-01-03,커피전문점,7,18,3,4,0,6
2025-01-03,주유소·LPG충전소,0,0,10,34,0,7
2025-01-03,자동차 전문수리업,8,1,0,2,0,2
2025-01-03,실내 스크린 골프업,0,0,0,0,0,2
2025-01-02,식품판매업,46,194,21,109,26,4
2025-01-02,커피전문점,16,13,4,3,0,3
2025-01-02,기타미용업,2,0,5,2,0,1
2025-01-02,자동차 전문수리업,4,2,0,4,0,0
2025-01-02,이ㆍ미용업,12,10,27,53,8,7
2025-01-02,목욕장업,0,6,0,2,0,0
2025-01-02,주유소·LPG충전소,0,0,6,29,10,6
2025-01-02,휴게음식점업,6,11,0,4,0,0
2025-01-02,일반주점업,0,0,0,2,0,0
2025-01-02,당구장 운영업,2,0,0,0,0,0
2025-01-02,실내 스크린 골프업,0,2,0,0,0,2
2025-01-02,숙박업,53,178,59,6,0,0
2025-01-02,소매업,13,69,25,97,15,11
2025-01-02,자동자 세차업,0,0,0,2,0,0
2025-01-02,일반음식점업,200,543,82,127,23,22
2025-01-02,슈퍼마켓,136,126,77,104,34,5
2025-01-02,세탁업,5,3,7,8,2,0
2025-01-01,실내 스크린 골프업,0,1,1,0,0,1
2025-01-01,당구장 운영업,7,0,0,0,0,0
2025-01-01,슈퍼마켓,169,458,128,97,41,9
2025-01-01,자동차 전문수리업,0,0,0,2,0,2
2025-01-01,이ㆍ미용업,4,5,11,31,0,17
2025-01-01,숙박업,63,206,47,4,0,0
2025-01-01,소매업,13,55,12,80,13,23
2025-01-01,식품판매업,59,178,20,80,12,6
2025-01-01,주유소·LPG충전소,52,34,56,56,58,11
2025-01-01,휴게음식점업,5,3,0,2,1,4
2025-01-01,세탁업,2,0,2,11,0,6
2025-01-01,기타미용업,1,0,0,6,0,3
2025-01-01,목욕장업,0,8,0,2,0,0
2025-01-01,일반음식점업,221,664,98,104,2,58
2025-01-01,커피전문점,18,24,4,2,0,7
2025-01-01,자동자 세차업,0,0,0,2,0,0
