업종,시도,시군구, 당월 , 전월 , 전년동월 
가구점,서울특별시,종로구,17,18,16
가구점,서울특별시,중구,66,66,64
가구점,서울특별시,용산구,39,40,35
가구점,서울특별시,성동구,33,33,30
가구점,서울특별시,광진구,29,31,36
가구점,서울특별시,동대문구,34,35,31
가구점,서울특별시,중랑구,29,29,33
가구점,서울특별시,성북구,33,33,37
가구점,서울특별시,강북구,26,26,24
가구점,서울특별시,도봉구,18,17,16
가구점,서울특별시,노원구,37,37,39
가구점,서울특별시,은평구,39,39,40
가구점,서울특별시,서대문구,50,49,49
가구점,서울특별시,마포구,38,38,36
가구점,서울특별시,양천구,29,29,29
가구점,서울특별시,강서구,40,39,39
가구점,서울특별시,구로구,22,22,25
가구점,서울특별시,금천구,22,22,24
가구점,서울특별시,영등포구,26,27,27
가구점,서울특별시,동작구,20,20,23
가구점,서울특별시,관악구,30,30,27
가구점,서울특별시,서초구,78,80,80
가구점,서울특별시,강남구,111,110,115
가구점,서울특별시,송파구,77,76,73
가구점,서울특별시,강동구,41,41,38
가구점,부산광역시,중구,8,8,8
가구점,부산광역시,서구,9,9,8
가구점,부산광역시,동구,52,53,53
가구점,부산광역시,영도구,8,8,8
가구점,부산광역시,부산진구,33,33,35
가구점,부산광역시,동래구,29,29,31
가구점,부산광역시,남구,14,14,19
가구점,부산광역시,북구,17,17,19
가구점,부산광역시,해운대구,76,76,74
가구점,부산광역시,사하구,41,39,43
가구점,부산광역시,금정구,25,25,29
가구점,부산광역시,강서구,23,23,28
가구점,부산광역시,연제구,24,23,23
가구점,부산광역시,수영구,27,26,26
가구점,부산광역시,사상구,25,24,23
가구점,부산광역시,기장군,23,24,19
가구점,대구광역시,중구,14,14,12
가구점,대구광역시,동구,37,39,45
가구점,대구광역시,서구,42,42,40
가구점,대구광역시,남구,21,21,22
가구점,대구광역시,북구,99,97,98
가구점,대구광역시,수성구,38,39,44
가구점,대구광역시,달서구,32,32,34
가구점,대구광역시,달성군,25,25,28
가구점,대구광역시,군위군,0,0,0
가구점,인천광역시,중구,15,16,16
가구점,인천광역시,동구,10,10,14
가구점,인천광역시,미추홀구,45,46,43
가구점,인천광역시,연수구,34,34,32
가구점,인천광역시,남동구,70,70,64
가구점,인천광역시,부평구,47,47,43
가구점,인천광역시,계양구,30,30,30
가구점,인천광역시,서구,79,78,78
가구점,인천광역시,강화군,5,5,4
가구점,인천광역시,옹진군,0,0,0
가구점,광주광역시,동구,18,18,20
가구점,광주광역시,서구,71,72,66
가구점,광주광역시,남구,13,13,16
가구점,광주광역시,북구,48,48,52
가구점,광주광역시,광산구,49,48,50
가구점,대전광역시,동구,23,23,24
가구점,대전광역시,중구,42,41,42
가구점,대전광역시,서구,47,46,49
가구점,대전광역시,유성구,48,49,51
가구점,대전광역시,대덕구,29,29,27
가구점,울산광역시,중구,61,61,61
가구점,울산광역시,남구,33,33,32
가구점,울산광역시,동구,15,15,14
가구점,울산광역시,북구,11,11,12
가구점,울산광역시,울주군,24,24,24
가구점,세종특별자치시,0,35,36,33
가구점,경기도,수원시 장안구,14,14,16
가구점,경기도,수원시 권선구,54,54,53
가구점,경기도,수원시 팔달구,18,18,20
가구점,경기도,수원시 영통구,28,26,27
가구점,경기도,성남시 수정구,29,29,28
가구점,경기도,성남시 중원구,26,26,26
가구점,경기도,성남시 분당구,38,39,43
가구점,경기도,의정부시,45,43,47
가구점,경기도,안양시 만안구,22,22,22
가구점,경기도,안양시 동안구,56,55,54
가구점,경기도,부천시 원미구,52,50,45
가구점,경기도,부천시 소사구,16,16,18
가구점,경기도,부천시 오정구,9,9,10
가구점,경기도,광명시,44,44,42
가구점,경기도,평택시,88,87,86
가구점,경기도,동두천시,16,16,15
가구점,경기도,안산시 상록구,53,53,58
가구점,경기도,안산시 단원구,37,37,32
가구점,경기도,고양시 덕양구,54,55,52
가구점,경기도,고양시 일산동구,76,77,82
가구점,경기도,고양시 일산서구,77,78,83
가구점,경기도,과천시,8,8,7
가구점,경기도,구리시,29,28,30
가구점,경기도,남양주시,158,157,165
가구점,경기도,오산시,28,28,29
가구점,경기도,시흥시,64,64,63
가구점,경기도,군포시,17,17,17
가구점,경기도,의왕시,21,21,22
가구점,경기도,하남시,55,54,55
가구점,경기도,용인시 처인구,51,52,55
가구점,경기도,용인시 기흥구,82,82,86
가구점,경기도,용인시 수지구,28,30,31
가구점,경기도,파주시,130,129,134
가구점,경기도,이천시,29,28,32
가구점,경기도,안성시,36,34,33
가구점,경기도,김포시,101,103,101
가구점,경기도,화성시 만세구,21,21,20
가구점,경기도,화성시 효행구,49,49,46
가구점,경기도,화성시 병점구,17,16,21
가구점,경기도,화성시 동탄구,31,31,28
가구점,경기도,광주시,116,115,115
가구점,경기도,양주시,66,66,69
가구점,경기도,포천시,106,105,100
가구점,경기도,여주시,18,18,20
가구점,경기도,연천군,10,8,7
가구점,경기도,가평군,14,14,14
가구점,경기도,양평군,26,26,26
가구점,충청북도,청주시 상당구,25,27,29
가구점,충청북도,청주시 서원구,80,80,80
가구점,충청북도,청주시 흥덕구,27,28,27
가구점,충청북도,청주시 청원구,22,21,21
가구점,충청북도,충주시,31,31,33
가구점,충청북도,제천시,32,32,32
가구점,충청북도,보은군,7,7,6
가구점,충청북도,옥천군,8,8,6
가구점,충청북도,영동군,8,8,9
가구점,충청북도,증평군,5,4,4
가구점,충청북도,진천군,4,4,4
가구점,충청북도,괴산군,3,3,4
가구점,충청북도,음성군,11,12,11
가구점,충청북도,단양군,0,0,0
가구점,충청남도,천안시 동남구,51,50,48
가구점,충청남도,천안시 서북구,53,54,56
가구점,충청남도,공주시,17,17,20
가구점,충청남도,보령시,13,13,13
가구점,충청남도,아산시,35,34,33
가구점,충청남도,서산시,29,29,26
가구점,충청남도,논산시,22,22,22
가구점,충청남도,계룡시,4,4,4
가구점,충청남도,당진시,20,20,19
가구점,충청남도,금산군,5,5,4
가구점,충청남도,부여군,4,4,4
가구점,충청남도,서천군,4,4,5
가구점,충청남도,청양군,5,5,6
가구점,충청남도,홍성군,16,16,17
가구점,충청남도,예산군,17,17,17
가구점,충청남도,태안군,3,3,3
가구점,전라남도,목포시,50,50,49
가구점,전라남도,여수시,39,39,45
가구점,전라남도,순천시,68,70,65
가구점,전라남도,나주시,16,16,20
가구점,전라남도,광양시,14,14,16
가구점,전라남도,담양군,5,7,6
가구점,전라남도,곡성군,0,0,0
가구점,전라남도,구례군,6,6,5
가구점,전라남도,고흥군,7,7,7
가구점,전라남도,보성군,7,7,7
가구점,전라남도,화순군,4,3,0
가구점,전라남도,장흥군,3,3,3
가구점,전라남도,강진군,3,3,3
가구점,전라남도,해남군,9,9,9
가구점,전라남도,영암군,10,9,9
가구점,전라남도,무안군,5,5,4
가구점,전라남도,함평군,0,0,0
가구점,전라남도,영광군,7,7,7
가구점,전라남도,장성군,9,9,9
가구점,전라남도,완도군,4,4,4
가구점,전라남도,진도군,4,4,4
가구점,경상북도,포항시 남구,25,25,26
가구점,경상북도,포항시 북구,55,56,55
가구점,경상북도,경주시,47,47,48
가구점,경상북도,김천시,22,22,21
가구점,경상북도,안동시,41,41,41
가구점,경상북도,구미시,41,41,48
가구점,경상북도,영주시,25,25,26
가구점,경상북도,영천시,14,14,12
가구점,경상북도,상주시,13,13,12
가구점,경상북도,문경시,12,12,13
가구점,경상북도,경산시,40,39,39
가구점,경상북도,의성군,4,4,4
가구점,경상북도,청송군,0,0,0
가구점,경상북도,영양군,0,0,0
가구점,경상북도,영덕군,3,3,3
가구점,경상북도,청도군,0,0,0
가구점,경상북도,고령군,7,7,6
가구점,경상북도,성주군,6,6,6
가구점,경상북도,칠곡군,36,36,35
가구점,경상북도,예천군,4,4,5
가구점,경상북도,봉화군,0,0,0
가구점,경상북도,울진군,15,15,14
가구점,경상북도,울릉군,0,0,0
가구점,경상남도,창원시 의창구,41,42,42
가구점,경상남도,창원시 성산구,19,19,20
가구점,경상남도,창원시 마산합포구,34,34,36
가구점,경상남도,창원시 마산회원구,10,10,8
가구점,경상남도,창원시 진해구,17,16,17
가구점,경상남도,진주시,48,48,51
가구점,경상남도,통영시,18,18,21
가구점,경상남도,사천시,20,20,20
가구점,경상남도,김해시,117,116,120
가구점,경상남도,밀양시,13,13,12
가구점,경상남도,거제시,32,32,31
가구점,경상남도,양산시,61,62,67
가구점,경상남도,의령군,0,0,0
가구점,경상남도,함안군,7,7,7
가구점,경상남도,창녕군,7,7,8
가구점,경상남도,고성군,5,5,4
가구점,경상남도,남해군,6,6,6
가구점,경상남도,하동군,7,7,7
가구점,경상남도,산청군,3,3,3
가구점,경상남도,함양군,6,6,6
가구점,경상남도,거창군,7,7,9
가구점,경상남도,합천군,7,7,8
가구점,제주특별자치도,제주시,160,160,162
가구점,제주특별자치도,서귀포시,33,33,40
가구점,강원특별자치도,춘천시,40,40,40
가구점,강원특별자치도,원주시,83,84,93
가구점,강원특별자치도,강릉시,50,49,52
가구점,강원특별자치도,동해시,25,25,24
가구점,강원특별자치도,태백시,6,6,6
가구점,강원특별자치도,속초시,6,6,8
가구점,강원특별자치도,삼척시,6,6,6
가구점,강원특별자치도,홍천군,13,13,13
가구점,강원특별자치도,횡성군,5,5,5
가구점,강원특별자치도,영월군,4,4,4
가구점,강원특별자치도,평창군,5,5,6
가구점,강원특별자치도,정선군,5,5,6
가구점,강원특별자치도,철원군,6,6,7
가구점,강원특별자치도,화천군,0,0,0
가구점,강원특별자치도,양구군,0,0,0
가구점,강원특별자치도,인제군,3,3,3
가구점,강원특별자치도,고성군,4,4,3
가구점,강원특별자치도,양양군,4,4,4
가구점,전북특별자치도,전주시 완산구,103,102,104
가구점,전북특별자치도,전주시 덕진구,46,45,51
가구점,전북특별자치도,군산시,60,61,61
가구점,전북특별자치도,익산시,52,52,57
가구점,전북특별자치도,정읍시,17,17,17
가구점,전북특별자치도,남원시,15,15,16
가구점,전북특별자치도,김제시,44,44,43
가구점,전북특별자치도,완주군,16,16,15
가구점,전북특별자치도,진안군,3,3,3
가구점,전북특별자치도,무주군,0,0,0
가구점,전북특별자치도,장수군,0,0,0
가구점,전북특별자치도,임실군,3,3,3
가구점,전북특별자치도,순창군,0,0,0
가구점,전북특별자치도,고창군,8,8,8
가구점,전북특별자치도,부안군,6,6,6
가전제품판매점,서울특별시,종로구,69,69,67
가전제품판매점,서울특별시,중구,112,112,120
가전제품판매점,서울특별시,용산구,68,68,74
가전제품판매점,서울특별시,성동구,26,26,25
가전제품판매점,서울특별시,광진구,55,54,57
가전제품판매점,서울특별시,동대문구,38,39,43
가전제품판매점,서울특별시,중랑구,68,68,69
가전제품판매점,서울특별시,성북구,47,48,49
가전제품판매점,서울특별시,강북구,33,32,32
가전제품판매점,서울특별시,도봉구,31,30,33
가전제품판매점,서울특별시,노원구,38,37,36
가전제품판매점,서울특별시,은평구,41,42,42
가전제품판매점,서울특별시,서대문구,40,40,41
가전제품판매점,서울특별시,마포구,51,49,47
가전제품판매점,서울특별시,양천구,48,47,43
가전제품판매점,서울특별시,강서구,78,76,82
가전제품판매점,서울특별시,구로구,61,61,57
가전제품판매점,서울특별시,금천구,59,56,57
가전제품판매점,서울특별시,영등포구,81,83,88
가전제품판매점,서울특별시,동작구,36,37,36
가전제품판매점,서울특별시,관악구,49,49,48
가전제품판매점,서울특별시,서초구,80,81,84
가전제품판매점,서울특별시,강남구,92,93,93
가전제품판매점,서울특별시,송파구,80,80,84
가전제품판매점,서울특별시,강동구,58,59,64
가전제품판매점,부산광역시,중구,34,35,38
가전제품판매점,부산광역시,서구,15,15,16
가전제품판매점,부산광역시,동구,32,32,37
가전제품판매점,부산광역시,영도구,16,15,15
가전제품판매점,부산광역시,부산진구,111,112,119
가전제품판매점,부산광역시,동래구,39,37,41
가전제품판매점,부산광역시,남구,43,42,38
가전제품판매점,부산광역시,북구,27,27,29
가전제품판매점,부산광역시,해운대구,42,41,36
가전제품판매점,부산광역시,사하구,42,41,36
가전제품판매점,부산광역시,금정구,43,43,41
가전제품판매점,부산광역시,강서구,25,25,25
가전제품판매점,부산광역시,연제구,31,30,33
가전제품판매점,부산광역시,수영구,26,26,24
가전제품판매점,부산광역시,사상구,32,32,35
가전제품판매점,부산광역시,기장군,36,36,36
가전제품판매점,대구광역시,중구,62,62,63
가전제품판매점,대구광역시,동구,54,53,51
가전제품판매점,대구광역시,서구,47,47,45
가전제품판매점,대구광역시,남구,26,27,28
가전제품판매점,대구광역시,북구,120,119,126
가전제품판매점,대구광역시,수성구,45,46,45
가전제품판매점,대구광역시,달서구,61,60,63
가전제품판매점,대구광역시,달성군,39,39,42
가전제품판매점,대구광역시,군위군,3,3,3
가전제품판매점,인천광역시,중구,23,23,18
가전제품판매점,인천광역시,동구,11,11,14
가전제품판매점,인천광역시,미추홀구,43,44,48
가전제품판매점,인천광역시,연수구,41,42,38
가전제품판매점,인천광역시,남동구,81,81,77
가전제품판매점,인천광역시,부평구,62,62,67
가전제품판매점,인천광역시,계양구,48,48,48
가전제품판매점,인천광역시,서구,90,90,83
가전제품판매점,인천광역시,강화군,21,21,22
가전제품판매점,인천광역시,옹진군,7,7,7
가전제품판매점,광주광역시,동구,34,34,36
가전제품판매점,광주광역시,서구,99,99,99
가전제품판매점,광주광역시,남구,34,34,33
가전제품판매점,광주광역시,북구,119,118,130
가전제품판매점,광주광역시,광산구,67,68,73
가전제품판매점,대전광역시,동구,54,54,52
가전제품판매점,대전광역시,중구,58,58,58
가전제품판매점,대전광역시,서구,103,104,107
가전제품판매점,대전광역시,유성구,48,49,47
가전제품판매점,대전광역시,대덕구,59,59,61
가전제품판매점,울산광역시,중구,64,64,63
가전제품판매점,울산광역시,남구,59,60,58
가전제품판매점,울산광역시,동구,16,16,16
가전제품판매점,울산광역시,북구,29,29,32
가전제품판매점,울산광역시,울주군,40,41,36
가전제품판매점,세종특별자치시,0,47,48,48
가전제품판매점,경기도,수원시 장안구,33,34,36
가전제품판매점,경기도,수원시 권선구,76,77,77
가전제품판매점,경기도,수원시 팔달구,37,36,40
가전제품판매점,경기도,수원시 영통구,38,38,44
가전제품판매점,경기도,성남시 수정구,36,37,32
가전제품판매점,경기도,성남시 중원구,42,43,42
가전제품판매점,경기도,성남시 분당구,38,35,36
가전제품판매점,경기도,의정부시,81,80,76
가전제품판매점,경기도,안양시 만안구,38,36,39
가전제품판매점,경기도,안양시 동안구,44,45,46
가전제품판매점,경기도,부천시 원미구,71,72,69
가전제품판매점,경기도,부천시 소사구,38,39,37
가전제품판매점,경기도,부천시 오정구,31,32,34
가전제품판매점,경기도,광명시,53,53,51
가전제품판매점,경기도,평택시,117,116,118
가전제품판매점,경기도,동두천시,24,24,24
가전제품판매점,경기도,안산시 상록구,73,73,73
가전제품판매점,경기도,안산시 단원구,38,38,36
가전제품판매점,경기도,고양시 덕양구,94,92,86
가전제품판매점,경기도,고양시 일산동구,65,65,71
가전제품판매점,경기도,고양시 일산서구,42,42,45
가전제품판매점,경기도,과천시,5,5,4
가전제품판매점,경기도,구리시,64,61,59
가전제품판매점,경기도,남양주시,195,194,188
가전제품판매점,경기도,오산시,47,47,43
가전제품판매점,경기도,시흥시,84,82,78
가전제품판매점,경기도,군포시,22,22,27
가전제품판매점,경기도,의왕시,11,12,13
가전제품판매점,경기도,하남시,70,71,68
가전제품판매점,경기도,용인시 처인구,49,50,52
가전제품판매점,경기도,용인시 기흥구,61,62,57
가전제품판매점,경기도,용인시 수지구,29,30,27
가전제품판매점,경기도,파주시,95,95,87
가전제품판매점,경기도,이천시,38,38,40
가전제품판매점,경기도,안성시,38,38,35
가전제품판매점,경기도,김포시,94,94,93
가전제품판매점,경기도,화성시 만세구,49,49,51
가전제품판매점,경기도,화성시 효행구,36,37,35
가전제품판매점,경기도,화성시 병점구,21,21,27
가전제품판매점,경기도,화성시 동탄구,36,33,36
가전제품판매점,경기도,광주시,88,88,87
가전제품판매점,경기도,양주시,64,63,63
가전제품판매점,경기도,포천시,41,40,42
가전제품판매점,경기도,여주시,30,30,27
가전제품판매점,경기도,연천군,9,9,10
가전제품판매점,경기도,가평군,11,11,11
가전제품판매점,경기도,양평군,17,17,20
가전제품판매점,충청북도,청주시 상당구,62,59,57
가전제품판매점,충청북도,청주시 서원구,46,46,50
가전제품판매점,충청북도,청주시 흥덕구,48,49,48
가전제품판매점,충청북도,청주시 청원구,47,45,46
가전제품판매점,충청북도,충주시,68,68,66
가전제품판매점,충청북도,제천시,41,41,39
가전제품판매점,충청북도,보은군,10,11,12
가전제품판매점,충청북도,옥천군,11,11,10
가전제품판매점,충청북도,영동군,6,6,6
가전제품판매점,충청북도,증평군,14,14,12
가전제품판매점,충청북도,진천군,17,18,17
가전제품판매점,충청북도,괴산군,5,5,6
가전제품판매점,충청북도,음성군,31,32,30
가전제품판매점,충청북도,단양군,8,8,8
가전제품판매점,충청남도,천안시 동남구,73,73,71
가전제품판매점,충청남도,천안시 서북구,75,76,66
가전제품판매점,충청남도,공주시,30,31,34
가전제품판매점,충청남도,보령시,34,33,37
가전제품판매점,충청남도,아산시,69,69,74
가전제품판매점,충청남도,서산시,53,53,50
가전제품판매점,충청남도,논산시,47,47,47
가전제품판매점,충청남도,계룡시,6,6,5
가전제품판매점,충청남도,당진시,36,36,36
가전제품판매점,충청남도,금산군,18,18,19
가전제품판매점,충청남도,부여군,15,15,14
가전제품판매점,충청남도,서천군,12,12,12
가전제품판매점,충청남도,청양군,11,11,13
가전제품판매점,충청남도,홍성군,36,35,37
가전제품판매점,충청남도,예산군,18,18,19
가전제품판매점,충청남도,태안군,16,16,17
가전제품판매점,전라남도,목포시,90,89,97
가전제품판매점,전라남도,여수시,69,69,73
가전제품판매점,전라남도,순천시,83,83,85
가전제품판매점,전라남도,나주시,26,27,26
가전제품판매점,전라남도,광양시,53,54,56
가전제품판매점,전라남도,담양군,14,14,14
가전제품판매점,전라남도,곡성군,10,10,10
가전제품판매점,전라남도,구례군,7,7,8
가전제품판매점,전라남도,고흥군,25,25,26
가전제품판매점,전라남도,보성군,19,20,21
가전제품판매점,전라남도,화순군,9,9,8
가전제품판매점,전라남도,장흥군,9,9,12
가전제품판매점,전라남도,강진군,18,18,15
가전제품판매점,전라남도,해남군,29,29,32
가전제품판매점,전라남도,영암군,16,16,16
가전제품판매점,전라남도,무안군,21,21,19
가전제품판매점,전라남도,함평군,10,10,9
가전제품판매점,전라남도,영광군,11,11,10
가전제품판매점,전라남도,장성군,10,10,9
가전제품판매점,전라남도,완도군,9,9,9
가전제품판매점,전라남도,진도군,7,7,6
가전제품판매점,전라남도,신안군,13,12,7
가전제품판매점,경상북도,포항시 남구,91,91,88
가전제품판매점,경상북도,포항시 북구,72,72,80
가전제품판매점,경상북도,경주시,63,63,63
가전제품판매점,경상북도,김천시,34,34,33
가전제품판매점,경상북도,안동시,54,54,57
가전제품판매점,경상북도,구미시,98,99,95
가전제품판매점,경상북도,영주시,38,38,36
가전제품판매점,경상북도,영천시,23,23,24
가전제품판매점,경상북도,상주시,29,29,30
가전제품판매점,경상북도,문경시,27,28,29
가전제품판매점,경상북도,경산시,64,63,62
가전제품판매점,경상북도,의성군,16,16,17
가전제품판매점,경상북도,청송군,12,12,12
가전제품판매점,경상북도,영양군,4,4,4
가전제품판매점,경상북도,영덕군,10,10,11
가전제품판매점,경상북도,청도군,8,8,8
가전제품판매점,경상북도,고령군,8,8,9
가전제품판매점,경상북도,성주군,9,9,10
가전제품판매점,경상북도,칠곡군,25,25,27
가전제품판매점,경상북도,예천군,19,19,18
가전제품판매점,경상북도,봉화군,4,4,5
가전제품판매점,경상북도,울진군,18,17,16
가전제품판매점,경상북도,울릉군,6,6,6
가전제품판매점,경상남도,창원시 의창구,71,72,71
가전제품판매점,경상남도,창원시 성산구,44,45,40
가전제품판매점,경상남도,창원시 마산합포구,43,43,46
가전제품판매점,경상남도,창원시 마산회원구,38,38,36
가전제품판매점,경상남도,창원시 진해구,18,18,18
가전제품판매점,경상남도,진주시,114,112,110
가전제품판매점,경상남도,통영시,35,35,36
가전제품판매점,경상남도,사천시,29,29,27
가전제품판매점,경상남도,김해시,98,99,99
가전제품판매점,경상남도,밀양시,27,27,27
가전제품판매점,경상남도,거제시,40,39,38
가전제품판매점,경상남도,양산시,66,64,66
가전제품판매점,경상남도,의령군,6,6,6
가전제품판매점,경상남도,함안군,4,4,4
가전제품판매점,경상남도,창녕군,14,14,16
가전제품판매점,경상남도,고성군,10,10,10
가전제품판매점,경상남도,남해군,17,17,16
가전제품판매점,경상남도,하동군,9,9,10
가전제품판매점,경상남도,산청군,11,11,9
가전제품판매점,경상남도,함양군,8,7,7
가전제품판매점,경상남도,거창군,22,21,24
가전제품판매점,경상남도,합천군,13,13,13
가전제품판매점,제주특별자치도,제주시,192,193,197
가전제품판매점,제주특별자치도,서귀포시,55,55,58
가전제품판매점,강원특별자치도,춘천시,112,113,110
가전제품판매점,강원특별자치도,원주시,120,119,122
가전제품판매점,강원특별자치도,강릉시,68,69,68
가전제품판매점,강원특별자치도,동해시,20,20,19
가전제품판매점,강원특별자치도,태백시,13,13,16
가전제품판매점,강원특별자치도,속초시,28,28,27
가전제품판매점,강원특별자치도,삼척시,20,20,20
가전제품판매점,강원특별자치도,홍천군,18,18,18
가전제품판매점,강원특별자치도,횡성군,9,9,8
가전제품판매점,강원특별자치도,영월군,6,6,6
가전제품판매점,강원특별자치도,평창군,10,10,11
가전제품판매점,강원특별자치도,정선군,8,8,8
가전제품판매점,강원특별자치도,철원군,12,13,13
가전제품판매점,강원특별자치도,화천군,6,6,5
가전제품판매점,강원특별자치도,양구군,8,8,6
가전제품판매점,강원특별자치도,인제군,7,7,7
가전제품판매점,강원특별자치도,고성군,9,9,8
가전제품판매점,강원특별자치도,양양군,6,6,6
가전제품판매점,전북특별자치도,전주시 완산구,120,121,124
가전제품판매점,전북특별자치도,전주시 덕진구,93,92,94
가전제품판매점,전북특별자치도,군산시,75,74,72
가전제품판매점,전북특별자치도,익산시,93,92,93
가전제품판매점,전북특별자치도,정읍시,31,31,31
가전제품판매점,전북특별자치도,남원시,25,25,24
가전제품판매점,전북특별자치도,김제시,16,15,15
가전제품판매점,전북특별자치도,완주군,20,20,21
가전제품판매점,전북특별자치도,진안군,6,6,5
가전제품판매점,전북특별자치도,무주군,7,7,7
가전제품판매점,전북특별자치도,장수군,4,5,5
가전제품판매점,전북특별자치도,임실군,4,4,4
가전제품판매점,전북특별자치도,순창군,5,5,6
가전제품판매점,전북특별자치도,고창군,13,13,14
가전제품판매점,전북특별자치도,부안군,10,10,10
건강보조식품가게,서울특별시,종로구,72,73,73
건강보조식품가게,서울특별시,중구,83,83,79
건강보조식품가게,서울특별시,용산구,55,55,57
건강보조식품가게,서울특별시,성동구,57,61,61
건강보조식품가게,서울특별시,광진구,82,79,85
건강보조식품가게,서울특별시,동대문구,225,225,244
건강보조식품가게,서울특별시,중랑구,89,88,84
건강보조식품가게,서울특별시,성북구,57,59,64
건강보조식품가게,서울특별시,강북구,56,58,50
건강보조식품가게,서울특별시,도봉구,54,55,56
건강보조식품가게,서울특별시,노원구,62,63,63
건강보조식품가게,서울특별시,은평구,81,80,82
건강보조식품가게,서울특별시,서대문구,71,67,64
건강보조식품가게,서울특별시,마포구,86,87,88
건강보조식품가게,서울특별시,양천구,93,96,111
건강보조식품가게,서울특별시,강서구,138,137,135
건강보조식품가게,서울특별시,구로구,94,96,102
건강보조식품가게,서울특별시,금천구,67,69,77
건강보조식품가게,서울특별시,영등포구,107,107,119
건강보조식품가게,서울특별시,동작구,85,84,85
건강보조식품가게,서울특별시,관악구,106,107,106
건강보조식품가게,서울특별시,서초구,168,171,164
건강보조식품가게,서울특별시,강남구,273,274,272
건강보조식품가게,서울특별시,송파구,200,202,191
건강보조식품가게,서울특별시,강동구,114,116,124
건강보조식품가게,부산광역시,중구,33,33,31
건강보조식품가게,부산광역시,서구,18,18,19
건강보조식품가게,부산광역시,동구,38,38,38
건강보조식품가게,부산광역시,영도구,17,17,19
건강보조식품가게,부산광역시,부산진구,163,165,178
건강보조식품가게,부산광역시,동래구,87,87,88
건강보조식품가게,부산광역시,남구,66,65,62
건강보조식품가게,부산광역시,북구,47,47,50
건강보조식품가게,부산광역시,해운대구,77,78,83
건강보조식품가게,부산광역시,사하구,59,59,55
건강보조식품가게,부산광역시,금정구,45,45,49
건강보조식품가게,부산광역시,강서구,12,12,15
건강보조식품가게,부산광역시,연제구,64,65,72
건강보조식품가게,부산광역시,수영구,43,43,50
건강보조식품가게,부산광역시,사상구,30,28,29
건강보조식품가게,부산광역시,기장군,30,30,30
건강보조식품가게,대구광역시,중구,92,89,91
건강보조식품가게,대구광역시,동구,68,68,74
건강보조식품가게,대구광역시,서구,36,36,42
건강보조식품가게,대구광역시,남구,39,38,41
건강보조식품가게,대구광역시,북구,85,84,80
건강보조식품가게,대구광역시,수성구,106,106,106
건강보조식품가게,대구광역시,달서구,123,122,121
건강보조식품가게,대구광역시,달성군,42,44,49
건강보조식품가게,대구광역시,군위군,5,5,5
건강보조식품가게,인천광역시,중구,27,26,31
건강보조식품가게,인천광역시,동구,11,11,13
건강보조식품가게,인천광역시,미추홀구,96,95,101
건강보조식품가게,인천광역시,연수구,93,92,98
건강보조식품가게,인천광역시,남동구,93,98,109
건강보조식품가게,인천광역시,부평구,102,102,110
건강보조식품가게,인천광역시,계양구,41,40,46
건강보조식품가게,인천광역시,서구,117,117,116
건강보조식품가게,인천광역시,강화군,138,137,147
건강보조식품가게,인천광역시,옹진군,0,0,0
건강보조식품가게,광주광역시,동구,74,77,74
건강보조식품가게,광주광역시,서구,133,133,141
건강보조식품가게,광주광역시,남구,92,91,99
건강보조식품가게,광주광역시,북구,179,179,179
건강보조식품가게,광주광역시,광산구,104,106,107
건강보조식품가게,대전광역시,동구,74,74,74
건강보조식품가게,대전광역시,중구,112,110,113
건강보조식품가게,대전광역시,서구,178,180,191
건강보조식품가게,대전광역시,유성구,100,99,111
건강보조식품가게,대전광역시,대덕구,53,53,57
건강보조식품가게,울산광역시,중구,32,32,34
건강보조식품가게,울산광역시,남구,101,100,103
건강보조식품가게,울산광역시,동구,29,30,26
건강보조식품가게,울산광역시,북구,27,27,30
건강보조식품가게,울산광역시,울주군,49,47,44
건강보조식품가게,세종특별자치시,0,75,77,74
건강보조식품가게,경기도,수원시 장안구,54,52,54
건강보조식품가게,경기도,수원시 권선구,77,75,72
건강보조식품가게,경기도,수원시 팔달구,79,80,85
건강보조식품가게,경기도,수원시 영통구,85,85,90
건강보조식품가게,경기도,성남시 수정구,55,58,55
건강보조식품가게,경기도,성남시 중원구,38,36,36
건강보조식품가게,경기도,성남시 분당구,140,143,139
건강보조식품가게,경기도,의정부시,106,103,103
건강보조식품가게,경기도,안양시 만안구,64,63,66
건강보조식품가게,경기도,안양시 동안구,102,106,102
건강보조식품가게,경기도,부천시 원미구,145,139,152
건강보조식품가게,경기도,부천시 소사구,42,43,51
건강보조식품가게,경기도,부천시 오정구,38,37,40
건강보조식품가게,경기도,광명시,74,73,61
건강보조식품가게,경기도,평택시,144,146,141
건강보조식품가게,경기도,동두천시,21,20,21
건강보조식품가게,경기도,안산시 상록구,72,71,67
건강보조식품가게,경기도,안산시 단원구,75,76,82
건강보조식품가게,경기도,고양시 덕양구,106,103,95
건강보조식품가게,경기도,고양시 일산동구,71,73,73
건강보조식품가게,경기도,고양시 일산서구,61,61,65
건강보조식품가게,경기도,과천시,15,15,16
건강보조식품가게,경기도,구리시,57,57,54
건강보조식품가게,경기도,남양주시,188,184,187
건강보조식품가게,경기도,오산시,50,48,47
건강보조식품가게,경기도,시흥시,108,112,112
건강보조식품가게,경기도,군포시,54,56,59
건강보조식품가게,경기도,의왕시,28,27,35
건강보조식품가게,경기도,하남시,90,89,93
건강보조식품가게,경기도,용인시 처인구,61,62,63
건강보조식품가게,경기도,용인시 기흥구,109,112,115
건강보조식품가게,경기도,용인시 수지구,64,60,60
건강보조식품가게,경기도,파주시,95,93,103
건강보조식품가게,경기도,이천시,42,42,46
건강보조식품가게,경기도,안성시,50,50,57
건강보조식품가게,경기도,김포시,137,137,129
건강보조식품가게,경기도,화성시 만세구,39,40,46
건강보조식품가게,경기도,화성시 효행구,21,20,20
건강보조식품가게,경기도,화성시 병점구,28,29,26
건강보조식품가게,경기도,화성시 동탄구,82,84,78
건강보조식품가게,경기도,광주시,103,104,99
건강보조식품가게,경기도,양주시,62,62,65
건강보조식품가게,경기도,포천시,47,47,44
건강보조식품가게,경기도,여주시,27,27,26
건강보조식품가게,경기도,연천군,13,13,18
건강보조식품가게,경기도,가평군,18,18,18
건강보조식품가게,경기도,양평군,32,34,35
건강보조식품가게,충청북도,청주시 상당구,53,53,54
건강보조식품가게,충청북도,청주시 서원구,48,48,51
건강보조식품가게,충청북도,청주시 흥덕구,59,60,64
건강보조식품가게,충청북도,청주시 청원구,37,37,39
건강보조식품가게,충청북도,충주시,55,56,56
건강보조식품가게,충청북도,제천시,52,53,49
건강보조식품가게,충청북도,보은군,14,14,14
건강보조식품가게,충청북도,옥천군,19,20,18
건강보조식품가게,충청북도,영동군,16,16,18
건강보조식품가게,충청북도,증평군,17,17,16
건강보조식품가게,충청북도,진천군,14,15,15
건강보조식품가게,충청북도,괴산군,11,11,9
건강보조식품가게,충청북도,음성군,34,33,29
건강보조식품가게,충청북도,단양군,16,15,14
건강보조식품가게,충청남도,천안시 동남구,73,73,80
건강보조식품가게,충청남도,천안시 서북구,96,100,107
건강보조식품가게,충청남도,공주시,34,33,32
건강보조식품가게,충청남도,보령시,23,24,28
건강보조식품가게,충청남도,아산시,90,88,86
건강보조식품가게,충청남도,서산시,52,52,56
건강보조식품가게,충청남도,논산시,40,40,38
건강보조식품가게,충청남도,계룡시,14,14,13
건강보조식품가게,충청남도,당진시,46,46,45
건강보조식품가게,충청남도,금산군,674,680,677
건강보조식품가게,충청남도,부여군,19,18,18
건강보조식품가게,충청남도,서천군,14,14,13
건강보조식품가게,충청남도,청양군,21,20,20
건강보조식품가게,충청남도,홍성군,32,32,30
건강보조식품가게,충청남도,예산군,33,34,33
건강보조식품가게,충청남도,태안군,16,16,17
건강보조식품가게,전라남도,목포시,60,60,71
건강보조식품가게,전라남도,여수시,51,49,52
건강보조식품가게,전라남도,순천시,67,66,72
건강보조식품가게,전라남도,나주시,29,28,30
건강보조식품가게,전라남도,광양시,36,36,39
건강보조식품가게,전라남도,담양군,11,11,11
건강보조식품가게,전라남도,곡성군,6,6,9
건강보조식품가게,전라남도,구례군,14,14,14
건강보조식품가게,전라남도,고흥군,11,11,9
건강보조식품가게,전라남도,보성군,13,14,14
건강보조식품가게,전라남도,화순군,19,19,19
건강보조식품가게,전라남도,장흥군,21,21,22
건강보조식품가게,전라남도,강진군,9,9,8
건강보조식품가게,전라남도,해남군,17,17,18
건강보조식품가게,전라남도,영암군,11,11,11
건강보조식품가게,전라남도,무안군,14,13,18
건강보조식품가게,전라남도,함평군,10,10,10
건강보조식품가게,전라남도,영광군,16,16,15
건강보조식품가게,전라남도,장성군,12,12,13
건강보조식품가게,전라남도,완도군,12,12,15
건강보조식품가게,전라남도,진도군,10,10,7
건강보조식품가게,전라남도,신안군,3,3,4
건강보조식품가게,경상북도,포항시 남구,54,54,52
건강보조식품가게,경상북도,포항시 북구,95,95,96
건강보조식품가게,경상북도,경주시,69,68,64
건강보조식품가게,경상북도,김천시,32,30,31
건강보조식품가게,경상북도,안동시,59,59,57
건강보조식품가게,경상북도,구미시,94,95,95
건강보조식품가게,경상북도,영주시,269,270,278
건강보조식품가게,경상북도,영천시,30,30,33
건강보조식품가게,경상북도,상주시,30,32,28
건강보조식품가게,경상북도,문경시,33,34,34
건강보조식품가게,경상북도,경산시,40,40,44
건강보조식품가게,경상북도,의성군,14,14,14
건강보조식품가게,경상북도,청송군,8,8,8
건강보조식품가게,경상북도,영양군,8,8,8
건강보조식품가게,경상북도,영덕군,4,4,5
건강보조식품가게,경상북도,청도군,7,7,7
건강보조식품가게,경상북도,고령군,7,8,6
건강보조식품가게,경상북도,성주군,9,9,7
건강보조식품가게,경상북도,칠곡군,23,22,24
건강보조식품가게,경상북도,예천군,14,14,15
건강보조식품가게,경상북도,봉화군,9,9,9
건강보조식품가게,경상북도,울진군,13,13,12
건강보조식품가게,경상북도,울릉군,5,5,4
건강보조식품가게,경상남도,창원시 의창구,92,90,91
건강보조식품가게,경상남도,창원시 성산구,62,68,69
건강보조식품가게,경상남도,창원시 마산합포구,60,60,61
건강보조식품가게,경상남도,창원시 마산회원구,57,57,55
건강보조식품가게,경상남도,창원시 진해구,35,36,38
건강보조식품가게,경상남도,진주시,118,119,137
건강보조식품가게,경상남도,통영시,33,34,36
건강보조식품가게,경상남도,사천시,31,31,31
건강보조식품가게,경상남도,김해시,127,124,135
건강보조식품가게,경상남도,밀양시,24,25,27
건강보조식품가게,경상남도,거제시,43,44,45
건강보조식품가게,경상남도,양산시,79,80,84
건강보조식품가게,경상남도,의령군,8,8,8
건강보조식품가게,경상남도,함안군,12,12,14
건강보조식품가게,경상남도,창녕군,24,24,28
건강보조식품가게,경상남도,고성군,10,10,11
건강보조식품가게,경상남도,남해군,20,20,22
건강보조식품가게,경상남도,하동군,20,20,22
건강보조식품가게,경상남도,산청군,29,29,30
건강보조식품가게,경상남도,함양군,20,19,20
건강보조식품가게,경상남도,거창군,24,24,26
건강보조식품가게,경상남도,합천군,12,13,14
건강보조식품가게,제주특별자치도,제주시,153,154,150
건강보조식품가게,제주특별자치도,서귀포시,45,45,48
건강보조식품가게,강원특별자치도,춘천시,81,80,80
건강보조식품가게,강원특별자치도,원주시,123,124,122
건강보조식품가게,강원특별자치도,강릉시,62,60,62
건강보조식품가게,강원특별자치도,동해시,25,24,27
건강보조식품가게,강원특별자치도,태백시,18,18,17
건강보조식품가게,강원특별자치도,속초시,21,21,19
건강보조식품가게,강원특별자치도,삼척시,19,18,19
건강보조식품가게,강원특별자치도,홍천군,24,23,26
건강보조식품가게,강원특별자치도,횡성군,12,12,15
건강보조식품가게,강원특별자치도,영월군,21,19,20
건강보조식품가게,강원특별자치도,평창군,17,17,16
건강보조식품가게,강원특별자치도,정선군,22,22,22
건강보조식품가게,강원특별자치도,철원군,22,22,26
건강보조식품가게,강원특별자치도,화천군,17,17,17
건강보조식품가게,강원특별자치도,양구군,3,3,6
건강보조식품가게,강원특별자치도,인제군,12,12,13
건강보조식품가게,강원특별자치도,고성군,5,5,5
건강보조식품가게,강원특별자치도,양양군,8,8,8
건강보조식품가게,전북특별자치도,전주시 완산구,136,136,132
건강보조식품가게,전북특별자치도,전주시 덕진구,86,86,91
건강보조식품가게,전북특별자치도,군산시,81,81,82
건강보조식품가게,전북특별자치도,익산시,100,101,106
건강보조식품가게,전북특별자치도,정읍시,39,39,36
건강보조식품가게,전북특별자치도,남원시,40,39,42
건강보조식품가게,전북특별자치도,김제시,20,20,21
건강보조식품가게,전북특별자치도,완주군,27,27,31
건강보조식품가게,전북특별자치도,진안군,68,69,74
건강보조식품가게,전북특별자치도,무주군,16,16,14
건강보조식품가게,전북특별자치도,장수군,8,8,10
건강보조식품가게,전북특별자치도,임실군,8,8,9
건강보조식품가게,전북특별자치도,순창군,11,11,12
건강보조식품가게,전북특별자치도,고창군,16,16,16
건강보조식품가게,전북특별자치도,부안군,13,13,14
건어물가게,서울특별시,종로구,10,10,10
건어물가게,서울특별시,중구,84,87,91
건어물가게,서울특별시,용산구,10,10,10
건어물가게,서울특별시,성동구,10,10,9
건어물가게,서울특별시,광진구,16,16,18
건어물가게,서울특별시,동대문구,58,57,60
건어물가게,서울특별시,중랑구,37,37,35
건어물가게,서울특별시,성북구,14,15,17
건어물가게,서울특별시,강북구,29,30,33
건어물가게,서울특별시,도봉구,21,21,24
건어물가게,서울특별시,노원구,19,19,20
건어물가게,서울특별시,은평구,32,32,31
건어물가게,서울특별시,서대문구,23,23,24
건어물가게,서울특별시,마포구,17,17,17
건어물가게,서울특별시,양천구,26,27,27
건어물가게,서울특별시,강서구,38,37,35
건어물가게,서울특별시,구로구,24,27,32
건어물가게,서울특별시,금천구,29,30,33
건어물가게,서울특별시,영등포구,25,24,25
건어물가게,서울특별시,동작구,37,37,38
건어물가게,서울특별시,관악구,27,27,23
건어물가게,서울특별시,서초구,12,12,11
건어물가게,서울특별시,강남구,17,16,16
건어물가게,서울특별시,송파구,58,58,57
건어물가게,서울특별시,강동구,27,27,33
건어물가게,부산광역시,중구,84,85,88
건어물가게,부산광역시,서구,17,17,20
건어물가게,부산광역시,동구,12,12,12
건어물가게,부산광역시,영도구,12,11,8
건어물가게,부산광역시,부산진구,64,64,68
건어물가게,부산광역시,동래구,31,31,30
건어물가게,부산광역시,남구,21,21,21
건어물가게,부산광역시,북구,23,23,23
건어물가게,부산광역시,해운대구,27,27,30
건어물가게,부산광역시,사하구,27,27,27
건어물가게,부산광역시,금정구,22,22,23
건어물가게,부산광역시,강서구,10,10,10
건어물가게,부산광역시,연제구,9,9,10
건어물가게,부산광역시,수영구,34,34,32
건어물가게,부산광역시,사상구,15,15,17
건어물가게,부산광역시,기장군,106,109,104
건어물가게,대구광역시,중구,37,37,38
건어물가게,대구광역시,동구,13,13,11
건어물가게,대구광역시,서구,12,11,13
건어물가게,대구광역시,남구,21,21,21
건어물가게,대구광역시,북구,40,40,42
건어물가게,대구광역시,수성구,15,15,17
건어물가게,대구광역시,달서구,22,22,26
건어물가게,대구광역시,달성군,10,11,11
건어물가게,대구광역시,군위군,0,0,0
건어물가게,인천광역시,중구,75,74,72
건어물가게,인천광역시,동구,8,8,11
건어물가게,인천광역시,미추홀구,46,49,45
건어물가게,인천광역시,연수구,12,12,16
건어물가게,인천광역시,남동구,114,112,118
건어물가게,인천광역시,부평구,45,41,40
건어물가게,인천광역시,계양구,26,26,29
건어물가게,인천광역시,서구,47,47,49
건어물가게,인천광역시,강화군,60,60,59
건어물가게,인천광역시,옹진군,9,9,9
건어물가게,광주광역시,동구,45,45,44
건어물가게,광주광역시,서구,57,57,53
건어물가게,광주광역시,남구,16,15,14
건어물가게,광주광역시,북구,36,36,37
건어물가게,광주광역시,광산구,26,26,26
건어물가게,대전광역시,동구,30,30,31
건어물가게,대전광역시,중구,22,23,21
건어물가게,대전광역시,서구,40,41,41
건어물가게,대전광역시,유성구,27,24,23
건어물가게,대전광역시,대덕구,23,23,22
건어물가게,울산광역시,중구,27,27,30
건어물가게,울산광역시,남구,33,34,34
건어물가게,울산광역시,동구,26,25,27
건어물가게,울산광역시,북구,18,19,16
건어물가게,울산광역시,울주군,31,31,30
건어물가게,세종특별자치시,0,19,19,17
건어물가게,경기도,수원시 장안구,21,21,23
건어물가게,경기도,수원시 권선구,18,18,18
건어물가게,경기도,수원시 팔달구,19,18,20
건어물가게,경기도,수원시 영통구,10,10,12
건어물가게,경기도,성남시 수정구,15,14,12
건어물가게,경기도,성남시 중원구,38,38,39
건어물가게,경기도,성남시 분당구,14,14,14
건어물가게,경기도,의정부시,42,43,43
건어물가게,경기도,안양시 만안구,28,29,29
건어물가게,경기도,안양시 동안구,13,13,15
건어물가게,경기도,부천시 원미구,40,39,40
건어물가게,경기도,부천시 소사구,19,18,17
건어물가게,경기도,부천시 오정구,27,28,25
건어물가게,경기도,광명시,38,39,38
건어물가게,경기도,평택시,44,44,47
건어물가게,경기도,동두천시,14,14,13
건어물가게,경기도,안산시 상록구,19,19,19
건어물가게,경기도,안산시 단원구,32,32,31
건어물가게,경기도,고양시 덕양구,20,21,18
건어물가게,경기도,고양시 일산동구,7,8,12
건어물가게,경기도,고양시 일산서구,16,16,15
건어물가게,경기도,구리시,16,18,18
건어물가게,경기도,남양주시,37,37,32
건어물가게,경기도,오산시,8,8,12
건어물가게,경기도,시흥시,63,64,69
건어물가게,경기도,군포시,16,16,18
건어물가게,경기도,의왕시,6,6,8
건어물가게,경기도,하남시,23,23,29
건어물가게,경기도,용인시 처인구,19,19,19
건어물가게,경기도,용인시 기흥구,10,10,11
건어물가게,경기도,용인시 수지구,8,7,9
건어물가게,경기도,파주시,17,18,15
건어물가게,경기도,이천시,18,17,17
건어물가게,경기도,안성시,24,23,21
건어물가게,경기도,김포시,38,39,37
건어물가게,경기도,화성시 만세구,30,29,33
건어물가게,경기도,화성시 효행구,6,6,7
건어물가게,경기도,화성시 병점구,9,9,9
건어물가게,경기도,화성시 동탄구,11,11,10
건어물가게,경기도,광주시,23,23,23
건어물가게,경기도,양주시,14,14,13
건어물가게,경기도,포천시,7,7,7
건어물가게,경기도,여주시,11,11,10
건어물가게,경기도,연천군,0,0,0
건어물가게,경기도,가평군,7,7,7
건어물가게,경기도,양평군,7,8,8
건어물가게,충청북도,청주시 상당구,21,21,20
건어물가게,충청북도,청주시 서원구,11,11,14
건어물가게,충청북도,청주시 흥덕구,16,15,15
건어물가게,충청북도,청주시 청원구,7,7,7
건어물가게,충청북도,충주시,23,23,24
건어물가게,충청북도,제천시,15,15,14
건어물가게,충청북도,보은군,0,0,0
건어물가게,충청북도,옥천군,0,0,0
건어물가게,충청북도,영동군,5,5,4
건어물가게,충청북도,증평군,0,0,0
건어물가게,충청북도,진천군,6,7,7
건어물가게,충청북도,괴산군,0,0,0
건어물가게,충청북도,음성군,6,6,5
건어물가게,충청북도,단양군,3,3,3
건어물가게,충청남도,천안시 동남구,19,19,20
건어물가게,충청남도,천안시 서북구,11,9,11
건어물가게,충청남도,공주시,10,10,9
건어물가게,충청남도,보령시,75,74,80
건어물가게,충청남도,아산시,36,35,36
건어물가게,충청남도,서산시,47,46,47
건어물가게,충청남도,논산시,71,71,72
건어물가게,충청남도,계룡시,6,6,5
건어물가게,충청남도,당진시,57,58,53
건어물가게,충청남도,금산군,10,11,12
건어물가게,충청남도,부여군,11,11,10
건어물가게,충청남도,서천군,51,51,51
건어물가게,충청남도,청양군,9,8,8
건어물가게,충청남도,홍성군,107,107,106
건어물가게,충청남도,예산군,8,8,8
건어물가게,충청남도,태안군,97,99,92
건어물가게,전라남도,목포시,133,133,141
건어물가게,전라남도,여수시,148,148,148
건어물가게,전라남도,순천시,44,44,45
건어물가게,전라남도,나주시,14,14,14
건어물가게,전라남도,광양시,18,18,18
건어물가게,전라남도,담양군,4,4,5
건어물가게,전라남도,곡성군,6,6,4
건어물가게,전라남도,구례군,12,12,12
건어물가게,전라남도,고흥군,56,56,55
건어물가게,전라남도,보성군,23,24,27
건어물가게,전라남도,화순군,6,6,5
건어물가게,전라남도,장흥군,22,23,23
건어물가게,전라남도,강진군,35,34,35
건어물가게,전라남도,해남군,47,47,45
건어물가게,전라남도,영암군,0,0,0
건어물가게,전라남도,무안군,28,28,33
건어물가게,전라남도,함평군,10,10,9
건어물가게,전라남도,영광군,81,81,85
건어물가게,전라남도,장성군,3,3,3
건어물가게,전라남도,완도군,140,140,144
건어물가게,전라남도,진도군,32,33,33
건어물가게,전라남도,신안군,64,65,65
건어물가게,경상북도,포항시 남구,96,99,98
건어물가게,경상북도,포항시 북구,131,128,120
건어물가게,경상북도,경주시,80,80,71
건어물가게,경상북도,김천시,10,10,10
건어물가게,경상북도,안동시,19,19,18
건어물가게,경상북도,구미시,12,12,12
건어물가게,경상북도,영주시,15,15,16
건어물가게,경상북도,영천시,14,13,14
건어물가게,경상북도,상주시,8,8,8
건어물가게,경상북도,문경시,6,6,6
건어물가게,경상북도,경산시,12,11,12
건어물가게,경상북도,의성군,12,12,13
건어물가게,경상북도,청송군,4,4,4
건어물가게,경상북도,영양군,0,0,0
건어물가게,경상북도,영덕군,139,140,143
건어물가게,경상북도,청도군,3,3,0
건어물가게,경상북도,고령군,9,9,8
건어물가게,경상북도,성주군,0,0,0
건어물가게,경상북도,칠곡군,8,8,6
건어물가게,경상북도,예천군,5,5,4
건어물가게,경상북도,봉화군,3,3,3
건어물가게,경상북도,울진군,67,68,66
건어물가게,경상북도,울릉군,35,35,35
건어물가게,경상남도,창원시 의창구,22,23,21
건어물가게,경상남도,창원시 성산구,14,14,15
건어물가게,경상남도,창원시 마산합포구,63,63,64
건어물가게,경상남도,창원시 마산회원구,12,12,9
건어물가게,경상남도,창원시 진해구,21,22,28
건어물가게,경상남도,진주시,45,44,39
건어물가게,경상남도,통영시,134,134,131
건어물가게,경상남도,사천시,124,124,122
건어물가게,경상남도,김해시,37,36,39
건어물가게,경상남도,밀양시,6,6,7
건어물가게,경상남도,거제시,57,57,55
건어물가게,경상남도,양산시,25,26,29
건어물가게,경상남도,의령군,0,0,0
건어물가게,경상남도,함안군,3,3,3
건어물가게,경상남도,창녕군,4,4,6
건어물가게,경상남도,고성군,17,17,17
건어물가게,경상남도,남해군,62,61,62
건어물가게,경상남도,하동군,26,26,26
건어물가게,경상남도,산청군,4,4,5
건어물가게,경상남도,함양군,4,4,4
건어물가게,경상남도,거창군,11,11,11
건어물가게,경상남도,합천군,3,3,3
건어물가게,제주특별자치도,제주시,72,71,71
건어물가게,제주특별자치도,서귀포시,30,30,31
건어물가게,강원특별자치도,춘천시,22,22,21
건어물가게,강원특별자치도,원주시,21,22,25
건어물가게,강원특별자치도,강릉시,166,166,170
건어물가게,강원특별자치도,동해시,53,53,58
건어물가게,강원특별자치도,태백시,4,5,4
건어물가게,강원특별자치도,속초시,141,142,140
건어물가게,강원특별자치도,삼척시,80,79,73
건어물가게,강원특별자치도,홍천군,6,6,5
건어물가게,강원특별자치도,횡성군,0,0,0
건어물가게,강원특별자치도,영월군,4,4,4
건어물가게,강원특별자치도,평창군,11,11,11
건어물가게,강원특별자치도,정선군,8,8,8
건어물가게,강원특별자치도,철원군,0,0,0
건어물가게,강원특별자치도,화천군,4,4,0
건어물가게,강원특별자치도,양구군,0,0,0
건어물가게,강원특별자치도,인제군,40,40,42
건어물가게,강원특별자치도,고성군,39,39,34
건어물가게,강원특별자치도,양양군,48,47,45
건어물가게,전북특별자치도,전주시 완산구,39,39,43
건어물가게,전북특별자치도,전주시 덕진구,24,24,27
건어물가게,전북특별자치도,군산시,114,113,115
건어물가게,전북특별자치도,익산시,38,37,35
건어물가게,전북특별자치도,정읍시,17,17,16
건어물가게,전북특별자치도,남원시,26,25,25
건어물가게,전북특별자치도,김제시,13,13,13
건어물가게,전북특별자치도,완주군,9,9,9
건어물가게,전북특별자치도,진안군,6,4,4
건어물가게,전북특별자치도,무주군,3,3,3
건어물가게,전북특별자치도,장수군,3,0,0
건어물가게,전북특별자치도,임실군,4,4,3
건어물가게,전북특별자치도,순창군,6,6,7
건어물가게,전북특별자치도,고창군,14,14,13
건어물가게,전북특별자치도,부안군,65,65,69
곡물가게,서울특별시,종로구,22,23,23
곡물가게,서울특별시,중구,19,19,20
곡물가게,서울특별시,용산구,15,14,13
곡물가게,서울특별시,성동구,13,14,15
곡물가게,서울특별시,광진구,19,19,21
곡물가게,서울특별시,동대문구,33,33,37
곡물가게,서울특별시,중랑구,35,35,37
곡물가게,서울특별시,성북구,20,20,21
곡물가게,서울특별시,강북구,18,19,18
곡물가게,서울특별시,도봉구,15,15,14
곡물가게,서울특별시,노원구,18,17,18
곡물가게,서울특별시,은평구,25,24,28
곡물가게,서울특별시,서대문구,12,14,18
곡물가게,서울특별시,마포구,18,18,24
곡물가게,서울특별시,양천구,24,24,23
곡물가게,서울특별시,강서구,19,18,20
곡물가게,서울특별시,구로구,26,25,26
곡물가게,서울특별시,금천구,19,19,19
곡물가게,서울특별시,영등포구,39,38,37
곡물가게,서울특별시,동작구,6,7,8
곡물가게,서울특별시,관악구,28,27,28
곡물가게,서울특별시,서초구,18,18,18
곡물가게,서울특별시,강남구,25,25,27
곡물가게,서울특별시,송파구,35,34,34
곡물가게,서울특별시,강동구,26,26,28
곡물가게,부산광역시,중구,11,11,12
곡물가게,부산광역시,서구,11,11,13
곡물가게,부산광역시,동구,11,11,13
곡물가게,부산광역시,영도구,9,9,9
곡물가게,부산광역시,부산진구,38,38,45
곡물가게,부산광역시,동래구,31,31,31
곡물가게,부산광역시,남구,16,16,15
곡물가게,부산광역시,북구,18,18,15
곡물가게,부산광역시,해운대구,23,23,25
곡물가게,부산광역시,사하구,19,19,17
곡물가게,부산광역시,금정구,22,21,17
곡물가게,부산광역시,강서구,3,3,0
곡물가게,부산광역시,연제구,21,21,24
곡물가게,부산광역시,수영구,13,13,14
곡물가게,부산광역시,사상구,17,16,18
곡물가게,부산광역시,기장군,13,13,14
곡물가게,대구광역시,중구,17,17,17
곡물가게,대구광역시,동구,20,20,21
곡물가게,대구광역시,서구,19,19,19
곡물가게,대구광역시,남구,31,31,31
곡물가게,대구광역시,북구,26,26,27
곡물가게,대구광역시,수성구,22,22,23
곡물가게,대구광역시,달서구,32,32,31
곡물가게,대구광역시,달성군,16,16,17
곡물가게,대구광역시,군위군,8,8,8
곡물가게,인천광역시,중구,15,15,15
곡물가게,인천광역시,동구,8,8,8
곡물가게,인천광역시,미추홀구,41,41,41
곡물가게,인천광역시,연수구,7,7,9
곡물가게,인천광역시,남동구,28,28,29
곡물가게,인천광역시,부평구,34,34,36
곡물가게,인천광역시,계양구,16,16,16
곡물가게,인천광역시,서구,29,30,27
곡물가게,인천광역시,강화군,48,49,49
곡물가게,광주광역시,동구,17,17,18
곡물가게,광주광역시,서구,13,13,16
곡물가게,광주광역시,남구,19,19,15
곡물가게,광주광역시,북구,32,33,29
곡물가게,광주광역시,광산구,19,19,17
곡물가게,대전광역시,동구,40,41,42
곡물가게,대전광역시,중구,25,24,21
곡물가게,대전광역시,서구,35,35,32
곡물가게,대전광역시,유성구,24,24,25
곡물가게,대전광역시,대덕구,25,25,28
곡물가게,울산광역시,중구,14,14,11
곡물가게,울산광역시,남구,9,10,9
곡물가게,울산광역시,동구,4,4,4
곡물가게,울산광역시,북구,3,3,3
곡물가게,울산광역시,울주군,14,14,15
곡물가게,세종특별자치시,0,36,38,40
곡물가게,경기도,수원시 장안구,20,20,19
곡물가게,경기도,수원시 권선구,19,20,16
곡물가게,경기도,수원시 팔달구,21,20,24
곡물가게,경기도,수원시 영통구,10,9,12
곡물가게,경기도,성남시 수정구,24,24,25
곡물가게,경기도,성남시 중원구,39,41,41
곡물가게,경기도,성남시 분당구,11,11,15
곡물가게,경기도,의정부시,29,29,29
곡물가게,경기도,안양시 만안구,17,16,18
곡물가게,경기도,안양시 동안구,20,20,19
곡물가게,경기도,부천시 원미구,31,30,33
곡물가게,경기도,부천시 소사구,11,10,11
곡물가게,경기도,부천시 오정구,21,21,21
곡물가게,경기도,광명시,27,27,24
곡물가게,경기도,평택시,71,69,70
곡물가게,경기도,동두천시,4,4,6
곡물가게,경기도,안산시 상록구,23,22,23
곡물가게,경기도,안산시 단원구,23,24,25
곡물가게,경기도,고양시 덕양구,21,21,20
곡물가게,경기도,고양시 일산동구,9,9,8
곡물가게,경기도,고양시 일산서구,14,13,13
곡물가게,경기도,과천시,0,0,0
곡물가게,경기도,구리시,13,13,13
곡물가게,경기도,남양주시,35,36,38
곡물가게,경기도,오산시,17,16,16
곡물가게,경기도,시흥시,33,32,31
곡물가게,경기도,군포시,14,14,15
곡물가게,경기도,의왕시,5,5,6
곡물가게,경기도,하남시,15,15,17
곡물가게,경기도,용인시 처인구,32,31,31
곡물가게,경기도,용인시 기흥구,7,6,6
곡물가게,경기도,용인시 수지구,5,5,6
곡물가게,경기도,파주시,53,52,52
곡물가게,경기도,이천시,44,44,42
곡물가게,경기도,안성시,29,29,31
곡물가게,경기도,김포시,56,59,52
곡물가게,경기도,화성시 만세구,33,31,33
곡물가게,경기도,화성시 효행구,0,0,0
곡물가게,경기도,화성시 병점구,4,4,0
곡물가게,경기도,화성시 동탄구,13,12,10
곡물가게,경기도,광주시,26,27,24
곡물가게,경기도,양주시,32,32,30
곡물가게,경기도,포천시,18,17,16
곡물가게,경기도,여주시,28,28,26
곡물가게,경기도,연천군,11,11,12
곡물가게,경기도,가평군,14,14,12
곡물가게,경기도,양평군,18,18,22
곡물가게,충청북도,청주시 상당구,26,24,22
곡물가게,충청북도,청주시 서원구,12,13,14
곡물가게,충청북도,청주시 흥덕구,15,15,13
곡물가게,충청북도,청주시 청원구,29,29,26
곡물가게,충청북도,충주시,51,50,49
곡물가게,충청북도,제천시,36,36,37
곡물가게,충청북도,보은군,6,6,6
곡물가게,충청북도,옥천군,13,13,13
곡물가게,충청북도,영동군,3,3,5
곡물가게,충청북도,증평군,7,7,7
곡물가게,충청북도,진천군,13,13,14
곡물가게,충청북도,괴산군,15,15,13
곡물가게,충청북도,음성군,21,21,20
곡물가게,충청북도,단양군,24,24,24
곡물가게,충청남도,천안시 동남구,32,32,35
곡물가게,충청남도,천안시 서북구,36,35,34
곡물가게,충청남도,공주시,30,30,26
곡물가게,충청남도,보령시,18,18,18
곡물가게,충청남도,아산시,44,42,36
곡물가게,충청남도,서산시,31,30,36
곡물가게,충청남도,논산시,43,43,40
곡물가게,충청남도,계룡시,4,4,4
곡물가게,충청남도,당진시,43,43,44
곡물가게,충청남도,금산군,10,10,10
곡물가게,충청남도,부여군,19,19,18
곡물가게,충청남도,서천군,14,14,13
곡물가게,충청남도,청양군,28,28,29
곡물가게,충청남도,홍성군,24,25,27
곡물가게,충청남도,예산군,20,20,20
곡물가게,충청남도,태안군,20,20,21
곡물가게,전라남도,목포시,28,29,26
곡물가게,전라남도,여수시,31,31,33
곡물가게,전라남도,순천시,36,35,33
곡물가게,전라남도,나주시,23,23,23
곡물가게,전라남도,광양시,10,10,12
곡물가게,전라남도,담양군,14,14,15
곡물가게,전라남도,곡성군,10,10,11
곡물가게,전라남도,구례군,15,15,16
곡물가게,전라남도,고흥군,17,16,16
곡물가게,전라남도,보성군,14,14,11
곡물가게,전라남도,화순군,14,14,13
곡물가게,전라남도,장흥군,14,14,14
곡물가게,전라남도,강진군,13,14,17
곡물가게,전라남도,해남군,31,32,33
곡물가게,전라남도,영암군,17,17,16
곡물가게,전라남도,무안군,24,25,25
곡물가게,전라남도,함평군,19,19,15
곡물가게,전라남도,영광군,19,19,20
곡물가게,전라남도,장성군,11,11,11
곡물가게,전라남도,완도군,10,10,10
곡물가게,전라남도,진도군,16,16,13
곡물가게,전라남도,신안군,21,21,21
곡물가게,경상북도,포항시 남구,17,17,19
곡물가게,경상북도,포항시 북구,32,32,33
곡물가게,경상북도,경주시,34,34,37
곡물가게,경상북도,김천시,16,16,15
곡물가게,경상북도,안동시,38,38,37
곡물가게,경상북도,구미시,12,12,13
곡물가게,경상북도,영주시,43,43,47
곡물가게,경상북도,영천시,14,15,14
곡물가게,경상북도,상주시,27,27,26
곡물가게,경상북도,문경시,16,16,20
곡물가게,경상북도,경산시,29,29,27
곡물가게,경상북도,의성군,21,20,23
곡물가게,경상북도,청송군,7,7,7
곡물가게,경상북도,영양군,7,7,7
곡물가게,경상북도,영덕군,11,11,10
곡물가게,경상북도,청도군,6,6,5
곡물가게,경상북도,고령군,10,10,9
곡물가게,경상북도,성주군,17,17,15
곡물가게,경상북도,칠곡군,14,14,14
곡물가게,경상북도,예천군,17,17,19
곡물가게,경상북도,봉화군,11,11,10
곡물가게,경상북도,울진군,7,7,8
곡물가게,경상북도,울릉군,0,0,0
곡물가게,경상남도,창원시 의창구,15,15,15
곡물가게,경상남도,창원시 성산구,10,10,8
곡물가게,경상남도,창원시 마산합포구,16,16,15
곡물가게,경상남도,창원시 마산회원구,11,12,14
곡물가게,경상남도,창원시 진해구,8,8,7
곡물가게,경상남도,진주시,14,14,21
곡물가게,경상남도,통영시,10,10,9
곡물가게,경상남도,사천시,16,17,18
곡물가게,경상남도,김해시,36,35,34
곡물가게,경상남도,밀양시,10,10,13
곡물가게,경상남도,거제시,9,9,9
곡물가게,경상남도,양산시,26,26,29
곡물가게,경상남도,의령군,4,4,0
곡물가게,경상남도,함안군,8,8,7
곡물가게,경상남도,창녕군,9,8,8
곡물가게,경상남도,고성군,12,12,11
곡물가게,경상남도,남해군,4,4,5
곡물가게,경상남도,하동군,15,15,16
곡물가게,경상남도,산청군,9,9,11
곡물가게,경상남도,함양군,9,9,8
곡물가게,경상남도,거창군,24,24,27
곡물가게,경상남도,합천군,13,12,12
곡물가게,제주특별자치도,제주시,62,62,57
곡물가게,제주특별자치도,서귀포시,15,14,15
곡물가게,강원특별자치도,춘천시,26,26,25
곡물가게,강원특별자치도,원주시,42,42,38
곡물가게,강원특별자치도,강릉시,20,21,20
곡물가게,강원특별자치도,동해시,15,15,15
곡물가게,강원특별자치도,태백시,7,7,8
곡물가게,강원특별자치도,속초시,11,11,10
곡물가게,강원특별자치도,삼척시,14,14,15
곡물가게,강원특별자치도,홍천군,27,27,30
곡물가게,강원특별자치도,횡성군,19,19,20
곡물가게,강원특별자치도,영월군,22,23,23
곡물가게,강원특별자치도,평창군,17,17,17
곡물가게,강원특별자치도,정선군,37,37,40
곡물가게,강원특별자치도,철원군,20,18,19
곡물가게,강원특별자치도,화천군,4,4,4
곡물가게,강원특별자치도,양구군,12,12,14
곡물가게,강원특별자치도,인제군,20,20,18
곡물가게,강원특별자치도,고성군,3,3,3
곡물가게,강원특별자치도,양양군,7,7,8
곡물가게,전북특별자치도,전주시 완산구,42,41,39
곡물가게,전북특별자치도,전주시 덕진구,25,25,26
곡물가게,전북특별자치도,군산시,43,42,37
곡물가게,전북특별자치도,익산시,57,57,59
곡물가게,전북특별자치도,정읍시,34,34,35
곡물가게,전북특별자치도,남원시,26,26,27
곡물가게,전북특별자치도,김제시,41,41,43
곡물가게,전북특별자치도,완주군,20,20,22
곡물가게,전북특별자치도,진안군,8,8,8
곡물가게,전북특별자치도,무주군,8,8,8
곡물가게,전북특별자치도,장수군,8,9,10
곡물가게,전북특별자치도,임실군,15,15,17
곡물가게,전북특별자치도,순창군,9,9,8
곡물가게,전북특별자치도,고창군,22,22,23
곡물가게,전북특별자치도,부안군,20,21,21
과일가게,서울특별시,종로구,23,23,27
과일가게,서울특별시,중구,29,28,29
과일가게,서울특별시,용산구,23,24,20
과일가게,서울특별시,성동구,31,31,29
과일가게,서울특별시,광진구,53,53,52
과일가게,서울특별시,동대문구,106,106,101
과일가게,서울특별시,중랑구,56,54,53
과일가게,서울특별시,성북구,49,48,50
과일가게,서울특별시,강북구,50,49,50
과일가게,서울특별시,도봉구,39,41,39
과일가게,서울특별시,노원구,64,61,60
과일가게,서울특별시,은평구,64,65,62
과일가게,서울특별시,서대문구,33,32,33
과일가게,서울특별시,마포구,38,38,38
과일가게,서울특별시,양천구,55,55,59
과일가게,서울특별시,강서구,92,92,88
과일가게,서울특별시,구로구,67,66,66
과일가게,서울특별시,금천구,46,47,50
과일가게,서울특별시,영등포구,75,73,68
과일가게,서울특별시,동작구,52,54,57
과일가게,서울특별시,관악구,66,66,62
과일가게,서울특별시,서초구,30,31,23
과일가게,서울특별시,강남구,60,61,52
과일가게,서울특별시,송파구,95,94,104
과일가게,서울특별시,강동구,75,75,76
과일가게,부산광역시,중구,12,12,13
과일가게,부산광역시,서구,24,23,21
과일가게,부산광역시,동구,21,22,27
과일가게,부산광역시,영도구,23,22,21
과일가게,부산광역시,부산진구,110,110,102
과일가게,부산광역시,동래구,60,63,60
과일가게,부산광역시,남구,62,64,58
과일가게,부산광역시,북구,44,43,40
과일가게,부산광역시,해운대구,72,71,68
과일가게,부산광역시,사하구,47,47,39
과일가게,부산광역시,금정구,57,54,51
과일가게,부산광역시,강서구,32,32,25
과일가게,부산광역시,연제구,65,67,61
과일가게,부산광역시,수영구,39,38,38
과일가게,부산광역시,사상구,50,49,55
과일가게,부산광역시,기장군,36,36,36
과일가게,대구광역시,중구,28,28,23
과일가게,대구광역시,동구,57,59,55
과일가게,대구광역시,서구,42,43,44
과일가게,대구광역시,남구,37,40,35
과일가게,대구광역시,북구,103,99,98
과일가게,대구광역시,수성구,82,80,69
과일가게,대구광역시,달서구,95,97,95
과일가게,대구광역시,달성군,53,52,48
과일가게,대구광역시,군위군,8,8,9
과일가게,인천광역시,중구,27,28,26
과일가게,인천광역시,동구,17,17,19
과일가게,인천광역시,미추홀구,87,87,78
과일가게,인천광역시,연수구,31,33,34
과일가게,인천광역시,남동구,98,100,103
과일가게,인천광역시,부평구,74,72,86
과일가게,인천광역시,계양구,61,62,66
과일가게,인천광역시,서구,104,105,101
과일가게,인천광역시,강화군,21,21,19
과일가게,인천광역시,옹진군,5,5,5
과일가게,광주광역시,동구,37,37,35
과일가게,광주광역시,서구,81,81,72
과일가게,광주광역시,남구,48,48,54
과일가게,광주광역시,북구,123,123,122
과일가게,광주광역시,광산구,108,106,89
과일가게,대전광역시,동구,61,61,59
과일가게,대전광역시,중구,62,62,54
과일가게,대전광역시,서구,107,105,109
과일가게,대전광역시,유성구,52,55,55
과일가게,대전광역시,대덕구,46,44,39
과일가게,울산광역시,중구,41,41,42
과일가게,울산광역시,남구,51,52,53
과일가게,울산광역시,동구,25,25,22
과일가게,울산광역시,북구,19,19,18
과일가게,울산광역시,울주군,50,47,44
과일가게,세종특별자치시,0,116,117,110
과일가게,경기도,수원시 장안구,42,41,35
과일가게,경기도,수원시 권선구,49,50,44
과일가게,경기도,수원시 팔달구,39,40,38
과일가게,경기도,수원시 영통구,43,41,37
과일가게,경기도,성남시 수정구,49,50,44
과일가게,경기도,성남시 중원구,59,60,50
과일가게,경기도,성남시 분당구,47,48,46
과일가게,경기도,의정부시,96,97,86
과일가게,경기도,안양시 만안구,37,38,44
과일가게,경기도,안양시 동안구,47,46,46
과일가게,경기도,부천시 원미구,89,89,80
과일가게,경기도,부천시 소사구,47,48,51
과일가게,경기도,부천시 오정구,40,40,35
과일가게,경기도,광명시,63,60,60
과일가게,경기도,평택시,97,96,90
과일가게,경기도,동두천시,8,8,10
과일가게,경기도,안산시 상록구,66,66,64
과일가게,경기도,안산시 단원구,75,74,70
과일가게,경기도,고양시 덕양구,67,66,68
과일가게,경기도,고양시 일산동구,42,43,38
과일가게,경기도,고양시 일산서구,44,43,43
과일가게,경기도,과천시,13,13,10
과일가게,경기도,구리시,56,58,48
과일가게,경기도,남양주시,170,171,162
과일가게,경기도,오산시,34,32,35
과일가게,경기도,시흥시,119,118,118
과일가게,경기도,군포시,30,31,31
과일가게,경기도,의왕시,23,22,20
과일가게,경기도,하남시,58,57,53
과일가게,경기도,용인시 처인구,61,60,59
과일가게,경기도,용인시 기흥구,49,48,40
과일가게,경기도,용인시 수지구,22,24,23
과일가게,경기도,파주시,58,57,54
과일가게,경기도,이천시,46,46,46
과일가게,경기도,안성시,115,114,112
과일가게,경기도,김포시,72,70,72
과일가게,경기도,화성시,0,0,0
과일가게,경기도,화성시 만세구,106,106,97
과일가게,경기도,화성시 효행구,24,23,25
과일가게,경기도,화성시 병점구,15,16,15
과일가게,경기도,화성시 동탄구,42,40,35
과일가게,경기도,광주시,98,98,94
과일가게,경기도,양주시,52,50,46
과일가게,경기도,포천시,51,51,49
과일가게,경기도,여주시,24,25,20
과일가게,경기도,연천군,14,14,14
과일가게,경기도,가평군,82,81,82
과일가게,경기도,양평군,17,18,15
과일가게,충청북도,청주시 상당구,58,59,51
과일가게,충청북도,청주시 서원구,35,35,28
과일가게,충청북도,청주시 흥덕구,56,57,58
과일가게,충청북도,청주시 청원구,31,33,33
과일가게,충청북도,충주시,100,100,86
과일가게,충청북도,제천시,38,38,42
과일가게,충청북도,보은군,51,51,47
과일가게,충청북도,옥천군,41,40,37
과일가게,충청북도,영동군,154,154,124
과일가게,충청북도,증평군,11,11,10
과일가게,충청북도,진천군,12,12,13
과일가게,충청북도,괴산군,15,17,16
과일가게,충청북도,음성군,53,55,49
과일가게,충청북도,단양군,18,18,16
과일가게,충청남도,천안시 동남구,82,82,81
과일가게,충청남도,천안시 서북구,131,131,127
과일가게,충청남도,공주시,78,78,69
과일가게,충청남도,보령시,26,26,28
과일가게,충청남도,아산시,87,87,85
과일가게,충청남도,서산시,35,34,32
과일가게,충청남도,논산시,76,76,72
과일가게,충청남도,계룡시,7,7,6
과일가게,충청남도,당진시,30,29,26
과일가게,충청남도,금산군,13,14,13
과일가게,충청남도,부여군,44,44,38
과일가게,충청남도,서천군,18,18,19
과일가게,충청남도,청양군,15,15,17
과일가게,충청남도,홍성군,32,32,32
과일가게,충청남도,예산군,53,53,51
과일가게,충청남도,태안군,7,7,6
과일가게,전라남도,목포시,68,68,64
과일가게,전라남도,여수시,68,70,71
과일가게,전라남도,순천시,85,82,81
과일가게,전라남도,나주시,63,61,70
과일가게,전라남도,광양시,67,67,70
과일가게,전라남도,담양군,30,28,28
과일가게,전라남도,곡성군,15,15,17
과일가게,전라남도,구례군,15,15,14
과일가게,전라남도,고흥군,26,26,27
과일가게,전라남도,보성군,23,23,24
과일가게,전라남도,화순군,12,12,12
과일가게,전라남도,장흥군,18,18,14
과일가게,전라남도,강진군,9,10,13
과일가게,전라남도,해남군,18,19,19
과일가게,전라남도,영암군,34,34,29
과일가게,전라남도,무안군,25,25,25
과일가게,전라남도,함평군,9,9,8
과일가게,전라남도,영광군,17,17,18
과일가게,전라남도,장성군,48,49,52
과일가게,전라남도,완도군,11,12,8
과일가게,전라남도,진도군,9,9,10
과일가게,전라남도,신안군,9,9,9
과일가게,경상북도,포항시 남구,59,58,50
과일가게,경상북도,포항시 북구,92,93,92
과일가게,경상북도,경주시,56,54,52
과일가게,경상북도,김천시,50,50,44
과일가게,경상북도,안동시,78,78,81
과일가게,경상북도,구미시,62,61,46
과일가게,경상북도,영주시,140,140,138
과일가게,경상북도,영천시,46,45,37
과일가게,경상북도,상주시,171,168,171
과일가게,경상북도,문경시,160,161,165
과일가게,경상북도,경산시,88,88,87
과일가게,경상북도,의성군,53,54,54
과일가게,경상북도,청송군,110,108,107
과일가게,경상북도,영양군,23,23,25
과일가게,경상북도,영덕군,55,55,55
과일가게,경상북도,청도군,62,62,56
과일가게,경상북도,고령군,32,32,32
과일가게,경상북도,성주군,29,28,28
과일가게,경상북도,칠곡군,33,33,28
과일가게,경상북도,예천군,41,41,38
과일가게,경상북도,봉화군,49,49,47
과일가게,경상북도,울진군,14,14,13
과일가게,경상북도,울릉군,4,4,3
과일가게,경상남도,창원시 의창구,81,83,81
과일가게,경상남도,창원시 성산구,43,43,42
과일가게,경상남도,창원시 마산합포구,56,55,57
과일가게,경상남도,창원시 마산회원구,44,44,43
과일가게,경상남도,창원시 진해구,28,27,27
과일가게,경상남도,진주시,97,95,96
과일가게,경상남도,통영시,30,31,30
과일가게,경상남도,사천시,36,36,32
과일가게,경상남도,김해시,167,169,156
과일가게,경상남도,밀양시,207,209,221
과일가게,경상남도,거제시,58,59,55
과일가게,경상남도,양산시,47,45,37
과일가게,경상남도,의령군,9,9,8
과일가게,경상남도,함안군,37,38,37
과일가게,경상남도,창녕군,13,13,13
과일가게,경상남도,고성군,15,15,15
과일가게,경상남도,남해군,10,11,10
과일가게,경상남도,하동군,122,121,126
과일가게,경상남도,산청군,169,169,161
과일가게,경상남도,함양군,35,35,33
과일가게,경상남도,거창군,44,43,44
과일가게,경상남도,합천군,9,9,11
과일가게,제주특별자치도,제주시,409,406,385
과일가게,제주특별자치도,서귀포시,808,808,796
과일가게,강원특별자치도,춘천시,47,47,43
과일가게,강원특별자치도,원주시,70,70,68
과일가게,강원특별자치도,강릉시,41,43,45
과일가게,강원특별자치도,동해시,22,20,19
과일가게,강원특별자치도,태백시,11,11,10
과일가게,강원특별자치도,속초시,16,17,17
과일가게,강원특별자치도,삼척시,25,25,25
과일가게,강원특별자치도,홍천군,18,17,17
과일가게,강원특별자치도,횡성군,9,9,11
과일가게,강원특별자치도,영월군,14,14,14
과일가게,강원특별자치도,평창군,12,12,11
과일가게,강원특별자치도,정선군,21,20,16
과일가게,강원특별자치도,철원군,12,13,11
과일가게,강원특별자치도,화천군,10,10,11
과일가게,강원특별자치도,양구군,16,16,16
과일가게,강원특별자치도,인제군,18,17,14
과일가게,강원특별자치도,고성군,3,3,0
과일가게,강원특별자치도,양양군,9,9,11
과일가게,전북특별자치도,전주시 완산구,87,88,80
과일가게,전북특별자치도,전주시 덕진구,69,68,65
과일가게,전북특별자치도,군산시,67,66,62
과일가게,전북특별자치도,익산시,74,75,71
과일가게,전북특별자치도,정읍시,33,32,30
과일가게,전북특별자치도,남원시,27,27,29
과일가게,전북특별자치도,김제시,17,17,16
과일가게,전북특별자치도,완주군,107,105,87
과일가게,전북특별자치도,진안군,15,15,16
과일가게,전북특별자치도,무주군,20,19,19
과일가게,전북특별자치도,장수군,35,35,36
과일가게,전북특별자치도,임실군,6,6,7
과일가게,전북특별자치도,순창군,22,22,21
과일가게,전북특별자치도,고창군,14,14,15
과일가게,전북특별자치도,부안군,19,19,19
꽃가게,서울특별시,종로구,171,170,180
꽃가게,서울특별시,중구,239,240,250
꽃가게,서울특별시,용산구,216,217,218
꽃가게,서울특별시,성동구,145,146,137
꽃가게,서울특별시,광진구,133,132,132
꽃가게,서울특별시,동대문구,113,111,96
꽃가게,서울특별시,중랑구,101,101,104
꽃가게,서울특별시,성북구,136,134,135
꽃가게,서울특별시,강북구,73,74,74
꽃가게,서울특별시,도봉구,73,73,69
꽃가게,서울특별시,노원구,124,124,127
꽃가게,서울특별시,은평구,125,124,121
꽃가게,서울특별시,서대문구,134,132,131
꽃가게,서울특별시,마포구,281,282,265
꽃가게,서울특별시,양천구,138,139,132
꽃가게,서울특별시,강서구,204,202,197
꽃가게,서울특별시,구로구,121,119,123
꽃가게,서울특별시,금천구,67,66,66
꽃가게,서울특별시,영등포구,256,256,255
꽃가게,서울특별시,동작구,119,120,128
꽃가게,서울특별시,관악구,129,130,128
꽃가게,서울특별시,서초구,727,716,713
꽃가게,서울특별시,강남구,605,610,621
꽃가게,서울특별시,송파구,348,346,341
꽃가게,서울특별시,강동구,205,205,203
꽃가게,부산광역시,중구,28,29,25
꽃가게,부산광역시,서구,58,60,62
꽃가게,부산광역시,동구,75,74,74
꽃가게,부산광역시,영도구,38,37,36
꽃가게,부산광역시,부산진구,256,257,249
꽃가게,부산광역시,동래구,136,135,123
꽃가게,부산광역시,남구,120,119,121
꽃가게,부산광역시,북구,71,70,73
꽃가게,부산광역시,해운대구,192,191,185
꽃가게,부산광역시,사하구,83,82,81
꽃가게,부산광역시,금정구,136,135,136
꽃가게,부산광역시,강서구,97,96,94
꽃가게,부산광역시,연제구,97,96,98
꽃가게,부산광역시,수영구,128,128,123
꽃가게,부산광역시,사상구,64,66,66
꽃가게,부산광역시,기장군,92,90,90
꽃가게,대구광역시,중구,141,140,136
꽃가게,대구광역시,동구,148,148,142
꽃가게,대구광역시,서구,60,62,67
꽃가게,대구광역시,남구,103,102,105
꽃가게,대구광역시,북구,220,219,213
꽃가게,대구광역시,수성구,312,310,307
꽃가게,대구광역시,달서구,211,210,214
꽃가게,대구광역시,달성군,109,110,101
꽃가게,대구광역시,군위군,14,14,15
꽃가게,인천광역시,중구,70,70,67
꽃가게,인천광역시,동구,19,17,18
꽃가게,인천광역시,미추홀구,138,136,133
꽃가게,인천광역시,연수구,168,168,159
꽃가게,인천광역시,남동구,353,356,360
꽃가게,인천광역시,부평구,143,141,143
꽃가게,인천광역시,계양구,95,95,91
꽃가게,인천광역시,서구,199,197,201
꽃가게,인천광역시,강화군,48,48,51
꽃가게,인천광역시,옹진군,6,7,7
꽃가게,광주광역시,동구,125,123,122
꽃가게,광주광역시,서구,219,219,219
꽃가게,광주광역시,남구,109,110,107
꽃가게,광주광역시,북구,226,228,230
꽃가게,광주광역시,광산구,199,197,200
꽃가게,대전광역시,동구,74,73,74
꽃가게,대전광역시,중구,141,141,142
꽃가게,대전광역시,서구,291,294,287
꽃가게,대전광역시,유성구,268,266,274
꽃가게,대전광역시,대덕구,75,75,74
꽃가게,울산광역시,중구,110,111,113
꽃가게,울산광역시,남구,245,241,238
꽃가게,울산광역시,동구,59,59,58
꽃가게,울산광역시,북구,97,95,100
꽃가게,울산광역시,울주군,127,126,126
꽃가게,세종특별자치시,0,152,153,141
꽃가게,경기도,수원시 장안구,119,117,113
꽃가게,경기도,수원시 권선구,133,133,124
꽃가게,경기도,수원시 팔달구,114,109,109
꽃가게,경기도,수원시 영통구,191,191,187
꽃가게,경기도,성남시 수정구,116,116,117
꽃가게,경기도,성남시 중원구,95,94,94
꽃가게,경기도,성남시 분당구,276,283,280
꽃가게,경기도,의정부시,178,178,182
꽃가게,경기도,안양시 만안구,88,90,88
꽃가게,경기도,안양시 동안구,138,134,127
꽃가게,경기도,부천시 원미구,177,175,174
꽃가게,경기도,부천시 소사구,69,68,73
꽃가게,경기도,부천시 오정구,69,67,73
꽃가게,경기도,광명시,229,226,222
꽃가게,경기도,평택시,316,315,314
꽃가게,경기도,동두천시,35,35,34
꽃가게,경기도,안산시 상록구,129,126,131
꽃가게,경기도,안산시 단원구,160,162,161
꽃가게,경기도,고양시 덕양구,321,312,323
꽃가게,경기도,고양시 일산동구,166,165,164
꽃가게,경기도,고양시 일산서구,107,110,109
꽃가게,경기도,과천시,227,229,243
꽃가게,경기도,구리시,105,104,99
꽃가게,경기도,남양주시,258,258,260
꽃가게,경기도,오산시,88,88,78
꽃가게,경기도,시흥시,293,295,289
꽃가게,경기도,군포시,72,74,74
꽃가게,경기도,의왕시,92,94,86
꽃가게,경기도,하남시,166,160,162
꽃가게,경기도,용인시 처인구,212,213,215
꽃가게,경기도,용인시 기흥구,173,173,182
꽃가게,경기도,용인시 수지구,131,130,133
꽃가게,경기도,파주시,191,189,189
꽃가게,경기도,이천시,134,134,140
꽃가게,경기도,안성시,116,117,121
꽃가게,경기도,김포시,220,218,225
꽃가게,경기도,화성시,0,0,0
꽃가게,경기도,화성시 만세구,126,123,122
꽃가게,경기도,화성시 효행구,81,80,74
꽃가게,경기도,화성시 병점구,75,76,86
꽃가게,경기도,화성시 동탄구,168,171,162
꽃가게,경기도,광주시,183,183,179
꽃가게,경기도,양주시,170,165,158
꽃가게,경기도,포천시,87,85,81
꽃가게,경기도,여주시,74,75,72
꽃가게,경기도,연천군,22,22,21
꽃가게,경기도,가평군,40,41,35
꽃가게,경기도,양평군,104,104,107
꽃가게,충청북도,청주시 상당구,152,151,156
꽃가게,충청북도,청주시 서원구,133,130,127
꽃가게,충청북도,청주시 흥덕구,174,174,164
꽃가게,충청북도,청주시 청원구,107,107,103
꽃가게,충청북도,충주시,134,134,128
꽃가게,충청북도,제천시,67,67,65
꽃가게,충청북도,보은군,22,21,21
꽃가게,충청북도,옥천군,88,87,85
꽃가게,충청북도,영동군,23,23,22
꽃가게,충청북도,증평군,22,22,23
꽃가게,충청북도,진천군,33,33,33
꽃가게,충청북도,괴산군,22,22,21
꽃가게,충청북도,음성군,54,53,51
꽃가게,충청북도,단양군,15,15,18
꽃가게,충청남도,천안시 동남구,160,157,165
꽃가게,충청남도,천안시 서북구,167,172,165
꽃가게,충청남도,공주시,75,74,72
꽃가게,충청남도,보령시,61,60,59
꽃가게,충청남도,아산시,190,188,186
꽃가게,충청남도,서산시,123,124,121
꽃가게,충청남도,논산시,86,85,85
꽃가게,충청남도,계룡시,22,23,24
꽃가게,충청남도,당진시,97,97,93
꽃가게,충청남도,금산군,50,50,51
꽃가게,충청남도,부여군,48,48,45
꽃가게,충청남도,서천군,34,34,37
꽃가게,충청남도,청양군,29,28,29
꽃가게,충청남도,홍성군,81,81,76
꽃가게,충청남도,예산군,70,70,71
꽃가게,충청남도,태안군,49,48,49
꽃가게,전라남도,목포시,146,145,147
꽃가게,전라남도,여수시,164,162,161
꽃가게,전라남도,순천시,235,236,241
꽃가게,전라남도,나주시,73,71,70
꽃가게,전라남도,광양시,98,97,96
꽃가게,전라남도,담양군,58,60,60
꽃가게,전라남도,곡성군,24,24,22
꽃가게,전라남도,구례군,24,24,23
꽃가게,전라남도,고흥군,51,52,53
꽃가게,전라남도,보성군,42,41,42
꽃가게,전라남도,화순군,51,50,46
꽃가게,전라남도,장흥군,34,34,34
꽃가게,전라남도,강진군,27,27,24
꽃가게,전라남도,해남군,41,42,50
꽃가게,전라남도,영암군,28,29,34
꽃가게,전라남도,무안군,74,74,72
꽃가게,전라남도,함평군,26,26,24
꽃가게,전라남도,영광군,45,45,48
꽃가게,전라남도,장성군,40,39,34
꽃가게,전라남도,완도군,35,35,33
꽃가게,전라남도,진도군,28,28,28
꽃가게,전라남도,신안군,7,7,8
꽃가게,경상북도,포항시 남구,120,121,122
꽃가게,경상북도,포항시 북구,183,182,187
꽃가게,경상북도,경주시,203,203,206
꽃가게,경상북도,김천시,64,65,61
꽃가게,경상북도,안동시,129,129,129
꽃가게,경상북도,구미시,208,205,205
꽃가게,경상북도,영주시,73,73,77
꽃가게,경상북도,영천시,46,46,44
꽃가게,경상북도,상주시,72,72,67
꽃가게,경상북도,문경시,52,53,57
꽃가게,경상북도,경산시,140,141,144
꽃가게,경상북도,의성군,27,27,30
꽃가게,경상북도,청송군,15,16,15
꽃가게,경상북도,영양군,11,11,11
꽃가게,경상북도,영덕군,22,22,23
꽃가게,경상북도,청도군,40,40,39
꽃가게,경상북도,고령군,24,24,25
꽃가게,경상북도,성주군,24,22,23
꽃가게,경상북도,칠곡군,72,69,68
꽃가게,경상북도,예천군,31,31,31
꽃가게,경상북도,봉화군,19,19,18
꽃가게,경상북도,울진군,31,31,29
꽃가게,경상북도,울릉군,5,5,5
꽃가게,경상남도,창원시 의창구,200,200,202
꽃가게,경상남도,창원시 성산구,157,153,154
꽃가게,경상남도,창원시 마산합포구,118,119,116
꽃가게,경상남도,창원시 마산회원구,99,97,99
꽃가게,경상남도,창원시 진해구,99,98,100
꽃가게,경상남도,진주시,282,275,280
꽃가게,경상남도,통영시,71,72,71
꽃가게,경상남도,사천시,95,96,96
꽃가게,경상남도,김해시,288,291,284
꽃가게,경상남도,밀양시,63,62,58
꽃가게,경상남도,거제시,130,131,140
꽃가게,경상남도,양산시,143,144,145
꽃가게,경상남도,의령군,14,13,14
꽃가게,경상남도,함안군,27,27,27
꽃가게,경상남도,창녕군,27,27,27
꽃가게,경상남도,고성군,42,42,48
꽃가게,경상남도,남해군,23,23,21
꽃가게,경상남도,하동군,44,43,45
꽃가게,경상남도,산청군,30,29,28
꽃가게,경상남도,함양군,32,32,30
꽃가게,경상남도,거창군,51,51,53
꽃가게,경상남도,합천군,21,21,21
꽃가게,제주특별자치도,제주시,360,358,345
꽃가게,제주특별자치도,서귀포시,146,143,144
꽃가게,강원특별자치도,춘천시,178,175,165
꽃가게,강원특별자치도,원주시,202,203,188
꽃가게,강원특별자치도,강릉시,117,117,124
꽃가게,강원특별자치도,동해시,51,51,53
꽃가게,강원특별자치도,태백시,18,17,19
꽃가게,강원특별자치도,속초시,58,57,55
꽃가게,강원특별자치도,삼척시,25,24,23
꽃가게,강원특별자치도,홍천군,44,44,47
꽃가게,강원특별자치도,횡성군,41,40,41
꽃가게,강원특별자치도,영월군,23,23,25
꽃가게,강원특별자치도,평창군,34,33,37
꽃가게,강원특별자치도,정선군,17,16,19
꽃가게,강원특별자치도,철원군,32,32,32
꽃가게,강원특별자치도,화천군,11,10,11
꽃가게,강원특별자치도,양구군,17,17,17
꽃가게,강원특별자치도,인제군,21,21,17
꽃가게,강원특별자치도,고성군,21,19,17
꽃가게,강원특별자치도,양양군,19,20,19
꽃가게,전북특별자치도,전주시 완산구,249,252,250
꽃가게,전북특별자치도,전주시 덕진구,170,170,173
꽃가게,전북특별자치도,군산시,151,151,146
꽃가게,전북특별자치도,익산시,174,173,173
꽃가게,전북특별자치도,정읍시,73,74,73
꽃가게,전북특별자치도,남원시,59,58,55
꽃가게,전북특별자치도,김제시,70,70,71
꽃가게,전북특별자치도,완주군,87,87,81
꽃가게,전북특별자치도,진안군,22,22,24
꽃가게,전북특별자치도,무주군,15,15,16
꽃가게,전북특별자치도,장수군,22,23,26
꽃가게,전북특별자치도,임실군,21,20,20
꽃가게,전북특별자치도,순창군,21,21,20
꽃가게,전북특별자치도,고창군,31,30,28
꽃가게,전북특별자치도,부안군,41,42,40
담배ㆍ복권소매업,서울특별시,종로구,101,100,100
담배ㆍ복권소매업,서울특별시,중구,135,132,123
담배ㆍ복권소매업,서울특별시,용산구,69,69,63
담배ㆍ복권소매업,서울특별시,성동구,75,75,71
담배ㆍ복권소매업,서울특별시,광진구,63,64,62
담배ㆍ복권소매업,서울특별시,동대문구,101,103,98
담배ㆍ복권소매업,서울특별시,중랑구,93,94,85
담배ㆍ복권소매업,서울특별시,성북구,94,94,88
담배ㆍ복권소매업,서울특별시,강북구,83,83,78
담배ㆍ복권소매업,서울특별시,도봉구,51,51,54
담배ㆍ복권소매업,서울특별시,노원구,70,70,72
담배ㆍ복권소매업,서울특별시,은평구,76,77,74
담배ㆍ복권소매업,서울특별시,서대문구,71,71,68
담배ㆍ복권소매업,서울특별시,마포구,101,103,91
담배ㆍ복권소매업,서울특별시,양천구,44,44,39
담배ㆍ복권소매업,서울특별시,강서구,110,111,108
담배ㆍ복권소매업,서울특별시,구로구,91,91,84
담배ㆍ복권소매업,서울특별시,금천구,53,53,51
담배ㆍ복권소매업,서울특별시,영등포구,141,142,136
담배ㆍ복권소매업,서울특별시,동작구,75,75,79
담배ㆍ복권소매업,서울특별시,관악구,116,117,118
담배ㆍ복권소매업,서울특별시,서초구,78,78,75
담배ㆍ복권소매업,서울특별시,강남구,114,114,110
담배ㆍ복권소매업,서울특별시,송파구,89,89,73
담배ㆍ복권소매업,서울특별시,강동구,89,88,83
담배ㆍ복권소매업,부산광역시,중구,57,58,56
담배ㆍ복권소매업,부산광역시,서구,50,50,52
담배ㆍ복권소매업,부산광역시,동구,55,57,59
담배ㆍ복권소매업,부산광역시,영도구,60,60,62
담배ㆍ복권소매업,부산광역시,부산진구,126,125,127
담배ㆍ복권소매업,부산광역시,동래구,56,54,52
담배ㆍ복권소매업,부산광역시,남구,62,62,63
담배ㆍ복권소매업,부산광역시,북구,44,46,48
담배ㆍ복권소매업,부산광역시,해운대구,85,86,80
담배ㆍ복권소매업,부산광역시,사하구,93,92,91
담배ㆍ복권소매업,부산광역시,금정구,85,84,80
담배ㆍ복권소매업,부산광역시,강서구,44,44,39
담배ㆍ복권소매업,부산광역시,연제구,39,39,44
담배ㆍ복권소매업,부산광역시,수영구,43,44,38
담배ㆍ복권소매업,부산광역시,사상구,92,92,90
담배ㆍ복권소매업,부산광역시,기장군,39,39,39
담배ㆍ복권소매업,대구광역시,중구,63,63,57
담배ㆍ복권소매업,대구광역시,동구,72,72,64
담배ㆍ복권소매업,대구광역시,서구,63,63,62
담배ㆍ복권소매업,대구광역시,남구,41,40,38
담배ㆍ복권소매업,대구광역시,북구,105,106,96
담배ㆍ복권소매업,대구광역시,수성구,53,54,44
담배ㆍ복권소매업,대구광역시,달서구,63,63,61
담배ㆍ복권소매업,대구광역시,달성군,51,51,47
담배ㆍ복권소매업,대구광역시,군위군,17,17,19
담배ㆍ복권소매업,인천광역시,중구,46,47,39
담배ㆍ복권소매업,인천광역시,동구,23,23,21
담배ㆍ복권소매업,인천광역시,미추홀구,90,89,77
담배ㆍ복권소매업,인천광역시,연수구,65,64,51
담배ㆍ복권소매업,인천광역시,남동구,79,79,72
담배ㆍ복권소매업,인천광역시,부평구,105,104,83
담배ㆍ복권소매업,인천광역시,계양구,58,58,53
담배ㆍ복권소매업,인천광역시,서구,107,107,88
담배ㆍ복권소매업,인천광역시,강화군,11,11,11
담배ㆍ복권소매업,인천광역시,옹진군,4,4,5
담배ㆍ복권소매업,광주광역시,동구,38,38,39
담배ㆍ복권소매업,광주광역시,서구,60,60,55
담배ㆍ복권소매업,광주광역시,남구,59,58,58
담배ㆍ복권소매업,광주광역시,북구,70,70,69
담배ㆍ복권소매업,광주광역시,광산구,53,52,50
담배ㆍ복권소매업,대전광역시,동구,71,70,71
담배ㆍ복권소매업,대전광역시,중구,68,67,60
담배ㆍ복권소매업,대전광역시,서구,71,72,67
담배ㆍ복권소매업,대전광역시,유성구,40,40,38
담배ㆍ복권소매업,대전광역시,대덕구,49,49,49
담배ㆍ복권소매업,울산광역시,중구,52,52,55
담배ㆍ복권소매업,울산광역시,남구,67,67,61
담배ㆍ복권소매업,울산광역시,동구,29,30,25
담배ㆍ복권소매업,울산광역시,북구,30,30,28
담배ㆍ복권소매업,울산광역시,울주군,44,44,44
담배ㆍ복권소매업,세종특별자치시,0,48,49,48
담배ㆍ복권소매업,경기도,수원시 장안구,39,40,31
담배ㆍ복권소매업,경기도,수원시 권선구,48,45,49
담배ㆍ복권소매업,경기도,수원시 팔달구,55,55,57
담배ㆍ복권소매업,경기도,수원시 영통구,35,35,27
담배ㆍ복권소매업,경기도,성남시 수정구,59,60,60
담배ㆍ복권소매업,경기도,성남시 중원구,41,41,41
담배ㆍ복권소매업,경기도,성남시 분당구,71,72,59
담배ㆍ복권소매업,경기도,의정부시,82,82,80
담배ㆍ복권소매업,경기도,안양시 만안구,37,37,41
담배ㆍ복권소매업,경기도,안양시 동안구,47,47,43
담배ㆍ복권소매업,경기도,부천시 원미구,82,82,79
담배ㆍ복권소매업,경기도,부천시 소사구,38,38,38
담배ㆍ복권소매업,경기도,부천시 오정구,27,27,26
담배ㆍ복권소매업,경기도,광명시,43,43,41
담배ㆍ복권소매업,경기도,평택시,95,95,81
담배ㆍ복권소매업,경기도,동두천시,26,26,23
담배ㆍ복권소매업,경기도,안산시 상록구,62,62,55
담배ㆍ복권소매업,경기도,안산시 단원구,60,60,50
담배ㆍ복권소매업,경기도,고양시 덕양구,70,70,66
담배ㆍ복권소매업,경기도,고양시 일산동구,52,51,52
담배ㆍ복권소매업,경기도,고양시 일산서구,39,38,35
담배ㆍ복권소매업,경기도,과천시,14,14,9
담배ㆍ복권소매업,경기도,구리시,40,40,40
담배ㆍ복권소매업,경기도,남양주시,87,88,81
담배ㆍ복권소매업,경기도,오산시,43,43,33
담배ㆍ복권소매업,경기도,시흥시,80,79,68
담배ㆍ복권소매업,경기도,군포시,35,35,31
담배ㆍ복권소매업,경기도,의왕시,19,19,13
담배ㆍ복권소매업,경기도,하남시,45,45,40
담배ㆍ복권소매업,경기도,용인시 처인구,47,47,44
담배ㆍ복권소매업,경기도,용인시 기흥구,45,46,44
담배ㆍ복권소매업,경기도,용인시 수지구,18,18,16
담배ㆍ복권소매업,경기도,파주시,101,103,87
담배ㆍ복권소매업,경기도,이천시,55,55,54
담배ㆍ복권소매업,경기도,안성시,33,33,31
담배ㆍ복권소매업,경기도,김포시,75,72,58
담배ㆍ복권소매업,경기도,화성시 만세구,43,43,33
담배ㆍ복권소매업,경기도,화성시 효행구,20,20,21
담배ㆍ복권소매업,경기도,화성시 병점구,10,10,14
담배ㆍ복권소매업,경기도,화성시 동탄구,32,32,18
담배ㆍ복권소매업,경기도,광주시,61,61,60
담배ㆍ복권소매업,경기도,양주시,36,38,30
담배ㆍ복권소매업,경기도,포천시,87,87,82
담배ㆍ복권소매업,경기도,여주시,28,28,28
담배ㆍ복권소매업,경기도,연천군,13,13,13
담배ㆍ복권소매업,경기도,가평군,25,25,23
담배ㆍ복권소매업,경기도,양평군,23,23,26
담배ㆍ복권소매업,충청북도,청주시 상당구,51,53,51
담배ㆍ복권소매업,충청북도,청주시 서원구,44,44,43
담배ㆍ복권소매업,충청북도,청주시 흥덕구,64,64,62
담배ㆍ복권소매업,충청북도,청주시 청원구,43,42,40
담배ㆍ복권소매업,충청북도,충주시,64,65,70
담배ㆍ복권소매업,충청북도,제천시,56,57,61
담배ㆍ복권소매업,충청북도,보은군,20,20,20
담배ㆍ복권소매업,충청북도,옥천군,18,18,19
담배ㆍ복권소매업,충청북도,영동군,27,27,28
담배ㆍ복권소매업,충청북도,증평군,14,14,15
담배ㆍ복권소매업,충청북도,진천군,16,15,15
담배ㆍ복권소매업,충청북도,괴산군,12,12,13
담배ㆍ복권소매업,충청북도,음성군,30,30,32
담배ㆍ복권소매업,충청북도,단양군,14,13,15
담배ㆍ복권소매업,충청남도,천안시 동남구,48,47,47
담배ㆍ복권소매업,충청남도,천안시 서북구,59,60,49
담배ㆍ복권소매업,충청남도,공주시,39,39,42
담배ㆍ복권소매업,충청남도,보령시,31,31,33
담배ㆍ복권소매업,충청남도,아산시,84,83,79
담배ㆍ복권소매업,충청남도,서산시,45,45,39
담배ㆍ복권소매업,충청남도,논산시,51,51,53
담배ㆍ복권소매업,충청남도,계룡시,10,10,8
담배ㆍ복권소매업,충청남도,당진시,37,37,37
담배ㆍ복권소매업,충청남도,금산군,18,18,19
담배ㆍ복권소매업,충청남도,부여군,27,27,27
담배ㆍ복권소매업,충청남도,서천군,25,25,25
담배ㆍ복권소매업,충청남도,청양군,12,12,13
담배ㆍ복권소매업,충청남도,홍성군,25,25,23
담배ㆍ복권소매업,충청남도,예산군,41,41,43
담배ㆍ복권소매업,충청남도,태안군,32,32,28
담배ㆍ복권소매업,전라남도,목포시,79,79,80
담배ㆍ복권소매업,전라남도,여수시,60,60,62
담배ㆍ복권소매업,전라남도,순천시,54,54,53
담배ㆍ복권소매업,전라남도,나주시,24,24,27
담배ㆍ복권소매업,전라남도,광양시,21,21,19
담배ㆍ복권소매업,전라남도,담양군,11,11,14
담배ㆍ복권소매업,전라남도,곡성군,29,29,31
담배ㆍ복권소매업,전라남도,구례군,15,15,14
담배ㆍ복권소매업,전라남도,고흥군,45,45,50
담배ㆍ복권소매업,전라남도,보성군,22,22,19
담배ㆍ복권소매업,전라남도,화순군,19,19,20
담배ㆍ복권소매업,전라남도,장흥군,34,36,37
담배ㆍ복권소매업,전라남도,강진군,27,27,29
담배ㆍ복권소매업,전라남도,해남군,54,53,59
담배ㆍ복권소매업,전라남도,영암군,14,15,17
담배ㆍ복권소매업,전라남도,무안군,30,31,31
담배ㆍ복권소매업,전라남도,함평군,11,11,10
담배ㆍ복권소매업,전라남도,영광군,22,22,25
담배ㆍ복권소매업,전라남도,장성군,20,20,21
담배ㆍ복권소매업,전라남도,완도군,65,65,72
담배ㆍ복권소매업,전라남도,진도군,24,24,23
담배ㆍ복권소매업,전라남도,신안군,34,34,37
담배ㆍ복권소매업,경상북도,포항시 남구,57,57,60
담배ㆍ복권소매업,경상북도,포항시 북구,68,69,66
담배ㆍ복권소매업,경상북도,경주시,95,95,99
담배ㆍ복권소매업,경상북도,김천시,51,51,55
담배ㆍ복권소매업,경상북도,안동시,65,65,69
담배ㆍ복권소매업,경상북도,구미시,85,84,88
담배ㆍ복권소매업,경상북도,영주시,53,53,55
담배ㆍ복권소매업,경상북도,영천시,29,29,28
담배ㆍ복권소매업,경상북도,상주시,67,67,72
담배ㆍ복권소매업,경상북도,문경시,62,62,64
담배ㆍ복권소매업,경상북도,경산시,60,61,61
담배ㆍ복권소매업,경상북도,의성군,47,47,46
담배ㆍ복권소매업,경상북도,청송군,18,19,21
담배ㆍ복권소매업,경상북도,영양군,6,6,9
담배ㆍ복권소매업,경상북도,영덕군,34,34,37
담배ㆍ복권소매업,경상북도,청도군,25,25,28
담배ㆍ복권소매업,경상북도,고령군,21,22,21
담배ㆍ복권소매업,경상북도,성주군,23,23,23
담배ㆍ복권소매업,경상북도,칠곡군,32,30,32
담배ㆍ복권소매업,경상북도,예천군,41,41,46
담배ㆍ복권소매업,경상북도,봉화군,22,22,21
담배ㆍ복권소매업,경상북도,울진군,43,43,47
담배ㆍ복권소매업,경상북도,울릉군,11,11,12
담배ㆍ복권소매업,경상남도,창원시 의창구,58,58,56
담배ㆍ복권소매업,경상남도,창원시 성산구,40,40,37
담배ㆍ복권소매업,경상남도,창원시 마산합포구,71,70,71
담배ㆍ복권소매업,경상남도,창원시 마산회원구,62,62,64
담배ㆍ복권소매업,경상남도,창원시 진해구,43,43,51
담배ㆍ복권소매업,경상남도,진주시,113,113,114
담배ㆍ복권소매업,경상남도,통영시,46,45,47
담배ㆍ복권소매업,경상남도,사천시,39,39,45
담배ㆍ복권소매업,경상남도,김해시,112,111,106
담배ㆍ복권소매업,경상남도,밀양시,37,37,37
담배ㆍ복권소매업,경상남도,거제시,43,43,37
담배ㆍ복권소매업,경상남도,양산시,67,67,61
담배ㆍ복권소매업,경상남도,의령군,16,16,18
담배ㆍ복권소매업,경상남도,함안군,23,23,22
담배ㆍ복권소매업,경상남도,창녕군,22,22,24
담배ㆍ복권소매업,경상남도,고성군,12,12,15
담배ㆍ복권소매업,경상남도,남해군,18,18,18
담배ㆍ복권소매업,경상남도,하동군,20,20,19
담배ㆍ복권소매업,경상남도,산청군,25,25,28
담배ㆍ복권소매업,경상남도,함양군,17,17,19
담배ㆍ복권소매업,경상남도,거창군,31,31,33
담배ㆍ복권소매업,경상남도,합천군,44,44,46
담배ㆍ복권소매업,제주특별자치도,제주시,117,117,107
담배ㆍ복권소매업,제주특별자치도,서귀포시,42,42,43
담배ㆍ복권소매업,강원특별자치도,춘천시,47,47,46
담배ㆍ복권소매업,강원특별자치도,원주시,93,94,91
담배ㆍ복권소매업,강원특별자치도,강릉시,50,52,56
담배ㆍ복권소매업,강원특별자치도,동해시,39,39,37
담배ㆍ복권소매업,강원특별자치도,태백시,26,26,28
담배ㆍ복권소매업,강원특별자치도,속초시,31,31,31
담배ㆍ복권소매업,강원특별자치도,삼척시,30,30,29
담배ㆍ복권소매업,강원특별자치도,홍천군,21,21,25
담배ㆍ복권소매업,강원특별자치도,횡성군,13,14,14
담배ㆍ복권소매업,강원특별자치도,영월군,24,24,25
담배ㆍ복권소매업,강원특별자치도,평창군,13,13,13
담배ㆍ복권소매업,강원특별자치도,정선군,22,22,22
담배ㆍ복권소매업,강원특별자치도,철원군,10,11,9
담배ㆍ복권소매업,강원특별자치도,화천군,11,11,11
담배ㆍ복권소매업,강원특별자치도,양구군,9,9,8
담배ㆍ복권소매업,강원특별자치도,인제군,8,8,7
담배ㆍ복권소매업,강원특별자치도,고성군,21,20,20
담배ㆍ복권소매업,강원특별자치도,양양군,10,10,11
담배ㆍ복권소매업,전북특별자치도,전주시 완산구,57,58,53
담배ㆍ복권소매업,전북특별자치도,전주시 덕진구,62,61,60
담배ㆍ복권소매업,전북특별자치도,군산시,88,89,88
담배ㆍ복권소매업,전북특별자치도,익산시,62,63,61
담배ㆍ복권소매업,전북특별자치도,정읍시,38,38,38
담배ㆍ복권소매업,전북특별자치도,남원시,48,48,51
담배ㆍ복권소매업,전북특별자치도,김제시,33,33,34
담배ㆍ복권소매업,전북특별자치도,완주군,27,28,29
담배ㆍ복권소매업,전북특별자치도,진안군,10,10,13
담배ㆍ복권소매업,전북특별자치도,무주군,12,12,12
담배ㆍ복권소매업,전북특별자치도,장수군,19,19,20
담배ㆍ복권소매업,전북특별자치도,임실군,35,36,35
담배ㆍ복권소매업,전북특별자치도,순창군,22,22,22
담배ㆍ복권소매업,전북특별자치도,고창군,22,22,20
담배ㆍ복권소매업,전북특별자치도,부안군,26,26,25
문구점,서울특별시,종로구,70,71,68
문구점,서울특별시,중구,52,52,54
문구점,서울특별시,용산구,38,40,38
문구점,서울특별시,성동구,40,40,47
문구점,서울특별시,광진구,42,42,41
문구점,서울특별시,동대문구,55,54,51
문구점,서울특별시,중랑구,49,50,52
문구점,서울특별시,성북구,60,64,73
문구점,서울특별시,강북구,33,33,37
문구점,서울특별시,도봉구,31,31,37
문구점,서울특별시,노원구,67,66,74
문구점,서울특별시,은평구,49,48,46
문구점,서울특별시,서대문구,50,49,47
문구점,서울특별시,마포구,98,97,93
문구점,서울특별시,양천구,66,70,78
문구점,서울특별시,강서구,85,85,81
문구점,서울특별시,구로구,57,57,60
문구점,서울특별시,금천구,51,52,52
문구점,서울특별시,영등포구,72,72,80
문구점,서울특별시,동작구,58,58,54
문구점,서울특별시,관악구,52,52,51
문구점,서울특별시,서초구,100,99,100
문구점,서울특별시,강남구,96,96,99
문구점,서울특별시,송파구,126,124,129
문구점,서울특별시,강동구,55,56,65
문구점,부산광역시,중구,22,22,23
문구점,부산광역시,서구,21,21,21
문구점,부산광역시,동구,20,21,21
문구점,부산광역시,영도구,14,14,16
문구점,부산광역시,부산진구,70,69,73
문구점,부산광역시,동래구,50,51,59
문구점,부산광역시,남구,31,31,38
문구점,부산광역시,북구,27,26,28
문구점,부산광역시,해운대구,68,69,80
문구점,부산광역시,사하구,37,39,40
문구점,부산광역시,금정구,33,34,36
문구점,부산광역시,강서구,31,32,32
문구점,부산광역시,연제구,27,29,31
문구점,부산광역시,수영구,28,29,31
문구점,부산광역시,사상구,31,30,34
문구점,부산광역시,기장군,41,42,39
문구점,대구광역시,중구,41,41,38
문구점,대구광역시,동구,47,48,48
문구점,대구광역시,서구,38,38,36
문구점,대구광역시,남구,22,21,21
문구점,대구광역시,북구,63,63,69
문구점,대구광역시,수성구,84,84,87
문구점,대구광역시,달서구,63,63,65
문구점,대구광역시,달성군,37,36,37
문구점,대구광역시,군위군,0,0,0
문구점,인천광역시,중구,28,28,30
문구점,인천광역시,동구,21,21,25
문구점,인천광역시,미추홀구,70,70,69
문구점,인천광역시,연수구,76,76,72
문구점,인천광역시,남동구,95,95,101
문구점,인천광역시,부평구,84,85,91
문구점,인천광역시,계양구,36,36,39
문구점,인천광역시,서구,103,103,108
문구점,인천광역시,강화군,14,14,14
문구점,인천광역시,옹진군,6,6,5
문구점,광주광역시,동구,33,33,33
문구점,광주광역시,서구,57,59,59
문구점,광주광역시,남구,48,48,47
문구점,광주광역시,북구,57,59,63
문구점,광주광역시,광산구,83,81,82
문구점,대전광역시,동구,40,40,39
문구점,대전광역시,중구,51,51,50
문구점,대전광역시,서구,108,109,103
문구점,대전광역시,유성구,73,74,81
문구점,대전광역시,대덕구,48,47,51
문구점,울산광역시,중구,51,51,54
문구점,울산광역시,남구,50,50,54
문구점,울산광역시,동구,24,23,25
문구점,울산광역시,북구,38,40,37
문구점,울산광역시,울주군,28,28,31
문구점,세종특별자치시,0,101,102,106
문구점,경기도,수원시 장안구,41,41,37
문구점,경기도,수원시 권선구,46,46,53
문구점,경기도,수원시 팔달구,56,57,58
문구점,경기도,수원시 영통구,69,70,73
문구점,경기도,성남시 수정구,34,36,35
문구점,경기도,성남시 중원구,39,38,35
문구점,경기도,성남시 분당구,68,67,72
문구점,경기도,의정부시,79,80,84
문구점,경기도,안양시 만안구,46,45,47
문구점,경기도,안양시 동안구,61,61,59
문구점,경기도,부천시 원미구,87,87,90
문구점,경기도,부천시 소사구,28,28,31
문구점,경기도,부천시 오정구,16,17,15
문구점,경기도,광명시,47,46,44
문구점,경기도,평택시,120,120,136
문구점,경기도,동두천시,18,18,18
문구점,경기도,안산시 상록구,43,44,50
문구점,경기도,안산시 단원구,59,59,61
문구점,경기도,고양시 덕양구,99,99,102
문구점,경기도,고양시 일산동구,61,63,63
문구점,경기도,고양시 일산서구,54,54,58
문구점,경기도,과천시,16,17,14
문구점,경기도,구리시,38,38,37
문구점,경기도,남양주시,157,159,167
문구점,경기도,오산시,48,51,45
문구점,경기도,시흥시,87,87,90
문구점,경기도,군포시,40,40,41
문구점,경기도,의왕시,14,14,15
문구점,경기도,하남시,63,64,68
문구점,경기도,용인시 처인구,44,43,46
문구점,경기도,용인시 기흥구,78,80,85
문구점,경기도,용인시 수지구,55,56,57
문구점,경기도,파주시,101,98,107
문구점,경기도,이천시,33,33,36
문구점,경기도,안성시,43,44,41
문구점,경기도,김포시,91,97,117
문구점,경기도,화성시,0,0,0
문구점,경기도,화성시 만세구,32,31,33
문구점,경기도,화성시 효행구,29,27,24
문구점,경기도,화성시 병점구,19,19,28
문구점,경기도,화성시 동탄구,81,79,89
문구점,경기도,광주시,68,68,71
문구점,경기도,양주시,55,55,56
문구점,경기도,포천시,41,41,36
문구점,경기도,여주시,27,27,29
문구점,경기도,연천군,19,19,15
문구점,경기도,가평군,17,17,18
문구점,경기도,양평군,22,22,23
문구점,충청북도,청주시 상당구,47,49,48
문구점,충청북도,청주시 서원구,39,40,42
문구점,충청북도,청주시 흥덕구,63,62,64
문구점,충청북도,청주시 청원구,41,41,40
문구점,충청북도,충주시,68,69,64
문구점,충청북도,제천시,38,38,41
문구점,충청북도,보은군,9,9,7
문구점,충청북도,옥천군,11,11,12
문구점,충청북도,영동군,7,7,7
문구점,충청북도,증평군,5,5,6
문구점,충청북도,진천군,14,13,13
문구점,충청북도,괴산군,7,6,5
문구점,충청북도,음성군,25,25,25
문구점,충청북도,단양군,11,12,10
문구점,충청남도,천안시 동남구,68,69,75
문구점,충청남도,천안시 서북구,74,72,77
문구점,충청남도,공주시,22,23,27
문구점,충청남도,보령시,27,27,28
문구점,충청남도,아산시,87,90,89
문구점,충청남도,서산시,41,41,40
문구점,충청남도,논산시,37,38,37
문구점,충청남도,계룡시,18,18,18
문구점,충청남도,당진시,35,34,36
문구점,충청남도,금산군,12,12,12
문구점,충청남도,부여군,13,12,12
문구점,충청남도,서천군,18,18,16
문구점,충청남도,청양군,8,8,8
문구점,충청남도,홍성군,27,27,26
문구점,충청남도,예산군,25,26,21
문구점,충청남도,태안군,8,8,8
문구점,전라남도,목포시,68,68,63
문구점,전라남도,여수시,52,51,51
문구점,전라남도,순천시,67,68,63
문구점,전라남도,나주시,29,29,24
문구점,전라남도,광양시,40,40,41
문구점,전라남도,담양군,20,20,20
문구점,전라남도,곡성군,5,5,4
문구점,전라남도,구례군,7,7,6
문구점,전라남도,고흥군,10,10,10
문구점,전라남도,보성군,8,8,8
문구점,전라남도,화순군,7,8,7
문구점,전라남도,장흥군,8,8,9
문구점,전라남도,강진군,6,6,6
문구점,전라남도,해남군,16,17,15
문구점,전라남도,영암군,9,9,8
문구점,전라남도,무안군,20,19,21
문구점,전라남도,함평군,3,3,0
문구점,전라남도,영광군,8,9,9
문구점,전라남도,장성군,15,15,17
문구점,전라남도,완도군,16,16,17
문구점,전라남도,진도군,7,7,8
문구점,전라남도,신안군,0,0,0
문구점,경상북도,포항시 남구,56,54,54
문구점,경상북도,포항시 북구,69,70,70
문구점,경상북도,경주시,66,64,65
문구점,경상북도,김천시,22,22,25
문구점,경상북도,안동시,26,26,30
문구점,경상북도,구미시,105,106,109
문구점,경상북도,영주시,16,16,16
문구점,경상북도,영천시,14,14,12
문구점,경상북도,상주시,20,20,20
문구점,경상북도,문경시,23,23,25
문구점,경상북도,경산시,44,44,51
문구점,경상북도,의성군,3,3,3
문구점,경상북도,청송군,6,6,6
문구점,경상북도,영양군,4,4,4
문구점,경상북도,영덕군,4,4,3
문구점,경상북도,청도군,5,5,5
문구점,경상북도,고령군,7,7,6
문구점,경상북도,성주군,5,5,5
문구점,경상북도,칠곡군,23,23,26
문구점,경상북도,예천군,8,8,9
문구점,경상북도,봉화군,3,3,3
문구점,경상북도,울진군,10,10,10
문구점,경상북도,울릉군,4,4,4
문구점,경상남도,창원시 의창구,37,37,32
문구점,경상남도,창원시 성산구,54,53,53
문구점,경상남도,창원시 마산합포구,43,44,41
문구점,경상남도,창원시 마산회원구,37,37,40
문구점,경상남도,창원시 진해구,32,32,35
문구점,경상남도,진주시,94,92,92
문구점,경상남도,통영시,26,26,25
문구점,경상남도,사천시,28,27,25
문구점,경상남도,김해시,99,99,101
문구점,경상남도,밀양시,9,9,8
문구점,경상남도,거제시,38,38,41
문구점,경상남도,양산시,49,50,49
문구점,경상남도,의령군,7,7,8
문구점,경상남도,함안군,9,9,9
문구점,경상남도,창녕군,13,13,11
문구점,경상남도,고성군,11,11,9
문구점,경상남도,남해군,4,4,4
문구점,경상남도,하동군,8,8,8
문구점,경상남도,산청군,5,5,5
문구점,경상남도,함양군,12,11,13
문구점,경상남도,거창군,7,7,7
문구점,경상남도,합천군,4,4,4
문구점,제주특별자치도,제주시,161,157,157
문구점,제주특별자치도,서귀포시,35,35,36
문구점,강원특별자치도,춘천시,72,72,71
문구점,강원특별자치도,원주시,69,67,71
문구점,강원특별자치도,강릉시,58,58,60
문구점,강원특별자치도,동해시,34,34,35
문구점,강원특별자치도,태백시,9,9,10
문구점,강원특별자치도,속초시,18,18,17
문구점,강원특별자치도,삼척시,19,18,18
문구점,강원특별자치도,홍천군,19,19,17
문구점,강원특별자치도,횡성군,11,10,8
문구점,강원특별자치도,영월군,8,8,8
문구점,강원특별자치도,평창군,16,16,14
문구점,강원특별자치도,정선군,9,9,9
문구점,강원특별자치도,철원군,20,21,19
문구점,강원특별자치도,화천군,9,9,8
문구점,강원특별자치도,양구군,8,8,7
문구점,강원특별자치도,인제군,13,13,12
문구점,강원특별자치도,고성군,6,6,6
문구점,강원특별자치도,양양군,4,4,5
문구점,전북특별자치도,전주시 완산구,80,80,84
문구점,전북특별자치도,전주시 덕진구,79,78,75
문구점,전북특별자치도,군산시,82,83,82
문구점,전북특별자치도,익산시,58,57,61
문구점,전북특별자치도,정읍시,15,14,17
문구점,전북특별자치도,남원시,18,18,18
문구점,전북특별자치도,김제시,19,19,18
문구점,전북특별자치도,완주군,23,24,25
문구점,전북특별자치도,진안군,6,6,7
문구점,전북특별자치도,무주군,6,6,7
문구점,전북특별자치도,장수군,4,4,3
문구점,전북특별자치도,임실군,5,5,4
문구점,전북특별자치도,순창군,3,3,3
문구점,전북특별자치도,고창군,9,9,12
문구점,전북특별자치도,부안군,14,14,13
생선가게,서울특별시,종로구,16,16,19
생선가게,서울특별시,중구,29,30,32
생선가게,서울특별시,용산구,13,13,15
생선가게,서울특별시,성동구,12,12,13
생선가게,서울특별시,광진구,29,29,26
생선가게,서울특별시,동대문구,87,83,79
생선가게,서울특별시,중랑구,40,40,43
생선가게,서울특별시,성북구,22,21,28
생선가게,서울특별시,강북구,37,38,32
생선가게,서울특별시,도봉구,28,28,30
생선가게,서울특별시,노원구,27,27,27
생선가게,서울특별시,은평구,42,43,43
생선가게,서울특별시,서대문구,29,29,30
생선가게,서울특별시,마포구,43,43,42
생선가게,서울특별시,양천구,41,41,40
생선가게,서울특별시,강서구,62,62,61
생선가게,서울특별시,구로구,29,30,31
생선가게,서울특별시,금천구,22,23,19
생선가게,서울특별시,영등포구,32,33,31
생선가게,서울특별시,동작구,521,523,541
생선가게,서울특별시,관악구,49,50,52
생선가게,서울특별시,서초구,16,16,15
생선가게,서울특별시,강남구,31,29,32
생선가게,서울특별시,송파구,49,50,51
생선가게,서울특별시,강동구,37,37,35
생선가게,부산광역시,중구,77,77,80
생선가게,부산광역시,서구,78,76,73
생선가게,부산광역시,동구,10,10,9
생선가게,부산광역시,영도구,24,24,22
생선가게,부산광역시,부산진구,116,116,112
생선가게,부산광역시,동래구,58,58,56
생선가게,부산광역시,남구,37,37,29
생선가게,부산광역시,북구,47,47,47
생선가게,부산광역시,해운대구,65,64,61
생선가게,부산광역시,사하구,139,139,130
생선가게,부산광역시,금정구,27,27,23
생선가게,부산광역시,강서구,73,73,69
생선가게,부산광역시,연제구,27,27,29
생선가게,부산광역시,수영구,270,271,272
생선가게,부산광역시,사상구,38,38,37
생선가게,부산광역시,기장군,115,113,114
생선가게,대구광역시,중구,20,20,17
생선가게,대구광역시,동구,29,28,34
생선가게,대구광역시,서구,16,15,21
생선가게,대구광역시,남구,25,25,23
생선가게,대구광역시,북구,66,66,70
생선가게,대구광역시,수성구,43,43,41
생선가게,대구광역시,달서구,52,52,56
생선가게,대구광역시,달성군,23,23,20
생선가게,대구광역시,군위군,4,4,4
생선가게,인천광역시,중구,149,147,149
생선가게,인천광역시,동구,20,20,20
생선가게,인천광역시,미추홀구,84,83,84
생선가게,인천광역시,연수구,27,25,21
생선가게,인천광역시,남동구,368,364,361
생선가게,인천광역시,부평구,68,68,70
생선가게,인천광역시,계양구,32,32,35
생선가게,인천광역시,서구,73,74,72
생선가게,인천광역시,강화군,52,50,51
생선가게,인천광역시,옹진군,16,16,14
생선가게,광주광역시,동구,58,58,54
생선가게,광주광역시,서구,111,109,104
생선가게,광주광역시,남구,34,34,32
생선가게,광주광역시,북구,109,108,106
생선가게,광주광역시,광산구,67,70,62
생선가게,대전광역시,동구,29,30,32
생선가게,대전광역시,중구,34,33,30
생선가게,대전광역시,서구,56,56,54
생선가게,대전광역시,유성구,27,26,25
생선가게,대전광역시,대덕구,23,23,24
생선가게,울산광역시,중구,61,61,58
생선가게,울산광역시,남구,110,110,106
생선가게,울산광역시,동구,142,144,135
생선가게,울산광역시,북구,105,104,106
생선가게,울산광역시,울주군,50,50,51
생선가게,세종특별자치시,0,27,27,27
생선가게,경기도,수원시 장안구,22,25,23
생선가게,경기도,수원시 권선구,21,21,21
생선가게,경기도,수원시 팔달구,31,31,36
생선가게,경기도,수원시 영통구,16,17,19
생선가게,경기도,성남시 수정구,19,19,17
생선가게,경기도,성남시 중원구,34,35,37
생선가게,경기도,성남시 분당구,22,23,20
생선가게,경기도,의정부시,60,57,59
생선가게,경기도,안양시 만안구,33,32,35
생선가게,경기도,안양시 동안구,35,35,35
생선가게,경기도,부천시 원미구,44,42,43
생선가게,경기도,부천시 소사구,25,26,21
생선가게,경기도,부천시 오정구,24,24,22
생선가게,경기도,광명시,30,30,28
생선가게,경기도,평택시,91,94,94
생선가게,경기도,동두천시,15,15,16
생선가게,경기도,안산시 상록구,31,30,25
생선가게,경기도,안산시 단원구,42,40,46
생선가게,경기도,고양시 덕양구,48,44,38
생선가게,경기도,고양시 일산동구,11,11,11
생선가게,경기도,고양시 일산서구,25,25,26
생선가게,경기도,과천시,0,0,0
생선가게,경기도,구리시,26,27,31
생선가게,경기도,남양주시,80,81,76
생선가게,경기도,오산시,30,31,26
생선가게,경기도,시흥시,105,105,103
생선가게,경기도,군포시,16,16,18
생선가게,경기도,의왕시,7,7,6
생선가게,경기도,하남시,38,39,41
생선가게,경기도,용인시 처인구,28,27,29
생선가게,경기도,용인시 기흥구,17,17,23
생선가게,경기도,용인시 수지구,19,20,18
생선가게,경기도,파주시,40,44,45
생선가게,경기도,이천시,20,20,23
생선가게,경기도,안성시,17,18,18
생선가게,경기도,김포시,56,56,49
생선가게,경기도,화성시 만세구,139,140,149
생선가게,경기도,화성시 효행구,14,13,12
생선가게,경기도,화성시 병점구,10,9,10
생선가게,경기도,화성시 동탄구,22,22,17
생선가게,경기도,광주시,50,51,50
생선가게,경기도,양주시,27,26,22
생선가게,경기도,포천시,17,17,20
생선가게,경기도,여주시,20,20,20
생선가게,경기도,연천군,4,4,4
생선가게,경기도,가평군,0,0,0
생선가게,경기도,양평군,19,19,18
생선가게,충청북도,청주시 상당구,29,29,27
생선가게,충청북도,청주시 서원구,16,16,21
생선가게,충청북도,청주시 흥덕구,28,28,23
생선가게,충청북도,청주시 청원구,17,19,20
생선가게,충청북도,충주시,31,31,31
생선가게,충청북도,제천시,21,21,17
생선가게,충청북도,보은군,5,5,6
생선가게,충청북도,옥천군,17,17,17
생선가게,충청북도,영동군,8,8,9
생선가게,충청북도,증평군,9,9,10
생선가게,충청북도,진천군,10,10,12
생선가게,충청북도,괴산군,4,4,4
생선가게,충청북도,음성군,15,16,16
생선가게,충청북도,단양군,0,0,0
생선가게,충청남도,천안시 동남구,32,32,37
생선가게,충청남도,천안시 서북구,30,31,27
생선가게,충청남도,공주시,14,14,15
생선가게,충청남도,보령시,111,111,100
생선가게,충청남도,아산시,32,32,30
생선가게,충청남도,서산시,103,106,107
생선가게,충청남도,논산시,32,30,30
생선가게,충청남도,계룡시,4,4,4
생선가게,충청남도,당진시,106,105,105
생선가게,충청남도,금산군,15,14,13
생선가게,충청남도,부여군,14,14,15
생선가게,충청남도,서천군,103,104,105
생선가게,충청남도,청양군,7,7,6
생선가게,충청남도,홍성군,41,41,47
생선가게,충청남도,예산군,15,16,14
생선가게,충청남도,태안군,197,196,199
생선가게,전라남도,목포시,424,427,425
생선가게,전라남도,여수시,278,275,285
생선가게,전라남도,순천시,95,96,93
생선가게,전라남도,나주시,46,46,47
생선가게,전라남도,광양시,52,52,53
생선가게,전라남도,담양군,7,7,7
생선가게,전라남도,곡성군,8,8,4
생선가게,전라남도,구례군,8,8,9
생선가게,전라남도,고흥군,80,80,80
생선가게,전라남도,보성군,54,54,54
생선가게,전라남도,화순군,9,9,8
생선가게,전라남도,장흥군,34,34,34
생선가게,전라남도,강진군,42,40,39
생선가게,전라남도,해남군,60,59,52
생선가게,전라남도,영암군,17,17,14
생선가게,전라남도,무안군,89,88,94
생선가게,전라남도,함평군,41,41,34
생선가게,전라남도,영광군,257,259,259
생선가게,전라남도,장성군,9,9,7
생선가게,전라남도,완도군,229,225,222
생선가게,전라남도,진도군,44,42,41
생선가게,전라남도,신안군,107,109,108
생선가게,경상북도,포항시 남구,195,196,198
생선가게,경상북도,포항시 북구,276,277,273
생선가게,경상북도,경주시,112,113,114
생선가게,경상북도,김천시,15,14,16
생선가게,경상북도,안동시,34,34,36
생선가게,경상북도,구미시,42,41,45
생선가게,경상북도,영주시,23,23,21
생선가게,경상북도,영천시,28,28,22
생선가게,경상북도,상주시,14,14,14
생선가게,경상북도,문경시,14,14,11
생선가게,경상북도,경산시,53,52,54
생선가게,경상북도,의성군,9,9,9
생선가게,경상북도,청송군,8,8,7
생선가게,경상북도,영양군,5,5,5
생선가게,경상북도,영덕군,153,154,144
생선가게,경상북도,청도군,6,6,5
생선가게,경상북도,고령군,5,5,5
생선가게,경상북도,성주군,6,6,5
생선가게,경상북도,칠곡군,13,13,12
생선가게,경상북도,예천군,8,8,7
생선가게,경상북도,봉화군,6,6,7
생선가게,경상북도,울진군,185,186,181
생선가게,경상북도,울릉군,20,20,22
생선가게,경상남도,창원시 의창구,32,31,33
생선가게,경상남도,창원시 성산구,24,24,27
생선가게,경상남도,창원시 마산합포구,117,117,106
생선가게,경상남도,창원시 마산회원구,25,25,22
생선가게,경상남도,창원시 진해구,82,81,84
생선가게,경상남도,진주시,77,79,65
생선가게,경상남도,통영시,190,194,192
생선가게,경상남도,사천시,294,296,284
생선가게,경상남도,김해시,71,72,70
생선가게,경상남도,밀양시,11,11,12
생선가게,경상남도,거제시,123,123,113
생선가게,경상남도,양산시,40,40,44
생선가게,경상남도,의령군,0,0,0
생선가게,경상남도,함안군,3,3,3
생선가게,경상남도,창녕군,8,8,6
생선가게,경상남도,고성군,43,44,42
생선가게,경상남도,남해군,75,77,72
생선가게,경상남도,하동군,35,36,39
생선가게,경상남도,산청군,4,4,4
생선가게,경상남도,함양군,4,4,4
생선가게,경상남도,거창군,16,16,15
생선가게,경상남도,합천군,3,3,3
생선가게,제주특별자치도,제주시,408,404,401
생선가게,제주특별자치도,서귀포시,152,151,147
생선가게,강원특별자치도,춘천시,25,25,19
생선가게,강원특별자치도,원주시,48,48,46
생선가게,강원특별자치도,강릉시,222,222,224
생선가게,강원특별자치도,동해시,86,83,79
생선가게,강원특별자치도,태백시,12,12,13
생선가게,강원특별자치도,속초시,149,149,142
생선가게,강원특별자치도,삼척시,63,61,54
생선가게,강원특별자치도,홍천군,12,11,14
생선가게,강원특별자치도,횡성군,3,3,4
생선가게,강원특별자치도,영월군,8,8,8
생선가게,강원특별자치도,평창군,6,6,7
생선가게,강원특별자치도,정선군,6,6,7
생선가게,강원특별자치도,철원군,10,10,10
생선가게,강원특별자치도,화천군,5,5,5
생선가게,강원특별자치도,양구군,3,3,4
생선가게,강원특별자치도,인제군,7,7,7
생선가게,강원특별자치도,고성군,40,40,39
생선가게,강원특별자치도,양양군,22,22,22
생선가게,전북특별자치도,전주시 완산구,57,57,57
생선가게,전북특별자치도,전주시 덕진구,41,42,38
생선가게,전북특별자치도,군산시,197,200,201
생선가게,전북특별자치도,익산시,59,59,56
생선가게,전북특별자치도,정읍시,38,39,39
생선가게,전북특별자치도,남원시,35,35,33
생선가게,전북특별자치도,김제시,18,18,17
생선가게,전북특별자치도,완주군,16,16,17
생선가게,전북특별자치도,진안군,8,8,7
생선가게,전북특별자치도,무주군,4,4,0
생선가게,전북특별자치도,장수군,6,6,3
생선가게,전북특별자치도,임실군,4,3,4
생선가게,전북특별자치도,순창군,7,7,7
생선가게,전북특별자치도,고창군,55,56,53
생선가게,전북특별자치도,부안군,114,114,112
서점,서울특별시,종로구,91,91,93
서점,서울특별시,중구,88,86,80
서점,서울특별시,용산구,65,65,69
서점,서울특별시,성동구,38,37,42
서점,서울특별시,광진구,57,56,52
서점,서울특별시,동대문구,53,53,52
서점,서울특별시,중랑구,50,52,49
서점,서울특별시,성북구,70,70,63
서점,서울특별시,강북구,52,52,48
서점,서울특별시,도봉구,37,37,43
서점,서울특별시,노원구,85,84,88
서점,서울특별시,은평구,75,74,70
서점,서울특별시,서대문구,75,72,78
서점,서울특별시,마포구,125,123,114
서점,서울특별시,양천구,95,94,92
서점,서울특별시,강서구,82,85,78
서점,서울특별시,구로구,58,60,58
서점,서울특별시,금천구,41,42,46
서점,서울특별시,영등포구,78,78,76
서점,서울특별시,동작구,61,62,58
서점,서울특별시,관악구,58,58,59
서점,서울특별시,서초구,109,111,117
서점,서울특별시,강남구,150,152,154
서점,서울특별시,송파구,116,118,109
서점,서울특별시,강동구,71,72,66
서점,부산광역시,중구,27,27,28
서점,부산광역시,서구,22,22,20
서점,부산광역시,동구,21,21,20
서점,부산광역시,영도구,13,13,13
서점,부산광역시,부산진구,65,65,64
서점,부산광역시,동래구,41,41,41
서점,부산광역시,남구,39,39,40
서점,부산광역시,북구,42,41,39
서점,부산광역시,해운대구,78,77,71
서점,부산광역시,사하구,56,57,56
서점,부산광역시,금정구,43,43,42
서점,부산광역시,강서구,28,27,25
서점,부산광역시,연제구,35,36,35
서점,부산광역시,수영구,39,40,39
서점,부산광역시,사상구,33,31,29
서점,부산광역시,기장군,23,23,19
서점,대구광역시,중구,56,56,57
서점,대구광역시,동구,55,55,50
서점,대구광역시,서구,19,18,19
서점,대구광역시,남구,37,37,35
서점,대구광역시,북구,69,68,68
서점,대구광역시,수성구,131,133,131
서점,대구광역시,달서구,97,99,100
서점,대구광역시,달성군,30,29,32
서점,인천광역시,중구,51,51,41
서점,인천광역시,동구,12,12,15
서점,인천광역시,미추홀구,53,50,46
서점,인천광역시,연수구,73,73,74
서점,인천광역시,남동구,70,69,70
서점,인천광역시,부평구,95,96,85
서점,인천광역시,계양구,38,38,36
서점,인천광역시,서구,113,110,102
서점,인천광역시,강화군,19,19,17
서점,광주광역시,동구,47,46,46
서점,광주광역시,서구,63,61,67
서점,광주광역시,남구,47,47,44
서점,광주광역시,북구,82,81,70
서점,광주광역시,광산구,61,60,64
서점,대전광역시,동구,48,47,46
서점,대전광역시,중구,60,60,60
서점,대전광역시,서구,133,135,128
서점,대전광역시,유성구,105,105,99
서점,대전광역시,대덕구,27,26,25
서점,울산광역시,중구,47,48,46
서점,울산광역시,남구,80,77,79
서점,울산광역시,동구,18,18,19
서점,울산광역시,북구,24,24,26
서점,울산광역시,울주군,35,35,38
서점,세종특별자치시,0,116,117,124
서점,경기도,수원시 장안구,44,44,42
서점,경기도,수원시 권선구,57,56,58
서점,경기도,수원시 팔달구,42,42,44
서점,경기도,수원시 영통구,98,97,99
서점,경기도,성남시 수정구,34,34,30
서점,경기도,성남시 중원구,19,19,15
서점,경기도,성남시 분당구,112,113,108
서점,경기도,의정부시,102,102,84
서점,경기도,안양시 만안구,41,41,40
서점,경기도,안양시 동안구,72,71,67
서점,경기도,부천시 원미구,65,64,65
서점,경기도,부천시 소사구,44,42,36
서점,경기도,부천시 오정구,22,22,27
서점,경기도,광명시,63,64,72
서점,경기도,평택시,102,101,102
서점,경기도,동두천시,15,15,13
서점,경기도,안산시 상록구,47,47,50
서점,경기도,안산시 단원구,49,48,46
서점,경기도,고양시 덕양구,80,81,78
서점,경기도,고양시 일산동구,99,100,93
서점,경기도,고양시 일산서구,79,78,71
서점,경기도,과천시,28,28,27
서점,경기도,구리시,45,46,45
서점,경기도,남양주시,170,167,166
서점,경기도,오산시,43,43,42
서점,경기도,시흥시,83,82,75
서점,경기도,군포시,53,53,56
서점,경기도,의왕시,31,31,28
서점,경기도,하남시,72,72,65
서점,경기도,용인시 처인구,43,45,45
서점,경기도,용인시 기흥구,106,105,110
서점,경기도,용인시 수지구,87,87,90
서점,경기도,파주시,130,129,121
서점,경기도,이천시,22,22,21
서점,경기도,안성시,31,31,31
서점,경기도,김포시,116,116,112
서점,경기도,화성시 만세구,19,18,15
서점,경기도,화성시 효행구,27,25,25
서점,경기도,화성시 병점구,23,22,28
서점,경기도,화성시 동탄구,112,110,87
서점,경기도,광주시,57,58,61
서점,경기도,양주시,50,53,55
서점,경기도,포천시,14,14,15
서점,경기도,여주시,8,8,10
서점,경기도,연천군,10,10,9
서점,경기도,가평군,8,8,9
서점,경기도,양평군,35,35,29
서점,충청북도,청주시 상당구,46,47,46
서점,충청북도,청주시 서원구,35,36,36
서점,충청북도,청주시 흥덕구,56,56,52
서점,충청북도,청주시 청원구,31,31,29
서점,충청북도,충주시,50,48,43
서점,충청북도,제천시,21,21,20
서점,충청북도,보은군,6,6,8
서점,충청북도,옥천군,8,8,9
서점,충청북도,영동군,6,6,6
서점,충청북도,증평군,8,8,8
서점,충청북도,진천군,6,6,5
서점,충청북도,괴산군,6,6,6
서점,충청북도,음성군,10,10,9
서점,충청북도,단양군,4,4,3
서점,충청남도,천안시 동남구,63,64,62
서점,충청남도,천안시 서북구,83,82,77
서점,충청남도,공주시,29,30,27
서점,충청남도,보령시,14,14,12
서점,충청남도,아산시,68,68,65
서점,충청남도,서산시,24,24,23
서점,충청남도,논산시,28,28,27
서점,충청남도,계룡시,22,22,18
서점,충청남도,당진시,21,21,21
서점,충청남도,금산군,8,8,8
서점,충청남도,부여군,11,11,12
서점,충청남도,서천군,5,5,4
서점,충청남도,청양군,3,3,0
서점,충청남도,홍성군,22,23,23
서점,충청남도,예산군,14,14,10
서점,충청남도,태안군,0,0,0
서점,전라남도,목포시,55,54,50
서점,전라남도,여수시,39,39,39
서점,전라남도,순천시,64,64,65
서점,전라남도,나주시,21,21,18
서점,전라남도,광양시,30,30,28
서점,전라남도,담양군,8,8,7
서점,전라남도,곡성군,7,5,5
서점,전라남도,구례군,6,6,4
서점,전라남도,고흥군,0,0,0
서점,전라남도,보성군,4,4,4
서점,전라남도,화순군,9,8,8
서점,전라남도,장흥군,4,4,3
서점,전라남도,강진군,0,0,0
서점,전라남도,해남군,11,11,8
서점,전라남도,영암군,7,7,6
서점,전라남도,무안군,12,12,11
서점,전라남도,함평군,0,0,0
서점,전라남도,영광군,11,11,13
서점,전라남도,장성군,4,4,4
서점,전라남도,완도군,7,8,8
서점,전라남도,진도군,0,0,0
서점,전라남도,신안군,0,0,0
서점,경상북도,포항시 남구,47,47,44
서점,경상북도,포항시 북구,73,71,67
서점,경상북도,경주시,56,56,53
서점,경상북도,김천시,20,18,16
서점,경상북도,안동시,40,39,38
서점,경상북도,구미시,91,93,76
서점,경상북도,영주시,19,20,19
서점,경상북도,영천시,14,14,14
서점,경상북도,상주시,10,10,9
서점,경상북도,문경시,9,9,9
서점,경상북도,경산시,57,56,52
서점,경상북도,의성군,0,0,0
서점,경상북도,청송군,4,4,4
서점,경상북도,영양군,0,0,0
서점,경상북도,영덕군,5,5,5
서점,경상북도,청도군,8,8,9
서점,경상북도,고령군,3,3,3
서점,경상북도,성주군,0,0,0
서점,경상북도,칠곡군,12,12,11
서점,경상북도,예천군,12,12,10
서점,경상북도,울진군,8,8,8
서점,경상북도,울릉군,0,0,0
서점,경상남도,창원시 의창구,46,48,47
서점,경상남도,창원시 성산구,63,63,67
서점,경상남도,창원시 마산합포구,33,33,33
서점,경상남도,창원시 마산회원구,37,38,37
서점,경상남도,창원시 진해구,25,26,27
서점,경상남도,진주시,71,70,72
서점,경상남도,통영시,15,15,16
서점,경상남도,사천시,12,12,9
서점,경상남도,김해시,94,92,89
서점,경상남도,밀양시,7,7,7
서점,경상남도,거제시,40,40,40
서점,경상남도,양산시,63,61,57
서점,경상남도,의령군,0,0,0
서점,경상남도,함안군,7,7,6
서점,경상남도,창녕군,0,0,0
서점,경상남도,고성군,4,4,4
서점,경상남도,남해군,6,6,6
서점,경상남도,하동군,10,10,11
서점,경상남도,산청군,3,3,0
서점,경상남도,함양군,3,3,3
서점,경상남도,거창군,12,12,11
서점,경상남도,합천군,5,5,5
서점,제주특별자치도,제주시,167,166,164
서점,제주특별자치도,서귀포시,43,42,43
서점,강원특별자치도,춘천시,60,60,67
서점,강원특별자치도,원주시,90,91,87
서점,강원특별자치도,강릉시,50,49,49
서점,강원특별자치도,동해시,23,23,22
서점,강원특별자치도,태백시,6,6,6
서점,강원특별자치도,속초시,14,15,16
서점,강원특별자치도,삼척시,6,6,7
서점,강원특별자치도,홍천군,0,0,0
서점,강원특별자치도,횡성군,3,0,3
서점,강원특별자치도,영월군,0,0,0
서점,강원특별자치도,평창군,10,10,10
서점,강원특별자치도,정선군,4,4,4
서점,강원특별자치도,철원군,6,6,6
서점,강원특별자치도,화천군,4,4,4
서점,강원특별자치도,양구군,4,4,3
서점,강원특별자치도,인제군,6,6,6
서점,강원특별자치도,고성군,4,4,4
서점,강원특별자치도,양양군,3,4,4
서점,전북특별자치도,전주시 완산구,125,124,127
서점,전북특별자치도,전주시 덕진구,80,80,72
서점,전북특별자치도,군산시,58,58,53
서점,전북특별자치도,익산시,57,59,58
서점,전북특별자치도,정읍시,12,12,14
서점,전북특별자치도,남원시,13,14,12
서점,전북특별자치도,김제시,9,8,8
서점,전북특별자치도,완주군,24,24,20
서점,전북특별자치도,진안군,0,0,0
서점,전북특별자치도,무주군,0,0,0
서점,전북특별자치도,장수군,4,4,3
서점,전북특별자치도,임실군,3,0,0
서점,전북특별자치도,순창군,0,0,0
서점,전북특별자치도,고창군,10,11,3
서점,전북특별자치도,부안군,7,7,8
슈퍼마켓,서울특별시,종로구,121,119,109
슈퍼마켓,서울특별시,중구,148,148,139
슈퍼마켓,서울특별시,용산구,106,104,104
슈퍼마켓,서울특별시,성동구,113,112,106
슈퍼마켓,서울특별시,광진구,122,121,120
슈퍼마켓,서울특별시,동대문구,125,126,138
슈퍼마켓,서울특별시,중랑구,138,137,143
슈퍼마켓,서울특별시,성북구,126,122,126
슈퍼마켓,서울특별시,강북구,93,93,92
슈퍼마켓,서울특별시,도봉구,119,95,93
슈퍼마켓,서울특별시,노원구,122,124,125
슈퍼마켓,서울특별시,은평구,120,119,118
슈퍼마켓,서울특별시,서대문구,100,98,101
슈퍼마켓,서울특별시,마포구,147,145,147
슈퍼마켓,서울특별시,양천구,150,153,155
슈퍼마켓,서울특별시,강서구,193,189,187
슈퍼마켓,서울특별시,구로구,146,146,150
슈퍼마켓,서울특별시,금천구,95,95,94
슈퍼마켓,서울특별시,영등포구,178,179,187
슈퍼마켓,서울특별시,동작구,115,113,111
슈퍼마켓,서울특별시,관악구,163,163,169
슈퍼마켓,서울특별시,서초구,148,152,162
슈퍼마켓,서울특별시,강남구,236,235,242
슈퍼마켓,서울특별시,송파구,192,192,201
슈퍼마켓,서울특별시,강동구,126,131,130
슈퍼마켓,부산광역시,중구,63,62,67
슈퍼마켓,부산광역시,서구,46,46,47
슈퍼마켓,부산광역시,동구,68,70,63
슈퍼마켓,부산광역시,영도구,47,47,52
슈퍼마켓,부산광역시,부산진구,167,170,166
슈퍼마켓,부산광역시,동래구,92,93,103
슈퍼마켓,부산광역시,남구,106,106,96
슈퍼마켓,부산광역시,북구,109,108,116
슈퍼마켓,부산광역시,해운대구,140,141,147
슈퍼마켓,부산광역시,사하구,128,125,128
슈퍼마켓,부산광역시,금정구,99,98,108
슈퍼마켓,부산광역시,강서구,81,79,80
슈퍼마켓,부산광역시,연제구,82,82,81
슈퍼마켓,부산광역시,수영구,92,91,88
슈퍼마켓,부산광역시,사상구,94,97,100
슈퍼마켓,부산광역시,기장군,96,98,92
슈퍼마켓,대구광역시,중구,99,100,84
슈퍼마켓,대구광역시,동구,184,185,192
슈퍼마켓,대구광역시,서구,129,129,135
슈퍼마켓,대구광역시,남구,90,93,103
슈퍼마켓,대구광역시,북구,228,227,235
슈퍼마켓,대구광역시,수성구,190,192,208
슈퍼마켓,대구광역시,달서구,256,258,271
슈퍼마켓,대구광역시,달성군,157,156,153
슈퍼마켓,대구광역시,군위군,12,12,12
슈퍼마켓,인천광역시,중구,128,127,113
슈퍼마켓,인천광역시,동구,28,29,29
슈퍼마켓,인천광역시,미추홀구,231,230,236
슈퍼마켓,인천광역시,연수구,164,161,150
슈퍼마켓,인천광역시,남동구,247,246,236
슈퍼마켓,인천광역시,부평구,316,317,333
슈퍼마켓,인천광역시,계양구,128,125,127
슈퍼마켓,인천광역시,서구,322,313,299
슈퍼마켓,인천광역시,강화군,49,49,47
슈퍼마켓,인천광역시,옹진군,46,47,50
슈퍼마켓,광주광역시,동구,60,63,68
슈퍼마켓,광주광역시,서구,149,144,146
슈퍼마켓,광주광역시,남구,105,103,103
슈퍼마켓,광주광역시,북구,203,205,196
슈퍼마켓,광주광역시,광산구,243,242,228
슈퍼마켓,대전광역시,동구,130,130,137
슈퍼마켓,대전광역시,중구,114,113,122
슈퍼마켓,대전광역시,서구,187,188,175
슈퍼마켓,대전광역시,유성구,159,157,147
슈퍼마켓,대전광역시,대덕구,101,100,97
슈퍼마켓,울산광역시,중구,115,112,115
슈퍼마켓,울산광역시,남구,175,171,177
슈퍼마켓,울산광역시,동구,128,129,125
슈퍼마켓,울산광역시,북구,106,107,110
슈퍼마켓,울산광역시,울주군,135,133,137
슈퍼마켓,세종특별자치시,0,190,189,160
슈퍼마켓,경기도,수원시 장안구,122,122,126
슈퍼마켓,경기도,수원시 권선구,166,164,169
슈퍼마켓,경기도,수원시 팔달구,144,144,146
슈퍼마켓,경기도,수원시 영통구,153,153,160
슈퍼마켓,경기도,성남시 수정구,133,133,129
슈퍼마켓,경기도,성남시 중원구,114,113,111
슈퍼마켓,경기도,성남시 분당구,139,141,154
슈퍼마켓,경기도,의정부시,209,209,217
슈퍼마켓,경기도,안양시 만안구,151,152,151
슈퍼마켓,경기도,안양시 동안구,152,154,150
슈퍼마켓,경기도,부천시 원미구,197,198,195
슈퍼마켓,경기도,부천시 소사구,117,118,114
슈퍼마켓,경기도,부천시 오정구,95,95,97
슈퍼마켓,경기도,광명시,123,124,118
슈퍼마켓,경기도,평택시,437,446,445
슈퍼마켓,경기도,동두천시,62,61,58
슈퍼마켓,경기도,안산시 상록구,185,185,198
슈퍼마켓,경기도,안산시 단원구,258,257,261
슈퍼마켓,경기도,고양시 덕양구,212,215,213
슈퍼마켓,경기도,고양시 일산동구,137,135,142
슈퍼마켓,경기도,고양시 일산서구,104,104,98
슈퍼마켓,경기도,과천시,33,34,33
슈퍼마켓,경기도,구리시,82,86,80
슈퍼마켓,경기도,남양주시,322,324,320
슈퍼마켓,경기도,오산시,127,131,126
슈퍼마켓,경기도,시흥시,355,359,352
슈퍼마켓,경기도,군포시,119,121,132
슈퍼마켓,경기도,의왕시,58,57,56
슈퍼마켓,경기도,하남시,143,141,142
슈퍼마켓,경기도,용인시 처인구,193,191,195
슈퍼마켓,경기도,용인시 기흥구,164,163,153
슈퍼마켓,경기도,용인시 수지구,102,100,104
슈퍼마켓,경기도,파주시,311,306,298
슈퍼마켓,경기도,이천시,98,101,100
슈퍼마켓,경기도,안성시,156,156,157
슈퍼마켓,경기도,김포시,291,293,269
슈퍼마켓,경기도,화성시,0,0,0
슈퍼마켓,경기도,화성시 만세구,241,240,238
슈퍼마켓,경기도,화성시 효행구,81,84,95
슈퍼마켓,경기도,화성시 병점구,72,72,81
슈퍼마켓,경기도,화성시 동탄구,152,153,145
슈퍼마켓,경기도,광주시,231,228,232
슈퍼마켓,경기도,양주시,141,141,128
슈퍼마켓,경기도,포천시,191,174,176
슈퍼마켓,경기도,여주시,69,70,73
슈퍼마켓,경기도,연천군,28,28,31
슈퍼마켓,경기도,가평군,60,60,54
슈퍼마켓,경기도,양평군,70,69,75
슈퍼마켓,충청북도,청주시 상당구,96,97,96
슈퍼마켓,충청북도,청주시 서원구,102,104,102
슈퍼마켓,충청북도,청주시 흥덕구,151,152,160
슈퍼마켓,충청북도,청주시 청원구,83,82,96
슈퍼마켓,충청북도,충주시,114,116,127
슈퍼마켓,충청북도,제천시,59,60,64
슈퍼마켓,충청북도,보은군,31,31,28
슈퍼마켓,충청북도,옥천군,51,51,48
슈퍼마켓,충청북도,영동군,20,21,21
슈퍼마켓,충청북도,증평군,27,28,26
슈퍼마켓,충청북도,진천군,52,54,58
슈퍼마켓,충청북도,괴산군,28,28,29
슈퍼마켓,충청북도,음성군,77,75,74
슈퍼마켓,충청북도,단양군,11,11,14
슈퍼마켓,충청남도,천안시 동남구,163,167,157
슈퍼마켓,충청남도,천안시 서북구,167,169,170
슈퍼마켓,충청남도,공주시,71,70,65
슈퍼마켓,충청남도,보령시,71,72,75
슈퍼마켓,충청남도,아산시,197,195,190
슈퍼마켓,충청남도,서산시,107,107,113
슈퍼마켓,충청남도,논산시,85,85,83
슈퍼마켓,충청남도,계룡시,11,11,14
슈퍼마켓,충청남도,당진시,117,118,131
슈퍼마켓,충청남도,금산군,28,25,30
슈퍼마켓,충청남도,부여군,28,28,30
슈퍼마켓,충청남도,서천군,26,25,28
슈퍼마켓,충청남도,청양군,10,10,10
슈퍼마켓,충청남도,홍성군,50,50,50
슈퍼마켓,충청남도,예산군,48,48,48
슈퍼마켓,충청남도,태안군,44,46,47
슈퍼마켓,전라남도,목포시,116,117,117
슈퍼마켓,전라남도,여수시,231,231,236
슈퍼마켓,전라남도,순천시,178,178,176
슈퍼마켓,전라남도,나주시,58,62,56
슈퍼마켓,전라남도,광양시,99,100,96
슈퍼마켓,전라남도,담양군,26,26,23
슈퍼마켓,전라남도,곡성군,14,14,8
슈퍼마켓,전라남도,구례군,16,16,18
슈퍼마켓,전라남도,고흥군,40,41,37
슈퍼마켓,전라남도,보성군,43,43,33
슈퍼마켓,전라남도,화순군,39,39,39
슈퍼마켓,전라남도,장흥군,25,25,23
슈퍼마켓,전라남도,강진군,32,30,30
슈퍼마켓,전라남도,해남군,55,55,47
슈퍼마켓,전라남도,영암군,43,41,38
슈퍼마켓,전라남도,무안군,48,50,37
슈퍼마켓,전라남도,함평군,18,17,14
슈퍼마켓,전라남도,영광군,32,32,31
슈퍼마켓,전라남도,장성군,23,23,21
슈퍼마켓,전라남도,완도군,43,44,45
슈퍼마켓,전라남도,진도군,34,35,38
슈퍼마켓,전라남도,신안군,32,32,20
슈퍼마켓,경상북도,포항시 남구,137,134,140
슈퍼마켓,경상북도,포항시 북구,146,145,147
슈퍼마켓,경상북도,경주시,239,239,244
슈퍼마켓,경상북도,김천시,75,74,77
슈퍼마켓,경상북도,안동시,97,97,96
슈퍼마켓,경상북도,구미시,233,230,228
슈퍼마켓,경상북도,영주시,52,52,50
슈퍼마켓,경상북도,영천시,73,73,76
슈퍼마켓,경상북도,상주시,43,43,39
슈퍼마켓,경상북도,문경시,35,34,33
슈퍼마켓,경상북도,경산시,138,139,147
슈퍼마켓,경상북도,의성군,19,19,16
슈퍼마켓,경상북도,청송군,13,13,14
슈퍼마켓,경상북도,영양군,9,8,7
슈퍼마켓,경상북도,영덕군,49,49,47
슈퍼마켓,경상북도,청도군,24,25,24
슈퍼마켓,경상북도,고령군,33,34,34
슈퍼마켓,경상북도,성주군,17,18,18
슈퍼마켓,경상북도,칠곡군,86,86,90
슈퍼마켓,경상북도,예천군,21,21,18
슈퍼마켓,경상북도,봉화군,8,7,3
슈퍼마켓,경상북도,울진군,30,29,31
슈퍼마켓,경상북도,울릉군,6,5,5
슈퍼마켓,경상남도,창원시 의창구,115,113,115
슈퍼마켓,경상남도,창원시 성산구,112,112,107
슈퍼마켓,경상남도,창원시 마산합포구,103,103,111
슈퍼마켓,경상남도,창원시 마산회원구,104,107,110
슈퍼마켓,경상남도,창원시 진해구,90,92,86
슈퍼마켓,경상남도,진주시,169,166,171
슈퍼마켓,경상남도,통영시,68,69,70
슈퍼마켓,경상남도,사천시,38,38,40
슈퍼마켓,경상남도,김해시,283,288,294
슈퍼마켓,경상남도,밀양시,64,64,67
슈퍼마켓,경상남도,거제시,112,113,129
슈퍼마켓,경상남도,양산시,196,196,195
슈퍼마켓,경상남도,의령군,10,10,12
슈퍼마켓,경상남도,함안군,39,39,37
슈퍼마켓,경상남도,창녕군,36,36,38
슈퍼마켓,경상남도,고성군,33,34,33
슈퍼마켓,경상남도,남해군,26,26,26
슈퍼마켓,경상남도,하동군,23,23,25
슈퍼마켓,경상남도,산청군,21,21,21
슈퍼마켓,경상남도,함양군,25,25,30
슈퍼마켓,경상남도,거창군,30,31,35
슈퍼마켓,경상남도,합천군,27,27,28
슈퍼마켓,제주특별자치도,제주시,374,373,349
슈퍼마켓,제주특별자치도,서귀포시,97,96,95
슈퍼마켓,강원특별자치도,춘천시,120,119,121
슈퍼마켓,강원특별자치도,원주시,179,179,176
슈퍼마켓,강원특별자치도,강릉시,121,121,121
슈퍼마켓,강원특별자치도,동해시,59,58,62
슈퍼마켓,강원특별자치도,태백시,26,26,22
슈퍼마켓,강원특별자치도,속초시,55,54,52
슈퍼마켓,강원특별자치도,삼척시,36,37,37
슈퍼마켓,강원특별자치도,홍천군,64,64,61
슈퍼마켓,강원특별자치도,횡성군,20,21,21
슈퍼마켓,강원특별자치도,영월군,24,24,25
슈퍼마켓,강원특별자치도,평창군,25,25,26
슈퍼마켓,강원특별자치도,정선군,27,27,31
슈퍼마켓,강원특별자치도,철원군,21,20,20
슈퍼마켓,강원특별자치도,화천군,10,9,10
슈퍼마켓,강원특별자치도,양구군,14,14,15
슈퍼마켓,강원특별자치도,인제군,22,24,20
슈퍼마켓,강원특별자치도,고성군,21,22,22
슈퍼마켓,강원특별자치도,양양군,23,25,24
슈퍼마켓,전북특별자치도,전주시 완산구,204,207,206
슈퍼마켓,전북특별자치도,전주시 덕진구,176,174,179
슈퍼마켓,전북특별자치도,군산시,207,212,207
슈퍼마켓,전북특별자치도,익산시,148,143,143
슈퍼마켓,전북특별자치도,정읍시,50,51,49
슈퍼마켓,전북특별자치도,남원시,40,39,40
슈퍼마켓,전북특별자치도,김제시,36,36,35
슈퍼마켓,전북특별자치도,완주군,77,77,71
슈퍼마켓,전북특별자치도,진안군,18,18,21
슈퍼마켓,전북특별자치도,무주군,6,6,5
슈퍼마켓,전북특별자치도,장수군,7,7,7
슈퍼마켓,전북특별자치도,임실군,13,13,12
슈퍼마켓,전북특별자치도,순창군,13,11,11
슈퍼마켓,전북특별자치도,고창군,40,40,40
슈퍼마켓,전북특별자치도,부안군,30,29,29
스포츠용품점,서울특별시,종로구,51,51,50
스포츠용품점,서울특별시,중구,88,90,91
스포츠용품점,서울특별시,용산구,68,67,62
스포츠용품점,서울특별시,성동구,62,63,58
스포츠용품점,서울특별시,광진구,61,60,58
스포츠용품점,서울특별시,동대문구,49,49,47
스포츠용품점,서울특별시,중랑구,46,46,50
스포츠용품점,서울특별시,성북구,36,35,38
스포츠용품점,서울특별시,강북구,31,31,35
스포츠용품점,서울특별시,도봉구,95,87,92
스포츠용품점,서울특별시,노원구,46,47,45
스포츠용품점,서울특별시,은평구,49,51,61
스포츠용품점,서울특별시,서대문구,22,24,23
스포츠용품점,서울특별시,마포구,58,61,63
스포츠용품점,서울특별시,양천구,58,59,59
스포츠용품점,서울특별시,강서구,78,80,81
스포츠용품점,서울특별시,구로구,47,47,58
스포츠용품점,서울특별시,금천구,80,80,90
스포츠용품점,서울특별시,영등포구,82,78,77
스포츠용품점,서울특별시,동작구,39,38,44
스포츠용품점,서울특별시,관악구,76,76,80
스포츠용품점,서울특별시,서초구,108,110,107
스포츠용품점,서울특별시,강남구,234,230,236
스포츠용품점,서울특별시,송파구,141,144,137
스포츠용품점,서울특별시,강동구,85,83,91
스포츠용품점,부산광역시,중구,26,27,25
스포츠용품점,부산광역시,서구,16,15,20
스포츠용품점,부산광역시,동구,20,21,20
스포츠용품점,부산광역시,영도구,19,19,20
스포츠용품점,부산광역시,부산진구,71,70,69
스포츠용품점,부산광역시,동래구,48,49,51
스포츠용품점,부산광역시,남구,43,43,49
스포츠용품점,부산광역시,북구,35,36,39
스포츠용품점,부산광역시,해운대구,84,83,87
스포츠용품점,부산광역시,사하구,51,51,52
스포츠용품점,부산광역시,금정구,50,51,48
스포츠용품점,부산광역시,강서구,76,75,76
스포츠용품점,부산광역시,연제구,44,45,44
스포츠용품점,부산광역시,수영구,38,39,47
스포츠용품점,부산광역시,사상구,43,43,43
스포츠용품점,부산광역시,기장군,79,79,75
스포츠용품점,대구광역시,중구,34,33,39
스포츠용품점,대구광역시,동구,78,78,81
스포츠용품점,대구광역시,서구,37,37,34
스포츠용품점,대구광역시,남구,29,29,27
스포츠용품점,대구광역시,북구,89,91,96
스포츠용품점,대구광역시,수성구,110,109,116
스포츠용품점,대구광역시,달서구,145,147,160
스포츠용품점,대구광역시,달성군,68,68,71
스포츠용품점,대구광역시,군위군,15,15,13
스포츠용품점,인천광역시,중구,48,48,47
스포츠용품점,인천광역시,동구,17,17,21
스포츠용품점,인천광역시,미추홀구,54,53,54
스포츠용품점,인천광역시,연수구,90,90,99
스포츠용품점,인천광역시,남동구,98,98,101
스포츠용품점,인천광역시,부평구,110,108,111
스포츠용품점,인천광역시,계양구,48,50,50
스포츠용품점,인천광역시,서구,161,163,161
스포츠용품점,인천광역시,강화군,27,26,30
스포츠용품점,인천광역시,옹진군,12,12,12
스포츠용품점,광주광역시,동구,59,59,67
스포츠용품점,광주광역시,서구,119,120,124
스포츠용품점,광주광역시,남구,52,53,50
스포츠용품점,광주광역시,북구,101,100,105
스포츠용품점,광주광역시,광산구,115,116,123
스포츠용품점,대전광역시,동구,68,69,64
스포츠용품점,대전광역시,중구,68,68,66
스포츠용품점,대전광역시,서구,109,108,113
스포츠용품점,대전광역시,유성구,102,104,111
스포츠용품점,대전광역시,대덕구,44,44,44
스포츠용품점,울산광역시,중구,33,33,32
스포츠용품점,울산광역시,남구,96,96,111
스포츠용품점,울산광역시,동구,28,29,28
스포츠용품점,울산광역시,북구,63,64,65
스포츠용품점,울산광역시,울주군,62,63,65
스포츠용품점,세종특별자치시,0,101,103,117
스포츠용품점,경기도,수원시 장안구,48,48,51
스포츠용품점,경기도,수원시 권선구,71,69,64
스포츠용품점,경기도,수원시 팔달구,46,46,53
스포츠용품점,경기도,수원시 영통구,74,76,84
스포츠용품점,경기도,성남시 수정구,56,55,59
스포츠용품점,경기도,성남시 중원구,34,34,36
스포츠용품점,경기도,성남시 분당구,122,122,135
스포츠용품점,경기도,의정부시,121,119,113
스포츠용품점,경기도,안양시 만안구,32,32,35
스포츠용품점,경기도,안양시 동안구,103,102,111
스포츠용품점,경기도,부천시 원미구,114,115,107
스포츠용품점,경기도,부천시 소사구,37,37,36
스포츠용품점,경기도,부천시 오정구,29,29,28
스포츠용품점,경기도,광명시,67,65,67
스포츠용품점,경기도,평택시,205,208,214
스포츠용품점,경기도,동두천시,27,27,29
스포츠용품점,경기도,안산시 상록구,88,88,90
스포츠용품점,경기도,안산시 단원구,88,88,92
스포츠용품점,경기도,고양시 덕양구,142,145,149
스포츠용품점,경기도,고양시 일산동구,117,115,126
스포츠용품점,경기도,고양시 일산서구,109,109,119
스포츠용품점,경기도,과천시,24,24,21
스포츠용품점,경기도,구리시,72,72,86
스포츠용품점,경기도,남양주시,294,296,308
스포츠용품점,경기도,오산시,91,93,100
스포츠용품점,경기도,시흥시,156,156,178
스포츠용품점,경기도,군포시,44,43,44
스포츠용품점,경기도,의왕시,37,37,40
스포츠용품점,경기도,하남시,129,130,128
스포츠용품점,경기도,용인시 처인구,98,99,108
스포츠용품점,경기도,용인시 기흥구,147,148,162
스포츠용품점,경기도,용인시 수지구,78,78,87
스포츠용품점,경기도,파주시,139,139,141
스포츠용품점,경기도,이천시,79,80,78
스포츠용품점,경기도,안성시,87,87,86
스포츠용품점,경기도,김포시,243,240,259
스포츠용품점,경기도,화성시,0,0,0
스포츠용품점,경기도,화성시 만세구,101,102,103
스포츠용품점,경기도,화성시 효행구,49,48,50
스포츠용품점,경기도,화성시 병점구,43,42,56
스포츠용품점,경기도,화성시 동탄구,161,165,159
스포츠용품점,경기도,광주시,160,159,161
스포츠용품점,경기도,양주시,113,113,108
스포츠용품점,경기도,포천시,109,110,108
스포츠용품점,경기도,여주시,79,80,80
스포츠용품점,경기도,연천군,13,13,14
스포츠용품점,경기도,가평군,44,45,45
스포츠용품점,경기도,양평군,45,46,49
스포츠용품점,충청북도,청주시 상당구,73,73,73
스포츠용품점,충청북도,청주시 서원구,68,68,68
스포츠용품점,충청북도,청주시 흥덕구,75,77,66
스포츠용품점,충청북도,청주시 청원구,66,65,69
스포츠용품점,충청북도,충주시,113,114,121
스포츠용품점,충청북도,제천시,82,83,83
스포츠용품점,충청북도,보은군,11,11,12
스포츠용품점,충청북도,옥천군,26,26,24
스포츠용품점,충청북도,영동군,20,21,24
스포츠용품점,충청북도,증평군,19,19,17
스포츠용품점,충청북도,진천군,31,32,31
스포츠용품점,충청북도,괴산군,8,8,7
스포츠용품점,충청북도,음성군,38,39,39
스포츠용품점,충청북도,단양군,15,15,18
스포츠용품점,충청남도,천안시 동남구,94,94,97
스포츠용품점,충청남도,천안시 서북구,109,113,115
스포츠용품점,충청남도,공주시,54,53,51
스포츠용품점,충청남도,보령시,91,91,97
스포츠용품점,충청남도,아산시,133,130,119
스포츠용품점,충청남도,서산시,91,93,93
스포츠용품점,충청남도,논산시,73,72,69
스포츠용품점,충청남도,계룡시,28,30,32
스포츠용품점,충청남도,당진시,75,76,83
스포츠용품점,충청남도,금산군,23,23,20
스포츠용품점,충청남도,부여군,34,33,35
스포츠용품점,충청남도,서천군,43,43,43
스포츠용품점,충청남도,청양군,16,16,15
스포츠용품점,충청남도,홍성군,59,60,64
스포츠용품점,충청남도,예산군,56,56,53
스포츠용품점,충청남도,태안군,75,74,68
스포츠용품점,전라남도,목포시,148,149,143
스포츠용품점,전라남도,여수시,159,161,167
스포츠용품점,전라남도,순천시,150,148,150
스포츠용품점,전라남도,나주시,47,47,46
스포츠용품점,전라남도,광양시,61,63,62
스포츠용품점,전라남도,담양군,10,10,12
스포츠용품점,전라남도,곡성군,7,7,8
스포츠용품점,전라남도,구례군,11,11,9
스포츠용품점,전라남도,고흥군,39,38,40
스포츠용품점,전라남도,보성군,11,11,12
스포츠용품점,전라남도,화순군,25,25,21
스포츠용품점,전라남도,장흥군,24,24,25
스포츠용품점,전라남도,강진군,27,28,26
스포츠용품점,전라남도,해남군,58,57,53
스포츠용품점,전라남도,영암군,26,27,28
스포츠용품점,전라남도,무안군,45,45,45
스포츠용품점,전라남도,함평군,6,6,5
스포츠용품점,전라남도,영광군,35,35,35
스포츠용품점,전라남도,장성군,8,8,9
스포츠용품점,전라남도,완도군,42,41,42
스포츠용품점,전라남도,진도군,23,22,23
스포츠용품점,전라남도,신안군,12,12,11
스포츠용품점,경상북도,포항시 남구,102,103,104
스포츠용품점,경상북도,포항시 북구,139,137,146
스포츠용품점,경상북도,경주시,148,148,152
스포츠용품점,경상북도,김천시,63,63,69
스포츠용품점,경상북도,안동시,112,114,118
스포츠용품점,경상북도,구미시,153,154,147
스포츠용품점,경상북도,영주시,67,67,66
스포츠용품점,경상북도,영천시,35,35,32
스포츠용품점,경상북도,상주시,44,47,46
스포츠용품점,경상북도,문경시,43,43,45
스포츠용품점,경상북도,경산시,117,117,122
스포츠용품점,경상북도,의성군,15,15,15
스포츠용품점,경상북도,청송군,5,5,5
스포츠용품점,경상북도,영양군,7,6,6
스포츠용품점,경상북도,영덕군,28,29,29
스포츠용품점,경상북도,청도군,7,7,7
스포츠용품점,경상북도,고령군,8,8,10
스포츠용품점,경상북도,성주군,13,13,16
스포츠용품점,경상북도,칠곡군,44,45,56
스포츠용품점,경상북도,예천군,15,15,16
스포츠용품점,경상북도,봉화군,6,5,4
스포츠용품점,경상북도,울진군,44,44,44
스포츠용품점,경상북도,울릉군,8,8,8
스포츠용품점,경상남도,창원시 의창구,56,54,50
스포츠용품점,경상남도,창원시 성산구,82,78,83
스포츠용품점,경상남도,창원시 마산합포구,66,67,64
스포츠용품점,경상남도,창원시 마산회원구,67,68,78
스포츠용품점,경상남도,창원시 진해구,71,71,76
스포츠용품점,경상남도,진주시,146,149,157
스포츠용품점,경상남도,통영시,88,89,92
스포츠용품점,경상남도,사천시,57,57,62
스포츠용품점,경상남도,김해시,153,156,172
스포츠용품점,경상남도,밀양시,33,33,33
스포츠용품점,경상남도,거제시,141,142,145
스포츠용품점,경상남도,양산시,126,126,135
스포츠용품점,경상남도,의령군,6,6,6
스포츠용품점,경상남도,함안군,26,27,24
스포츠용품점,경상남도,창녕군,16,16,18
스포츠용품점,경상남도,고성군,24,24,25
스포츠용품점,경상남도,남해군,31,31,33
스포츠용품점,경상남도,하동군,23,22,21
스포츠용품점,경상남도,산청군,7,7,6
스포츠용품점,경상남도,함양군,12,12,13
스포츠용품점,경상남도,거창군,38,39,36
스포츠용품점,경상남도,합천군,16,17,15
스포츠용품점,제주특별자치도,제주시,349,350,351
스포츠용품점,제주특별자치도,서귀포시,155,157,160
스포츠용품점,강원특별자치도,춘천시,146,146,143
스포츠용품점,강원특별자치도,원주시,184,180,174
스포츠용품점,강원특별자치도,강릉시,108,108,104
스포츠용품점,강원특별자치도,동해시,59,59,62
스포츠용품점,강원특별자치도,태백시,35,36,35
스포츠용품점,강원특별자치도,속초시,72,74,78
스포츠용품점,강원특별자치도,삼척시,52,52,51
스포츠용품점,강원특별자치도,홍천군,51,50,54
스포츠용품점,강원특별자치도,횡성군,27,26,25
스포츠용품점,강원특별자치도,영월군,14,14,17
스포츠용품점,강원특별자치도,평창군,29,29,27
스포츠용품점,강원특별자치도,정선군,22,22,20
스포츠용품점,강원특별자치도,철원군,22,22,22
스포츠용품점,강원특별자치도,화천군,19,19,19
스포츠용품점,강원특별자치도,양구군,5,5,6
스포츠용품점,강원특별자치도,인제군,21,21,21
스포츠용품점,강원특별자치도,고성군,32,33,27
스포츠용품점,강원특별자치도,양양군,36,36,37
스포츠용품점,전북특별자치도,전주시 완산구,195,198,211
스포츠용품점,전북특별자치도,전주시 덕진구,142,142,142
스포츠용품점,전북특별자치도,군산시,138,139,140
스포츠용품점,전북특별자치도,익산시,133,130,140
스포츠용품점,전북특별자치도,정읍시,53,54,55
스포츠용품점,전북특별자치도,남원시,61,62,65
스포츠용품점,전북특별자치도,김제시,52,53,49
스포츠용품점,전북특별자치도,완주군,33,31,26
스포츠용품점,전북특별자치도,진안군,11,11,14
스포츠용품점,전북특별자치도,무주군,21,20,21
스포츠용품점,전북특별자치도,장수군,5,5,6
스포츠용품점,전북특별자치도,임실군,9,9,10
스포츠용품점,전북특별자치도,순창군,16,16,17
스포츠용품점,전북특별자치도,고창군,28,27,27
스포츠용품점,전북특별자치도,부안군,31,30,33
시계ㆍ귀금속점,서울특별시,종로구,561,559,540
시계ㆍ귀금속점,서울특별시,중구,99,99,102
시계ㆍ귀금속점,서울특별시,용산구,33,34,32
시계ㆍ귀금속점,서울특별시,성동구,37,36,37
시계ㆍ귀금속점,서울특별시,광진구,62,61,64
시계ㆍ귀금속점,서울특별시,동대문구,40,41,43
시계ㆍ귀금속점,서울특별시,중랑구,46,46,48
시계ㆍ귀금속점,서울특별시,성북구,44,45,44
시계ㆍ귀금속점,서울특별시,강북구,40,40,38
시계ㆍ귀금속점,서울특별시,도봉구,34,36,36
시계ㆍ귀금속점,서울특별시,노원구,43,43,46
시계ㆍ귀금속점,서울특별시,은평구,57,56,57
시계ㆍ귀금속점,서울특별시,서대문구,33,33,33
시계ㆍ귀금속점,서울특별시,마포구,52,50,43
시계ㆍ귀금속점,서울특별시,양천구,53,54,52
시계ㆍ귀금속점,서울특별시,강서구,66,63,64
시계ㆍ귀금속점,서울특별시,구로구,44,43,42
시계ㆍ귀금속점,서울특별시,금천구,27,26,26
시계ㆍ귀금속점,서울특별시,영등포구,80,78,79
시계ㆍ귀금속점,서울특별시,동작구,38,39,34
시계ㆍ귀금속점,서울특별시,관악구,60,60,58
시계ㆍ귀금속점,서울특별시,서초구,91,95,95
시계ㆍ귀금속점,서울특별시,강남구,199,200,197
시계ㆍ귀금속점,서울특별시,송파구,104,105,101
시계ㆍ귀금속점,서울특별시,강동구,76,76,70
시계ㆍ귀금속점,부산광역시,중구,58,57,60
시계ㆍ귀금속점,부산광역시,서구,15,15,12
시계ㆍ귀금속점,부산광역시,동구,55,56,64
시계ㆍ귀금속점,부산광역시,영도구,25,26,25
시계ㆍ귀금속점,부산광역시,부산진구,279,280,276
시계ㆍ귀금속점,부산광역시,동래구,38,38,35
시계ㆍ귀금속점,부산광역시,남구,33,33,31
시계ㆍ귀금속점,부산광역시,북구,38,38,36
시계ㆍ귀금속점,부산광역시,해운대구,73,73,70
시계ㆍ귀금속점,부산광역시,사하구,33,34,35
시계ㆍ귀금속점,부산광역시,금정구,25,25,22
시계ㆍ귀금속점,부산광역시,강서구,11,10,11
시계ㆍ귀금속점,부산광역시,연제구,31,32,27
시계ㆍ귀금속점,부산광역시,수영구,37,37,37
시계ㆍ귀금속점,부산광역시,사상구,56,55,59
시계ㆍ귀금속점,부산광역시,기장군,22,22,22
시계ㆍ귀금속점,대구광역시,중구,240,240,234
시계ㆍ귀금속점,대구광역시,동구,53,54,50
시계ㆍ귀금속점,대구광역시,서구,36,36,34
시계ㆍ귀금속점,대구광역시,남구,40,40,42
시계ㆍ귀금속점,대구광역시,북구,48,48,48
시계ㆍ귀금속점,대구광역시,수성구,52,52,43
시계ㆍ귀금속점,대구광역시,달서구,75,76,71
시계ㆍ귀금속점,대구광역시,달성군,22,20,21
시계ㆍ귀금속점,대구광역시,군위군,0,0,0
시계ㆍ귀금속점,인천광역시,중구,30,29,32
시계ㆍ귀금속점,인천광역시,동구,7,7,7
시계ㆍ귀금속점,인천광역시,미추홀구,58,58,61
시계ㆍ귀금속점,인천광역시,연수구,55,55,50
시계ㆍ귀금속점,인천광역시,남동구,78,78,81
시계ㆍ귀금속점,인천광역시,부평구,75,75,69
시계ㆍ귀금속점,인천광역시,계양구,38,38,37
시계ㆍ귀금속점,인천광역시,서구,60,61,59
시계ㆍ귀금속점,인천광역시,강화군,8,8,8
시계ㆍ귀금속점,광주광역시,동구,90,92,99
시계ㆍ귀금속점,광주광역시,서구,59,57,59
시계ㆍ귀금속점,광주광역시,남구,24,24,25
시계ㆍ귀금속점,광주광역시,북구,72,72,65
시계ㆍ귀금속점,광주광역시,광산구,41,41,40
시계ㆍ귀금속점,대전광역시,동구,66,66,68
시계ㆍ귀금속점,대전광역시,중구,39,38,40
시계ㆍ귀금속점,대전광역시,서구,79,81,77
시계ㆍ귀금속점,대전광역시,유성구,59,59,56
시계ㆍ귀금속점,대전광역시,대덕구,27,27,27
시계ㆍ귀금속점,울산광역시,중구,57,58,60
시계ㆍ귀금속점,울산광역시,남구,86,86,87
시계ㆍ귀금속점,울산광역시,동구,26,27,31
시계ㆍ귀금속점,울산광역시,북구,26,25,23
시계ㆍ귀금속점,울산광역시,울주군,33,34,36
시계ㆍ귀금속점,세종특별자치시,0,33,33,33
시계ㆍ귀금속점,경기도,수원시 장안구,34,34,34
시계ㆍ귀금속점,경기도,수원시 권선구,36,36,35
시계ㆍ귀금속점,경기도,수원시 팔달구,42,42,41
시계ㆍ귀금속점,경기도,수원시 영통구,38,36,36
시계ㆍ귀금속점,경기도,성남시 수정구,27,26,25
시계ㆍ귀금속점,경기도,성남시 중원구,28,28,29
시계ㆍ귀금속점,경기도,성남시 분당구,67,68,70
시계ㆍ귀금속점,경기도,의정부시,68,68,66
시계ㆍ귀금속점,경기도,안양시 만안구,35,34,35
시계ㆍ귀금속점,경기도,안양시 동안구,47,46,44
시계ㆍ귀금속점,경기도,부천시 원미구,72,72,72
시계ㆍ귀금속점,경기도,부천시 소사구,25,25,23
시계ㆍ귀금속점,경기도,부천시 오정구,23,23,23
시계ㆍ귀금속점,경기도,광명시,41,41,35
시계ㆍ귀금속점,경기도,평택시,86,84,76
시계ㆍ귀금속점,경기도,동두천시,11,11,11
시계ㆍ귀금속점,경기도,안산시 상록구,22,22,24
시계ㆍ귀금속점,경기도,안산시 단원구,56,55,55
시계ㆍ귀금속점,경기도,고양시 덕양구,44,44,40
시계ㆍ귀금속점,경기도,고양시 일산동구,40,41,39
시계ㆍ귀금속점,경기도,고양시 일산서구,34,33,34
시계ㆍ귀금속점,경기도,과천시,5,5,3
시계ㆍ귀금속점,경기도,구리시,20,20,26
시계ㆍ귀금속점,경기도,남양주시,78,79,78
시계ㆍ귀금속점,경기도,오산시,32,31,33
시계ㆍ귀금속점,경기도,시흥시,47,47,46
시계ㆍ귀금속점,경기도,군포시,25,25,22
시계ㆍ귀금속점,경기도,의왕시,7,6,9
시계ㆍ귀금속점,경기도,하남시,29,28,25
시계ㆍ귀금속점,경기도,용인시 처인구,22,22,21
시계ㆍ귀금속점,경기도,용인시 기흥구,34,35,29
시계ㆍ귀금속점,경기도,용인시 수지구,26,28,33
시계ㆍ귀금속점,경기도,파주시,56,53,54
시계ㆍ귀금속점,경기도,이천시,34,34,33
시계ㆍ귀금속점,경기도,안성시,25,25,24
시계ㆍ귀금속점,경기도,김포시,61,60,56
시계ㆍ귀금속점,경기도,화성시 만세구,23,23,22
시계ㆍ귀금속점,경기도,화성시 효행구,12,12,11
시계ㆍ귀금속점,경기도,화성시 병점구,13,12,14
시계ㆍ귀금속점,경기도,화성시 동탄구,32,33,28
시계ㆍ귀금속점,경기도,광주시,29,29,27
시계ㆍ귀금속점,경기도,양주시,14,14,15
시계ㆍ귀금속점,경기도,포천시,17,17,15
시계ㆍ귀금속점,경기도,여주시,13,13,13
시계ㆍ귀금속점,경기도,연천군,11,11,11
시계ㆍ귀금속점,경기도,가평군,12,12,12
시계ㆍ귀금속점,경기도,양평군,8,8,9
시계ㆍ귀금속점,충청북도,청주시 상당구,56,56,59
시계ㆍ귀금속점,충청북도,청주시 서원구,19,19,20
시계ㆍ귀금속점,충청북도,청주시 흥덕구,38,38,37
시계ㆍ귀금속점,충청북도,청주시 청원구,22,22,24
시계ㆍ귀금속점,충청북도,충주시,35,35,35
시계ㆍ귀금속점,충청북도,제천시,23,23,25
시계ㆍ귀금속점,충청북도,보은군,4,4,4
시계ㆍ귀금속점,충청북도,옥천군,8,8,8
시계ㆍ귀금속점,충청북도,영동군,8,8,8
시계ㆍ귀금속점,충청북도,증평군,3,3,3
시계ㆍ귀금속점,충청북도,진천군,11,12,12
시계ㆍ귀금속점,충청북도,괴산군,0,0,0
시계ㆍ귀금속점,충청북도,음성군,16,17,18
시계ㆍ귀금속점,충청북도,단양군,4,4,3
시계ㆍ귀금속점,충청남도,천안시 동남구,48,48,49
시계ㆍ귀금속점,충청남도,천안시 서북구,51,51,53
시계ㆍ귀금속점,충청남도,공주시,13,13,13
시계ㆍ귀금속점,충청남도,보령시,12,12,13
시계ㆍ귀금속점,충청남도,아산시,35,35,29
시계ㆍ귀금속점,충청남도,서산시,26,26,26
시계ㆍ귀금속점,충청남도,논산시,27,27,26
시계ㆍ귀금속점,충청남도,계룡시,7,7,6
시계ㆍ귀금속점,충청남도,당진시,15,15,15
시계ㆍ귀금속점,충청남도,금산군,6,6,4
시계ㆍ귀금속점,충청남도,부여군,16,16,16
시계ㆍ귀금속점,충청남도,서천군,12,12,15
시계ㆍ귀금속점,충청남도,청양군,5,5,5
시계ㆍ귀금속점,충청남도,홍성군,21,21,20
시계ㆍ귀금속점,충청남도,예산군,13,13,15
시계ㆍ귀금속점,충청남도,태안군,10,10,10
시계ㆍ귀금속점,전라남도,목포시,44,44,44
시계ㆍ귀금속점,전라남도,여수시,36,36,35
시계ㆍ귀금속점,전라남도,순천시,51,51,52
시계ㆍ귀금속점,전라남도,나주시,18,18,16
시계ㆍ귀금속점,전라남도,광양시,24,24,23
시계ㆍ귀금속점,전라남도,담양군,6,6,7
시계ㆍ귀금속점,전라남도,곡성군,0,0,0
시계ㆍ귀금속점,전라남도,구례군,3,3,3
시계ㆍ귀금속점,전라남도,고흥군,8,8,8
시계ㆍ귀금속점,전라남도,보성군,9,9,9
시계ㆍ귀금속점,전라남도,화순군,6,6,6
시계ㆍ귀금속점,전라남도,장흥군,4,4,4
시계ㆍ귀금속점,전라남도,강진군,8,8,8
시계ㆍ귀금속점,전라남도,해남군,12,12,12
시계ㆍ귀금속점,전라남도,영암군,9,9,9
시계ㆍ귀금속점,전라남도,무안군,12,12,12
시계ㆍ귀금속점,전라남도,함평군,0,0,0
시계ㆍ귀금속점,전라남도,영광군,6,6,7
시계ㆍ귀금속점,전라남도,장성군,5,5,5
시계ㆍ귀금속점,전라남도,완도군,3,3,3
시계ㆍ귀금속점,전라남도,진도군,3,3,3
시계ㆍ귀금속점,경상북도,포항시 남구,38,39,40
시계ㆍ귀금속점,경상북도,포항시 북구,70,70,73
시계ㆍ귀금속점,경상북도,경주시,48,49,48
시계ㆍ귀금속점,경상북도,김천시,22,22,23
시계ㆍ귀금속점,경상북도,안동시,31,31,29
시계ㆍ귀금속점,경상북도,구미시,52,52,54
시계ㆍ귀금속점,경상북도,영주시,21,21,21
시계ㆍ귀금속점,경상북도,영천시,10,10,11
시계ㆍ귀금속점,경상북도,상주시,15,15,15
시계ㆍ귀금속점,경상북도,문경시,17,17,17
시계ㆍ귀금속점,경상북도,경산시,30,31,28
시계ㆍ귀금속점,경상북도,의성군,8,8,8
시계ㆍ귀금속점,경상북도,청송군,3,3,3
시계ㆍ귀금속점,경상북도,영양군,0,0,0
시계ㆍ귀금속점,경상북도,영덕군,8,8,8
시계ㆍ귀금속점,경상북도,청도군,3,3,3
시계ㆍ귀금속점,경상북도,고령군,4,4,4
시계ㆍ귀금속점,경상북도,성주군,4,4,3
시계ㆍ귀금속점,경상북도,칠곡군,8,8,9
시계ㆍ귀금속점,경상북도,예천군,6,6,6
시계ㆍ귀금속점,경상북도,봉화군,7,7,7
시계ㆍ귀금속점,경상북도,울진군,7,7,7
시계ㆍ귀금속점,경상북도,울릉군,0,0,0
시계ㆍ귀금속점,경상남도,창원시 의창구,29,29,29
시계ㆍ귀금속점,경상남도,창원시 성산구,74,74,68
시계ㆍ귀금속점,경상남도,창원시 마산합포구,44,44,47
시계ㆍ귀금속점,경상남도,창원시 마산회원구,37,37,37
시계ㆍ귀금속점,경상남도,창원시 진해구,22,22,26
시계ㆍ귀금속점,경상남도,진주시,84,85,82
시계ㆍ귀금속점,경상남도,통영시,30,30,30
시계ㆍ귀금속점,경상남도,사천시,16,16,15
시계ㆍ귀금속점,경상남도,김해시,90,92,89
시계ㆍ귀금속점,경상남도,밀양시,17,17,16
시계ㆍ귀금속점,경상남도,거제시,26,27,23
시계ㆍ귀금속점,경상남도,양산시,39,40,39
시계ㆍ귀금속점,경상남도,의령군,3,3,3
시계ㆍ귀금속점,경상남도,함안군,8,8,8
시계ㆍ귀금속점,경상남도,창녕군,7,7,8
시계ㆍ귀금속점,경상남도,고성군,11,11,10
시계ㆍ귀금속점,경상남도,남해군,7,7,7
시계ㆍ귀금속점,경상남도,하동군,5,5,6
시계ㆍ귀금속점,경상남도,산청군,0,0,0
시계ㆍ귀금속점,경상남도,함양군,6,6,6
시계ㆍ귀금속점,경상남도,거창군,14,14,15
시계ㆍ귀금속점,경상남도,합천군,7,7,7
시계ㆍ귀금속점,제주특별자치도,제주시,76,76,76
시계ㆍ귀금속점,제주특별자치도,서귀포시,35,36,32
시계ㆍ귀금속점,강원특별자치도,춘천시,37,37,35
시계ㆍ귀금속점,강원특별자치도,원주시,42,42,41
시계ㆍ귀금속점,강원특별자치도,강릉시,23,23,23
시계ㆍ귀금속점,강원특별자치도,동해시,13,13,14
시계ㆍ귀금속점,강원특별자치도,태백시,13,13,15
시계ㆍ귀금속점,강원특별자치도,속초시,14,14,14
시계ㆍ귀금속점,강원특별자치도,삼척시,14,14,14
시계ㆍ귀금속점,강원특별자치도,홍천군,9,9,10
시계ㆍ귀금속점,강원특별자치도,횡성군,5,5,5
시계ㆍ귀금속점,강원특별자치도,영월군,3,3,3
시계ㆍ귀금속점,강원특별자치도,평창군,7,7,7
시계ㆍ귀금속점,강원특별자치도,정선군,8,8,9
시계ㆍ귀금속점,강원특별자치도,철원군,10,10,10
시계ㆍ귀금속점,강원특별자치도,화천군,0,0,0
시계ㆍ귀금속점,강원특별자치도,양구군,3,3,3
시계ㆍ귀금속점,강원특별자치도,인제군,6,6,6
시계ㆍ귀금속점,강원특별자치도,고성군,3,3,3
시계ㆍ귀금속점,강원특별자치도,양양군,0,0,0
시계ㆍ귀금속점,전북특별자치도,전주시 완산구,94,94,88
시계ㆍ귀금속점,전북특별자치도,전주시 덕진구,42,42,45
시계ㆍ귀금속점,전북특별자치도,군산시,48,49,47
시계ㆍ귀금속점,전북특별자치도,익산시,84,84,84
시계ㆍ귀금속점,전북특별자치도,정읍시,15,15,14
시계ㆍ귀금속점,전북특별자치도,남원시,13,13,14
시계ㆍ귀금속점,전북특별자치도,김제시,6,6,7
시계ㆍ귀금속점,전북특별자치도,완주군,8,8,8
시계ㆍ귀금속점,전북특별자치도,진안군,0,0,0
시계ㆍ귀금속점,전북특별자치도,무주군,4,4,4
시계ㆍ귀금속점,전북특별자치도,장수군,0,0,0
시계ㆍ귀금속점,전북특별자치도,임실군,4,4,4
시계ㆍ귀금속점,전북특별자치도,순창군,6,6,6
시계ㆍ귀금속점,전북특별자치도,고창군,7,7,6
시계ㆍ귀금속점,전북특별자치도,부안군,9,9,9
식료품가게,서울특별시,종로구,231,232,242
식료품가게,서울특별시,중구,359,362,370
식료품가게,서울특별시,용산구,155,159,163
식료품가게,서울특별시,성동구,124,125,125
식료품가게,서울특별시,광진구,148,148,152
식료품가게,서울특별시,동대문구,259,259,253
식료품가게,서울특별시,중랑구,188,187,192
식료품가게,서울특별시,성북구,177,174,185
식료품가게,서울특별시,강북구,161,163,160
식료품가게,서울특별시,도봉구,177,153,158
식료품가게,서울특별시,노원구,191,187,204
식료품가게,서울특별시,은평구,172,172,174
식료품가게,서울특별시,서대문구,127,126,130
식료품가게,서울특별시,마포구,166,167,164
식료품가게,서울특별시,양천구,171,172,179
식료품가게,서울특별시,강서구,244,244,235
식료품가게,서울특별시,구로구,264,269,298
식료품가게,서울특별시,금천구,164,162,162
식료품가게,서울특별시,영등포구,313,310,320
식료품가게,서울특별시,동작구,158,161,156
식료품가게,서울특별시,관악구,194,191,193
식료품가게,서울특별시,서초구,174,175,178
식료품가게,서울특별시,강남구,262,256,258
식료품가게,서울특별시,송파구,261,258,264
식료품가게,서울특별시,강동구,172,169,174
식료품가게,부산광역시,중구,176,175,168
식료품가게,부산광역시,서구,120,121,129
식료품가게,부산광역시,동구,117,116,118
식료품가게,부산광역시,영도구,111,112,114
식료품가게,부산광역시,부산진구,285,284,301
식료품가게,부산광역시,동래구,183,185,197
식료품가게,부산광역시,남구,176,176,186
식료품가게,부산광역시,북구,152,152,157
식료품가게,부산광역시,해운대구,200,200,200
식료품가게,부산광역시,사하구,246,244,242
식료품가게,부산광역시,금정구,145,149,149
식료품가게,부산광역시,강서구,139,138,133
식료품가게,부산광역시,연제구,129,130,123
식료품가게,부산광역시,수영구,114,112,107
식료품가게,부산광역시,사상구,267,269,275
식료품가게,부산광역시,기장군,142,145,158
식료품가게,대구광역시,중구,165,167,168
식료품가게,대구광역시,동구,166,166,184
식료품가게,대구광역시,서구,133,134,127
식료품가게,대구광역시,남구,92,92,95
식료품가게,대구광역시,북구,268,272,274
식료품가게,대구광역시,수성구,177,176,166
식료품가게,대구광역시,달서구,350,352,369
식료품가게,대구광역시,달성군,182,186,192
식료품가게,대구광역시,군위군,47,47,46
식료품가게,인천광역시,중구,244,247,249
식료품가게,인천광역시,동구,68,68,79
식료품가게,인천광역시,미추홀구,309,309,330
식료품가게,인천광역시,연수구,208,206,193
식료품가게,인천광역시,남동구,290,288,299
식료품가게,인천광역시,부평구,314,311,325
식료품가게,인천광역시,계양구,159,160,150
식료품가게,인천광역시,서구,342,347,335
식료품가게,인천광역시,강화군,146,147,153
식료품가게,인천광역시,옹진군,55,55,59
식료품가게,광주광역시,동구,156,155,149
식료품가게,광주광역시,서구,212,211,214
식료품가게,광주광역시,남구,136,138,148
식료품가게,광주광역시,북구,405,407,418
식료품가게,광주광역시,광산구,387,388,396
식료품가게,대전광역시,동구,241,242,243
식료품가게,대전광역시,중구,251,253,242
식료품가게,대전광역시,서구,280,278,283
식료품가게,대전광역시,유성구,220,220,212
식료품가게,대전광역시,대덕구,171,173,168
식료품가게,울산광역시,중구,147,147,160
식료품가게,울산광역시,남구,226,229,225
식료품가게,울산광역시,동구,91,90,92
식료품가게,울산광역시,북구,128,129,134
식료품가게,울산광역시,울주군,222,222,215
식료품가게,세종특별자치시,0,251,250,250
식료품가게,경기도,수원시 장안구,135,135,139
식료품가게,경기도,수원시 권선구,172,166,164
식료품가게,경기도,수원시 팔달구,206,201,207
식료품가게,경기도,수원시 영통구,105,108,117
식료품가게,경기도,성남시 수정구,157,158,157
식료품가게,경기도,성남시 중원구,134,136,145
식료품가게,경기도,성남시 분당구,143,144,155
식료품가게,경기도,의정부시,291,289,299
식료품가게,경기도,안양시 만안구,170,171,170
식료품가게,경기도,안양시 동안구,159,160,157
식료품가게,경기도,부천시 원미구,266,270,285
식료품가게,경기도,부천시 소사구,160,157,159
식료품가게,경기도,부천시 오정구,116,116,123
식료품가게,경기도,광명시,158,161,150
식료품가게,경기도,평택시,473,472,486
식료품가게,경기도,동두천시,111,110,112
식료품가게,경기도,안산시 상록구,215,213,216
식료품가게,경기도,안산시 단원구,334,333,346
식료품가게,경기도,고양시 덕양구,246,248,252
식료품가게,경기도,고양시 일산동구,171,169,171
식료품가게,경기도,고양시 일산서구,150,152,151
식료품가게,경기도,과천시,50,49,46
식료품가게,경기도,구리시,114,118,120
식료품가게,경기도,남양주시,513,511,529
식료품가게,경기도,오산시,138,139,136
식료품가게,경기도,시흥시,416,416,423
식료품가게,경기도,군포시,131,132,141
식료품가게,경기도,의왕시,62,65,61
식료품가게,경기도,하남시,216,218,227
식료품가게,경기도,용인시 처인구,243,233,242
식료품가게,경기도,용인시 기흥구,178,179,177
식료품가게,경기도,용인시 수지구,89,92,88
식료품가게,경기도,파주시,346,346,328
식료품가게,경기도,이천시,167,167,163
식료품가게,경기도,안성시,200,200,201
식료품가게,경기도,김포시,347,350,360
식료품가게,경기도,화성시,0,0,0
식료품가게,경기도,화성시 만세구,264,268,261
식료품가게,경기도,화성시 효행구,93,95,94
식료품가게,경기도,화성시 병점구,63,63,77
식료품가게,경기도,화성시 동탄구,143,144,125
식료품가게,경기도,광주시,230,231,232
식료품가게,경기도,양주시,258,257,276
식료품가게,경기도,포천시,284,283,289
식료품가게,경기도,여주시,124,122,123
식료품가게,경기도,연천군,114,113,116
식료품가게,경기도,가평군,245,243,248
식료품가게,경기도,양평군,210,214,220
식료품가게,충청북도,청주시 상당구,229,231,236
식료품가게,충청북도,청주시 서원구,104,106,106
식료품가게,충청북도,청주시 흥덕구,196,200,180
식료품가게,충청북도,청주시 청원구,162,166,169
식료품가게,충청북도,충주시,312,312,321
식료품가게,충청북도,제천시,260,262,258
식료품가게,충청북도,보은군,87,89,90
식료품가게,충청북도,옥천군,108,107,103
식료품가게,충청북도,영동군,97,98,99
식료품가게,충청북도,증평군,47,47,48
식료품가게,충청북도,진천군,93,94,101
식료품가게,충청북도,괴산군,112,111,112
식료품가게,충청북도,음성군,114,112,115
식료품가게,충청북도,단양군,127,128,139
식료품가게,충청남도,천안시 동남구,269,269,290
식료품가게,충청남도,천안시 서북구,251,253,268
식료품가게,충청남도,공주시,190,189,197
식료품가게,충청남도,보령시,265,267,280
식료품가게,충청남도,아산시,346,345,342
식료품가게,충청남도,서산시,246,249,243
식료품가게,충청남도,논산시,211,208,211
식료품가게,충청남도,계룡시,26,27,26
식료품가게,충청남도,당진시,220,222,225
식료품가게,충청남도,금산군,101,103,99
식료품가게,충청남도,부여군,106,106,110
식료품가게,충청남도,서천군,127,128,130
식료품가게,충청남도,청양군,56,56,55
식료품가게,충청남도,홍성군,161,159,166
식료품가게,충청남도,예산군,146,147,140
식료품가게,충청남도,태안군,296,295,313
식료품가게,전라남도,목포시,374,377,394
식료품가게,전라남도,여수시,417,417,434
식료품가게,전라남도,순천시,350,345,363
식료품가게,전라남도,나주시,192,193,194
식료품가게,전라남도,광양시,163,162,163
식료품가게,전라남도,담양군,89,91,102
식료품가게,전라남도,곡성군,50,49,52
식료품가게,전라남도,구례군,93,92,90
식료품가게,전라남도,고흥군,149,149,162
식료품가게,전라남도,보성군,106,106,110
식료품가게,전라남도,화순군,78,75,81
식료품가게,전라남도,장흥군,77,76,77
식료품가게,전라남도,강진군,78,77,83
식료품가게,전라남도,해남군,147,148,154
식료품가게,전라남도,영암군,121,123,130
식료품가게,전라남도,무안군,125,126,137
식료품가게,전라남도,함평군,58,56,54
식료품가게,전라남도,영광군,92,91,96
식료품가게,전라남도,장성군,86,86,85
식료품가게,전라남도,완도군,157,158,163
식료품가게,전라남도,진도군,73,74,77
식료품가게,전라남도,신안군,109,109,112
식료품가게,경상북도,포항시 남구,261,265,272
식료품가게,경상북도,포항시 북구,263,260,272
식료품가게,경상북도,경주시,358,361,381
식료품가게,경상북도,김천시,167,165,168
식료품가게,경상북도,안동시,214,215,217
식료품가게,경상북도,구미시,271,269,275
식료품가게,경상북도,영주시,167,167,178
식료품가게,경상북도,영천시,127,127,124
식료품가게,경상북도,상주시,133,134,129
식료품가게,경상북도,문경시,125,124,128
식료품가게,경상북도,경산시,197,197,198
식료품가게,경상북도,의성군,78,78,81
식료품가게,경상북도,청송군,60,60,63
식료품가게,경상북도,영양군,36,36,36
식료품가게,경상북도,영덕군,84,84,86
식료품가게,경상북도,청도군,97,96,93
식료품가게,경상북도,고령군,43,42,43
식료품가게,경상북도,성주군,81,81,76
식료품가게,경상북도,칠곡군,141,142,142
식료품가게,경상북도,예천군,66,66,73
식료품가게,경상북도,봉화군,62,63,64
식료품가게,경상북도,울진군,95,96,107
식료품가게,경상북도,울릉군,41,41,45
식료품가게,경상남도,창원시 의창구,156,160,165
식료품가게,경상남도,창원시 성산구,137,135,140
식료품가게,경상남도,창원시 마산합포구,187,185,193
식료품가게,경상남도,창원시 마산회원구,146,148,152
식료품가게,경상남도,창원시 진해구,143,145,144
식료품가게,경상남도,진주시,387,384,377
식료품가게,경상남도,통영시,201,203,209
식료품가게,경상남도,사천시,162,163,169
식료품가게,경상남도,김해시,480,478,481
식료품가게,경상남도,밀양시,146,145,146
식료품가게,경상남도,거제시,275,271,276
식료품가게,경상남도,양산시,253,260,279
식료품가게,경상남도,의령군,34,34,39
식료품가게,경상남도,함안군,86,87,86
식료품가게,경상남도,창녕군,86,87,90
식료품가게,경상남도,고성군,81,84,84
식료품가게,경상남도,남해군,113,114,117
식료품가게,경상남도,하동군,107,107,109
식료품가게,경상남도,산청군,84,84,84
식료품가게,경상남도,함양군,82,81,85
식료품가게,경상남도,거창군,85,84,89
식료품가게,경상남도,합천군,68,69,68
식료품가게,제주특별자치도,제주시,473,471,493
식료품가게,제주특별자치도,서귀포시,268,263,285
식료품가게,강원특별자치도,춘천시,275,278,294
식료품가게,강원특별자치도,원주시,416,413,417
식료품가게,강원특별자치도,강릉시,259,260,272
식료품가게,강원특별자치도,동해시,122,122,135
식료품가게,강원특별자치도,태백시,85,85,94
식료품가게,강원특별자치도,속초시,128,125,134
식료품가게,강원특별자치도,삼척시,131,131,142
식료품가게,강원특별자치도,홍천군,164,167,171
식료품가게,강원특별자치도,횡성군,73,73,74
식료품가게,강원특별자치도,영월군,132,133,148
식료품가게,강원특별자치도,평창군,83,83,89
식료품가게,강원특별자치도,정선군,138,138,137
식료품가게,강원특별자치도,철원군,83,83,93
식료품가게,강원특별자치도,화천군,60,62,64
식료품가게,강원특별자치도,양구군,30,30,32
식료품가게,강원특별자치도,인제군,101,100,110
식료품가게,강원특별자치도,고성군,68,69,73
식료품가게,강원특별자치도,양양군,87,88,93
식료품가게,전북특별자치도,전주시 완산구,424,421,441
식료품가게,전북특별자치도,전주시 덕진구,323,326,316
식료품가게,전북특별자치도,군산시,458,462,479
식료품가게,전북특별자치도,익산시,343,338,355
식료품가게,전북특별자치도,정읍시,187,189,197
식료품가게,전북특별자치도,남원시,207,207,231
식료품가게,전북특별자치도,김제시,145,144,150
식료품가게,전북특별자치도,완주군,215,217,230
식료품가게,전북특별자치도,진안군,70,70,72
식료품가게,전북특별자치도,무주군,89,89,93
식료품가게,전북특별자치도,장수군,40,40,39
식료품가게,전북특별자치도,임실군,62,62,63
식료품가게,전북특별자치도,순창군,58,58,58
식료품가게,전북특별자치도,고창군,127,127,137
식료품가게,전북특별자치도,부안군,145,144,145
신발가게,서울특별시,종로구,54,56,63
신발가게,서울특별시,중구,133,135,139
신발가게,서울특별시,용산구,35,35,39
신발가게,서울특별시,성동구,39,40,43
신발가게,서울특별시,광진구,32,32,39
신발가게,서울특별시,동대문구,31,31,34
신발가게,서울특별시,중랑구,35,35,37
신발가게,서울특별시,성북구,22,22,25
신발가게,서울특별시,강북구,38,37,41
신발가게,서울특별시,도봉구,19,20,20
신발가게,서울특별시,노원구,30,31,32
신발가게,서울특별시,은평구,39,40,43
신발가게,서울특별시,서대문구,21,22,24
신발가게,서울특별시,마포구,27,27,29
신발가게,서울특별시,양천구,15,15,18
신발가게,서울특별시,강서구,28,29,29
신발가게,서울특별시,구로구,29,28,33
신발가게,서울특별시,금천구,29,30,32
신발가게,서울특별시,영등포구,42,43,51
신발가게,서울특별시,동작구,17,17,18
신발가게,서울특별시,관악구,43,43,49
신발가게,서울특별시,서초구,42,42,41
신발가게,서울특별시,강남구,50,51,50
신발가게,서울특별시,송파구,68,69,71
신발가게,서울특별시,강동구,36,37,36
신발가게,부산광역시,중구,65,65,72
신발가게,부산광역시,서구,8,8,9
신발가게,부산광역시,동구,67,67,70
신발가게,부산광역시,영도구,7,7,8
신발가게,부산광역시,부산진구,76,76,86
신발가게,부산광역시,동래구,26,25,24
신발가게,부산광역시,남구,24,25,27
신발가게,부산광역시,북구,27,28,29
신발가게,부산광역시,해운대구,31,31,31
신발가게,부산광역시,사하구,17,17,17
신발가게,부산광역시,금정구,23,23,24
신발가게,부산광역시,강서구,10,10,8
신발가게,부산광역시,연제구,13,13,17
신발가게,부산광역시,수영구,13,13,14
신발가게,부산광역시,사상구,44,44,47
신발가게,부산광역시,기장군,18,18,19
신발가게,대구광역시,중구,89,89,95
신발가게,대구광역시,동구,30,30,33
신발가게,대구광역시,서구,22,22,25
신발가게,대구광역시,남구,13,13,14
신발가게,대구광역시,북구,22,22,19
신발가게,대구광역시,수성구,15,16,20
신발가게,대구광역시,달서구,36,37,43
신발가게,대구광역시,달성군,9,9,11
신발가게,대구광역시,군위군,0,0,0
신발가게,인천광역시,중구,29,27,27
신발가게,인천광역시,동구,7,7,10
신발가게,인천광역시,미추홀구,62,63,60
신발가게,인천광역시,연수구,17,17,18
신발가게,인천광역시,남동구,38,39,42
신발가게,인천광역시,부평구,70,70,75
신발가게,인천광역시,계양구,20,21,20
신발가게,인천광역시,서구,43,43,42
신발가게,인천광역시,강화군,10,10,8
신발가게,광주광역시,동구,49,49,53
신발가게,광주광역시,서구,27,27,30
신발가게,광주광역시,남구,12,12,13
신발가게,광주광역시,북구,41,41,42
신발가게,광주광역시,광산구,26,26,27
신발가게,대전광역시,동구,33,33,35
신발가게,대전광역시,중구,37,38,43
신발가게,대전광역시,서구,41,41,44
신발가게,대전광역시,유성구,26,25,30
신발가게,대전광역시,대덕구,16,16,19
신발가게,울산광역시,중구,29,29,30
신발가게,울산광역시,남구,19,19,18
신발가게,울산광역시,동구,12,12,12
신발가게,울산광역시,북구,9,9,12
신발가게,울산광역시,울주군,11,11,11
신발가게,세종특별자치시,0,23,23,28
신발가게,경기도,수원시 장안구,8,8,10
신발가게,경기도,수원시 권선구,15,15,20
신발가게,경기도,수원시 팔달구,45,45,47
신발가게,경기도,수원시 영통구,21,20,18
신발가게,경기도,성남시 수정구,34,35,36
신발가게,경기도,성남시 중원구,25,25,28
신발가게,경기도,성남시 분당구,23,23,26
신발가게,경기도,의정부시,57,55,57
신발가게,경기도,안양시 만안구,37,37,37
신발가게,경기도,안양시 동안구,18,17,20
신발가게,경기도,부천시 원미구,44,43,48
신발가게,경기도,부천시 소사구,26,26,29
신발가게,경기도,부천시 오정구,11,12,13
신발가게,경기도,광명시,30,30,32
신발가게,경기도,평택시,68,67,68
신발가게,경기도,동두천시,7,7,11
신발가게,경기도,안산시 상록구,26,26,26
신발가게,경기도,안산시 단원구,21,22,24
신발가게,경기도,고양시 덕양구,26,25,30
신발가게,경기도,고양시 일산동구,25,27,31
신발가게,경기도,고양시 일산서구,23,24,23
신발가게,경기도,과천시,0,0,0
신발가게,경기도,구리시,22,22,24
신발가게,경기도,남양주시,53,54,52
신발가게,경기도,오산시,14,14,15
신발가게,경기도,시흥시,40,40,40
신발가게,경기도,군포시,13,13,16
신발가게,경기도,의왕시,7,7,7
신발가게,경기도,하남시,31,28,33
신발가게,경기도,용인시 처인구,14,15,18
신발가게,경기도,용인시 기흥구,23,23,28
신발가게,경기도,용인시 수지구,12,12,13
신발가게,경기도,파주시,33,33,38
신발가게,경기도,이천시,18,17,22
신발가게,경기도,안성시,23,22,23
신발가게,경기도,김포시,36,35,38
신발가게,경기도,화성시 만세구,15,15,16
신발가게,경기도,화성시 효행구,7,7,11
신발가게,경기도,화성시 병점구,5,5,4
신발가게,경기도,화성시 동탄구,11,12,15
신발가게,경기도,광주시,22,22,24
신발가게,경기도,양주시,14,15,13
신발가게,경기도,포천시,20,20,21
신발가게,경기도,여주시,15,15,15
신발가게,경기도,연천군,5,5,5
신발가게,경기도,가평군,6,6,7
신발가게,경기도,양평군,9,9,9
신발가게,충청북도,청주시 상당구,25,25,28
신발가게,충청북도,청주시 서원구,11,11,12
신발가게,충청북도,청주시 흥덕구,23,23,23
신발가게,충청북도,청주시 청원구,5,5,8
신발가게,충청북도,충주시,24,24,24
신발가게,충청북도,제천시,21,21,23
신발가게,충청북도,보은군,0,0,0
신발가게,충청북도,옥천군,9,9,9
신발가게,충청북도,영동군,6,6,5
신발가게,충청북도,증평군,5,5,5
신발가게,충청북도,진천군,5,5,5
신발가게,충청북도,괴산군,0,0,0
신발가게,충청북도,음성군,9,9,10
신발가게,충청북도,단양군,6,6,6
신발가게,충청남도,천안시 동남구,26,26,28
신발가게,충청남도,천안시 서북구,21,21,22
신발가게,충청남도,공주시,12,12,12
신발가게,충청남도,보령시,15,16,15
신발가게,충청남도,아산시,19,19,19
신발가게,충청남도,서산시,18,18,19
신발가게,충청남도,논산시,23,23,24
신발가게,충청남도,당진시,18,18,18
신발가게,충청남도,금산군,7,7,6
신발가게,충청남도,부여군,12,12,12
신발가게,충청남도,서천군,7,7,6
신발가게,충청남도,청양군,8,8,8
신발가게,충청남도,홍성군,13,13,12
신발가게,충청남도,예산군,12,13,14
신발가게,충청남도,태안군,8,9,11
신발가게,전라남도,목포시,26,26,26
신발가게,전라남도,여수시,43,43,42
신발가게,전라남도,순천시,31,31,34
신발가게,전라남도,나주시,8,8,7
신발가게,전라남도,광양시,12,12,12
신발가게,전라남도,담양군,0,0,0
신발가게,전라남도,곡성군,3,3,3
신발가게,전라남도,구례군,3,3,3
신발가게,전라남도,고흥군,10,10,9
신발가게,전라남도,보성군,7,7,7
신발가게,전라남도,화순군,4,4,4
신발가게,전라남도,장흥군,6,6,8
신발가게,전라남도,강진군,3,3,5
신발가게,전라남도,해남군,11,11,12
신발가게,전라남도,영암군,5,5,5
신발가게,전라남도,무안군,13,13,14
신발가게,전라남도,함평군,6,6,7
신발가게,전라남도,영광군,8,8,7
신발가게,전라남도,장성군,4,4,5
신발가게,전라남도,완도군,5,5,5
신발가게,전라남도,진도군,3,3,3
신발가게,전라남도,신안군,0,0,0
신발가게,경상북도,포항시 남구,11,11,11
신발가게,경상북도,포항시 북구,45,45,46
신발가게,경상북도,경주시,35,36,39
신발가게,경상북도,김천시,15,15,17
신발가게,경상북도,안동시,16,16,19
신발가게,경상북도,구미시,32,32,32
신발가게,경상북도,영주시,20,20,21
신발가게,경상북도,영천시,17,17,16
신발가게,경상북도,상주시,10,10,10
신발가게,경상북도,문경시,14,14,14
신발가게,경상북도,경산시,18,18,20
신발가게,경상북도,의성군,9,9,9
신발가게,경상북도,청송군,3,3,3
신발가게,경상북도,영양군,3,3,3
신발가게,경상북도,영덕군,6,6,6
신발가게,경상북도,청도군,3,3,3
신발가게,경상북도,고령군,6,6,5
신발가게,경상북도,성주군,0,0,0
신발가게,경상북도,칠곡군,6,6,6
신발가게,경상북도,예천군,5,5,5
신발가게,경상북도,봉화군,0,0,0
신발가게,경상북도,울진군,5,5,6
신발가게,경상남도,창원시 의창구,14,14,17
신발가게,경상남도,창원시 성산구,17,16,18
신발가게,경상남도,창원시 마산합포구,29,28,31
신발가게,경상남도,창원시 마산회원구,19,19,21
신발가게,경상남도,창원시 진해구,11,11,11
신발가게,경상남도,진주시,45,45,45
신발가게,경상남도,통영시,23,23,22
신발가게,경상남도,사천시,11,11,12
신발가게,경상남도,김해시,49,49,51
신발가게,경상남도,밀양시,15,14,15
신발가게,경상남도,거제시,17,18,17
신발가게,경상남도,양산시,19,20,20
신발가게,경상남도,의령군,0,0,0
신발가게,경상남도,함안군,6,6,4
신발가게,경상남도,창녕군,11,11,11
신발가게,경상남도,고성군,3,3,3
신발가게,경상남도,남해군,6,6,6
신발가게,경상남도,하동군,7,7,7
신발가게,경상남도,산청군,3,3,3
신발가게,경상남도,함양군,3,3,3
신발가게,경상남도,거창군,10,10,9
신발가게,경상남도,합천군,4,3,3
신발가게,제주특별자치도,제주시,61,61,66
신발가게,제주특별자치도,서귀포시,19,20,23
신발가게,강원특별자치도,춘천시,30,30,30
신발가게,강원특별자치도,원주시,42,44,45
신발가게,강원특별자치도,강릉시,32,32,33
신발가게,강원특별자치도,동해시,10,10,10
신발가게,강원특별자치도,태백시,11,12,12
신발가게,강원특별자치도,속초시,19,19,19
신발가게,강원특별자치도,삼척시,11,10,10
신발가게,강원특별자치도,홍천군,9,8,7
신발가게,강원특별자치도,횡성군,7,7,7
신발가게,강원특별자치도,영월군,5,5,5
신발가게,강원특별자치도,평창군,6,5,6
신발가게,강원특별자치도,정선군,4,4,4
신발가게,강원특별자치도,철원군,7,7,7
신발가게,강원특별자치도,화천군,4,4,4
신발가게,강원특별자치도,양구군,0,0,0
신발가게,강원특별자치도,인제군,6,6,6
신발가게,강원특별자치도,고성군,6,6,7
신발가게,강원특별자치도,양양군,4,4,4
신발가게,전북특별자치도,전주시 완산구,57,56,60
신발가게,전북특별자치도,전주시 덕진구,20,20,19
신발가게,전북특별자치도,군산시,32,32,33
신발가게,전북특별자치도,익산시,39,39,44
신발가게,전북특별자치도,정읍시,22,22,25
신발가게,전북특별자치도,남원시,18,18,18
신발가게,전북특별자치도,김제시,7,8,8
신발가게,전북특별자치도,완주군,6,6,8
신발가게,전북특별자치도,진안군,3,3,3
신발가게,전북특별자치도,무주군,5,5,4
신발가게,전북특별자치도,장수군,0,0,0
신발가게,전북특별자치도,임실군,0,0,0
신발가게,전북특별자치도,순창군,0,0,0
신발가게,전북특별자치도,고창군,7,7,7
신발가게,전북특별자치도,부안군,12,12,12
안경점,서울특별시,종로구,59,59,55
안경점,서울특별시,중구,159,159,158
안경점,서울특별시,용산구,51,51,48
안경점,서울특별시,성동구,61,61,58
안경점,서울특별시,광진구,74,74,73
안경점,서울특별시,동대문구,70,69,69
안경점,서울특별시,중랑구,70,72,72
안경점,서울특별시,성북구,82,82,84
안경점,서울특별시,강북구,42,42,43
안경점,서울특별시,도봉구,50,50,50
안경점,서울특별시,노원구,81,81,80
안경점,서울특별시,은평구,73,73,77
안경점,서울특별시,서대문구,60,59,60
안경점,서울특별시,마포구,99,97,96
안경점,서울특별시,양천구,82,80,83
안경점,서울특별시,강서구,92,90,92
안경점,서울특별시,구로구,70,70,74
안경점,서울특별시,금천구,33,34,35
안경점,서울특별시,영등포구,97,97,94
안경점,서울특별시,동작구,55,55,57
안경점,서울특별시,관악구,76,77,77
안경점,서울특별시,서초구,114,112,109
안경점,서울특별시,강남구,178,178,179
안경점,서울특별시,송파구,139,138,136
안경점,서울특별시,강동구,82,81,80
안경점,부산광역시,중구,40,40,41
안경점,부산광역시,서구,11,11,12
안경점,부산광역시,동구,16,16,16
안경점,부산광역시,영도구,14,14,15
안경점,부산광역시,부산진구,73,73,74
안경점,부산광역시,동래구,68,68,68
안경점,부산광역시,남구,46,47,49
안경점,부산광역시,북구,44,44,46
안경점,부산광역시,해운대구,65,64,64
안경점,부산광역시,사하구,48,48,48
안경점,부산광역시,금정구,47,47,47
안경점,부산광역시,강서구,21,20,21
안경점,부산광역시,연제구,39,38,37
안경점,부산광역시,수영구,32,32,32
안경점,부산광역시,사상구,34,34,35
안경점,부산광역시,기장군,29,30,26
안경점,대구광역시,중구,61,61,61
안경점,대구광역시,동구,61,62,62
안경점,대구광역시,서구,36,36,37
안경점,대구광역시,남구,29,28,28
안경점,대구광역시,북구,88,87,85
안경점,대구광역시,수성구,84,85,82
안경점,대구광역시,달서구,109,108,107
안경점,대구광역시,달성군,38,38,39
안경점,대구광역시,군위군,0,0,0
안경점,인천광역시,중구,28,28,29
안경점,인천광역시,동구,7,7,7
안경점,인천광역시,미추홀구,61,61,57
안경점,인천광역시,연수구,61,61,61
안경점,인천광역시,남동구,75,76,73
안경점,인천광역시,부평구,81,81,86
안경점,인천광역시,계양구,42,42,43
안경점,인천광역시,서구,80,80,81
안경점,인천광역시,강화군,5,5,5
안경점,인천광역시,옹진군,0,0,0
안경점,광주광역시,동구,50,50,49
안경점,광주광역시,서구,61,61,64
안경점,광주광역시,남구,44,44,45
안경점,광주광역시,북구,106,105,105
안경점,광주광역시,광산구,78,77,78
안경점,대전광역시,동구,47,47,46
안경점,대전광역시,중구,50,50,51
안경점,대전광역시,서구,108,108,105
안경점,대전광역시,유성구,84,85,83
안경점,대전광역시,대덕구,32,32,32
안경점,울산광역시,중구,45,45,45
안경점,울산광역시,남구,86,86,86
안경점,울산광역시,동구,28,28,28
안경점,울산광역시,북구,36,36,36
안경점,울산광역시,울주군,33,33,33
안경점,세종특별자치시,0,61,58,58
안경점,경기도,수원시 장안구,42,42,42
안경점,경기도,수원시 권선구,65,64,64
안경점,경기도,수원시 팔달구,57,57,55
안경점,경기도,수원시 영통구,70,70,68
안경점,경기도,성남시 수정구,47,46,46
안경점,경기도,성남시 중원구,38,38,40
안경점,경기도,성남시 분당구,101,101,107
안경점,경기도,의정부시,87,87,86
안경점,경기도,안양시 만안구,43,44,44
안경점,경기도,안양시 동안구,58,56,54
안경점,경기도,부천시 원미구,88,89,88
안경점,경기도,부천시 소사구,35,34,35
안경점,경기도,부천시 오정구,19,19,19
안경점,경기도,광명시,47,46,44
안경점,경기도,평택시,97,98,96
안경점,경기도,동두천시,16,16,16
안경점,경기도,안산시 상록구,53,53,53
안경점,경기도,안산시 단원구,62,62,60
안경점,경기도,고양시 덕양구,61,61,59
안경점,경기도,고양시 일산동구,54,54,56
안경점,경기도,고양시 일산서구,53,52,48
안경점,경기도,과천시,10,10,10
안경점,경기도,구리시,35,34,37
안경점,경기도,남양주시,100,100,95
안경점,경기도,오산시,38,38,35
안경점,경기도,시흥시,78,80,83
안경점,경기도,군포시,32,32,32
안경점,경기도,의왕시,27,27,26
안경점,경기도,하남시,50,48,46
안경점,경기도,용인시 처인구,36,35,37
안경점,경기도,용인시 기흥구,76,76,76
안경점,경기도,용인시 수지구,54,53,53
안경점,경기도,파주시,69,69,66
안경점,경기도,이천시,35,35,36
안경점,경기도,안성시,31,32,33
안경점,경기도,김포시,66,67,70
안경점,경기도,화성시 만세구,30,29,25
안경점,경기도,화성시 효행구,21,21,17
안경점,경기도,화성시 병점구,25,25,31
안경점,경기도,화성시 동탄구,69,69,61
안경점,경기도,광주시,46,46,42
안경점,경기도,양주시,33,33,33
안경점,경기도,포천시,20,20,20
안경점,경기도,여주시,15,15,15
안경점,경기도,연천군,6,6,6
안경점,경기도,가평군,9,9,10
안경점,경기도,양평군,15,15,15
안경점,충청북도,청주시 상당구,43,43,43
안경점,충청북도,청주시 서원구,43,43,45
안경점,충청북도,청주시 흥덕구,56,56,49
안경점,충청북도,청주시 청원구,35,35,36
안경점,충청북도,충주시,38,38,39
안경점,충청북도,제천시,23,23,23
안경점,충청북도,보은군,3,3,3
안경점,충청북도,옥천군,6,6,6
안경점,충청북도,영동군,6,6,5
안경점,충청북도,증평군,6,6,6
안경점,충청북도,진천군,11,10,10
안경점,충청북도,괴산군,4,4,4
안경점,충청북도,음성군,17,17,17
안경점,충청북도,단양군,3,3,4
안경점,충청남도,천안시 동남구,47,48,52
안경점,충청남도,천안시 서북구,69,68,69
안경점,충청남도,공주시,17,18,19
안경점,충청남도,보령시,13,13,13
안경점,충청남도,아산시,64,63,63
안경점,충청남도,서산시,23,23,23
안경점,충청남도,논산시,20,20,20
안경점,충청남도,계룡시,11,11,11
안경점,충청남도,당진시,26,26,26
안경점,충청남도,금산군,7,7,7
안경점,충청남도,부여군,7,7,7
안경점,충청남도,서천군,9,9,9
안경점,충청남도,청양군,3,3,3
안경점,충청남도,홍성군,13,13,12
안경점,충청남도,예산군,12,12,12
안경점,충청남도,태안군,7,7,7
안경점,전라남도,목포시,46,46,43
안경점,전라남도,여수시,59,59,59
안경점,전라남도,순천시,61,61,63
안경점,전라남도,나주시,20,20,20
안경점,전라남도,광양시,32,32,32
안경점,전라남도,담양군,3,3,3
안경점,전라남도,곡성군,0,0,0
안경점,전라남도,구례군,0,0,0
안경점,전라남도,고흥군,9,9,9
안경점,전라남도,보성군,6,6,6
안경점,전라남도,화순군,10,10,10
안경점,전라남도,장흥군,5,5,4
안경점,전라남도,강진군,5,5,5
안경점,전라남도,해남군,8,8,8
안경점,전라남도,영암군,6,6,6
안경점,전라남도,무안군,20,20,21
안경점,전라남도,함평군,3,3,3
안경점,전라남도,영광군,7,7,7
안경점,전라남도,장성군,3,3,3
안경점,전라남도,완도군,8,8,8
안경점,전라남도,진도군,0,0,0
안경점,경상북도,포항시 남구,43,43,43
안경점,경상북도,포항시 북구,60,61,61
안경점,경상북도,경주시,45,45,47
안경점,경상북도,김천시,22,22,22
안경점,경상북도,안동시,32,32,29
안경점,경상북도,구미시,79,79,76
안경점,경상북도,영주시,24,23,24
안경점,경상북도,영천시,16,16,16
안경점,경상북도,상주시,13,13,13
안경점,경상북도,문경시,15,15,15
안경점,경상북도,경산시,51,51,51
안경점,경상북도,의성군,6,6,6
안경점,경상북도,청송군,4,4,4
안경점,경상북도,영양군,0,0,0
안경점,경상북도,영덕군,5,5,5
안경점,경상북도,청도군,6,6,5
안경점,경상북도,고령군,5,5,5
안경점,경상북도,성주군,4,4,4
안경점,경상북도,칠곡군,17,17,17
안경점,경상북도,예천군,5,5,5
안경점,경상북도,봉화군,0,0,0
안경점,경상북도,울진군,7,7,7
안경점,경상북도,울릉군,0,0,0
안경점,경상남도,창원시 의창구,42,42,42
안경점,경상남도,창원시 성산구,55,55,57
안경점,경상남도,창원시 마산합포구,46,46,45
안경점,경상남도,창원시 마산회원구,43,43,43
안경점,경상남도,창원시 진해구,41,41,40
안경점,경상남도,진주시,69,69,70
안경점,경상남도,통영시,20,20,22
안경점,경상남도,사천시,18,18,18
안경점,경상남도,김해시,99,99,98
안경점,경상남도,밀양시,16,16,16
안경점,경상남도,거제시,37,37,38
안경점,경상남도,양산시,57,58,57
안경점,경상남도,의령군,0,0,0
안경점,경상남도,함안군,9,9,8
안경점,경상남도,창녕군,13,13,12
안경점,경상남도,고성군,5,5,5
안경점,경상남도,남해군,4,4,4
안경점,경상남도,하동군,4,4,4
안경점,경상남도,산청군,4,4,3
안경점,경상남도,함양군,6,6,6
안경점,경상남도,거창군,11,11,11
안경점,경상남도,합천군,4,4,3
안경점,제주특별자치도,제주시,91,92,94
안경점,제주특별자치도,서귀포시,36,36,36
안경점,강원특별자치도,춘천시,62,61,61
안경점,강원특별자치도,원주시,64,64,64
안경점,강원특별자치도,강릉시,36,36,38
안경점,강원특별자치도,동해시,17,17,17
안경점,강원특별자치도,태백시,8,8,8
안경점,강원특별자치도,속초시,21,21,20
안경점,강원특별자치도,삼척시,10,10,11
안경점,강원특별자치도,홍천군,8,8,8
안경점,강원특별자치도,횡성군,5,5,4
안경점,강원특별자치도,영월군,3,3,3
안경점,강원특별자치도,평창군,5,5,5
안경점,강원특별자치도,정선군,0,0,0
안경점,강원특별자치도,철원군,7,7,7
안경점,강원특별자치도,화천군,4,4,3
안경점,강원특별자치도,양구군,3,3,3
안경점,강원특별자치도,인제군,6,6,6
안경점,강원특별자치도,고성군,5,5,4
안경점,강원특별자치도,양양군,4,4,4
안경점,전북특별자치도,전주시 완산구,90,90,91
안경점,전북특별자치도,전주시 덕진구,69,69,69
안경점,전북특별자치도,군산시,62,62,63
안경점,전북특별자치도,익산시,55,55,58
안경점,전북특별자치도,정읍시,22,22,23
안경점,전북특별자치도,남원시,12,12,13
안경점,전북특별자치도,김제시,10,10,10
안경점,전북특별자치도,완주군,14,14,14
안경점,전북특별자치도,진안군,0,0,0
안경점,전북특별자치도,무주군,3,3,3
안경점,전북특별자치도,장수군,0,0,0
안경점,전북특별자치도,임실군,3,3,3
안경점,전북특별자치도,순창군,0,0,0
안경점,전북특별자치도,고창군,10,10,10
안경점,전북특별자치도,부안군,9,9,9
애완용품점,서울특별시,종로구,40,41,44
애완용품점,서울특별시,중구,34,34,39
애완용품점,서울특별시,용산구,46,47,53
애완용품점,서울특별시,성동구,64,62,55
애완용품점,서울특별시,광진구,75,74,71
애완용품점,서울특별시,동대문구,53,54,57
애완용품점,서울특별시,중랑구,81,84,76
애완용품점,서울특별시,성북구,52,52,59
애완용품점,서울특별시,강북구,59,60,56
애완용품점,서울특별시,도봉구,55,54,56
애완용품점,서울특별시,노원구,73,74,70
애완용품점,서울특별시,은평구,92,92,97
애완용품점,서울특별시,서대문구,48,48,44
애완용품점,서울특별시,마포구,85,85,73
애완용품점,서울특별시,양천구,72,71,70
애완용품점,서울특별시,강서구,134,138,130
애완용품점,서울특별시,구로구,54,52,53
애완용품점,서울특별시,금천구,55,56,63
애완용품점,서울특별시,영등포구,58,59,60
애완용품점,서울특별시,동작구,38,39,43
애완용품점,서울특별시,관악구,67,68,67
애완용품점,서울특별시,서초구,86,86,92
애완용품점,서울특별시,강남구,169,167,176
애완용품점,서울특별시,송파구,126,128,120
애완용품점,서울특별시,강동구,77,76,84
애완용품점,부산광역시,중구,24,24,24
애완용품점,부산광역시,서구,18,17,15
애완용품점,부산광역시,동구,18,18,13
애완용품점,부산광역시,영도구,14,14,14
애완용품점,부산광역시,부산진구,106,104,111
애완용품점,부산광역시,동래구,53,53,51
애완용품점,부산광역시,남구,70,66,68
애완용품점,부산광역시,북구,47,47,55
애완용품점,부산광역시,해운대구,98,98,105
애완용품점,부산광역시,사하구,55,56,59
애완용품점,부산광역시,금정구,33,32,36
애완용품점,부산광역시,강서구,49,49,42
애완용품점,부산광역시,연제구,49,48,50
애완용품점,부산광역시,수영구,58,59,67
애완용품점,부산광역시,사상구,35,34,31
애완용품점,부산광역시,기장군,63,59,54
애완용품점,대구광역시,중구,43,44,47
애완용품점,대구광역시,동구,67,66,64
애완용품점,대구광역시,서구,40,40,41
애완용품점,대구광역시,남구,41,39,40
애완용품점,대구광역시,북구,73,72,67
애완용품점,대구광역시,수성구,98,97,100
애완용품점,대구광역시,달서구,106,106,95
애완용품점,대구광역시,달성군,49,48,42
애완용품점,인천광역시,중구,59,58,53
애완용품점,인천광역시,동구,12,10,13
애완용품점,인천광역시,미추홀구,109,110,111
애완용품점,인천광역시,연수구,121,120,122
애완용품점,인천광역시,남동구,133,130,136
애완용품점,인천광역시,부평구,154,156,141
애완용품점,인천광역시,계양구,63,62,66
애완용품점,인천광역시,서구,200,204,183
애완용품점,인천광역시,강화군,12,12,14
애완용품점,인천광역시,옹진군,0,0,0
애완용품점,광주광역시,동구,18,19,20
애완용품점,광주광역시,서구,68,70,67
애완용품점,광주광역시,남구,45,46,43
애완용품점,광주광역시,북구,67,68,72
애완용품점,광주광역시,광산구,95,95,93
애완용품점,대전광역시,동구,58,58,62
애완용품점,대전광역시,중구,48,47,49
애완용품점,대전광역시,서구,140,142,139
애완용품점,대전광역시,유성구,94,94,92
애완용품점,대전광역시,대덕구,44,47,51
애완용품점,울산광역시,중구,40,40,36
애완용품점,울산광역시,남구,83,82,70
애완용품점,울산광역시,동구,29,30,26
애완용품점,울산광역시,북구,30,31,31
애완용품점,울산광역시,울주군,43,41,34
애완용품점,세종특별자치시,0,65,66,67
애완용품점,경기도,수원시 장안구,60,60,59
애완용품점,경기도,수원시 권선구,77,74,75
애완용품점,경기도,수원시 팔달구,63,64,64
애완용품점,경기도,수원시 영통구,103,100,95
애완용품점,경기도,성남시 수정구,53,52,57
애완용품점,경기도,성남시 중원구,46,44,47
애완용품점,경기도,성남시 분당구,109,111,115
애완용품점,경기도,의정부시,171,169,161
애완용품점,경기도,안양시 만안구,36,37,41
애완용품점,경기도,안양시 동안구,53,53,56
애완용품점,경기도,부천시 원미구,128,129,133
애완용품점,경기도,부천시 소사구,40,40,45
애완용품점,경기도,부천시 오정구,39,38,37
애완용품점,경기도,광명시,66,65,62
애완용품점,경기도,평택시,216,218,208
애완용품점,경기도,동두천시,31,31,33
애완용품점,경기도,안산시 상록구,79,77,79
애완용품점,경기도,안산시 단원구,87,88,88
애완용품점,경기도,고양시 덕양구,144,137,138
애완용품점,경기도,고양시 일산동구,174,173,187
애완용품점,경기도,고양시 일산서구,80,79,72
애완용품점,경기도,과천시,9,9,6
애완용품점,경기도,구리시,71,68,72
애완용품점,경기도,남양주시,288,290,306
애완용품점,경기도,오산시,57,57,49
애완용품점,경기도,시흥시,209,208,228
애완용품점,경기도,군포시,33,33,38
애완용품점,경기도,의왕시,19,20,20
애완용품점,경기도,하남시,119,120,127
애완용품점,경기도,용인시 처인구,81,85,80
애완용품점,경기도,용인시 기흥구,96,95,93
애완용품점,경기도,용인시 수지구,69,67,75
애완용품점,경기도,파주시,184,176,183
애완용품점,경기도,이천시,70,68,66
애완용품점,경기도,안성시,58,60,56
애완용품점,경기도,김포시,211,216,221
애완용품점,경기도,화성시,0,0,0
애완용품점,경기도,화성시 만세구,88,90,84
애완용품점,경기도,화성시 효행구,49,46,43
애완용품점,경기도,화성시 병점구,36,36,48
애완용품점,경기도,화성시 동탄구,136,137,123
애완용품점,경기도,광주시,137,138,124
애완용품점,경기도,양주시,105,103,109
애완용품점,경기도,포천시,61,61,62
애완용품점,경기도,여주시,36,35,38
애완용품점,경기도,연천군,8,8,8
애완용품점,경기도,가평군,21,22,24
애완용품점,경기도,양평군,55,55,52
애완용품점,충청북도,청주시 상당구,51,50,53
애완용품점,충청북도,청주시 서원구,39,38,39
애완용품점,충청북도,청주시 흥덕구,73,71,62
애완용품점,충청북도,청주시 청원구,41,39,41
애완용품점,충청북도,충주시,58,59,58
애완용품점,충청북도,제천시,29,28,32
애완용품점,충청북도,보은군,7,6,7
애완용품점,충청북도,옥천군,10,10,9
애완용품점,충청북도,영동군,7,7,7
애완용품점,충청북도,증평군,5,5,6
애완용품점,충청북도,진천군,21,22,20
애완용품점,충청북도,괴산군,4,5,5
애완용품점,충청북도,음성군,23,23,19
애완용품점,충청북도,단양군,3,4,3
애완용품점,충청남도,천안시 동남구,75,74,77
애완용품점,충청남도,천안시 서북구,115,116,107
애완용품점,충청남도,공주시,21,22,23
애완용품점,충청남도,보령시,12,12,13
애완용품점,충청남도,아산시,84,83,91
애완용품점,충청남도,서산시,39,39,43
애완용품점,충청남도,논산시,19,20,21
애완용품점,충청남도,계룡시,8,9,9
애완용품점,충청남도,당진시,34,32,40
애완용품점,충청남도,금산군,12,12,10
애완용품점,충청남도,부여군,10,10,9
애완용품점,충청남도,서천군,4,4,4
애완용품점,충청남도,청양군,5,5,5
애완용품점,충청남도,홍성군,26,27,23
애완용품점,충청남도,예산군,18,19,18
애완용품점,충청남도,태안군,13,13,11
애완용품점,전라남도,목포시,41,41,43
애완용품점,전라남도,여수시,51,49,44
애완용품점,전라남도,순천시,65,69,65
애완용품점,전라남도,나주시,31,31,30
애완용품점,전라남도,광양시,29,29,30
애완용품점,전라남도,담양군,6,6,7
애완용품점,전라남도,곡성군,4,4,4
애완용품점,전라남도,구례군,0,0,0
애완용품점,전라남도,고흥군,8,8,8
애완용품점,전라남도,보성군,0,0,0
애완용품점,전라남도,화순군,6,6,6
애완용품점,전라남도,장흥군,0,0,0
애완용품점,전라남도,강진군,4,4,3
애완용품점,전라남도,해남군,4,4,4
애완용품점,전라남도,영암군,5,6,5
애완용품점,전라남도,무안군,17,17,18
애완용품점,전라남도,함평군,0,0,0
애완용품점,전라남도,영광군,8,8,9
애완용품점,전라남도,장성군,3,3,5
애완용품점,전라남도,완도군,5,5,5
애완용품점,전라남도,진도군,5,5,5
애완용품점,경상북도,포항시 남구,57,56,65
애완용품점,경상북도,포항시 북구,62,64,68
애완용품점,경상북도,경주시,46,45,38
애완용품점,경상북도,김천시,28,27,25
애완용품점,경상북도,안동시,31,31,32
애완용품점,경상북도,구미시,103,103,105
애완용품점,경상북도,영주시,23,23,23
애완용품점,경상북도,영천시,19,19,18
애완용품점,경상북도,상주시,16,16,18
애완용품점,경상북도,문경시,14,14,14
애완용품점,경상북도,경산시,76,76,73
애완용품점,경상북도,의성군,3,3,3
애완용품점,경상북도,청송군,0,0,0
애완용품점,경상북도,영양군,0,0,0
애완용품점,경상북도,영덕군,9,9,9
애완용품점,경상북도,청도군,5,5,5
애완용품점,경상북도,고령군,3,3,4
애완용품점,경상북도,성주군,4,4,4
애완용품점,경상북도,칠곡군,36,36,38
애완용품점,경상북도,예천군,4,4,3
애완용품점,경상북도,봉화군,0,0,0
애완용품점,경상북도,울진군,8,8,8
애완용품점,경상남도,창원시 의창구,53,53,50
애완용품점,경상남도,창원시 성산구,43,43,41
애완용품점,경상남도,창원시 마산합포구,45,43,40
애완용품점,경상남도,창원시 마산회원구,26,27,28
애완용품점,경상남도,창원시 진해구,38,39,38
애완용품점,경상남도,진주시,63,61,60
애완용품점,경상남도,통영시,8,8,10
애완용품점,경상남도,사천시,32,32,32
애완용품점,경상남도,김해시,147,146,127
애완용품점,경상남도,밀양시,10,10,14
애완용품점,경상남도,거제시,50,51,47
애완용품점,경상남도,양산시,104,102,105
애완용품점,경상남도,의령군,4,4,5
애완용품점,경상남도,함안군,10,10,10
애완용품점,경상남도,창녕군,9,9,8
애완용품점,경상남도,고성군,8,9,8
애완용품점,경상남도,남해군,0,0,0
애완용품점,경상남도,하동군,0,0,0
애완용품점,경상남도,산청군,4,4,4
애완용품점,경상남도,함양군,9,10,11
애완용품점,경상남도,거창군,11,11,12
애완용품점,경상남도,합천군,0,0,0
애완용품점,제주특별자치도,제주시,129,131,125
애완용품점,제주특별자치도,서귀포시,33,34,36
애완용품점,강원특별자치도,춘천시,77,76,73
애완용품점,강원특별자치도,원주시,107,106,105
애완용품점,강원특별자치도,강릉시,52,53,54
애완용품점,강원특별자치도,동해시,22,22,23
애완용품점,강원특별자치도,태백시,8,8,6
애완용품점,강원특별자치도,속초시,38,38,36
애완용품점,강원특별자치도,삼척시,8,8,9
애완용품점,강원특별자치도,홍천군,11,12,10
애완용품점,강원특별자치도,횡성군,5,5,5
애완용품점,강원특별자치도,영월군,6,6,7
애완용품점,강원특별자치도,평창군,10,10,11
애완용품점,강원특별자치도,정선군,4,4,4
애완용품점,강원특별자치도,철원군,10,10,9
애완용품점,강원특별자치도,화천군,4,4,4
애완용품점,강원특별자치도,양구군,4,4,3
애완용품점,강원특별자치도,인제군,3,3,3
애완용품점,강원특별자치도,고성군,4,4,4
애완용품점,강원특별자치도,양양군,4,5,6
애완용품점,전북특별자치도,전주시 완산구,77,78,71
애완용품점,전북특별자치도,전주시 덕진구,58,54,57
애완용품점,전북특별자치도,군산시,71,72,57
애완용품점,전북특별자치도,익산시,62,64,64
애완용품점,전북특별자치도,정읍시,11,11,11
애완용품점,전북특별자치도,남원시,15,16,14
애완용품점,전북특별자치도,김제시,14,13,12
애완용품점,전북특별자치도,완주군,9,9,9
애완용품점,전북특별자치도,진안군,3,3,4
애완용품점,전북특별자치도,무주군,0,0,0
애완용품점,전북특별자치도,장수군,0,0,0
애완용품점,전북특별자치도,임실군,3,3,0
애완용품점,전북특별자치도,순창군,3,0,3
애완용품점,전북특별자치도,고창군,4,4,7
애완용품점,전북특별자치도,부안군,5,6,6
약국,서울특별시,종로구,200,200,197
약국,서울특별시,중구,198,197,172
약국,서울특별시,용산구,116,116,117
약국,서울특별시,성동구,170,168,162
약국,서울특별시,광진구,198,198,197
약국,서울특별시,동대문구,243,241,224
약국,서울특별시,중랑구,198,197,195
약국,서울특별시,성북구,209,211,211
약국,서울특별시,강북구,168,169,170
약국,서울특별시,도봉구,128,130,127
약국,서울특별시,노원구,233,234,241
약국,서울특별시,은평구,236,235,235
약국,서울특별시,서대문구,168,168,167
약국,서울특별시,마포구,228,225,215
약국,서울특별시,양천구,198,200,196
약국,서울특별시,강서구,301,298,291
약국,서울특별시,구로구,206,203,199
약국,서울특별시,금천구,143,144,141
약국,서울특별시,영등포구,285,285,284
약국,서울특별시,동작구,202,203,202
약국,서울특별시,관악구,237,240,237
약국,서울특별시,서초구,339,341,316
약국,서울특별시,강남구,561,557,549
약국,서울특별시,송파구,427,423,395
약국,서울특별시,강동구,313,309,310
약국,부산광역시,중구,56,53,50
약국,부산광역시,서구,95,95,95
약국,부산광역시,동구,70,71,71
약국,부산광역시,영도구,54,53,56
약국,부산광역시,부산진구,233,231,229
약국,부산광역시,동래구,151,153,154
약국,부산광역시,남구,120,120,125
약국,부산광역시,북구,110,109,110
약국,부산광역시,해운대구,185,185,180
약국,부산광역시,사하구,136,135,134
약국,부산광역시,금정구,114,111,114
약국,부산광역시,강서구,51,50,45
약국,부산광역시,연제구,110,112,109
약국,부산광역시,수영구,102,102,99
약국,부산광역시,사상구,80,81,80
약국,부산광역시,기장군,70,69,67
약국,대구광역시,중구,157,158,156
약국,대구광역시,동구,194,191,189
약국,대구광역시,서구,112,112,109
약국,대구광역시,남구,110,108,112
약국,대구광역시,북구,212,210,212
약국,대구광역시,수성구,249,248,239
약국,대구광역시,달서구,287,288,289
약국,대구광역시,달성군,97,95,96
약국,대구광역시,군위군,9,9,9
약국,인천광역시,중구,75,75,71
약국,인천광역시,동구,34,34,35
약국,인천광역시,미추홀구,207,204,198
약국,인천광역시,연수구,146,146,146
약국,인천광역시,남동구,240,240,238
약국,인천광역시,부평구,245,246,246
약국,인천광역시,계양구,127,129,126
약국,인천광역시,서구,214,216,213
약국,인천광역시,강화군,29,29,28
약국,인천광역시,옹진군,4,4,4
약국,광주광역시,동구,100,101,97
약국,광주광역시,서구,158,157,152
약국,광주광역시,남구,112,111,109
약국,광주광역시,북구,204,203,202
약국,광주광역시,광산구,168,168,165
약국,대전광역시,동구,123,123,121
약국,대전광역시,중구,152,152,152
약국,대전광역시,서구,260,258,260
약국,대전광역시,유성구,158,157,151
약국,대전광역시,대덕구,90,89,89
약국,울산광역시,중구,83,83,83
약국,울산광역시,남구,162,163,161
약국,울산광역시,동구,72,72,71
약국,울산광역시,북구,59,59,58
약국,울산광역시,울주군,71,71,69
약국,세종특별자치시,0,161,161,159
약국,경기도,수원시 장안구,120,119,118
약국,경기도,수원시 권선구,140,140,137
약국,경기도,수원시 팔달구,162,162,160
약국,경기도,수원시 영통구,158,158,155
약국,경기도,성남시 수정구,149,149,144
약국,경기도,성남시 중원구,105,106,106
약국,경기도,성남시 분당구,288,287,288
약국,경기도,의정부시,217,218,211
약국,경기도,안양시 만안구,111,110,109
약국,경기도,안양시 동안구,177,180,180
약국,경기도,부천시 원미구,229,226,219
약국,경기도,부천시 소사구,106,107,110
약국,경기도,부천시 오정구,77,75,74
약국,경기도,광명시,141,139,129
약국,경기도,평택시,279,278,276
약국,경기도,동두천시,40,40,42
약국,경기도,안산시 상록구,123,126,121
약국,경기도,안산시 단원구,182,182,178
약국,경기도,고양시 덕양구,216,218,215
약국,경기도,고양시 일산동구,146,147,143
약국,경기도,고양시 일산서구,135,132,135
약국,경기도,과천시,32,32,32
약국,경기도,구리시,110,106,101
약국,경기도,남양주시,290,290,285
약국,경기도,오산시,96,95,92
약국,경기도,시흥시,193,193,195
약국,경기도,군포시,113,112,107
약국,경기도,의왕시,50,49,46
약국,경기도,하남시,140,142,138
약국,경기도,용인시 처인구,108,105,98
약국,경기도,용인시 기흥구,175,173,169
약국,경기도,용인시 수지구,148,150,144
약국,경기도,파주시,175,174,169
약국,경기도,이천시,105,105,101
약국,경기도,안성시,91,89,86
약국,경기도,김포시,166,167,174
약국,경기도,화성시,0,0,0
약국,경기도,화성시 만세구,100,99,100
약국,경기도,화성시 효행구,52,53,49
약국,경기도,화성시 병점구,57,57,66
약국,경기도,화성시 동탄구,137,137,105
약국,경기도,광주시,133,132,131
약국,경기도,양주시,102,101,100
약국,경기도,포천시,59,59,60
약국,경기도,여주시,51,51,47
약국,경기도,연천군,21,21,21
약국,경기도,가평군,28,28,27
약국,경기도,양평군,50,51,48
약국,충청북도,청주시 상당구,91,91,91
약국,충청북도,청주시 서원구,90,90,91
약국,충청북도,청주시 흥덕구,133,133,130
약국,충청북도,청주시 청원구,76,79,81
약국,충청북도,충주시,96,96,94
약국,충청북도,제천시,56,56,56
약국,충청북도,보은군,16,16,15
약국,충청북도,옥천군,22,22,21
약국,충청북도,영동군,24,24,23
약국,충청북도,증평군,25,25,26
약국,충청북도,진천군,40,41,41
약국,충청북도,괴산군,13,13,14
약국,충청북도,음성군,45,44,44
약국,충청북도,단양군,9,9,9
약국,충청남도,천안시 동남구,145,145,148
약국,충청남도,천안시 서북구,179,176,172
약국,충청남도,공주시,57,58,58
약국,충청남도,보령시,53,52,49
약국,충청남도,아산시,140,137,135
약국,충청남도,서산시,75,75,81
약국,충청남도,논산시,65,65,67
약국,충청남도,계룡시,17,17,16
약국,충청남도,당진시,79,77,74
약국,충청남도,금산군,34,36,34
약국,충청남도,부여군,37,37,35
약국,충청남도,서천군,27,27,28
약국,충청남도,청양군,13,13,14
약국,충청남도,홍성군,43,43,43
약국,충청남도,예산군,37,37,38
약국,충청남도,태안군,29,29,31
약국,전라남도,목포시,116,117,116
약국,전라남도,여수시,122,122,126
약국,전라남도,순천시,115,115,117
약국,전라남도,나주시,54,54,51
약국,전라남도,광양시,50,50,50
약국,전라남도,담양군,21,21,21
약국,전라남도,곡성군,15,15,15
약국,전라남도,구례군,10,10,10
약국,전라남도,고흥군,29,29,29
약국,전라남도,보성군,23,23,23
약국,전라남도,화순군,34,34,34
약국,전라남도,장흥군,15,15,16
약국,전라남도,강진군,13,13,13
약국,전라남도,해남군,32,32,34
약국,전라남도,영암군,24,25,24
약국,전라남도,무안군,39,37,37
약국,전라남도,함평군,14,14,15
약국,전라남도,영광군,26,25,24
약국,전라남도,장성군,19,19,18
약국,전라남도,완도군,21,21,21
약국,전라남도,진도군,13,15,14
약국,전라남도,신안군,10,10,10
약국,경상북도,포항시 남구,100,100,101
약국,경상북도,포항시 북구,133,133,137
약국,경상북도,경주시,123,123,119
약국,경상북도,김천시,51,51,50
약국,경상북도,안동시,67,66,68
약국,경상북도,구미시,182,180,168
약국,경상북도,영주시,37,39,39
약국,경상북도,영천시,45,45,44
약국,경상북도,상주시,45,45,46
약국,경상북도,문경시,43,43,40
약국,경상북도,경산시,117,118,116
약국,경상북도,의성군,20,20,20
약국,경상북도,청송군,11,11,11
약국,경상북도,영양군,4,4,4
약국,경상북도,영덕군,22,22,23
약국,경상북도,청도군,17,17,18
약국,경상북도,고령군,11,11,11
약국,경상북도,성주군,16,16,16
약국,경상북도,칠곡군,48,46,47
약국,경상북도,예천군,19,18,17
약국,경상북도,봉화군,14,14,14
약국,경상북도,울진군,20,20,20
약국,경상북도,울릉군,0,0,0
약국,경상남도,창원시 의창구,105,104,104
약국,경상남도,창원시 성산구,96,96,94
약국,경상남도,창원시 마산합포구,77,76,75
약국,경상남도,창원시 마산회원구,87,89,90
약국,경상남도,창원시 진해구,72,73,72
약국,경상남도,진주시,176,177,178
약국,경상남도,통영시,62,62,61
약국,경상남도,사천시,48,48,49
약국,경상남도,김해시,195,196,192
약국,경상남도,밀양시,46,46,45
약국,경상남도,거제시,81,81,79
약국,경상남도,양산시,153,154,154
약국,경상남도,의령군,10,10,11
약국,경상남도,함안군,25,23,24
약국,경상남도,창녕군,28,29,30
약국,경상남도,고성군,17,17,17
약국,경상남도,남해군,19,19,20
약국,경상남도,하동군,14,14,16
약국,경상남도,산청군,15,15,14
약국,경상남도,함양군,20,20,21
약국,경상남도,거창군,34,33,34
약국,경상남도,합천군,18,18,18
약국,제주특별자치도,제주시,252,248,247
약국,제주특별자치도,서귀포시,78,78,77
약국,강원특별자치도,춘천시,137,137,132
약국,강원특별자치도,원주시,188,188,192
약국,강원특별자치도,강릉시,95,95,93
약국,강원특별자치도,동해시,38,38,39
약국,강원특별자치도,태백시,20,20,20
약국,강원특별자치도,속초시,42,42,42
약국,강원특별자치도,삼척시,28,28,25
약국,강원특별자치도,홍천군,27,27,29
약국,강원특별자치도,횡성군,18,18,18
약국,강원특별자치도,영월군,17,17,17
약국,강원특별자치도,평창군,18,18,18
약국,강원특별자치도,정선군,13,13,14
약국,강원특별자치도,철원군,19,19,19
약국,강원특별자치도,화천군,8,8,8
약국,강원특별자치도,양구군,7,7,7
약국,강원특별자치도,인제군,11,11,12
약국,강원특별자치도,고성군,11,11,10
약국,강원특별자치도,양양군,11,11,10
약국,전북특별자치도,전주시 완산구,219,218,213
약국,전북특별자치도,전주시 덕진구,181,181,175
약국,전북특별자치도,군산시,139,140,139
약국,전북특별자치도,익산시,160,161,159
약국,전북특별자치도,정읍시,63,63,62
약국,전북특별자치도,남원시,39,39,41
약국,전북특별자치도,김제시,44,43,42
약국,전북특별자치도,완주군,41,41,41
약국,전북특별자치도,진안군,10,10,10
약국,전북특별자치도,무주군,12,12,12
약국,전북특별자치도,장수군,9,9,9
약국,전북특별자치도,임실군,14,14,15
약국,전북특별자치도,순창군,15,15,16
약국,전북특별자치도,고창군,23,23,24
약국,전북특별자치도,부안군,30,30,32
옷가게,서울특별시,종로구,673,673,685
옷가게,서울특별시,중구,1816,1822,1863
옷가게,서울특별시,용산구,540,536,528
옷가게,서울특별시,성동구,366,368,381
옷가게,서울특별시,광진구,409,410,432
옷가게,서울특별시,동대문구,499,495,480
옷가게,서울특별시,중랑구,463,463,496
옷가게,서울특별시,성북구,432,434,442
옷가게,서울특별시,강북구,340,339,362
옷가게,서울특별시,도봉구,600,539,562
옷가게,서울특별시,노원구,462,462,498
옷가게,서울특별시,은평구,490,495,538
옷가게,서울특별시,서대문구,279,284,297
옷가게,서울특별시,마포구,619,625,647
옷가게,서울특별시,양천구,411,415,428
옷가게,서울특별시,강서구,544,542,573
옷가게,서울특별시,구로구,466,468,488
옷가게,서울특별시,금천구,301,306,334
옷가게,서울특별시,영등포구,530,521,564
옷가게,서울특별시,동작구,285,286,298
옷가게,서울특별시,관악구,417,419,474
옷가게,서울특별시,서초구,854,852,858
옷가게,서울특별시,강남구,1150,1157,1227
옷가게,서울특별시,송파구,864,863,879
옷가게,서울특별시,강동구,513,515,538
옷가게,부산광역시,중구,865,863,894
옷가게,부산광역시,서구,93,94,92
옷가게,부산광역시,동구,687,686,690
옷가게,부산광역시,영도구,99,99,103
옷가게,부산광역시,부산진구,1016,1022,1052
옷가게,부산광역시,동래구,353,361,375
옷가게,부산광역시,남구,347,352,365
옷가게,부산광역시,북구,272,271,292
옷가게,부산광역시,해운대구,581,581,608
옷가게,부산광역시,사하구,292,288,295
옷가게,부산광역시,금정구,339,337,349
옷가게,부산광역시,강서구,133,134,139
옷가게,부산광역시,연제구,203,202,219
옷가게,부산광역시,수영구,346,344,352
옷가게,부산광역시,사상구,515,515,537
옷가게,부산광역시,기장군,229,232,243
옷가게,대구광역시,중구,1995,1993,1982
옷가게,대구광역시,동구,372,376,394
옷가게,대구광역시,서구,261,260,255
옷가게,대구광역시,남구,309,311,311
옷가게,대구광역시,북구,469,471,486
옷가게,대구광역시,수성구,540,544,588
옷가게,대구광역시,달서구,588,581,632
옷가게,대구광역시,달성군,212,212,227
옷가게,대구광역시,군위군,15,15,13
옷가게,인천광역시,중구,374,369,380
옷가게,인천광역시,동구,95,96,100
옷가게,인천광역시,미추홀구,673,674,682
옷가게,인천광역시,연수구,480,484,510
옷가게,인천광역시,남동구,524,522,547
옷가게,인천광역시,부평구,1086,1084,1095
옷가게,인천광역시,계양구,279,283,280
옷가게,인천광역시,서구,733,727,749
옷가게,인천광역시,강화군,81,80,83
옷가게,광주광역시,동구,590,587,602
옷가게,광주광역시,서구,566,564,614
옷가게,광주광역시,남구,295,293,299
옷가게,광주광역시,북구,592,597,631
옷가게,광주광역시,광산구,548,550,592
옷가게,대전광역시,동구,491,494,489
옷가게,대전광역시,중구,609,597,636
옷가게,대전광역시,서구,663,661,707
옷가게,대전광역시,유성구,567,573,602
옷가게,대전광역시,대덕구,217,217,211
옷가게,울산광역시,중구,438,437,467
옷가게,울산광역시,남구,506,514,557
옷가게,울산광역시,동구,177,179,190
옷가게,울산광역시,북구,183,182,192
옷가게,울산광역시,울주군,199,200,209
옷가게,세종특별자치시,0,357,360,416
옷가게,경기도,수원시 장안구,250,251,266
옷가게,경기도,수원시 권선구,335,337,328
옷가게,경기도,수원시 팔달구,550,550,567
옷가게,경기도,수원시 영통구,281,282,336
옷가게,경기도,성남시 수정구,345,346,343
옷가게,경기도,성남시 중원구,280,278,292
옷가게,경기도,성남시 분당구,677,684,704
옷가게,경기도,의정부시,814,813,836
옷가게,경기도,안양시 만안구,345,346,371
옷가게,경기도,안양시 동안구,324,329,346
옷가게,경기도,부천시 원미구,661,663,697
옷가게,경기도,부천시 소사구,348,343,341
옷가게,경기도,부천시 오정구,165,165,184
옷가게,경기도,광명시,365,362,381
옷가게,경기도,평택시,914,918,956
옷가게,경기도,동두천시,179,178,186
옷가게,경기도,안산시 상록구,405,405,435
옷가게,경기도,안산시 단원구,443,447,492
옷가게,경기도,고양시 덕양구,503,507,530
옷가게,경기도,고양시 일산동구,549,548,576
옷가게,경기도,고양시 일산서구,427,432,426
옷가게,경기도,과천시,89,89,87
옷가게,경기도,구리시,345,346,373
옷가게,경기도,남양주시,1036,1039,1121
옷가게,경기도,오산시,267,269,278
옷가게,경기도,시흥시,616,612,638
옷가게,경기도,군포시,235,237,248
옷가게,경기도,의왕시,108,108,103
옷가게,경기도,하남시,402,404,421
옷가게,경기도,용인시 처인구,327,331,341
옷가게,경기도,용인시 기흥구,450,452,475
옷가게,경기도,용인시 수지구,320,320,348
옷가게,경기도,파주시,624,631,641
옷가게,경기도,이천시,300,302,316
옷가게,경기도,안성시,237,236,246
옷가게,경기도,김포시,760,759,789
옷가게,경기도,화성시,0,0,0
옷가게,경기도,화성시 만세구,207,203,220
옷가게,경기도,화성시 효행구,122,119,117
옷가게,경기도,화성시 병점구,115,113,153
옷가게,경기도,화성시 동탄구,436,433,443
옷가게,경기도,광주시,446,445,466
옷가게,경기도,양주시,330,332,350
옷가게,경기도,포천시,221,221,224
옷가게,경기도,여주시,154,156,169
옷가게,경기도,연천군,58,60,62
옷가게,경기도,가평군,88,88,82
옷가게,경기도,양평군,145,144,151
옷가게,충청북도,청주시 상당구,528,525,549
옷가게,충청북도,청주시 서원구,230,231,235
옷가게,충청북도,청주시 흥덕구,372,372,393
옷가게,충청북도,청주시 청원구,234,233,251
옷가게,충청북도,충주시,343,341,357
옷가게,충청북도,제천시,247,248,263
옷가게,충청북도,보은군,33,34,38
옷가게,충청북도,옥천군,71,70,67
옷가게,충청북도,영동군,59,60,54
옷가게,충청북도,증평군,81,80,76
옷가게,충청북도,진천군,115,116,124
옷가게,충청북도,괴산군,26,26,27
옷가게,충청북도,음성군,125,126,133
옷가게,충청북도,단양군,25,26,28
옷가게,충청남도,천안시 동남구,385,388,404
옷가게,충청남도,천안시 서북구,506,508,524
옷가게,충청남도,공주시,163,163,184
옷가게,충청남도,보령시,186,185,197
옷가게,충청남도,아산시,360,361,363
옷가게,충청남도,서산시,300,301,327
옷가게,충청남도,논산시,213,213,229
옷가게,충청남도,계룡시,55,54,55
옷가게,충청남도,당진시,217,219,251
옷가게,충청남도,금산군,69,70,74
옷가게,충청남도,부여군,86,86,90
옷가게,충청남도,서천군,77,78,83
옷가게,충청남도,청양군,25,26,25
옷가게,충청남도,홍성군,161,159,172
옷가게,충청남도,예산군,119,119,122
옷가게,충청남도,태안군,97,97,100
옷가게,전라남도,목포시,457,462,488
옷가게,전라남도,여수시,476,476,505
옷가게,전라남도,순천시,508,515,559
옷가게,전라남도,나주시,138,139,149
옷가게,전라남도,광양시,188,192,203
옷가게,전라남도,담양군,63,64,61
옷가게,전라남도,곡성군,22,20,20
옷가게,전라남도,구례군,27,27,27
옷가게,전라남도,고흥군,67,67,72
옷가게,전라남도,보성군,40,40,37
옷가게,전라남도,화순군,74,74,84
옷가게,전라남도,장흥군,45,46,45
옷가게,전라남도,강진군,42,42,44
옷가게,전라남도,해남군,83,83,83
옷가게,전라남도,영암군,39,40,38
옷가게,전라남도,무안군,114,114,119
옷가게,전라남도,함평군,20,20,23
옷가게,전라남도,영광군,67,67,65
옷가게,전라남도,장성군,31,30,33
옷가게,전라남도,완도군,51,50,51
옷가게,전라남도,진도군,20,19,17
옷가게,전라남도,신안군,8,8,7
옷가게,경상북도,포항시 남구,320,321,344
옷가게,경상북도,포항시 북구,582,586,605
옷가게,경상북도,경주시,478,477,483
옷가게,경상북도,김천시,164,161,172
옷가게,경상북도,안동시,325,326,321
옷가게,경상북도,구미시,600,602,637
옷가게,경상북도,영주시,231,233,241
옷가게,경상북도,영천시,151,150,158
옷가게,경상북도,상주시,145,143,146
옷가게,경상북도,문경시,119,121,117
옷가게,경상북도,경산시,381,383,398
옷가게,경상북도,의성군,43,43,43
옷가게,경상북도,청송군,22,22,25
옷가게,경상북도,영양군,11,10,8
옷가게,경상북도,영덕군,44,43,44
옷가게,경상북도,청도군,44,44,42
옷가게,경상북도,고령군,22,23,23
옷가게,경상북도,성주군,41,43,43
옷가게,경상북도,칠곡군,137,139,143
옷가게,경상북도,예천군,50,49,51
옷가게,경상북도,봉화군,23,23,24
옷가게,경상북도,울진군,58,57,63
옷가게,경상북도,울릉군,7,7,6
옷가게,경상남도,창원시 의창구,281,280,294
옷가게,경상남도,창원시 성산구,435,429,453
옷가게,경상남도,창원시 마산합포구,471,474,492
옷가게,경상남도,창원시 마산회원구,262,261,283
옷가게,경상남도,창원시 진해구,243,241,262
옷가게,경상남도,진주시,627,626,671
옷가게,경상남도,통영시,249,254,262
옷가게,경상남도,사천시,190,193,187
옷가게,경상남도,김해시,740,743,774
옷가게,경상남도,밀양시,120,121,129
옷가게,경상남도,거제시,308,309,334
옷가게,경상남도,양산시,445,445,467
옷가게,경상남도,의령군,16,17,19
옷가게,경상남도,함안군,37,39,42
옷가게,경상남도,창녕군,66,64,62
옷가게,경상남도,고성군,71,69,66
옷가게,경상남도,남해군,38,38,42
옷가게,경상남도,하동군,62,62,65
옷가게,경상남도,산청군,20,20,21
옷가게,경상남도,함양군,50,50,53
옷가게,경상남도,거창군,108,108,116
옷가게,경상남도,합천군,33,34,32
옷가게,제주특별자치도,제주시,1230,1220,1281
옷가게,제주특별자치도,서귀포시,306,310,325
옷가게,강원특별자치도,춘천시,540,540,560
옷가게,강원특별자치도,원주시,626,627,675
옷가게,강원특별자치도,강릉시,438,445,461
옷가게,강원특별자치도,동해시,184,187,203
옷가게,강원특별자치도,태백시,100,99,99
옷가게,강원특별자치도,속초시,203,200,219
옷가게,강원특별자치도,삼척시,105,104,120
옷가게,강원특별자치도,홍천군,98,98,105
옷가게,강원특별자치도,횡성군,61,61,63
옷가게,강원특별자치도,영월군,46,46,50
옷가게,강원특별자치도,평창군,43,44,44
옷가게,강원특별자치도,정선군,42,42,41
옷가게,강원특별자치도,철원군,68,68,72
옷가게,강원특별자치도,화천군,14,14,13
옷가게,강원특별자치도,양구군,27,28,30
옷가게,강원특별자치도,인제군,38,38,39
옷가게,강원특별자치도,고성군,31,31,36
옷가게,강원특별자치도,양양군,39,40,35
옷가게,전북특별자치도,전주시 완산구,889,895,929
옷가게,전북특별자치도,전주시 덕진구,412,417,461
옷가게,전북특별자치도,군산시,486,490,513
옷가게,전북특별자치도,익산시,506,506,539
옷가게,전북특별자치도,정읍시,178,178,182
옷가게,전북특별자치도,남원시,157,157,153
옷가게,전북특별자치도,김제시,88,89,102
옷가게,전북특별자치도,완주군,70,68,69
옷가게,전북특별자치도,진안군,16,16,20
옷가게,전북특별자치도,무주군,25,28,31
옷가게,전북특별자치도,장수군,15,14,15
옷가게,전북특별자치도,임실군,15,14,16
옷가게,전북특별자치도,순창군,34,34,33
옷가게,전북특별자치도,고창군,67,66,63
옷가게,전북특별자치도,부안군,65,65,64
의료용품가게,서울특별시,종로구,44,45,51
의료용품가게,서울특별시,중구,37,36,43
의료용품가게,서울특별시,용산구,31,30,30
의료용품가게,서울특별시,성동구,39,39,32
의료용품가게,서울특별시,광진구,63,63,55
의료용품가게,서울특별시,동대문구,45,45,38
의료용품가게,서울특별시,중랑구,44,44,46
의료용품가게,서울특별시,성북구,39,38,34
의료용품가게,서울특별시,강북구,41,41,48
의료용품가게,서울특별시,도봉구,29,29,28
의료용품가게,서울특별시,노원구,67,66,64
의료용품가게,서울특별시,은평구,55,55,57
의료용품가게,서울특별시,서대문구,22,22,21
의료용품가게,서울특별시,마포구,44,45,45
의료용품가게,서울특별시,양천구,52,52,52
의료용품가게,서울특별시,강서구,91,90,91
의료용품가게,서울특별시,구로구,58,59,61
의료용품가게,서울특별시,금천구,61,62,55
의료용품가게,서울특별시,영등포구,82,85,83
의료용품가게,서울특별시,동작구,41,39,39
의료용품가게,서울특별시,관악구,45,45,46
의료용품가게,서울특별시,서초구,110,107,114
의료용품가게,서울특별시,강남구,155,154,159
의료용품가게,서울특별시,송파구,101,100,107
의료용품가게,서울특별시,강동구,98,99,99
의료용품가게,부산광역시,중구,27,27,28
의료용품가게,부산광역시,서구,11,11,9
의료용품가게,부산광역시,동구,32,31,32
의료용품가게,부산광역시,영도구,13,13,10
의료용품가게,부산광역시,부산진구,74,76,76
의료용품가게,부산광역시,동래구,73,74,73
의료용품가게,부산광역시,남구,38,38,37
의료용품가게,부산광역시,북구,44,44,42
의료용품가게,부산광역시,해운대구,67,68,68
의료용품가게,부산광역시,사하구,37,36,42
의료용품가게,부산광역시,금정구,49,48,53
의료용품가게,부산광역시,강서구,22,22,20
의료용품가게,부산광역시,연제구,45,46,46
의료용품가게,부산광역시,수영구,37,37,31
의료용품가게,부산광역시,사상구,40,41,40
의료용품가게,부산광역시,기장군,21,21,23
의료용품가게,대구광역시,중구,63,63,59
의료용품가게,대구광역시,동구,49,49,50
의료용품가게,대구광역시,서구,23,22,19
의료용품가게,대구광역시,남구,36,38,38
의료용품가게,대구광역시,북구,54,54,50
의료용품가게,대구광역시,수성구,71,71,66
의료용품가게,대구광역시,달서구,73,73,63
의료용품가게,대구광역시,달성군,11,11,12
의료용품가게,대구광역시,군위군,5,5,5
의료용품가게,인천광역시,중구,14,13,16
의료용품가게,인천광역시,동구,4,4,4
의료용품가게,인천광역시,미추홀구,50,48,49
의료용품가게,인천광역시,연수구,28,27,28
의료용품가게,인천광역시,남동구,57,56,52
의료용품가게,인천광역시,부평구,80,79,78
의료용품가게,인천광역시,계양구,38,37,36
의료용품가게,인천광역시,서구,68,68,60
의료용품가게,인천광역시,강화군,11,11,10
의료용품가게,인천광역시,옹진군,0,0,0
의료용품가게,광주광역시,동구,46,46,51
의료용품가게,광주광역시,서구,64,64,65
의료용품가게,광주광역시,남구,34,34,29
의료용품가게,광주광역시,북구,88,89,91
의료용품가게,광주광역시,광산구,60,61,64
의료용품가게,대전광역시,동구,45,46,45
의료용품가게,대전광역시,중구,45,43,40
의료용품가게,대전광역시,서구,85,82,85
의료용품가게,대전광역시,유성구,57,57,51
의료용품가게,대전광역시,대덕구,30,31,32
의료용품가게,울산광역시,중구,29,29,27
의료용품가게,울산광역시,남구,48,48,57
의료용품가게,울산광역시,동구,10,10,9
의료용품가게,울산광역시,북구,13,13,11
의료용품가게,울산광역시,울주군,16,16,18
의료용품가게,세종특별자치시,0,28,28,29
의료용품가게,경기도,수원시 장안구,36,36,41
의료용품가게,경기도,수원시 권선구,23,23,24
의료용품가게,경기도,수원시 팔달구,60,60,56
의료용품가게,경기도,수원시 영통구,30,30,27
의료용품가게,경기도,성남시 수정구,61,59,58
의료용품가게,경기도,성남시 중원구,33,33,32
의료용품가게,경기도,성남시 분당구,111,111,110
의료용품가게,경기도,의정부시,54,55,55
의료용품가게,경기도,안양시 만안구,35,35,37
의료용품가게,경기도,안양시 동안구,79,79,83
의료용품가게,경기도,부천시 원미구,107,108,111
의료용품가게,경기도,부천시 소사구,26,27,27
의료용품가게,경기도,부천시 오정구,8,8,8
의료용품가게,경기도,광명시,51,51,55
의료용품가게,경기도,평택시,51,51,53
의료용품가게,경기도,동두천시,12,12,13
의료용품가게,경기도,안산시 상록구,22,22,18
의료용품가게,경기도,안산시 단원구,42,42,40
의료용품가게,경기도,고양시 덕양구,71,72,68
의료용품가게,경기도,고양시 일산동구,64,64,59
의료용품가게,경기도,고양시 일산서구,36,34,35
의료용품가게,경기도,과천시,4,4,3
의료용품가게,경기도,구리시,39,39,32
의료용품가게,경기도,남양주시,89,89,78
의료용품가게,경기도,오산시,23,25,23
의료용품가게,경기도,시흥시,59,59,59
의료용품가게,경기도,군포시,38,37,32
의료용품가게,경기도,의왕시,9,9,7
의료용품가게,경기도,하남시,76,76,72
의료용품가게,경기도,용인시 처인구,39,39,39
의료용품가게,경기도,용인시 기흥구,50,51,50
의료용품가게,경기도,용인시 수지구,21,22,24
의료용품가게,경기도,파주시,44,43,38
의료용품가게,경기도,이천시,30,30,29
의료용품가게,경기도,안성시,14,14,13
의료용품가게,경기도,김포시,69,68,70
의료용품가게,경기도,화성시,0,0,0
의료용품가게,경기도,화성시 만세구,21,19,20
의료용품가게,경기도,화성시 효행구,10,10,7
의료용품가게,경기도,화성시 병점구,14,14,13
의료용품가게,경기도,화성시 동탄구,41,41,28
의료용품가게,경기도,광주시,33,33,32
의료용품가게,경기도,양주시,31,29,30
의료용품가게,경기도,포천시,13,13,15
의료용품가게,경기도,여주시,14,14,14
의료용품가게,경기도,연천군,0,0,0
의료용품가게,경기도,가평군,5,5,7
의료용품가게,경기도,양평군,11,10,9
의료용품가게,충청북도,청주시 상당구,39,41,43
의료용품가게,충청북도,청주시 서원구,26,26,23
의료용품가게,충청북도,청주시 흥덕구,28,27,25
의료용품가게,충청북도,청주시 청원구,23,23,27
의료용품가게,충청북도,충주시,35,35,33
의료용품가게,충청북도,제천시,21,21,17
의료용품가게,충청북도,보은군,4,4,3
의료용품가게,충청북도,옥천군,6,6,5
의료용품가게,충청북도,영동군,4,4,4
의료용품가게,충청북도,증평군,6,6,5
의료용품가게,충청북도,진천군,5,5,0
의료용품가게,충청북도,괴산군,3,3,3
의료용품가게,충청북도,음성군,11,10,7
의료용품가게,충청북도,단양군,4,4,3
의료용품가게,충청남도,천안시 동남구,49,50,45
의료용품가게,충청남도,천안시 서북구,47,47,46
의료용품가게,충청남도,공주시,13,12,12
의료용품가게,충청남도,보령시,15,15,15
의료용품가게,충청남도,아산시,28,28,30
의료용품가게,충청남도,서산시,21,21,24
의료용품가게,충청남도,논산시,26,27,27
의료용품가게,충청남도,계룡시,0,0,0
의료용품가게,충청남도,당진시,21,20,18
의료용품가게,충청남도,금산군,8,9,10
의료용품가게,충청남도,부여군,8,8,8
의료용품가게,충청남도,서천군,8,8,8
의료용품가게,충청남도,청양군,7,7,6
의료용품가게,충청남도,홍성군,19,19,20
의료용품가게,충청남도,예산군,12,12,12
의료용품가게,충청남도,태안군,7,8,9
의료용품가게,전라남도,목포시,42,43,42
의료용품가게,전라남도,여수시,41,41,43
의료용품가게,전라남도,순천시,47,45,45
의료용품가게,전라남도,나주시,18,18,16
의료용품가게,전라남도,광양시,14,14,15
의료용품가게,전라남도,담양군,4,4,5
의료용품가게,전라남도,곡성군,4,4,3
의료용품가게,전라남도,고흥군,4,4,5
의료용품가게,전라남도,보성군,3,3,3
의료용품가게,전라남도,화순군,11,12,10
의료용품가게,전라남도,장흥군,6,6,6
의료용품가게,전라남도,강진군,8,8,8
의료용품가게,전라남도,해남군,10,10,10
의료용품가게,전라남도,영암군,5,5,4
의료용품가게,전라남도,무안군,10,10,8
의료용품가게,전라남도,함평군,0,0,0
의료용품가게,전라남도,영광군,13,13,12
의료용품가게,전라남도,장성군,0,0,0
의료용품가게,전라남도,완도군,0,0,0
의료용품가게,전라남도,신안군,0,0,0
의료용품가게,경상북도,포항시 남구,26,25,20
의료용품가게,경상북도,포항시 북구,46,44,42
의료용품가게,경상북도,경주시,22,21,20
의료용품가게,경상북도,김천시,14,15,14
의료용품가게,경상북도,안동시,37,37,40
의료용품가게,경상북도,구미시,41,40,37
의료용품가게,경상북도,영주시,25,25,25
의료용품가게,경상북도,영천시,11,11,10
의료용품가게,경상북도,상주시,20,20,19
의료용품가게,경상북도,문경시,11,11,8
의료용품가게,경상북도,경산시,29,30,28
의료용품가게,경상북도,의성군,5,5,4
의료용품가게,경상북도,청송군,3,3,3
의료용품가게,경상북도,영양군,0,0,0
의료용품가게,경상북도,영덕군,0,0,0
의료용품가게,경상북도,청도군,6,6,5
의료용품가게,경상북도,고령군,0,0,0
의료용품가게,경상북도,성주군,5,5,3
의료용품가게,경상북도,칠곡군,13,12,11
의료용품가게,경상북도,예천군,3,3,0
의료용품가게,경상북도,봉화군,4,4,4
의료용품가게,경상북도,울진군,6,6,6
의료용품가게,경상남도,창원시 의창구,33,35,28
의료용품가게,경상남도,창원시 성산구,26,26,28
의료용품가게,경상남도,창원시 마산합포구,23,23,20
의료용품가게,경상남도,창원시 마산회원구,21,21,22
의료용품가게,경상남도,창원시 진해구,18,18,19
의료용품가게,경상남도,진주시,64,64,63
의료용품가게,경상남도,통영시,14,14,15
의료용품가게,경상남도,사천시,22,22,20
의료용품가게,경상남도,김해시,68,67,69
의료용품가게,경상남도,밀양시,21,21,21
의료용품가게,경상남도,거제시,15,15,17
의료용품가게,경상남도,양산시,59,58,62
의료용품가게,경상남도,의령군,3,3,3
의료용품가게,경상남도,함안군,7,7,8
의료용품가게,경상남도,창녕군,17,17,14
의료용품가게,경상남도,고성군,7,7,6
의료용품가게,경상남도,남해군,6,6,6
의료용품가게,경상남도,하동군,9,9,7
의료용품가게,경상남도,산청군,0,0,0
의료용품가게,경상남도,함양군,4,4,4
의료용품가게,경상남도,거창군,10,10,11
의료용품가게,경상남도,합천군,7,7,6
의료용품가게,제주특별자치도,제주시,70,71,71
의료용품가게,제주특별자치도,서귀포시,14,13,14
의료용품가게,강원특별자치도,춘천시,44,45,45
의료용품가게,강원특별자치도,원주시,88,87,88
의료용품가게,강원특별자치도,강릉시,39,40,35
의료용품가게,강원특별자치도,동해시,11,11,11
의료용품가게,강원특별자치도,태백시,3,3,3
의료용품가게,강원특별자치도,속초시,15,15,16
의료용품가게,강원특별자치도,삼척시,8,8,7
의료용품가게,강원특별자치도,홍천군,3,3,0
의료용품가게,강원특별자치도,횡성군,4,4,5
의료용품가게,강원특별자치도,영월군,3,3,3
의료용품가게,강원특별자치도,평창군,0,0,0
의료용품가게,강원특별자치도,철원군,7,7,7
의료용품가게,강원특별자치도,화천군,0,0,0
의료용품가게,강원특별자치도,양구군,0,0,0
의료용품가게,강원특별자치도,인제군,0,0,0
의료용품가게,강원특별자치도,고성군,3,3,4
의료용품가게,강원특별자치도,양양군,3,3,3
의료용품가게,전북특별자치도,전주시 완산구,101,100,102
의료용품가게,전북특별자치도,전주시 덕진구,72,72,72
의료용품가게,전북특별자치도,군산시,38,40,36
의료용품가게,전북특별자치도,익산시,44,44,46
의료용품가게,전북특별자치도,정읍시,20,20,18
의료용품가게,전북특별자치도,남원시,20,20,20
의료용품가게,전북특별자치도,김제시,17,17,17
의료용품가게,전북특별자치도,완주군,11,11,11
의료용품가게,전북특별자치도,진안군,0,0,0
의료용품가게,전북특별자치도,무주군,5,5,5
의료용품가게,전북특별자치도,장수군,0,0,0
의료용품가게,전북특별자치도,임실군,0,0,0
의료용품가게,전북특별자치도,순창군,4,4,4
의료용품가게,전북특별자치도,고창군,6,6,6
의료용품가게,전북특별자치도,부안군,8,8,8
이륜자동차판매점,서울특별시,종로구,12,12,12
이륜자동차판매점,서울특별시,중구,30,30,33
이륜자동차판매점,서울특별시,용산구,24,24,27
이륜자동차판매점,서울특별시,성동구,16,16,20
이륜자동차판매점,서울특별시,광진구,20,20,20
이륜자동차판매점,서울특별시,동대문구,33,32,34
이륜자동차판매점,서울특별시,중랑구,29,29,32
이륜자동차판매점,서울특별시,성북구,34,34,36
이륜자동차판매점,서울특별시,강북구,16,17,20
이륜자동차판매점,서울특별시,도봉구,7,7,7
이륜자동차판매점,서울특별시,노원구,10,10,10
이륜자동차판매점,서울특별시,은평구,21,22,22
이륜자동차판매점,서울특별시,서대문구,13,13,14
이륜자동차판매점,서울특별시,마포구,12,12,12
이륜자동차판매점,서울특별시,양천구,15,15,17
이륜자동차판매점,서울특별시,강서구,18,18,18
이륜자동차판매점,서울특별시,구로구,15,15,16
이륜자동차판매점,서울특별시,금천구,12,12,12
이륜자동차판매점,서울특별시,영등포구,19,19,20
이륜자동차판매점,서울특별시,동작구,14,14,14
이륜자동차판매점,서울특별시,관악구,29,29,31
이륜자동차판매점,서울특별시,서초구,9,9,10
이륜자동차판매점,서울특별시,강남구,17,17,16
이륜자동차판매점,서울특별시,송파구,9,8,8
이륜자동차판매점,서울특별시,강동구,14,14,12
이륜자동차판매점,부산광역시,중구,4,4,3
이륜자동차판매점,부산광역시,서구,4,4,5
이륜자동차판매점,부산광역시,동구,8,8,8
이륜자동차판매점,부산광역시,영도구,4,4,4
이륜자동차판매점,부산광역시,부산진구,32,33,31
이륜자동차판매점,부산광역시,동래구,17,17,15
이륜자동차판매점,부산광역시,남구,19,19,19
이륜자동차판매점,부산광역시,북구,15,15,13
이륜자동차판매점,부산광역시,해운대구,25,24,23
이륜자동차판매점,부산광역시,사하구,14,13,12
이륜자동차판매점,부산광역시,금정구,21,21,22
이륜자동차판매점,부산광역시,강서구,10,10,11
이륜자동차판매점,부산광역시,연제구,10,10,10
이륜자동차판매점,부산광역시,수영구,14,14,14
이륜자동차판매점,부산광역시,사상구,22,22,18
이륜자동차판매점,부산광역시,기장군,11,11,12
이륜자동차판매점,대구광역시,중구,22,22,22
이륜자동차판매점,대구광역시,동구,14,14,16
이륜자동차판매점,대구광역시,서구,23,22,20
이륜자동차판매점,대구광역시,남구,16,17,17
이륜자동차판매점,대구광역시,북구,23,23,25
이륜자동차판매점,대구광역시,수성구,13,13,14
이륜자동차판매점,대구광역시,달서구,31,30,28
이륜자동차판매점,대구광역시,달성군,14,14,16
이륜자동차판매점,대구광역시,군위군,7,7,6
이륜자동차판매점,인천광역시,중구,6,6,5
이륜자동차판매점,인천광역시,동구,0,0,0
이륜자동차판매점,인천광역시,미추홀구,18,18,13
이륜자동차판매점,인천광역시,연수구,9,9,8
이륜자동차판매점,인천광역시,남동구,26,25,18
이륜자동차판매점,인천광역시,부평구,18,18,20
이륜자동차판매점,인천광역시,계양구,6,6,9
이륜자동차판매점,인천광역시,서구,30,29,24
이륜자동차판매점,인천광역시,강화군,6,6,5
이륜자동차판매점,광주광역시,동구,8,8,7
이륜자동차판매점,광주광역시,서구,15,15,15
이륜자동차판매점,광주광역시,남구,13,13,15
이륜자동차판매점,광주광역시,북구,18,18,18
이륜자동차판매점,광주광역시,광산구,13,13,12
이륜자동차판매점,대전광역시,동구,14,14,13
이륜자동차판매점,대전광역시,중구,20,20,20
이륜자동차판매점,대전광역시,서구,17,19,18
이륜자동차판매점,대전광역시,유성구,12,12,12
이륜자동차판매점,대전광역시,대덕구,9,9,9
이륜자동차판매점,울산광역시,중구,14,14,13
이륜자동차판매점,울산광역시,남구,17,17,16
이륜자동차판매점,울산광역시,동구,29,30,30
이륜자동차판매점,울산광역시,북구,14,15,15
이륜자동차판매점,울산광역시,울주군,9,8,5
이륜자동차판매점,세종특별자치시,0,11,11,10
이륜자동차판매점,경기도,수원시 장안구,10,10,9
이륜자동차판매점,경기도,수원시 권선구,13,13,14
이륜자동차판매점,경기도,수원시 팔달구,10,10,10
이륜자동차판매점,경기도,수원시 영통구,7,7,6
이륜자동차판매점,경기도,성남시 수정구,12,12,13
이륜자동차판매점,경기도,성남시 중원구,12,11,11
이륜자동차판매점,경기도,성남시 분당구,0,0,0
이륜자동차판매점,경기도,의정부시,14,14,15
이륜자동차판매점,경기도,안양시 만안구,7,7,7
이륜자동차판매점,경기도,안양시 동안구,10,10,7
이륜자동차판매점,경기도,부천시 원미구,29,30,25
이륜자동차판매점,경기도,부천시 소사구,10,10,12
이륜자동차판매점,경기도,부천시 오정구,9,9,8
이륜자동차판매점,경기도,광명시,9,10,9
이륜자동차판매점,경기도,평택시,33,34,39
이륜자동차판매점,경기도,동두천시,0,0,0
이륜자동차판매점,경기도,안산시 상록구,11,11,11
이륜자동차판매점,경기도,안산시 단원구,8,8,10
이륜자동차판매점,경기도,고양시 덕양구,11,9,11
이륜자동차판매점,경기도,고양시 일산동구,11,11,8
이륜자동차판매점,경기도,고양시 일산서구,9,9,8
이륜자동차판매점,경기도,과천시,0,0,0
이륜자동차판매점,경기도,구리시,12,13,14
이륜자동차판매점,경기도,남양주시,25,25,29
이륜자동차판매점,경기도,오산시,9,9,9
이륜자동차판매점,경기도,시흥시,35,35,37
이륜자동차판매점,경기도,군포시,4,4,5
이륜자동차판매점,경기도,의왕시,0,0,0
이륜자동차판매점,경기도,하남시,13,12,11
이륜자동차판매점,경기도,용인시 처인구,21,21,20
이륜자동차판매점,경기도,용인시 기흥구,8,8,9
이륜자동차판매점,경기도,용인시 수지구,5,6,5
이륜자동차판매점,경기도,파주시,23,23,28
이륜자동차판매점,경기도,이천시,10,9,11
이륜자동차판매점,경기도,안성시,14,15,14
이륜자동차판매점,경기도,김포시,20,20,18
이륜자동차판매점,경기도,화성시 만세구,11,11,10
이륜자동차판매점,경기도,화성시 효행구,7,7,6
이륜자동차판매점,경기도,화성시 병점구,5,5,7
이륜자동차판매점,경기도,화성시 동탄구,7,7,6
이륜자동차판매점,경기도,광주시,15,15,14
이륜자동차판매점,경기도,양주시,17,16,18
이륜자동차판매점,경기도,포천시,14,14,15
이륜자동차판매점,경기도,여주시,7,7,7
이륜자동차판매점,경기도,연천군,3,3,3
이륜자동차판매점,경기도,가평군,4,5,5
이륜자동차판매점,경기도,양평군,9,9,9
이륜자동차판매점,충청북도,청주시 상당구,6,6,5
이륜자동차판매점,충청북도,청주시 서원구,7,7,8
이륜자동차판매점,충청북도,청주시 흥덕구,15,15,14
이륜자동차판매점,충청북도,청주시 청원구,12,12,13
이륜자동차판매점,충청북도,충주시,10,10,11
이륜자동차판매점,충청북도,제천시,7,7,7
이륜자동차판매점,충청북도,보은군,0,0,0
이륜자동차판매점,충청북도,옥천군,4,4,4
이륜자동차판매점,충청북도,영동군,6,6,7
이륜자동차판매점,충청북도,증평군,5,7,7
이륜자동차판매점,충청북도,진천군,4,4,4
이륜자동차판매점,충청북도,괴산군,0,0,0
이륜자동차판매점,충청북도,음성군,7,7,8
이륜자동차판매점,충청북도,단양군,0,0,0
이륜자동차판매점,충청남도,천안시 동남구,15,15,18
이륜자동차판매점,충청남도,천안시 서북구,28,28,25
이륜자동차판매점,충청남도,공주시,7,7,6
이륜자동차판매점,충청남도,보령시,6,6,5
이륜자동차판매점,충청남도,아산시,18,18,20
이륜자동차판매점,충청남도,서산시,6,6,6
이륜자동차판매점,충청남도,논산시,14,14,14
이륜자동차판매점,충청남도,계룡시,0,0,0
이륜자동차판매점,충청남도,당진시,10,10,11
이륜자동차판매점,충청남도,금산군,4,4,4
이륜자동차판매점,충청남도,부여군,5,5,5
이륜자동차판매점,충청남도,서천군,4,4,4
이륜자동차판매점,충청남도,청양군,4,4,4
이륜자동차판매점,충청남도,홍성군,8,8,8
이륜자동차판매점,충청남도,예산군,9,9,10
이륜자동차판매점,충청남도,태안군,5,5,5
이륜자동차판매점,전라남도,목포시,14,14,13
이륜자동차판매점,전라남도,여수시,7,7,8
이륜자동차판매점,전라남도,순천시,19,19,16
이륜자동차판매점,전라남도,나주시,11,11,11
이륜자동차판매점,전라남도,광양시,4,4,4
이륜자동차판매점,전라남도,담양군,4,4,4
이륜자동차판매점,전라남도,곡성군,4,4,4
이륜자동차판매점,전라남도,구례군,3,3,3
이륜자동차판매점,전라남도,고흥군,7,7,7
이륜자동차판매점,전라남도,보성군,4,4,4
이륜자동차판매점,전라남도,화순군,3,3,4
이륜자동차판매점,전라남도,장흥군,6,6,6
이륜자동차판매점,전라남도,강진군,4,4,4
이륜자동차판매점,전라남도,해남군,9,9,9
이륜자동차판매점,전라남도,영암군,7,7,8
이륜자동차판매점,전라남도,무안군,5,5,6
이륜자동차판매점,전라남도,함평군,5,5,5
이륜자동차판매점,전라남도,영광군,7,7,9
이륜자동차판매점,전라남도,장성군,0,0,0
이륜자동차판매점,전라남도,완도군,3,3,3
이륜자동차판매점,전라남도,진도군,3,3,3
이륜자동차판매점,전라남도,신안군,0,0,0
이륜자동차판매점,경상북도,포항시 남구,18,18,17
이륜자동차판매점,경상북도,포항시 북구,17,17,16
이륜자동차판매점,경상북도,경주시,16,15,16
이륜자동차판매점,경상북도,김천시,14,14,14
이륜자동차판매점,경상북도,안동시,3,3,5
이륜자동차판매점,경상북도,구미시,16,16,21
이륜자동차판매점,경상북도,영주시,10,10,10
이륜자동차판매점,경상북도,영천시,12,12,12
이륜자동차판매점,경상북도,상주시,14,14,14
이륜자동차판매점,경상북도,문경시,10,10,10
이륜자동차판매점,경상북도,경산시,18,18,19
이륜자동차판매점,경상북도,의성군,9,10,10
이륜자동차판매점,경상북도,청송군,4,4,4
이륜자동차판매점,경상북도,영양군,0,0,0
이륜자동차판매점,경상북도,영덕군,6,6,6
이륜자동차판매점,경상북도,청도군,5,5,6
이륜자동차판매점,경상북도,고령군,3,3,3
이륜자동차판매점,경상북도,성주군,10,10,10
이륜자동차판매점,경상북도,칠곡군,6,6,5
이륜자동차판매점,경상북도,예천군,0,0,0
이륜자동차판매점,경상북도,봉화군,4,4,4
이륜자동차판매점,경상북도,울진군,0,0,0
이륜자동차판매점,경상북도,울릉군,0,0,0
이륜자동차판매점,경상남도,창원시 의창구,14,15,18
이륜자동차판매점,경상남도,창원시 성산구,13,13,12
이륜자동차판매점,경상남도,창원시 마산합포구,16,16,17
이륜자동차판매점,경상남도,창원시 마산회원구,15,15,15
이륜자동차판매점,경상남도,창원시 진해구,5,5,6
이륜자동차판매점,경상남도,진주시,24,24,24
이륜자동차판매점,경상남도,통영시,3,3,3
이륜자동차판매점,경상남도,사천시,7,7,7
이륜자동차판매점,경상남도,김해시,37,37,35
이륜자동차판매점,경상남도,밀양시,12,12,12
이륜자동차판매점,경상남도,거제시,15,15,15
이륜자동차판매점,경상남도,양산시,26,26,24
이륜자동차판매점,경상남도,의령군,0,0,0
이륜자동차판매점,경상남도,함안군,7,7,7
이륜자동차판매점,경상남도,창녕군,10,10,9
이륜자동차판매점,경상남도,고성군,6,6,6
이륜자동차판매점,경상남도,남해군,7,7,6
이륜자동차판매점,경상남도,하동군,6,6,6
이륜자동차판매점,경상남도,산청군,4,4,4
이륜자동차판매점,경상남도,함양군,3,3,3
이륜자동차판매점,경상남도,거창군,8,8,8
이륜자동차판매점,경상남도,합천군,5,5,5
이륜자동차판매점,제주특별자치도,제주시,38,38,39
이륜자동차판매점,제주특별자치도,서귀포시,7,8,9
이륜자동차판매점,강원특별자치도,춘천시,15,15,17
이륜자동차판매점,강원특별자치도,원주시,15,14,13
이륜자동차판매점,강원특별자치도,강릉시,13,13,15
이륜자동차판매점,강원특별자치도,동해시,5,5,6
이륜자동차판매점,강원특별자치도,태백시,0,0,0
이륜자동차판매점,강원특별자치도,속초시,4,4,4
이륜자동차판매점,강원특별자치도,삼척시,5,5,5
이륜자동차판매점,강원특별자치도,홍천군,8,8,7
이륜자동차판매점,강원특별자치도,횡성군,3,3,4
이륜자동차판매점,강원특별자치도,평창군,3,3,3
이륜자동차판매점,강원특별자치도,정선군,3,3,3
이륜자동차판매점,강원특별자치도,철원군,4,4,4
이륜자동차판매점,강원특별자치도,화천군,0,0,0
이륜자동차판매점,강원특별자치도,양구군,0,0,0
이륜자동차판매점,강원특별자치도,인제군,3,3,3
이륜자동차판매점,강원특별자치도,고성군,0,0,0
이륜자동차판매점,강원특별자치도,양양군,0,0,0
이륜자동차판매점,전북특별자치도,전주시 완산구,22,22,22
이륜자동차판매점,전북특별자치도,전주시 덕진구,21,21,22
이륜자동차판매점,전북특별자치도,군산시,7,7,7
이륜자동차판매점,전북특별자치도,익산시,24,24,23
이륜자동차판매점,전북특별자치도,정읍시,7,7,6
이륜자동차판매점,전북특별자치도,남원시,7,7,8
이륜자동차판매점,전북특별자치도,김제시,10,10,10
이륜자동차판매점,전북특별자치도,완주군,9,9,10
이륜자동차판매점,전북특별자치도,무주군,0,0,0
이륜자동차판매점,전북특별자치도,장수군,0,0,0
이륜자동차판매점,전북특별자치도,임실군,4,4,4
이륜자동차판매점,전북특별자치도,순창군,4,4,5
이륜자동차판매점,전북특별자치도,고창군,4,4,4
이륜자동차판매점,전북특별자치도,부안군,5,5,5
자전거판매점,서울특별시,종로구,4,3,4
자전거판매점,서울특별시,중구,4,4,5
자전거판매점,서울특별시,용산구,5,5,6
자전거판매점,서울특별시,성동구,14,13,14
자전거판매점,서울특별시,광진구,25,25,25
자전거판매점,서울특별시,동대문구,14,14,15
자전거판매점,서울특별시,중랑구,20,20,19
자전거판매점,서울특별시,성북구,9,9,9
자전거판매점,서울특별시,강북구,12,12,11
자전거판매점,서울특별시,도봉구,10,10,10
자전거판매점,서울특별시,노원구,24,24,24
자전거판매점,서울특별시,은평구,16,16,16
자전거판매점,서울특별시,서대문구,5,5,7
자전거판매점,서울특별시,마포구,23,22,21
자전거판매점,서울특별시,양천구,24,24,22
자전거판매점,서울특별시,강서구,17,18,19
자전거판매점,서울특별시,구로구,15,15,16
자전거판매점,서울특별시,금천구,4,4,4
자전거판매점,서울특별시,영등포구,20,20,22
자전거판매점,서울특별시,동작구,10,10,9
자전거판매점,서울특별시,관악구,11,11,9
자전거판매점,서울특별시,서초구,18,18,19
자전거판매점,서울특별시,강남구,12,12,13
자전거판매점,서울특별시,송파구,27,27,26
자전거판매점,서울특별시,강동구,36,36,35
자전거판매점,부산광역시,중구,0,0,0
자전거판매점,부산광역시,서구,0,0,0
자전거판매점,부산광역시,동구,0,0,0
자전거판매점,부산광역시,영도구,3,3,3
자전거판매점,부산광역시,부산진구,8,9,10
자전거판매점,부산광역시,동래구,15,15,15
자전거판매점,부산광역시,남구,10,11,10
자전거판매점,부산광역시,북구,3,3,4
자전거판매점,부산광역시,해운대구,6,6,6
자전거판매점,부산광역시,사하구,8,8,8
자전거판매점,부산광역시,금정구,8,8,9
자전거판매점,부산광역시,강서구,7,7,7
자전거판매점,부산광역시,연제구,11,11,10
자전거판매점,부산광역시,수영구,14,14,12
자전거판매점,부산광역시,사상구,9,10,11
자전거판매점,부산광역시,기장군,5,5,5
자전거판매점,대구광역시,중구,4,4,3
자전거판매점,대구광역시,동구,23,23,23
자전거판매점,대구광역시,서구,8,8,8
자전거판매점,대구광역시,남구,10,10,11
자전거판매점,대구광역시,북구,30,30,30
자전거판매점,대구광역시,수성구,15,15,19
자전거판매점,대구광역시,달서구,33,33,33
자전거판매점,대구광역시,달성군,18,18,18
자전거판매점,대구광역시,군위군,0,0,0
자전거판매점,인천광역시,중구,8,8,8
자전거판매점,인천광역시,동구,0,0,0
자전거판매점,인천광역시,미추홀구,12,12,13
자전거판매점,인천광역시,연수구,14,14,14
자전거판매점,인천광역시,남동구,17,17,17
자전거판매점,인천광역시,부평구,12,12,12
자전거판매점,인천광역시,계양구,10,10,10
자전거판매점,인천광역시,서구,35,35,31
자전거판매점,인천광역시,강화군,0,0,0
자전거판매점,광주광역시,동구,6,6,6
자전거판매점,광주광역시,서구,14,14,14
자전거판매점,광주광역시,남구,9,9,8
자전거판매점,광주광역시,북구,13,13,13
자전거판매점,광주광역시,광산구,16,16,14
자전거판매점,대전광역시,동구,12,12,12
자전거판매점,대전광역시,중구,10,10,10
자전거판매점,대전광역시,서구,24,24,26
자전거판매점,대전광역시,유성구,29,29,28
자전거판매점,대전광역시,대덕구,8,8,8
자전거판매점,울산광역시,중구,11,11,13
자전거판매점,울산광역시,남구,11,11,11
자전거판매점,울산광역시,동구,3,3,3
자전거판매점,울산광역시,북구,9,9,10
자전거판매점,울산광역시,울주군,7,7,8
자전거판매점,세종특별자치시,0,17,17,20
자전거판매점,경기도,수원시 장안구,11,11,12
자전거판매점,경기도,수원시 권선구,9,9,11
자전거판매점,경기도,수원시 팔달구,9,9,7
자전거판매점,경기도,수원시 영통구,10,11,11
자전거판매점,경기도,성남시 수정구,10,10,11
자전거판매점,경기도,성남시 중원구,8,7,7
자전거판매점,경기도,성남시 분당구,12,12,14
자전거판매점,경기도,의정부시,34,35,35
자전거판매점,경기도,안양시 만안구,13,13,16
자전거판매점,경기도,안양시 동안구,15,15,17
자전거판매점,경기도,부천시 원미구,21,21,23
자전거판매점,경기도,부천시 소사구,9,9,9
자전거판매점,경기도,부천시 오정구,5,5,6
자전거판매점,경기도,광명시,15,15,14
자전거판매점,경기도,평택시,28,28,28
자전거판매점,경기도,동두천시,6,6,6
자전거판매점,경기도,안산시 상록구,15,15,15
자전거판매점,경기도,안산시 단원구,17,17,17
자전거판매점,경기도,고양시 덕양구,28,28,30
자전거판매점,경기도,고양시 일산동구,15,15,14
자전거판매점,경기도,고양시 일산서구,18,18,17
자전거판매점,경기도,과천시,0,0,0
자전거판매점,경기도,구리시,16,16,16
자전거판매점,경기도,남양주시,45,44,44
자전거판매점,경기도,오산시,6,6,6
자전거판매점,경기도,시흥시,29,29,29
자전거판매점,경기도,군포시,13,13,14
자전거판매점,경기도,의왕시,3,0,0
자전거판매점,경기도,하남시,14,14,19
자전거판매점,경기도,용인시 처인구,14,14,14
자전거판매점,경기도,용인시 기흥구,10,11,9
자전거판매점,경기도,용인시 수지구,14,14,14
자전거판매점,경기도,파주시,18,17,17
자전거판매점,경기도,이천시,11,11,11
자전거판매점,경기도,안성시,11,11,11
자전거판매점,경기도,김포시,31,31,27
자전거판매점,경기도,화성시 만세구,9,9,9
자전거판매점,경기도,화성시 효행구,4,4,3
자전거판매점,경기도,화성시 병점구,3,3,7
자전거판매점,경기도,화성시 동탄구,15,16,13
자전거판매점,경기도,광주시,15,15,17
자전거판매점,경기도,양주시,15,16,17
자전거판매점,경기도,포천시,6,5,4
자전거판매점,경기도,여주시,7,7,7
자전거판매점,경기도,연천군,3,3,3
자전거판매점,경기도,가평군,6,6,7
자전거판매점,경기도,양평군,3,3,3
자전거판매점,충청북도,청주시 상당구,10,10,9
자전거판매점,충청북도,청주시 서원구,7,7,8
자전거판매점,충청북도,청주시 흥덕구,14,14,12
자전거판매점,충청북도,청주시 청원구,10,10,10
자전거판매점,충청북도,충주시,9,9,9
자전거판매점,충청북도,제천시,11,11,10
자전거판매점,충청북도,보은군,4,4,4
자전거판매점,충청북도,영동군,3,3,3
자전거판매점,충청북도,증평군,0,0,0
자전거판매점,충청북도,진천군,5,5,5
자전거판매점,충청북도,괴산군,3,3,3
자전거판매점,충청북도,음성군,4,4,4
자전거판매점,충청북도,단양군,0,0,0
자전거판매점,충청남도,천안시 동남구,8,8,8
자전거판매점,충청남도,천안시 서북구,19,19,19
자전거판매점,충청남도,공주시,4,4,4
자전거판매점,충청남도,보령시,8,8,8
자전거판매점,충청남도,아산시,12,12,13
자전거판매점,충청남도,서산시,8,8,9
자전거판매점,충청남도,논산시,13,13,13
자전거판매점,충청남도,계룡시,0,0,0
자전거판매점,충청남도,당진시,5,5,5
자전거판매점,충청남도,금산군,4,4,4
자전거판매점,충청남도,부여군,6,6,6
자전거판매점,충청남도,서천군,8,8,8
자전거판매점,충청남도,청양군,0,0,0
자전거판매점,충청남도,홍성군,7,7,7
자전거판매점,충청남도,예산군,3,3,3
자전거판매점,충청남도,태안군,0,0,0
자전거판매점,전라남도,목포시,16,16,17
자전거판매점,전라남도,여수시,10,10,9
자전거판매점,전라남도,순천시,15,15,15
자전거판매점,전라남도,나주시,9,9,10
자전거판매점,전라남도,광양시,7,7,7
자전거판매점,전라남도,담양군,0,0,0
자전거판매점,전라남도,곡성군,0,0,0
자전거판매점,전라남도,구례군,0,0,0
자전거판매점,전라남도,고흥군,0,0,0
자전거판매점,전라남도,보성군,3,3,3
자전거판매점,전라남도,화순군,3,3,3
자전거판매점,전라남도,장흥군,0,0,0
자전거판매점,전라남도,강진군,0,0,0
자전거판매점,전라남도,해남군,0,0,0
자전거판매점,전라남도,영암군,8,8,8
자전거판매점,전라남도,함평군,0,0,0
자전거판매점,전라남도,영광군,0,0,0
자전거판매점,전라남도,장성군,0,0,0
자전거판매점,전라남도,완도군,0,0,0
자전거판매점,전라남도,신안군,0,0,0
자전거판매점,경상북도,포항시 남구,15,15,15
자전거판매점,경상북도,포항시 북구,8,9,10
자전거판매점,경상북도,경주시,18,18,17
자전거판매점,경상북도,김천시,3,3,3
자전거판매점,경상북도,안동시,10,10,11
자전거판매점,경상북도,구미시,21,21,21
자전거판매점,경상북도,영주시,8,8,8
자전거판매점,경상북도,영천시,4,4,3
자전거판매점,경상북도,상주시,17,17,17
자전거판매점,경상북도,문경시,6,6,7
자전거판매점,경상북도,경산시,20,19,16
자전거판매점,경상북도,의성군,3,3,3
자전거판매점,경상북도,청송군,0,0,0
자전거판매점,경상북도,영양군,0,0,0
자전거판매점,경상북도,영덕군,4,4,4
자전거판매점,경상북도,청도군,0,0,0
자전거판매점,경상북도,고령군,0,0,0
자전거판매점,경상북도,성주군,4,4,4
자전거판매점,경상북도,칠곡군,0,0,0
자전거판매점,경상북도,예천군,0,0,0
자전거판매점,경상북도,봉화군,0,0,0
자전거판매점,경상북도,울진군,3,3,3
자전거판매점,경상남도,창원시 의창구,12,12,12
자전거판매점,경상남도,창원시 성산구,22,22,22
자전거판매점,경상남도,창원시 마산합포구,6,6,6
자전거판매점,경상남도,창원시 마산회원구,6,6,6
자전거판매점,경상남도,창원시 진해구,12,12,12
자전거판매점,경상남도,진주시,30,30,32
자전거판매점,경상남도,통영시,9,9,9
자전거판매점,경상남도,사천시,7,7,7
자전거판매점,경상남도,김해시,29,29,32
자전거판매점,경상남도,밀양시,6,6,5
자전거판매점,경상남도,거제시,13,13,14
자전거판매점,경상남도,양산시,17,17,16
자전거판매점,경상남도,함안군,4,4,4
자전거판매점,경상남도,창녕군,4,4,4
자전거판매점,경상남도,고성군,0,0,0
자전거판매점,경상남도,남해군,3,3,0
자전거판매점,경상남도,하동군,0,0,0
자전거판매점,경상남도,산청군,0,0,0
자전거판매점,경상남도,함양군,4,4,3
자전거판매점,경상남도,거창군,6,6,6
자전거판매점,경상남도,합천군,0,0,0
자전거판매점,제주특별자치도,제주시,29,29,28
자전거판매점,제주특별자치도,서귀포시,7,7,6
자전거판매점,강원특별자치도,춘천시,11,11,11
자전거판매점,강원특별자치도,원주시,22,22,22
자전거판매점,강원특별자치도,강릉시,13,13,13
자전거판매점,강원특별자치도,동해시,5,5,5
자전거판매점,강원특별자치도,태백시,3,3,3
자전거판매점,강원특별자치도,속초시,6,6,7
자전거판매점,강원특별자치도,삼척시,0,0,0
자전거판매점,강원특별자치도,홍천군,0,0,0
자전거판매점,강원특별자치도,횡성군,0,0,0
자전거판매점,강원특별자치도,영월군,0,0,0
자전거판매점,강원특별자치도,평창군,3,3,3
자전거판매점,강원특별자치도,철원군,4,4,4
자전거판매점,강원특별자치도,화천군,0,0,0
자전거판매점,강원특별자치도,양구군,0,0,0
자전거판매점,강원특별자치도,인제군,0,0,0
자전거판매점,강원특별자치도,고성군,0,0,0
자전거판매점,강원특별자치도,양양군,0,0,0
자전거판매점,전북특별자치도,전주시 완산구,18,18,20
자전거판매점,전북특별자치도,전주시 덕진구,22,22,24
자전거판매점,전북특별자치도,군산시,18,18,20
자전거판매점,전북특별자치도,익산시,22,22,22
자전거판매점,전북특별자치도,정읍시,9,9,7
자전거판매점,전북특별자치도,남원시,7,7,7
자전거판매점,전북특별자치도,김제시,5,5,5
자전거판매점,전북특별자치도,완주군,7,6,6
자전거판매점,전북특별자치도,진안군,0,0,0
자전거판매점,전북특별자치도,무주군,0,0,0
자전거판매점,전북특별자치도,장수군,0,0,0
자전거판매점,전북특별자치도,임실군,0,0,0
자전거판매점,전북특별자치도,순창군,3,3,3
자전거판매점,전북특별자치도,고창군,0,0,0
자전거판매점,전북특별자치도,부안군,0,0,0
장난감가게,서울특별시,종로구,24,22,17
장난감가게,서울특별시,중구,18,20,17
장난감가게,서울특별시,용산구,25,24,20
장난감가게,서울특별시,성동구,16,15,13
장난감가게,서울특별시,광진구,23,23,16
장난감가게,서울특별시,동대문구,21,21,20
장난감가게,서울특별시,중랑구,13,13,12
장난감가게,서울특별시,성북구,20,19,17
장난감가게,서울특별시,강북구,15,15,16
장난감가게,서울특별시,도봉구,14,12,11
장난감가게,서울특별시,노원구,22,24,18
장난감가게,서울특별시,은평구,12,11,8
장난감가게,서울특별시,서대문구,14,14,10
장난감가게,서울특별시,마포구,68,67,45
장난감가게,서울특별시,양천구,27,26,21
장난감가게,서울특별시,강서구,45,44,37
장난감가게,서울특별시,구로구,33,30,25
장난감가게,서울특별시,금천구,24,24,15
장난감가게,서울특별시,영등포구,32,33,24
장난감가게,서울특별시,동작구,19,18,12
장난감가게,서울특별시,관악구,30,29,25
장난감가게,서울특별시,서초구,58,58,42
장난감가게,서울특별시,강남구,44,43,38
장난감가게,서울특별시,송파구,34,34,32
장난감가게,서울특별시,강동구,26,27,17
장난감가게,부산광역시,중구,16,16,17
장난감가게,부산광역시,동구,7,7,7
장난감가게,부산광역시,영도구,7,7,7
장난감가게,부산광역시,부산진구,37,35,28
장난감가게,부산광역시,동래구,22,22,16
장난감가게,부산광역시,남구,12,11,7
장난감가게,부산광역시,북구,7,6,5
장난감가게,부산광역시,해운대구,21,20,14
장난감가게,부산광역시,사하구,18,16,17
장난감가게,부산광역시,금정구,9,11,9
장난감가게,부산광역시,강서구,14,13,8
장난감가게,부산광역시,연제구,10,11,7
장난감가게,부산광역시,수영구,13,12,7
장난감가게,부산광역시,사상구,12,12,12
장난감가게,부산광역시,기장군,10,11,11
장난감가게,대구광역시,중구,44,41,28
장난감가게,대구광역시,동구,21,20,18
장난감가게,대구광역시,서구,8,8,6
장난감가게,대구광역시,남구,8,6,7
장난감가게,대구광역시,북구,19,19,17
장난감가게,대구광역시,수성구,17,17,16
장난감가게,대구광역시,달서구,26,27,29
장난감가게,대구광역시,달성군,13,13,11
장난감가게,대구광역시,군위군,0,0,0
장난감가게,인천광역시,중구,21,20,24
장난감가게,인천광역시,동구,5,5,5
장난감가게,인천광역시,미추홀구,37,35,30
장난감가게,인천광역시,연수구,25,25,24
장난감가게,인천광역시,남동구,39,37,23
장난감가게,인천광역시,부평구,45,43,34
장난감가게,인천광역시,계양구,18,17,12
장난감가게,인천광역시,서구,67,67,43
장난감가게,인천광역시,강화군,8,8,7
장난감가게,광주광역시,동구,16,14,11
장난감가게,광주광역시,서구,19,19,15
장난감가게,광주광역시,남구,7,7,5
장난감가게,광주광역시,북구,22,21,18
장난감가게,광주광역시,광산구,16,16,14
장난감가게,대전광역시,동구,9,9,11
장난감가게,대전광역시,중구,38,38,29
장난감가게,대전광역시,서구,32,33,33
장난감가게,대전광역시,유성구,21,21,24
장난감가게,대전광역시,대덕구,13,13,14
장난감가게,울산광역시,중구,19,19,13
장난감가게,울산광역시,남구,19,19,17
장난감가게,울산광역시,동구,7,8,8
장난감가게,울산광역시,북구,12,12,10
장난감가게,울산광역시,울주군,5,5,4
장난감가게,세종특별자치시,0,23,23,19
장난감가게,경기도,수원시 장안구,9,9,6
장난감가게,경기도,수원시 권선구,25,23,20
장난감가게,경기도,수원시 팔달구,28,26,22
장난감가게,경기도,수원시 영통구,25,26,22
장난감가게,경기도,성남시 수정구,17,18,13
장난감가게,경기도,성남시 중원구,21,20,20
장난감가게,경기도,성남시 분당구,40,40,37
장난감가게,경기도,의정부시,34,33,31
장난감가게,경기도,안양시 만안구,14,15,10
장난감가게,경기도,안양시 동안구,27,27,22
장난감가게,경기도,부천시 원미구,41,40,32
장난감가게,경기도,부천시 소사구,13,15,16
장난감가게,경기도,부천시 오정구,10,11,10
장난감가게,경기도,광명시,24,24,21
장난감가게,경기도,평택시,69,67,51
장난감가게,경기도,동두천시,4,4,4
장난감가게,경기도,안산시 상록구,18,19,18
장난감가게,경기도,안산시 단원구,38,36,30
장난감가게,경기도,고양시 덕양구,34,33,24
장난감가게,경기도,고양시 일산동구,43,42,41
장난감가게,경기도,고양시 일산서구,12,12,14
장난감가게,경기도,과천시,5,6,3
장난감가게,경기도,구리시,12,13,12
장난감가게,경기도,남양주시,69,66,54
장난감가게,경기도,오산시,19,18,14
장난감가게,경기도,시흥시,51,53,48
장난감가게,경기도,군포시,16,15,12
장난감가게,경기도,의왕시,9,8,6
장난감가게,경기도,하남시,22,23,16
장난감가게,경기도,용인시 처인구,21,21,20
장난감가게,경기도,용인시 기흥구,34,35,35
장난감가게,경기도,용인시 수지구,28,28,23
장난감가게,경기도,파주시,56,55,40
장난감가게,경기도,이천시,18,15,14
장난감가게,경기도,안성시,18,17,11
장난감가게,경기도,김포시,62,57,51
장난감가게,경기도,화성시,0,0,0
장난감가게,경기도,화성시 만세구,18,17,16
장난감가게,경기도,화성시 효행구,23,22,16
장난감가게,경기도,화성시 병점구,16,16,9
장난감가게,경기도,화성시 동탄구,26,26,28
장난감가게,경기도,광주시,43,43,35
장난감가게,경기도,양주시,22,23,20
장난감가게,경기도,포천시,16,16,13
장난감가게,경기도,여주시,10,9,11
장난감가게,경기도,연천군,0,0,0
장난감가게,경기도,가평군,4,4,4
장난감가게,경기도,양평군,15,15,16
장난감가게,충청북도,청주시 상당구,18,18,11
장난감가게,충청북도,청주시 서원구,16,14,9
장난감가게,충청북도,청주시 흥덕구,26,27,10
장난감가게,충청북도,청주시 청원구,8,8,6
장난감가게,충청북도,충주시,9,9,9
장난감가게,충청북도,제천시,12,12,8
장난감가게,충청북도,옥천군,4,4,4
장난감가게,충청북도,영동군,0,0,0
장난감가게,충청북도,증평군,3,0,0
장난감가게,충청북도,진천군,10,10,9
장난감가게,충청북도,음성군,5,6,5
장난감가게,충청북도,단양군,0,0,0
장난감가게,충청남도,천안시 동남구,27,27,17
장난감가게,충청남도,천안시 서북구,35,33,27
장난감가게,충청남도,공주시,5,5,4
장난감가게,충청남도,보령시,28,27,24
장난감가게,충청남도,아산시,28,28,16
장난감가게,충청남도,서산시,12,11,10
장난감가게,충청남도,논산시,15,15,11
장난감가게,충청남도,계룡시,3,3,4
장난감가게,충청남도,당진시,11,10,9
장난감가게,충청남도,금산군,3,3,0
장난감가게,충청남도,부여군,0,0,0
장난감가게,충청남도,서천군,11,11,10
장난감가게,충청남도,홍성군,7,7,8
장난감가게,충청남도,예산군,3,3,0
장난감가게,충청남도,태안군,12,12,13
장난감가게,전라남도,목포시,25,25,25
장난감가게,전라남도,여수시,21,22,19
장난감가게,전라남도,순천시,14,14,18
장난감가게,전라남도,나주시,4,4,5
장난감가게,전라남도,광양시,0,0,0
장난감가게,전라남도,담양군,0,0,0
장난감가게,전라남도,곡성군,0,0,0
장난감가게,전라남도,고흥군,4,4,4
장난감가게,전라남도,보성군,0,0,0
장난감가게,전라남도,화순군,3,3,3
장난감가게,전라남도,장흥군,0,0,0
장난감가게,전라남도,강진군,0,0,0
장난감가게,전라남도,해남군,7,7,7
장난감가게,전라남도,영암군,0,0,0
장난감가게,전라남도,무안군,4,3,0
장난감가게,전라남도,함평군,0,0,0
장난감가게,전라남도,영광군,5,5,4
장난감가게,전라남도,장성군,0,0,0
장난감가게,전라남도,완도군,12,12,13
장난감가게,전라남도,진도군,5,5,5
장난감가게,전라남도,신안군,4,4,3
장난감가게,경상북도,포항시 남구,20,20,16
장난감가게,경상북도,포항시 북구,17,17,18
장난감가게,경상북도,경주시,24,24,28
장난감가게,경상북도,김천시,4,4,5
장난감가게,경상북도,안동시,4,5,3
장난감가게,경상북도,구미시,26,28,20
장난감가게,경상북도,영주시,3,3,3
장난감가게,경상북도,영천시,4,4,4
장난감가게,경상북도,상주시,5,5,5
장난감가게,경상북도,문경시,3,3,0
장난감가게,경상북도,경산시,15,16,11
장난감가게,경상북도,영양군,0,0,0
장난감가게,경상북도,영덕군,4,4,4
장난감가게,경상북도,고령군,0,0,0
장난감가게,경상북도,성주군,0,0,0
장난감가게,경상북도,칠곡군,12,11,8
장난감가게,경상북도,예천군,0,0,0
장난감가게,경상북도,봉화군,0,0,0
장난감가게,경상북도,울진군,5,5,4
장난감가게,경상북도,울릉군,0,0,0
장난감가게,경상남도,창원시 의창구,9,9,11
장난감가게,경상남도,창원시 성산구,9,9,10
장난감가게,경상남도,창원시 마산합포구,10,10,11
장난감가게,경상남도,창원시 마산회원구,13,13,12
장난감가게,경상남도,창원시 진해구,12,11,11
장난감가게,경상남도,진주시,15,15,19
장난감가게,경상남도,통영시,14,13,12
장난감가게,경상남도,사천시,6,6,5
장난감가게,경상남도,김해시,28,29,28
장난감가게,경상남도,밀양시,4,5,4
장난감가게,경상남도,거제시,11,11,11
장난감가게,경상남도,양산시,22,21,21
장난감가게,경상남도,함안군,0,0,0
장난감가게,경상남도,창녕군,0,0,0
장난감가게,경상남도,고성군,5,5,5
장난감가게,경상남도,남해군,5,5,6
장난감가게,경상남도,하동군,0,0,0
장난감가게,경상남도,산청군,0,0,0
장난감가게,경상남도,거창군,0,0,0
장난감가게,제주특별자치도,제주시,56,56,52
장난감가게,제주특별자치도,서귀포시,20,19,16
장난감가게,강원특별자치도,춘천시,16,16,18
장난감가게,강원특별자치도,원주시,40,39,28
장난감가게,강원특별자치도,강릉시,18,18,16
장난감가게,강원특별자치도,동해시,13,14,13
장난감가게,강원특별자치도,태백시,0,0,0
장난감가게,강원특별자치도,속초시,11,11,12
장난감가게,강원특별자치도,삼척시,4,5,6
장난감가게,강원특별자치도,홍천군,5,5,3
장난감가게,강원특별자치도,횡성군,3,3,0
장난감가게,강원특별자치도,영월군,5,5,4
장난감가게,강원특별자치도,평창군,0,0,0
장난감가게,강원특별자치도,정선군,3,3,3
장난감가게,강원특별자치도,철원군,5,4,5
장난감가게,강원특별자치도,화천군,0,0,0
장난감가게,강원특별자치도,양구군,0,0,0
장난감가게,강원특별자치도,인제군,0,0,0
장난감가게,강원특별자치도,고성군,5,5,5
장난감가게,강원특별자치도,양양군,5,5,6
장난감가게,전북특별자치도,전주시 완산구,31,32,27
장난감가게,전북특별자치도,전주시 덕진구,16,14,16
장난감가게,전북특별자치도,군산시,26,23,24
장난감가게,전북특별자치도,익산시,16,17,12
장난감가게,전북특별자치도,정읍시,7,5,4
장난감가게,전북특별자치도,남원시,0,0,0
장난감가게,전북특별자치도,김제시,6,6,5
장난감가게,전북특별자치도,완주군,6,6,7
장난감가게,전북특별자치도,진안군,0,0,0
장난감가게,전북특별자치도,무주군,0,0,0
장난감가게,전북특별자치도,장수군,0,0,0
장난감가게,전북특별자치도,순창군,0,0,0
장난감가게,전북특별자치도,고창군,0,0,0
장난감가게,전북특별자치도,부안군,8,8,5
정육점,서울특별시,종로구,47,48,48
정육점,서울특별시,중구,59,59,63
정육점,서울특별시,용산구,56,56,56
정육점,서울특별시,성동구,140,139,141
정육점,서울특별시,광진구,85,86,83
정육점,서울특별시,동대문구,141,137,138
정육점,서울특별시,중랑구,144,146,146
정육점,서울특별시,성북구,109,106,107
정육점,서울특별시,강북구,101,102,102
정육점,서울특별시,도봉구,98,97,96
정육점,서울특별시,노원구,107,109,111
정육점,서울특별시,은평구,128,130,127
정육점,서울특별시,서대문구,72,73,76
정육점,서울특별시,마포구,82,83,78
정육점,서울특별시,양천구,153,157,155
정육점,서울특별시,강서구,162,161,164
정육점,서울특별시,구로구,108,108,113
정육점,서울특별시,금천구,87,86,84
정육점,서울특별시,영등포구,100,100,108
정육점,서울특별시,동작구,92,93,95
정육점,서울특별시,관악구,133,135,137
정육점,서울특별시,서초구,83,80,81
정육점,서울특별시,강남구,110,111,115
정육점,서울특별시,송파구,166,168,175
정육점,서울특별시,강동구,137,137,137
정육점,부산광역시,중구,17,18,17
정육점,부산광역시,서구,41,41,41
정육점,부산광역시,동구,30,29,31
정육점,부산광역시,영도구,43,43,44
정육점,부산광역시,부산진구,136,137,140
정육점,부산광역시,동래구,89,91,96
정육점,부산광역시,남구,82,81,76
정육점,부산광역시,북구,110,111,110
정육점,부산광역시,해운대구,121,122,122
정육점,부산광역시,사하구,93,90,99
정육점,부산광역시,금정구,87,88,90
정육점,부산광역시,강서구,52,50,58
정육점,부산광역시,연제구,79,79,77
정육점,부산광역시,수영구,65,65,70
정육점,부산광역시,사상구,102,102,100
정육점,부산광역시,기장군,72,72,72
정육점,대구광역시,중구,57,58,60
정육점,대구광역시,동구,200,196,206
정육점,대구광역시,서구,144,144,142
정육점,대구광역시,남구,102,99,95
정육점,대구광역시,북구,214,210,222
정육점,대구광역시,수성구,216,217,220
정육점,대구광역시,달서구,272,270,278
정육점,대구광역시,달성군,155,151,159
정육점,대구광역시,군위군,7,7,9
정육점,인천광역시,중구,40,40,42
정육점,인천광역시,동구,32,32,33
정육점,인천광역시,미추홀구,174,180,185
정육점,인천광역시,연수구,113,114,122
정육점,인천광역시,남동구,166,165,174
정육점,인천광역시,부평구,194,196,193
정육점,인천광역시,계양구,123,124,123
정육점,인천광역시,서구,265,269,256
정육점,인천광역시,강화군,48,48,48
정육점,인천광역시,옹진군,8,8,7
정육점,광주광역시,동구,54,55,55
정육점,광주광역시,서구,154,154,154
정육점,광주광역시,남구,94,95,95
정육점,광주광역시,북구,192,194,208
정육점,광주광역시,광산구,178,178,178
정육점,대전광역시,동구,142,140,139
정육점,대전광역시,중구,142,143,146
정육점,대전광역시,서구,233,234,253
정육점,대전광역시,유성구,146,146,151
정육점,대전광역시,대덕구,117,117,112
정육점,울산광역시,중구,120,120,126
정육점,울산광역시,남구,181,183,191
정육점,울산광역시,동구,88,89,88
정육점,울산광역시,북구,90,90,87
정육점,울산광역시,울주군,143,144,152
정육점,세종특별자치시,0,120,116,115
정육점,경기도,수원시 장안구,90,91,98
정육점,경기도,수원시 권선구,118,117,125
정육점,경기도,수원시 팔달구,91,90,93
정육점,경기도,수원시 영통구,83,82,82
정육점,경기도,성남시 수정구,90,91,91
정육점,경기도,성남시 중원구,114,114,118
정육점,경기도,성남시 분당구,111,113,108
정육점,경기도,의정부시,185,185,193
정육점,경기도,안양시 만안구,112,111,110
정육점,경기도,안양시 동안구,102,102,104
정육점,경기도,부천시 원미구,147,148,144
정육점,경기도,부천시 소사구,87,89,90
정육점,경기도,부천시 오정구,81,80,84
정육점,경기도,광명시,105,107,102
정육점,경기도,평택시,211,214,210
정육점,경기도,동두천시,31,31,30
정육점,경기도,안산시 상록구,151,152,158
정육점,경기도,안산시 단원구,110,113,117
정육점,경기도,고양시 덕양구,148,148,154
정육점,경기도,고양시 일산동구,66,66,71
정육점,경기도,고양시 일산서구,70,70,70
정육점,경기도,과천시,16,14,19
정육점,경기도,구리시,75,75,81
정육점,경기도,남양주시,231,230,234
정육점,경기도,오산시,91,87,89
정육점,경기도,시흥시,210,207,204
정육점,경기도,군포시,68,70,69
정육점,경기도,의왕시,40,42,43
정육점,경기도,하남시,93,94,98
정육점,경기도,용인시 처인구,114,114,117
정육점,경기도,용인시 기흥구,113,117,113
정육점,경기도,용인시 수지구,59,61,68
정육점,경기도,파주시,149,149,153
정육점,경기도,이천시,108,109,115
정육점,경기도,안성시,89,90,91
정육점,경기도,김포시,170,167,170
정육점,경기도,화성시 만세구,102,103,99
정육점,경기도,화성시 효행구,72,74,67
정육점,경기도,화성시 병점구,42,42,50
정육점,경기도,화성시 동탄구,70,70,62
정육점,경기도,광주시,160,157,159
정육점,경기도,양주시,118,120,119
정육점,경기도,포천시,76,73,68
정육점,경기도,여주시,65,64,66
정육점,경기도,연천군,21,21,23
정육점,경기도,가평군,42,42,40
정육점,경기도,양평군,51,53,54
정육점,충청북도,청주시 상당구,93,95,91
정육점,충청북도,청주시 서원구,74,73,76
정육점,충청북도,청주시 흥덕구,109,109,115
정육점,충청북도,청주시 청원구,92,91,93
정육점,충청북도,충주시,110,113,114
정육점,충청북도,제천시,102,101,102
정육점,충청북도,보은군,21,21,21
정육점,충청북도,옥천군,38,38,37
정육점,충청북도,영동군,24,24,25
정육점,충청북도,증평군,21,22,23
정육점,충청북도,진천군,44,44,43
정육점,충청북도,괴산군,20,20,21
정육점,충청북도,음성군,108,107,107
정육점,충청북도,단양군,14,14,14
정육점,충청남도,천안시 동남구,131,132,131
정육점,충청남도,천안시 서북구,138,137,143
정육점,충청남도,공주시,67,69,69
정육점,충청남도,보령시,44,45,42
정육점,충청남도,아산시,131,132,137
정육점,충청남도,서산시,75,76,82
정육점,충청남도,논산시,83,83,74
정육점,충청남도,계룡시,11,11,13
정육점,충청남도,당진시,87,86,84
정육점,충청남도,금산군,43,44,44
정육점,충청남도,부여군,47,47,46
정육점,충청남도,서천군,37,36,36
정육점,충청남도,청양군,21,20,20
정육점,충청남도,홍성군,65,65,67
정육점,충청남도,예산군,70,70,66
정육점,충청남도,태안군,39,39,37
정육점,전라남도,목포시,129,128,128
정육점,전라남도,여수시,148,148,145
정육점,전라남도,순천시,111,109,102
정육점,전라남도,나주시,58,57,59
정육점,전라남도,광양시,68,68,64
정육점,전라남도,담양군,21,21,20
정육점,전라남도,곡성군,13,13,13
정육점,전라남도,구례군,15,15,16
정육점,전라남도,고흥군,30,30,28
정육점,전라남도,보성군,26,26,31
정육점,전라남도,화순군,29,29,29
정육점,전라남도,장흥군,32,32,32
정육점,전라남도,강진군,18,18,18
정육점,전라남도,해남군,42,42,43
정육점,전라남도,영암군,25,25,25
정육점,전라남도,무안군,35,35,38
정육점,전라남도,함평군,14,14,14
정육점,전라남도,영광군,25,25,25
정육점,전라남도,장성군,21,21,21
정육점,전라남도,완도군,28,28,27
정육점,전라남도,진도군,10,11,11
정육점,전라남도,신안군,11,11,11
정육점,경상북도,포항시 남구,110,110,108
정육점,경상북도,포항시 북구,140,135,119
정육점,경상북도,경주시,157,154,158
정육점,경상북도,김천시,55,58,56
정육점,경상북도,안동시,129,128,127
정육점,경상북도,구미시,196,197,200
정육점,경상북도,영주시,86,89,82
정육점,경상북도,영천시,53,53,51
정육점,경상북도,상주시,45,46,41
정육점,경상북도,문경시,56,56,57
정육점,경상북도,경산시,129,129,124
정육점,경상북도,의성군,39,39,37
정육점,경상북도,청송군,15,15,15
정육점,경상북도,영양군,13,13,11
정육점,경상북도,영덕군,32,34,33
정육점,경상북도,청도군,24,24,24
정육점,경상북도,고령군,28,28,29
정육점,경상북도,성주군,19,20,22
정육점,경상북도,칠곡군,69,69,68
정육점,경상북도,예천군,57,56,54
정육점,경상북도,봉화군,24,24,23
정육점,경상북도,울진군,37,36,36
정육점,경상북도,울릉군,14,14,15
정육점,경상남도,창원시 의창구,139,140,131
정육점,경상남도,창원시 성산구,86,85,83
정육점,경상남도,창원시 마산합포구,102,103,98
정육점,경상남도,창원시 마산회원구,87,87,90
정육점,경상남도,창원시 진해구,72,71,67
정육점,경상남도,진주시,141,141,131
정육점,경상남도,통영시,37,37,40
정육점,경상남도,사천시,35,35,36
정육점,경상남도,김해시,208,207,200
정육점,경상남도,밀양시,54,54,53
정육점,경상남도,거제시,83,81,85
정육점,경상남도,양산시,159,161,151
정육점,경상남도,의령군,15,15,12
정육점,경상남도,함안군,24,24,20
정육점,경상남도,창녕군,35,35,36
정육점,경상남도,고성군,31,31,32
정육점,경상남도,남해군,12,12,12
정육점,경상남도,하동군,11,11,13
정육점,경상남도,산청군,22,22,24
정육점,경상남도,함양군,30,30,29
정육점,경상남도,거창군,30,29,24
정육점,경상남도,합천군,29,29,28
정육점,제주특별자치도,제주시,230,227,241
정육점,제주특별자치도,서귀포시,89,90,91
정육점,강원특별자치도,춘천시,90,91,94
정육점,강원특별자치도,원주시,184,184,191
정육점,강원특별자치도,강릉시,48,49,54
정육점,강원특별자치도,동해시,34,33,33
정육점,강원특별자치도,태백시,46,45,42
정육점,강원특별자치도,속초시,38,38,42
정육점,강원특별자치도,삼척시,31,31,30
정육점,강원특별자치도,홍천군,57,57,56
정육점,강원특별자치도,횡성군,61,61,62
정육점,강원특별자치도,영월군,35,34,34
정육점,강원특별자치도,평창군,41,41,41
정육점,강원특별자치도,정선군,40,41,38
정육점,강원특별자치도,철원군,24,24,27
정육점,강원특별자치도,화천군,15,15,15
정육점,강원특별자치도,양구군,15,15,15
정육점,강원특별자치도,인제군,16,16,18
정육점,강원특별자치도,고성군,20,20,18
정육점,강원특별자치도,양양군,16,16,17
정육점,전북특별자치도,전주시 완산구,194,195,207
정육점,전북특별자치도,전주시 덕진구,132,130,123
정육점,전북특별자치도,군산시,172,173,163
정육점,전북특별자치도,익산시,170,172,164
정육점,전북특별자치도,정읍시,95,95,92
정육점,전북특별자치도,남원시,65,65,65
정육점,전북특별자치도,김제시,58,57,63
정육점,전북특별자치도,완주군,64,63,64
정육점,전북특별자치도,진안군,16,16,19
정육점,전북특별자치도,무주군,16,16,18
정육점,전북특별자치도,장수군,10,10,10
정육점,전북특별자치도,임실군,16,16,15
정육점,전북특별자치도,순창군,16,16,18
정육점,전북특별자치도,고창군,26,26,29
정육점,전북특별자치도,부안군,39,39,39
주유소,서울특별시,종로구,6,6,7
주유소,서울특별시,중구,11,11,10
주유소,서울특별시,용산구,10,10,11
주유소,서울특별시,성동구,14,14,13
주유소,서울특별시,광진구,9,9,12
주유소,서울특별시,동대문구,15,15,17
주유소,서울특별시,중랑구,14,14,15
주유소,서울특별시,성북구,20,20,19
주유소,서울특별시,강북구,6,6,5
주유소,서울특별시,도봉구,13,12,15
주유소,서울특별시,노원구,13,13,13
주유소,서울특별시,은평구,13,13,14
주유소,서울특별시,서대문구,13,13,11
주유소,서울특별시,마포구,12,12,12
주유소,서울특별시,양천구,23,23,21
주유소,서울특별시,강서구,21,21,23
주유소,서울특별시,구로구,17,17,16
주유소,서울특별시,금천구,11,11,11
주유소,서울특별시,영등포구,27,27,25
주유소,서울특별시,동작구,7,7,7
주유소,서울특별시,관악구,14,14,14
주유소,서울특별시,서초구,26,26,28
주유소,서울특별시,강남구,37,37,34
주유소,서울특별시,송파구,24,24,25
주유소,서울특별시,강동구,12,12,12
주유소,부산광역시,중구,3,3,3
주유소,부산광역시,서구,12,11,8
주유소,부산광역시,동구,11,11,9
주유소,부산광역시,영도구,9,9,9
주유소,부산광역시,부산진구,21,21,22
주유소,부산광역시,동래구,19,19,19
주유소,부산광역시,남구,26,28,28
주유소,부산광역시,북구,19,19,19
주유소,부산광역시,해운대구,27,27,25
주유소,부산광역시,사하구,25,26,27
주유소,부산광역시,금정구,12,13,13
주유소,부산광역시,강서구,43,43,44
주유소,부산광역시,연제구,17,17,14
주유소,부산광역시,수영구,10,10,10
주유소,부산광역시,사상구,40,40,44
주유소,부산광역시,기장군,41,40,39
주유소,대구광역시,중구,7,7,8
주유소,대구광역시,동구,48,47,47
주유소,대구광역시,서구,39,39,39
주유소,대구광역시,남구,15,15,16
주유소,대구광역시,북구,64,64,58
주유소,대구광역시,수성구,38,38,38
주유소,대구광역시,달서구,59,60,56
주유소,대구광역시,달성군,59,59,60
주유소,대구광역시,군위군,23,23,24
주유소,인천광역시,중구,31,31,29
주유소,인천광역시,동구,9,9,9
주유소,인천광역시,미추홀구,27,27,22
주유소,인천광역시,연수구,23,23,25
주유소,인천광역시,남동구,42,42,41
주유소,인천광역시,부평구,35,36,35
주유소,인천광역시,계양구,23,23,24
주유소,인천광역시,서구,60,59,60
주유소,인천광역시,강화군,20,20,19
주유소,인천광역시,옹진군,8,8,8
주유소,광주광역시,동구,7,7,7
주유소,광주광역시,서구,36,36,38
주유소,광주광역시,남구,25,26,28
주유소,광주광역시,북구,59,59,58
주유소,광주광역시,광산구,111,112,110
주유소,대전광역시,동구,38,39,37
주유소,대전광역시,중구,37,36,33
주유소,대전광역시,서구,39,39,43
주유소,대전광역시,유성구,54,54,55
주유소,대전광역시,대덕구,58,56,60
주유소,울산광역시,중구,23,23,25
주유소,울산광역시,남구,52,52,53
주유소,울산광역시,동구,8,8,8
주유소,울산광역시,북구,32,32,33
주유소,울산광역시,울주군,103,104,104
주유소,세종특별자치시,0,64,65,67
주유소,경기도,수원시 장안구,20,20,20
주유소,경기도,수원시 권선구,41,41,42
주유소,경기도,수원시 팔달구,10,10,11
주유소,경기도,수원시 영통구,21,21,20
주유소,경기도,성남시 수정구,12,12,12
주유소,경기도,성남시 중원구,19,19,18
주유소,경기도,성남시 분당구,19,19,19
주유소,경기도,의정부시,33,33,36
주유소,경기도,안양시 만안구,15,15,12
주유소,경기도,안양시 동안구,12,12,11
주유소,경기도,부천시 원미구,18,17,21
주유소,경기도,부천시 소사구,8,8,7
주유소,경기도,부천시 오정구,19,19,18
주유소,경기도,광명시,26,26,25
주유소,경기도,평택시,129,129,128
주유소,경기도,동두천시,18,18,16
주유소,경기도,안산시 상록구,33,33,31
주유소,경기도,안산시 단원구,33,32,35
주유소,경기도,고양시 덕양구,67,67,69
주유소,경기도,고양시 일산동구,39,40,39
주유소,경기도,고양시 일산서구,26,25,26
주유소,경기도,과천시,3,3,3
주유소,경기도,구리시,12,12,14
주유소,경기도,남양주시,87,88,86
주유소,경기도,오산시,30,29,29
주유소,경기도,시흥시,74,77,77
주유소,경기도,군포시,12,12,12
주유소,경기도,의왕시,18,18,18
주유소,경기도,하남시,31,31,30
주유소,경기도,용인시 처인구,120,118,110
주유소,경기도,용인시 기흥구,71,71,70
주유소,경기도,용인시 수지구,13,13,12
주유소,경기도,파주시,110,111,109
주유소,경기도,이천시,86,88,84
주유소,경기도,안성시,103,102,101
주유소,경기도,김포시,90,88,87
주유소,경기도,화성시,0,0,0
주유소,경기도,화성시 만세구,132,134,135
주유소,경기도,화성시 효행구,66,65,58
주유소,경기도,화성시 병점구,17,17,18
주유소,경기도,화성시 동탄구,13,13,11
주유소,경기도,광주시,70,70,74
주유소,경기도,양주시,74,74,77
주유소,경기도,포천시,108,108,113
주유소,경기도,여주시,75,75,78
주유소,경기도,연천군,18,18,19
주유소,경기도,가평군,40,40,40
주유소,경기도,양평군,65,66,65
주유소,충청북도,청주시 상당구,42,41,42
주유소,충청북도,청주시 서원구,59,57,57
주유소,충청북도,청주시 흥덕구,59,59,60
주유소,충청북도,청주시 청원구,54,53,54
주유소,충청북도,충주시,90,89,93
주유소,충청북도,제천시,74,73,79
주유소,충청북도,보은군,27,27,26
주유소,충청북도,옥천군,30,30,30
주유소,충청북도,영동군,29,29,29
주유소,충청북도,증평군,16,17,16
주유소,충청북도,진천군,64,64,65
주유소,충청북도,괴산군,39,39,39
주유소,충청북도,음성군,80,79,81
주유소,충청북도,단양군,29,29,28
주유소,충청남도,천안시 동남구,83,83,81
주유소,충청남도,천안시 서북구,79,77,71
주유소,충청남도,공주시,73,72,76
주유소,충청남도,보령시,48,48,50
주유소,충청남도,아산시,116,116,123
주유소,충청남도,서산시,86,85,83
주유소,충청남도,논산시,76,76,76
주유소,충청남도,계룡시,6,6,5
주유소,충청남도,당진시,104,105,105
주유소,충청남도,금산군,34,34,34
주유소,충청남도,부여군,43,44,43
주유소,충청남도,서천군,34,34,34
주유소,충청남도,청양군,28,28,27
주유소,충청남도,홍성군,55,55,57
주유소,충청남도,예산군,60,60,63
주유소,충청남도,태안군,39,39,41
주유소,전라남도,목포시,45,46,47
주유소,전라남도,여수시,93,92,89
주유소,전라남도,순천시,82,81,82
주유소,전라남도,나주시,59,60,56
주유소,전라남도,광양시,57,58,60
주유소,전라남도,담양군,19,20,20
주유소,전라남도,곡성군,18,17,17
주유소,전라남도,구례군,15,15,15
주유소,전라남도,고흥군,39,39,38
주유소,전라남도,보성군,33,33,34
주유소,전라남도,화순군,31,31,31
주유소,전라남도,장흥군,20,20,21
주유소,전라남도,강진군,23,23,22
주유소,전라남도,해남군,33,33,34
주유소,전라남도,영암군,42,43,48
주유소,전라남도,무안군,28,28,30
주유소,전라남도,함평군,18,19,19
주유소,전라남도,영광군,31,31,33
주유소,전라남도,장성군,31,31,30
주유소,전라남도,완도군,22,22,22
주유소,전라남도,진도군,17,16,18
주유소,전라남도,신안군,15,15,9
주유소,경상북도,포항시 남구,81,82,79
주유소,경상북도,포항시 북구,68,69,76
주유소,경상북도,경주시,138,141,138
주유소,경상북도,김천시,67,68,68
주유소,경상북도,안동시,54,54,55
주유소,경상북도,구미시,98,99,102
주유소,경상북도,영주시,44,44,45
주유소,경상북도,영천시,87,86,89
주유소,경상북도,상주시,53,53,55
주유소,경상북도,문경시,34,34,36
주유소,경상북도,경산시,86,87,84
주유소,경상북도,의성군,33,33,34
주유소,경상북도,청송군,16,16,17
주유소,경상북도,영양군,9,9,9
주유소,경상북도,영덕군,21,21,23
주유소,경상북도,청도군,24,24,24
주유소,경상북도,고령군,27,27,27
주유소,경상북도,성주군,32,31,33
주유소,경상북도,칠곡군,80,81,78
주유소,경상북도,예천군,32,32,31
주유소,경상북도,봉화군,22,22,23
주유소,경상북도,울진군,25,25,26
주유소,경상북도,울릉군,0,0,0
주유소,경상남도,창원시 의창구,39,39,41
주유소,경상남도,창원시 성산구,24,24,24
주유소,경상남도,창원시 마산합포구,30,30,32
주유소,경상남도,창원시 마산회원구,41,41,40
주유소,경상남도,창원시 진해구,25,25,25
주유소,경상남도,진주시,90,92,93
주유소,경상남도,통영시,25,25,24
주유소,경상남도,사천시,51,53,53
주유소,경상남도,김해시,155,156,155
주유소,경상남도,밀양시,59,58,57
주유소,경상남도,거제시,48,48,48
주유소,경상남도,양산시,74,74,74
주유소,경상남도,의령군,15,15,15
주유소,경상남도,함안군,55,55,53
주유소,경상남도,창녕군,53,52,52
주유소,경상남도,고성군,29,29,31
주유소,경상남도,남해군,17,17,17
주유소,경상남도,하동군,28,28,29
주유소,경상남도,산청군,30,30,29
주유소,경상남도,함양군,22,22,24
주유소,경상남도,거창군,28,29,29
주유소,경상남도,합천군,26,26,27
주유소,제주특별자치도,제주시,118,118,117
주유소,제주특별자치도,서귀포시,59,59,61
주유소,강원특별자치도,춘천시,75,74,74
주유소,강원특별자치도,원주시,99,100,98
주유소,강원특별자치도,강릉시,71,71,73
주유소,강원특별자치도,동해시,35,35,33
주유소,강원특별자치도,태백시,15,15,15
주유소,강원특별자치도,속초시,18,18,18
주유소,강원특별자치도,삼척시,27,27,28
주유소,강원특별자치도,홍천군,48,48,47
주유소,강원특별자치도,횡성군,25,25,25
주유소,강원특별자치도,영월군,24,24,25
주유소,강원특별자치도,평창군,43,43,43
주유소,강원특별자치도,정선군,26,26,27
주유소,강원특별자치도,철원군,25,25,26
주유소,강원특별자치도,화천군,15,15,15
주유소,강원특별자치도,양구군,11,11,10
주유소,강원특별자치도,인제군,26,26,26
주유소,강원특별자치도,고성군,18,18,19
주유소,강원특별자치도,양양군,15,15,16
주유소,전북특별자치도,전주시 완산구,72,72,72
주유소,전북특별자치도,전주시 덕진구,82,82,81
주유소,전북특별자치도,군산시,90,91,93
주유소,전북특별자치도,익산시,123,124,126
주유소,전북특별자치도,정읍시,64,64,65
주유소,전북특별자치도,남원시,55,55,51
주유소,전북특별자치도,김제시,68,68,67
주유소,전북특별자치도,완주군,62,63,62
주유소,전북특별자치도,진안군,15,15,15
주유소,전북특별자치도,무주군,24,24,24
주유소,전북특별자치도,장수군,8,8,9
주유소,전북특별자치도,임실군,23,23,20
주유소,전북특별자치도,순창군,16,17,17
주유소,전북특별자치도,고창군,42,42,43
주유소,전북특별자치도,부안군,36,36,37
중고차판매점,서울특별시,종로구,0,0,0
중고차판매점,서울특별시,중구,4,3,3
중고차판매점,서울특별시,용산구,0,0,0
중고차판매점,서울특별시,성동구,118,118,118
중고차판매점,서울특별시,광진구,4,4,4
중고차판매점,서울특별시,동대문구,8,8,6
중고차판매점,서울특별시,중랑구,8,8,10
중고차판매점,서울특별시,성북구,0,0,0
중고차판매점,서울특별시,강북구,4,4,3
중고차판매점,서울특별시,도봉구,3,3,3
중고차판매점,서울특별시,노원구,4,4,4
중고차판매점,서울특별시,은평구,4,4,5
중고차판매점,서울특별시,서대문구,5,6,4
중고차판매점,서울특별시,마포구,4,4,5
중고차판매점,서울특별시,양천구,45,46,41
중고차판매점,서울특별시,강서구,141,141,137
중고차판매점,서울특별시,구로구,4,4,3
중고차판매점,서울특별시,금천구,4,4,5
중고차판매점,서울특별시,영등포구,7,7,7
중고차판매점,서울특별시,동작구,3,3,3
중고차판매점,서울특별시,관악구,4,4,3
중고차판매점,서울특별시,서초구,52,54,51
중고차판매점,서울특별시,강남구,51,51,59
중고차판매점,서울특별시,송파구,9,9,6
중고차판매점,서울특별시,강동구,4,4,5
중고차판매점,부산광역시,서구,0,0,0
중고차판매점,부산광역시,동구,0,0,0
중고차판매점,부산광역시,부산진구,3,3,4
중고차판매점,부산광역시,동래구,4,4,5
중고차판매점,부산광역시,남구,43,43,50
중고차판매점,부산광역시,해운대구,23,24,26
중고차판매점,부산광역시,사하구,30,30,24
중고차판매점,부산광역시,금정구,16,15,0
중고차판매점,부산광역시,강서구,9,9,9
중고차판매점,부산광역시,연제구,67,68,72
중고차판매점,부산광역시,사상구,59,59,61
중고차판매점,부산광역시,기장군,59,60,66
중고차판매점,대구광역시,동구,165,166,166
중고차판매점,대구광역시,서구,91,91,92
중고차판매점,대구광역시,남구,0,0,0
중고차판매점,대구광역시,북구,64,64,64
중고차판매점,대구광역시,수성구,4,4,5
중고차판매점,대구광역시,달서구,140,140,134
중고차판매점,대구광역시,달성군,18,18,14
중고차판매점,대구광역시,군위군,0,0,0
중고차판매점,인천광역시,중구,8,6,5
중고차판매점,인천광역시,동구,15,16,14
중고차판매점,인천광역시,미추홀구,49,48,45
중고차판매점,인천광역시,연수구,68,68,48
중고차판매점,인천광역시,남동구,30,33,29
중고차판매점,인천광역시,부평구,32,31,26
중고차판매점,인천광역시,계양구,5,5,5
중고차판매점,인천광역시,서구,109,109,102
중고차판매점,광주광역시,동구,7,7,7
중고차판매점,광주광역시,서구,166,167,168
중고차판매점,광주광역시,남구,8,8,9
중고차판매점,광주광역시,북구,17,17,17
중고차판매점,광주광역시,광산구,27,27,29
중고차판매점,대전광역시,동구,3,3,5
중고차판매점,대전광역시,중구,0,0,0
중고차판매점,대전광역시,서구,35,34,34
중고차판매점,대전광역시,유성구,141,141,141
중고차판매점,대전광역시,대덕구,33,34,36
중고차판매점,울산광역시,중구,0,0,0
중고차판매점,울산광역시,남구,0,0,0
중고차판매점,울산광역시,동구,3,3,3
중고차판매점,울산광역시,북구,139,142,138
중고차판매점,울산광역시,울주군,3,3,5
중고차판매점,세종특별자치시,0,6,6,6
중고차판매점,경기도,수원시 장안구,4,4,5
중고차판매점,경기도,수원시 권선구,245,244,260
중고차판매점,경기도,수원시 팔달구,0,0,0
중고차판매점,경기도,수원시 영통구,5,5,5
중고차판매점,경기도,성남시 수정구,3,0,3
중고차판매점,경기도,성남시 중원구,4,4,3
중고차판매점,경기도,성남시 분당구,9,9,9
중고차판매점,경기도,의정부시,20,20,24
중고차판매점,경기도,안양시 만안구,4,4,3
중고차판매점,경기도,안양시 동안구,8,8,9
중고차판매점,경기도,부천시 원미구,51,52,58
중고차판매점,경기도,부천시 소사구,0,0,0
중고차판매점,경기도,부천시 오정구,45,45,42
중고차판매점,경기도,광명시,41,41,41
중고차판매점,경기도,평택시,74,73,61
중고차판매점,경기도,동두천시,6,6,7
중고차판매점,경기도,안산시 상록구,5,4,5
중고차판매점,경기도,안산시 단원구,64,63,64
중고차판매점,경기도,고양시 덕양구,5,5,5
중고차판매점,경기도,고양시 일산동구,24,24,20
중고차판매점,경기도,고양시 일산서구,21,20,19
중고차판매점,경기도,과천시,0,0,0
중고차판매점,경기도,구리시,8,8,7
중고차판매점,경기도,남양주시,14,14,13
중고차판매점,경기도,오산시,7,7,8
중고차판매점,경기도,시흥시,31,31,31
중고차판매점,경기도,군포시,4,4,4
중고차판매점,경기도,의왕시,0,0,0
중고차판매점,경기도,하남시,0,0,0
중고차판매점,경기도,용인시 처인구,15,15,11
중고차판매점,경기도,용인시 기흥구,60,60,59
중고차판매점,경기도,용인시 수지구,3,3,0
중고차판매점,경기도,파주시,27,26,29
중고차판매점,경기도,이천시,27,27,26
중고차판매점,경기도,안성시,17,16,9
중고차판매점,경기도,김포시,63,62,59
중고차판매점,경기도,화성시 만세구,50,49,46
중고차판매점,경기도,화성시 효행구,8,8,6
중고차판매점,경기도,화성시 병점구,6,6,3
중고차판매점,경기도,화성시 동탄구,11,11,4
중고차판매점,경기도,광주시,18,18,17
중고차판매점,경기도,양주시,26,26,19
중고차판매점,경기도,포천시,24,23,25
중고차판매점,경기도,여주시,8,8,6
중고차판매점,경기도,연천군,5,5,5
중고차판매점,경기도,가평군,0,0,0
중고차판매점,경기도,양평군,6,6,6
중고차판매점,충청북도,청주시 상당구,37,36,32
중고차판매점,충청북도,청주시 서원구,8,8,10
중고차판매점,충청북도,청주시 흥덕구,5,5,8
중고차판매점,충청북도,청주시 청원구,61,60,60
중고차판매점,충청북도,충주시,23,23,22
중고차판매점,충청북도,제천시,18,18,18
중고차판매점,충청북도,보은군,0,0,0
중고차판매점,충청북도,옥천군,7,7,7
중고차판매점,충청북도,영동군,0,0,0
중고차판매점,충청북도,증평군,0,0,0
중고차판매점,충청북도,진천군,0,0,0
중고차판매점,충청북도,괴산군,0,0,0
중고차판매점,충청북도,음성군,10,10,11
중고차판매점,충청남도,천안시 동남구,48,48,51
중고차판매점,충청남도,천안시 서북구,57,57,58
중고차판매점,충청남도,공주시,4,4,5
중고차판매점,충청남도,보령시,8,8,10
중고차판매점,충청남도,아산시,73,72,67
중고차판매점,충청남도,서산시,17,17,17
중고차판매점,충청남도,논산시,10,10,9
중고차판매점,충청남도,계룡시,0,0,0
중고차판매점,충청남도,당진시,12,12,11
중고차판매점,충청남도,금산군,3,3,3
중고차판매점,충청남도,부여군,3,3,3
중고차판매점,충청남도,서천군,0,0,0
중고차판매점,충청남도,홍성군,8,8,9
중고차판매점,충청남도,예산군,6,6,5
중고차판매점,충청남도,태안군,0,0,0
중고차판매점,전라남도,목포시,27,27,29
중고차판매점,전라남도,여수시,33,33,35
중고차판매점,전라남도,순천시,66,66,69
중고차판매점,전라남도,나주시,11,11,11
중고차판매점,전라남도,광양시,25,25,26
중고차판매점,전라남도,담양군,3,3,3
중고차판매점,전라남도,곡성군,0,0,0
중고차판매점,전라남도,고흥군,3,3,3
중고차판매점,전라남도,보성군,0,0,0
중고차판매점,전라남도,화순군,3,3,4
중고차판매점,전라남도,장흥군,4,4,4
중고차판매점,전라남도,강진군,0,0,0
중고차판매점,전라남도,해남군,0,0,0
중고차판매점,전라남도,영암군,0,0,0
중고차판매점,전라남도,무안군,0,0,0
중고차판매점,전라남도,영광군,0,0,0
중고차판매점,전라남도,장성군,5,5,7
중고차판매점,전라남도,완도군,4,4,4
중고차판매점,전라남도,진도군,0,0,0
중고차판매점,경상북도,포항시 남구,30,30,25
중고차판매점,경상북도,포항시 북구,18,18,20
중고차판매점,경상북도,경주시,35,34,34
중고차판매점,경상북도,김천시,9,9,9
중고차판매점,경상북도,안동시,23,23,24
중고차판매점,경상북도,구미시,58,58,58
중고차판매점,경상북도,영주시,11,11,11
중고차판매점,경상북도,영천시,25,24,26
중고차판매점,경상북도,상주시,9,9,7
중고차판매점,경상북도,문경시,5,5,5
중고차판매점,경상북도,경산시,26,26,25
중고차판매점,경상북도,의성군,3,3,3
중고차판매점,경상북도,청송군,0,0,0
중고차판매점,경상북도,영양군,0,0,0
중고차판매점,경상북도,영덕군,0,0,0
중고차판매점,경상북도,청도군,0,0,0
중고차판매점,경상북도,고령군,0,0,0
중고차판매점,경상북도,성주군,0,0,0
중고차판매점,경상북도,칠곡군,30,30,29
중고차판매점,경상북도,울진군,0,0,0
중고차판매점,경상남도,창원시 의창구,52,51,48
중고차판매점,경상남도,창원시 성산구,30,29,25
중고차판매점,경상남도,창원시 마산합포구,13,13,10
중고차판매점,경상남도,창원시 마산회원구,64,65,66
중고차판매점,경상남도,창원시 진해구,6,6,6
중고차판매점,경상남도,진주시,42,42,42
중고차판매점,경상남도,통영시,4,4,0
중고차판매점,경상남도,사천시,30,30,29
중고차판매점,경상남도,김해시,72,72,73
중고차판매점,경상남도,밀양시,11,11,11
중고차판매점,경상남도,거제시,6,6,7
중고차판매점,경상남도,양산시,25,24,25
중고차판매점,경상남도,함안군,3,3,5
중고차판매점,경상남도,창녕군,0,0,0
중고차판매점,경상남도,고성군,7,7,7
중고차판매점,경상남도,남해군,0,0,0
중고차판매점,경상남도,하동군,0,0,0
중고차판매점,경상남도,산청군,0,0,0
중고차판매점,경상남도,함양군,0,0,0
중고차판매점,경상남도,거창군,3,3,3
중고차판매점,경상남도,합천군,0,0,0
중고차판매점,제주특별자치도,제주시,59,57,53
중고차판매점,제주특별자치도,서귀포시,6,6,8
중고차판매점,강원특별자치도,춘천시,24,24,26
중고차판매점,강원특별자치도,원주시,81,81,81
중고차판매점,강원특별자치도,강릉시,19,19,19
중고차판매점,강원특별자치도,동해시,8,8,8
중고차판매점,강원특별자치도,태백시,4,4,4
중고차판매점,강원특별자치도,속초시,6,6,5
중고차판매점,강원특별자치도,삼척시,0,0,0
중고차판매점,강원특별자치도,홍천군,7,7,6
중고차판매점,강원특별자치도,횡성군,0,0,0
중고차판매점,강원특별자치도,영월군,0,0,0
중고차판매점,강원특별자치도,평창군,0,0,0
중고차판매점,강원특별자치도,철원군,6,6,4
중고차판매점,강원특별자치도,화천군,0,0,0
중고차판매점,강원특별자치도,양구군,0,0,0
중고차판매점,강원특별자치도,양양군,0,0,0
중고차판매점,전북특별자치도,전주시 완산구,21,20,20
중고차판매점,전북특별자치도,전주시 덕진구,127,128,128
중고차판매점,전북특별자치도,군산시,25,25,25
중고차판매점,전북특별자치도,익산시,36,35,36
중고차판매점,전북특별자치도,정읍시,13,13,13
중고차판매점,전북특별자치도,남원시,9,9,10
중고차판매점,전북특별자치도,김제시,7,7,7
중고차판매점,전북특별자치도,완주군,7,7,7
중고차판매점,전북특별자치도,무주군,0,0,0
중고차판매점,전북특별자치도,순창군,0,0,0
중고차판매점,전북특별자치도,고창군,3,3,3
중고차판매점,전북특별자치도,부안군,0,0,0
채소가게,서울특별시,종로구,25,25,26
채소가게,서울특별시,중구,26,26,28
채소가게,서울특별시,용산구,30,31,32
채소가게,서울특별시,성동구,35,35,35
채소가게,서울특별시,광진구,57,59,60
채소가게,서울특별시,동대문구,193,195,191
채소가게,서울특별시,중랑구,96,95,101
채소가게,서울특별시,성북구,58,57,53
채소가게,서울특별시,강북구,89,91,79
채소가게,서울특별시,도봉구,69,70,66
채소가게,서울특별시,노원구,89,90,77
채소가게,서울특별시,은평구,81,83,81
채소가게,서울특별시,서대문구,63,63,70
채소가게,서울특별시,마포구,53,53,54
채소가게,서울특별시,양천구,81,83,80
채소가게,서울특별시,강서구,107,104,97
채소가게,서울특별시,구로구,89,91,91
채소가게,서울특별시,금천구,53,55,56
채소가게,서울특별시,영등포구,75,74,74
채소가게,서울특별시,동작구,49,48,56
채소가게,서울특별시,관악구,102,103,106
채소가게,서울특별시,서초구,33,31,30
채소가게,서울특별시,강남구,75,75,70
채소가게,서울특별시,송파구,126,124,126
채소가게,서울특별시,강동구,91,92,94
채소가게,부산광역시,중구,9,9,10
채소가게,부산광역시,서구,47,46,48
채소가게,부산광역시,동구,26,25,21
채소가게,부산광역시,영도구,23,24,22
채소가게,부산광역시,부산진구,213,219,219
채소가게,부산광역시,동래구,62,62,54
채소가게,부산광역시,남구,63,60,58
채소가게,부산광역시,북구,78,78,65
채소가게,부산광역시,해운대구,67,67,61
채소가게,부산광역시,사하구,60,60,58
채소가게,부산광역시,금정구,61,60,54
채소가게,부산광역시,강서구,44,45,39
채소가게,부산광역시,연제구,34,35,30
채소가게,부산광역시,수영구,56,57,55
채소가게,부산광역시,사상구,110,111,115
채소가게,부산광역시,기장군,52,52,45
채소가게,대구광역시,중구,43,43,33
채소가게,대구광역시,동구,75,76,69
채소가게,대구광역시,서구,35,33,33
채소가게,대구광역시,남구,47,46,40
채소가게,대구광역시,북구,172,172,179
채소가게,대구광역시,수성구,71,71,66
채소가게,대구광역시,달서구,92,92,87
채소가게,대구광역시,달성군,56,56,58
채소가게,대구광역시,군위군,14,15,16
채소가게,인천광역시,중구,33,32,28
채소가게,인천광역시,동구,24,24,23
채소가게,인천광역시,미추홀구,102,98,100
채소가게,인천광역시,연수구,62,60,58
채소가게,인천광역시,남동구,149,149,140
채소가게,인천광역시,부평구,157,150,145
채소가게,인천광역시,계양구,69,68,61
채소가게,인천광역시,서구,95,96,104
채소가게,인천광역시,강화군,202,201,179
채소가게,인천광역시,옹진군,7,7,7
채소가게,광주광역시,동구,34,31,30
채소가게,광주광역시,서구,96,95,86
채소가게,광주광역시,남구,53,52,47
채소가게,광주광역시,북구,118,124,107
채소가게,광주광역시,광산구,93,90,78
채소가게,대전광역시,동구,80,80,82
채소가게,대전광역시,중구,72,72,73
채소가게,대전광역시,서구,119,117,108
채소가게,대전광역시,유성구,81,79,78
채소가게,대전광역시,대덕구,79,77,74
채소가게,울산광역시,중구,50,51,49
채소가게,울산광역시,남구,45,45,47
채소가게,울산광역시,동구,29,28,27
채소가게,울산광역시,북구,17,17,19
채소가게,울산광역시,울주군,53,53,51
채소가게,세종특별자치시,0,82,82,80
채소가게,경기도,수원시 장안구,48,49,44
채소가게,경기도,수원시 권선구,65,65,63
채소가게,경기도,수원시 팔달구,80,79,79
채소가게,경기도,수원시 영통구,42,40,42
채소가게,경기도,성남시 수정구,46,46,49
채소가게,경기도,성남시 중원구,112,114,106
채소가게,경기도,성남시 분당구,42,43,45
채소가게,경기도,의정부시,133,135,125
채소가게,경기도,안양시 만안구,76,76,72
채소가게,경기도,안양시 동안구,54,52,46
채소가게,경기도,부천시 원미구,105,106,98
채소가게,경기도,부천시 소사구,53,53,52
채소가게,경기도,부천시 오정구,46,45,42
채소가게,경기도,광명시,77,76,70
채소가게,경기도,평택시,149,150,130
채소가게,경기도,동두천시,33,31,26
채소가게,경기도,안산시 상록구,63,65,61
채소가게,경기도,안산시 단원구,72,73,68
채소가게,경기도,고양시 덕양구,87,87,79
채소가게,경기도,고양시 일산동구,32,30,33
채소가게,경기도,고양시 일산서구,44,45,48
채소가게,경기도,과천시,11,11,14
채소가게,경기도,구리시,51,52,50
채소가게,경기도,남양주시,221,220,199
채소가게,경기도,오산시,34,35,34
채소가게,경기도,시흥시,148,146,144
채소가게,경기도,군포시,50,49,48
채소가게,경기도,의왕시,33,33,27
채소가게,경기도,하남시,84,84,78
채소가게,경기도,용인시 처인구,84,85,81
채소가게,경기도,용인시 기흥구,37,37,33
채소가게,경기도,용인시 수지구,21,22,26
채소가게,경기도,파주시,95,96,89
채소가게,경기도,이천시,46,44,47
채소가게,경기도,안성시,63,63,59
채소가게,경기도,김포시,136,132,130
채소가게,경기도,화성시,0,0,0
채소가게,경기도,화성시 만세구,78,77,67
채소가게,경기도,화성시 효행구,31,30,30
채소가게,경기도,화성시 병점구,15,14,18
채소가게,경기도,화성시 동탄구,24,22,13
채소가게,경기도,광주시,128,127,119
채소가게,경기도,양주시,75,76,67
채소가게,경기도,포천시,72,73,67
채소가게,경기도,여주시,73,72,70
채소가게,경기도,연천군,22,22,19
채소가게,경기도,가평군,44,45,42
채소가게,경기도,양평군,43,43,44
채소가게,충청북도,청주시 상당구,93,93,84
채소가게,충청북도,청주시 서원구,44,46,39
채소가게,충청북도,청주시 흥덕구,72,72,59
채소가게,충청북도,청주시 청원구,37,36,33
채소가게,충청북도,충주시,117,118,115
채소가게,충청북도,제천시,79,78,70
채소가게,충청북도,보은군,14,14,13
채소가게,충청북도,옥천군,39,39,31
채소가게,충청북도,영동군,22,22,18
채소가게,충청북도,증평군,11,12,11
채소가게,충청북도,진천군,32,30,28
채소가게,충청북도,괴산군,60,60,60
채소가게,충청북도,음성군,28,28,29
채소가게,충청북도,단양군,50,50,47
채소가게,충청남도,천안시 동남구,90,88,83
채소가게,충청남도,천안시 서북구,59,63,57
채소가게,충청남도,공주시,60,60,52
채소가게,충청남도,보령시,50,52,48
채소가게,충청남도,아산시,80,79,75
채소가게,충청남도,서산시,102,102,96
채소가게,충청남도,논산시,89,88,87
채소가게,충청남도,계룡시,11,11,11
채소가게,충청남도,당진시,74,75,72
채소가게,충청남도,금산군,45,47,46
채소가게,충청남도,부여군,56,56,54
채소가게,충청남도,서천군,34,34,33
채소가게,충청남도,청양군,46,46,49
채소가게,충청남도,홍성군,54,53,50
채소가게,충청남도,예산군,35,36,29
채소가게,충청남도,태안군,107,107,93
채소가게,전라남도,목포시,95,96,85
채소가게,전라남도,여수시,117,117,119
채소가게,전라남도,순천시,93,91,85
채소가게,전라남도,나주시,47,46,48
채소가게,전라남도,광양시,49,49,48
채소가게,전라남도,담양군,29,30,29
채소가게,전라남도,곡성군,21,19,20
채소가게,전라남도,구례군,54,54,46
채소가게,전라남도,고흥군,55,54,51
채소가게,전라남도,보성군,39,39,32
채소가게,전라남도,화순군,31,31,25
채소가게,전라남도,장흥군,19,19,21
채소가게,전라남도,강진군,37,37,37
채소가게,전라남도,해남군,126,126,125
채소가게,전라남도,영암군,41,41,37
채소가게,전라남도,무안군,61,61,61
채소가게,전라남도,함평군,26,26,20
채소가게,전라남도,영광군,34,33,29
채소가게,전라남도,장성군,26,26,25
채소가게,전라남도,완도군,20,20,20
채소가게,전라남도,진도군,35,35,28
채소가게,전라남도,신안군,46,45,46
채소가게,경상북도,포항시 남구,54,53,52
채소가게,경상북도,포항시 북구,152,152,144
채소가게,경상북도,경주시,82,83,81
채소가게,경상북도,김천시,34,34,31
채소가게,경상북도,안동시,103,104,86
채소가게,경상북도,구미시,72,72,66
채소가게,경상북도,영주시,84,82,87
채소가게,경상북도,영천시,38,39,41
채소가게,경상북도,상주시,49,49,53
채소가게,경상북도,문경시,43,44,42
채소가게,경상북도,경산시,66,64,62
채소가게,경상북도,의성군,65,66,67
채소가게,경상북도,청송군,40,40,43
채소가게,경상북도,영양군,75,75,71
채소가게,경상북도,영덕군,47,47,47
채소가게,경상북도,청도군,57,57,43
채소가게,경상북도,고령군,42,41,42
채소가게,경상북도,성주군,21,21,18
채소가게,경상북도,칠곡군,46,43,40
채소가게,경상북도,예천군,31,31,28
채소가게,경상북도,봉화군,60,60,59
채소가게,경상북도,울진군,42,42,42
채소가게,경상북도,울릉군,25,28,25
채소가게,경상남도,창원시 의창구,63,62,60
채소가게,경상남도,창원시 성산구,35,36,35
채소가게,경상남도,창원시 마산합포구,58,56,51
채소가게,경상남도,창원시 마산회원구,40,40,41
채소가게,경상남도,창원시 진해구,29,29,31
채소가게,경상남도,진주시,142,139,122
채소가게,경상남도,통영시,36,35,33
채소가게,경상남도,사천시,63,62,56
채소가게,경상남도,김해시,139,139,134
채소가게,경상남도,밀양시,59,59,56
채소가게,경상남도,거제시,72,70,67
채소가게,경상남도,양산시,70,68,62
채소가게,경상남도,의령군,14,14,12
채소가게,경상남도,함안군,32,30,23
채소가게,경상남도,창녕군,46,46,49
채소가게,경상남도,고성군,28,27,28
채소가게,경상남도,남해군,34,35,36
채소가게,경상남도,하동군,121,120,130
채소가게,경상남도,산청군,75,76,81
채소가게,경상남도,함양군,43,43,39
채소가게,경상남도,거창군,37,36,34
채소가게,경상남도,합천군,30,30,28
채소가게,제주특별자치도,제주시,291,288,285
채소가게,제주특별자치도,서귀포시,151,152,153
채소가게,강원특별자치도,춘천시,89,86,74
채소가게,강원특별자치도,원주시,152,152,149
채소가게,강원특별자치도,강릉시,63,64,69
채소가게,강원특별자치도,동해시,29,29,33
채소가게,강원특별자치도,태백시,28,28,28
채소가게,강원특별자치도,속초시,20,18,16
채소가게,강원특별자치도,삼척시,45,44,46
채소가게,강원특별자치도,홍천군,70,70,77
채소가게,강원특별자치도,횡성군,80,81,77
채소가게,강원특별자치도,영월군,92,91,86
채소가게,강원특별자치도,평창군,71,72,70
채소가게,강원특별자치도,정선군,81,80,74
채소가게,강원특별자치도,철원군,22,22,22
채소가게,강원특별자치도,화천군,27,27,26
채소가게,강원특별자치도,양구군,30,30,30
채소가게,강원특별자치도,인제군,65,65,63
채소가게,강원특별자치도,고성군,15,15,15
채소가게,강원특별자치도,양양군,51,48,45
채소가게,전북특별자치도,전주시 완산구,121,119,109
채소가게,전북특별자치도,전주시 덕진구,119,118,110
채소가게,전북특별자치도,군산시,111,112,114
채소가게,전북특별자치도,익산시,102,103,99
채소가게,전북특별자치도,정읍시,71,72,65
채소가게,전북특별자치도,남원시,67,65,67
채소가게,전북특별자치도,김제시,38,37,37
채소가게,전북특별자치도,완주군,88,87,85
채소가게,전북특별자치도,진안군,54,53,54
채소가게,전북특별자치도,무주군,20,19,22
채소가게,전북특별자치도,장수군,17,17,15
채소가게,전북특별자치도,임실군,19,19,17
채소가게,전북특별자치도,순창군,18,18,21
채소가게,전북특별자치도,고창군,34,34,33
채소가게,전북특별자치도,부안군,24,23,24
철물점,서울특별시,종로구,33,34,35
철물점,서울특별시,중구,44,45,45
철물점,서울특별시,용산구,31,31,32
철물점,서울특별시,성동구,27,28,28
철물점,서울특별시,광진구,53,53,54
철물점,서울특별시,동대문구,53,55,52
철물점,서울특별시,중랑구,77,77,80
철물점,서울특별시,성북구,54,54,53
철물점,서울특별시,강북구,45,45,46
철물점,서울특별시,도봉구,41,40,38
철물점,서울특별시,노원구,50,49,50
철물점,서울특별시,은평구,62,63,68
철물점,서울특별시,서대문구,38,38,36
철물점,서울특별시,마포구,49,49,47
철물점,서울특별시,양천구,55,55,54
철물점,서울특별시,강서구,69,67,65
철물점,서울특별시,구로구,62,62,61
철물점,서울특별시,금천구,37,37,39
철물점,서울특별시,영등포구,62,62,67
철물점,서울특별시,동작구,36,36,40
철물점,서울특별시,관악구,67,67,68
철물점,서울특별시,서초구,39,40,35
철물점,서울특별시,강남구,59,60,58
철물점,서울특별시,송파구,78,76,78
철물점,서울특별시,강동구,65,64,60
철물점,부산광역시,중구,13,13,13
철물점,부산광역시,서구,17,17,16
철물점,부산광역시,동구,38,38,39
철물점,부산광역시,영도구,23,23,25
철물점,부산광역시,부산진구,66,69,71
철물점,부산광역시,동래구,54,54,54
철물점,부산광역시,남구,42,40,36
철물점,부산광역시,북구,43,44,47
철물점,부산광역시,해운대구,61,62,65
철물점,부산광역시,사하구,56,56,60
철물점,부산광역시,금정구,41,41,41
철물점,부산광역시,강서구,28,28,27
철물점,부산광역시,연제구,42,43,46
철물점,부산광역시,수영구,37,36,37
철물점,부산광역시,사상구,56,55,48
철물점,부산광역시,기장군,27,27,25
철물점,대구광역시,중구,35,35,39
철물점,대구광역시,동구,29,28,26
철물점,대구광역시,서구,34,34,38
철물점,대구광역시,남구,12,13,13
철물점,대구광역시,북구,102,103,104
철물점,대구광역시,수성구,39,40,40
철물점,대구광역시,달서구,58,58,55
철물점,대구광역시,달성군,30,29,29
철물점,대구광역시,군위군,8,8,9
철물점,인천광역시,중구,27,27,27
철물점,인천광역시,동구,18,18,19
철물점,인천광역시,미추홀구,73,72,72
철물점,인천광역시,연수구,31,31,30
철물점,인천광역시,남동구,98,97,93
철물점,인천광역시,부평구,91,90,91
철물점,인천광역시,계양구,52,52,55
철물점,인천광역시,서구,84,84,80
철물점,인천광역시,강화군,22,22,22
철물점,인천광역시,옹진군,6,6,7
철물점,광주광역시,동구,24,24,23
철물점,광주광역시,서구,67,67,73
철물점,광주광역시,남구,31,31,33
철물점,광주광역시,북구,93,93,95
철물점,광주광역시,광산구,65,66,69
철물점,대전광역시,동구,56,57,58
철물점,대전광역시,중구,44,44,48
철물점,대전광역시,서구,68,68,62
철물점,대전광역시,유성구,47,47,43
철물점,대전광역시,대덕구,70,71,70
철물점,울산광역시,중구,39,39,40
철물점,울산광역시,남구,44,45,42
철물점,울산광역시,동구,33,33,33
철물점,울산광역시,북구,18,17,19
철물점,울산광역시,울주군,34,35,35
철물점,세종특별자치시,0,36,36,38
철물점,경기도,수원시 장안구,40,42,41
철물점,경기도,수원시 권선구,51,51,54
철물점,경기도,수원시 팔달구,38,38,38
철물점,경기도,수원시 영통구,24,21,20
철물점,경기도,성남시 수정구,23,24,24
철물점,경기도,성남시 중원구,31,32,30
철물점,경기도,성남시 분당구,36,36,38
철물점,경기도,의정부시,74,73,65
철물점,경기도,안양시 만안구,46,47,47
철물점,경기도,안양시 동안구,42,42,42
철물점,경기도,부천시 원미구,58,57,56
철물점,경기도,부천시 소사구,27,26,28
철물점,경기도,부천시 오정구,33,33,34
철물점,경기도,광명시,48,48,47
철물점,경기도,평택시,124,123,130
철물점,경기도,동두천시,16,16,19
철물점,경기도,안산시 상록구,51,50,50
철물점,경기도,안산시 단원구,60,58,63
철물점,경기도,고양시 덕양구,67,68,68
철물점,경기도,고양시 일산동구,46,44,46
철물점,경기도,고양시 일산서구,32,32,27
철물점,경기도,과천시,4,4,5
철물점,경기도,구리시,28,29,29
철물점,경기도,남양주시,90,88,86
철물점,경기도,오산시,35,35,28
철물점,경기도,시흥시,78,78,82
철물점,경기도,군포시,33,33,33
철물점,경기도,의왕시,18,18,16
철물점,경기도,하남시,35,34,36
철물점,경기도,용인시 처인구,57,55,56
철물점,경기도,용인시 기흥구,23,22,27
철물점,경기도,용인시 수지구,16,15,19
철물점,경기도,파주시,76,75,77
철물점,경기도,이천시,55,55,53
철물점,경기도,안성시,47,46,45
철물점,경기도,김포시,84,82,85
철물점,경기도,화성시,0,0,0
철물점,경기도,화성시 만세구,65,65,68
철물점,경기도,화성시 효행구,26,26,24
철물점,경기도,화성시 병점구,15,15,16
철물점,경기도,화성시 동탄구,17,18,11
철물점,경기도,광주시,80,79,85
철물점,경기도,양주시,52,51,42
철물점,경기도,포천시,67,65,63
철물점,경기도,여주시,37,36,38
철물점,경기도,연천군,23,23,24
철물점,경기도,가평군,23,23,21
철물점,경기도,양평군,27,28,28
철물점,충청북도,청주시 상당구,41,41,42
철물점,충청북도,청주시 서원구,31,31,32
철물점,충청북도,청주시 흥덕구,51,50,50
철물점,충청북도,청주시 청원구,37,37,37
철물점,충청북도,충주시,61,61,62
철물점,충청북도,제천시,31,31,29
철물점,충청북도,보은군,14,14,14
철물점,충청북도,옥천군,9,9,10
철물점,충청북도,영동군,9,9,7
철물점,충청북도,증평군,6,6,7
철물점,충청북도,진천군,16,16,16
철물점,충청북도,괴산군,10,10,10
철물점,충청북도,음성군,34,34,35
철물점,충청북도,단양군,13,13,12
철물점,충청남도,천안시 동남구,54,54,51
철물점,충청남도,천안시 서북구,36,36,35
철물점,충청남도,공주시,28,28,27
철물점,충청남도,보령시,27,27,25
철물점,충청남도,아산시,59,58,55
철물점,충청남도,서산시,46,45,40
철물점,충청남도,논산시,42,41,41
철물점,충청남도,계룡시,6,6,6
철물점,충청남도,당진시,52,51,53
철물점,충청남도,금산군,19,19,19
철물점,충청남도,부여군,24,23,21
철물점,충청남도,서천군,13,13,14
철물점,충청남도,청양군,11,11,10
철물점,충청남도,홍성군,28,28,29
철물점,충청남도,예산군,27,27,28
철물점,충청남도,태안군,28,26,25
철물점,전라남도,목포시,61,60,58
철물점,전라남도,여수시,51,51,49
철물점,전라남도,순천시,57,57,61
철물점,전라남도,나주시,27,26,25
철물점,전라남도,광양시,33,34,34
철물점,전라남도,담양군,16,15,14
철물점,전라남도,곡성군,15,15,14
철물점,전라남도,구례군,6,6,7
철물점,전라남도,고흥군,23,23,23
철물점,전라남도,보성군,26,26,27
철물점,전라남도,화순군,18,18,21
철물점,전라남도,장흥군,12,12,14
철물점,전라남도,강진군,16,16,15
철물점,전라남도,해남군,25,25,24
철물점,전라남도,영암군,20,20,20
철물점,전라남도,무안군,29,28,24
철물점,전라남도,함평군,8,8,9
철물점,전라남도,영광군,13,13,13
철물점,전라남도,장성군,10,10,8
철물점,전라남도,완도군,17,17,17
철물점,전라남도,진도군,7,7,7
철물점,전라남도,신안군,12,12,11
철물점,경상북도,포항시 남구,34,35,36
철물점,경상북도,포항시 북구,44,44,43
철물점,경상북도,경주시,62,62,59
철물점,경상북도,김천시,32,32,32
철물점,경상북도,안동시,31,32,32
철물점,경상북도,구미시,47,48,49
철물점,경상북도,영주시,39,39,39
철물점,경상북도,영천시,21,21,20
철물점,경상북도,상주시,29,29,30
철물점,경상북도,문경시,15,15,15
철물점,경상북도,경산시,38,38,39
철물점,경상북도,의성군,15,15,16
철물점,경상북도,청송군,12,12,12
철물점,경상북도,영양군,6,6,6
철물점,경상북도,영덕군,9,9,9
철물점,경상북도,청도군,14,14,12
철물점,경상북도,고령군,7,7,8
철물점,경상북도,성주군,9,9,7
철물점,경상북도,칠곡군,37,35,33
철물점,경상북도,예천군,7,7,7
철물점,경상북도,봉화군,13,13,13
철물점,경상북도,울진군,18,18,13
철물점,경상남도,창원시 의창구,46,44,46
철물점,경상남도,창원시 성산구,30,30,31
철물점,경상남도,창원시 마산합포구,30,30,30
철물점,경상남도,창원시 마산회원구,31,31,30
철물점,경상남도,창원시 진해구,27,27,28
철물점,경상남도,진주시,55,55,51
철물점,경상남도,통영시,24,24,24
철물점,경상남도,사천시,33,33,36
철물점,경상남도,김해시,116,115,109
철물점,경상남도,밀양시,27,27,28
철물점,경상남도,거제시,27,28,27
철물점,경상남도,양산시,46,46,43
철물점,경상남도,의령군,5,5,5
철물점,경상남도,함안군,11,12,12
철물점,경상남도,창녕군,10,10,9
철물점,경상남도,고성군,19,19,19
철물점,경상남도,남해군,15,15,15
철물점,경상남도,하동군,19,19,20
철물점,경상남도,산청군,5,5,5
철물점,경상남도,함양군,15,15,14
철물점,경상남도,거창군,14,14,16
철물점,경상남도,합천군,6,6,7
철물점,제주특별자치도,제주시,93,92,89
철물점,제주특별자치도,서귀포시,37,37,35
철물점,강원특별자치도,춘천시,65,66,69
철물점,강원특별자치도,원주시,79,79,82
철물점,강원특별자치도,강릉시,54,54,56
철물점,강원특별자치도,동해시,22,22,23
철물점,강원특별자치도,태백시,16,17,18
철물점,강원특별자치도,속초시,29,29,28
철물점,강원특별자치도,삼척시,15,15,18
철물점,강원특별자치도,홍천군,37,37,33
철물점,강원특별자치도,횡성군,20,20,20
철물점,강원특별자치도,영월군,10,10,10
철물점,강원특별자치도,평창군,23,23,23
철물점,강원특별자치도,정선군,17,17,17
철물점,강원특별자치도,철원군,21,22,22
철물점,강원특별자치도,화천군,12,12,12
철물점,강원특별자치도,양구군,12,12,12
철물점,강원특별자치도,인제군,20,20,21
철물점,강원특별자치도,고성군,9,9,10
철물점,강원특별자치도,양양군,11,11,11
철물점,전북특별자치도,전주시 완산구,58,58,60
철물점,전북특별자치도,전주시 덕진구,61,60,56
철물점,전북특별자치도,군산시,53,53,51
철물점,전북특별자치도,익산시,70,70,69
철물점,전북특별자치도,정읍시,29,29,30
철물점,전북특별자치도,남원시,38,37,39
철물점,전북특별자치도,김제시,17,17,17
철물점,전북특별자치도,완주군,22,21,22
철물점,전북특별자치도,진안군,7,7,8
철물점,전북특별자치도,무주군,6,6,8
철물점,전북특별자치도,장수군,11,11,10
철물점,전북특별자치도,임실군,12,12,12
철물점,전북특별자치도,순창군,8,8,8
철물점,전북특별자치도,고창군,26,26,25
철물점,전북특별자치도,부안군,21,21,22
침구ㆍ커튼가게,서울특별시,종로구,83,83,85
침구ㆍ커튼가게,서울특별시,중구,41,42,39
침구ㆍ커튼가게,서울특별시,용산구,24,24,27
침구ㆍ커튼가게,서울특별시,성동구,27,27,27
침구ㆍ커튼가게,서울특별시,광진구,34,36,39
침구ㆍ커튼가게,서울특별시,동대문구,35,36,38
침구ㆍ커튼가게,서울특별시,중랑구,36,35,41
침구ㆍ커튼가게,서울특별시,성북구,46,45,45
침구ㆍ커튼가게,서울특별시,강북구,35,35,40
침구ㆍ커튼가게,서울특별시,도봉구,28,28,27
침구ㆍ커튼가게,서울특별시,노원구,38,38,37
침구ㆍ커튼가게,서울특별시,은평구,53,52,55
침구ㆍ커튼가게,서울특별시,서대문구,29,29,28
침구ㆍ커튼가게,서울특별시,마포구,33,34,36
침구ㆍ커튼가게,서울특별시,양천구,41,42,45
침구ㆍ커튼가게,서울특별시,강서구,61,62,60
침구ㆍ커튼가게,서울특별시,구로구,40,39,37
침구ㆍ커튼가게,서울특별시,금천구,29,29,33
침구ㆍ커튼가게,서울특별시,영등포구,47,47,44
침구ㆍ커튼가게,서울특별시,동작구,30,30,32
침구ㆍ커튼가게,서울특별시,관악구,43,43,46
침구ㆍ커튼가게,서울특별시,서초구,88,88,82
침구ㆍ커튼가게,서울특별시,강남구,55,54,58
침구ㆍ커튼가게,서울특별시,송파구,66,65,62
침구ㆍ커튼가게,서울특별시,강동구,55,56,59
침구ㆍ커튼가게,부산광역시,중구,46,46,44
침구ㆍ커튼가게,부산광역시,서구,20,20,20
침구ㆍ커튼가게,부산광역시,동구,149,151,158
침구ㆍ커튼가게,부산광역시,영도구,17,17,18
침구ㆍ커튼가게,부산광역시,부산진구,47,47,48
침구ㆍ커튼가게,부산광역시,동래구,45,46,48
침구ㆍ커튼가게,부산광역시,남구,34,34,35
침구ㆍ커튼가게,부산광역시,북구,27,28,26
침구ㆍ커튼가게,부산광역시,해운대구,58,58,61
침구ㆍ커튼가게,부산광역시,사하구,38,37,38
침구ㆍ커튼가게,부산광역시,금정구,51,51,48
침구ㆍ커튼가게,부산광역시,강서구,16,16,15
침구ㆍ커튼가게,부산광역시,연제구,36,36,37
침구ㆍ커튼가게,부산광역시,수영구,27,27,26
침구ㆍ커튼가게,부산광역시,사상구,38,38,42
침구ㆍ커튼가게,부산광역시,기장군,23,24,24
침구ㆍ커튼가게,대구광역시,중구,177,178,175
침구ㆍ커튼가게,대구광역시,동구,55,54,58
침구ㆍ커튼가게,대구광역시,서구,72,71,76
침구ㆍ커튼가게,대구광역시,남구,36,36,40
침구ㆍ커튼가게,대구광역시,북구,75,75,71
침구ㆍ커튼가게,대구광역시,수성구,61,62,62
침구ㆍ커튼가게,대구광역시,달서구,85,83,84
침구ㆍ커튼가게,대구광역시,달성군,50,50,50
침구ㆍ커튼가게,대구광역시,군위군,0,0,0
침구ㆍ커튼가게,인천광역시,중구,25,25,27
침구ㆍ커튼가게,인천광역시,동구,28,28,29
침구ㆍ커튼가게,인천광역시,미추홀구,48,47,45
침구ㆍ커튼가게,인천광역시,연수구,57,57,64
침구ㆍ커튼가게,인천광역시,남동구,62,62,70
침구ㆍ커튼가게,인천광역시,부평구,80,80,79
침구ㆍ커튼가게,인천광역시,계양구,39,39,34
침구ㆍ커튼가게,인천광역시,서구,78,77,70
침구ㆍ커튼가게,인천광역시,강화군,13,13,13
침구ㆍ커튼가게,인천광역시,옹진군,0,0,0
침구ㆍ커튼가게,광주광역시,동구,33,33,33
침구ㆍ커튼가게,광주광역시,서구,154,154,155
침구ㆍ커튼가게,광주광역시,남구,34,35,36
침구ㆍ커튼가게,광주광역시,북구,77,79,80
침구ㆍ커튼가게,광주광역시,광산구,50,52,55
침구ㆍ커튼가게,대전광역시,동구,129,130,132
침구ㆍ커튼가게,대전광역시,중구,53,53,62
침구ㆍ커튼가게,대전광역시,서구,86,85,85
침구ㆍ커튼가게,대전광역시,유성구,65,65,63
침구ㆍ커튼가게,대전광역시,대덕구,43,44,46
침구ㆍ커튼가게,울산광역시,중구,81,81,82
침구ㆍ커튼가게,울산광역시,남구,47,47,44
침구ㆍ커튼가게,울산광역시,동구,20,20,21
침구ㆍ커튼가게,울산광역시,북구,25,25,26
침구ㆍ커튼가게,울산광역시,울주군,34,34,37
침구ㆍ커튼가게,세종특별자치시,0,64,64,70
침구ㆍ커튼가게,경기도,수원시 장안구,27,26,30
침구ㆍ커튼가게,경기도,수원시 권선구,43,44,43
침구ㆍ커튼가게,경기도,수원시 팔달구,70,70,78
침구ㆍ커튼가게,경기도,수원시 영통구,48,48,42
침구ㆍ커튼가게,경기도,성남시 수정구,28,25,20
침구ㆍ커튼가게,경기도,성남시 중원구,40,41,44
침구ㆍ커튼가게,경기도,성남시 분당구,57,56,60
침구ㆍ커튼가게,경기도,의정부시,68,69,67
침구ㆍ커튼가게,경기도,안양시 만안구,25,25,27
침구ㆍ커튼가게,경기도,안양시 동안구,29,29,27
침구ㆍ커튼가게,경기도,부천시 원미구,57,59,60
침구ㆍ커튼가게,경기도,부천시 소사구,28,28,29
침구ㆍ커튼가게,경기도,부천시 오정구,24,24,26
침구ㆍ커튼가게,경기도,광명시,53,52,49
침구ㆍ커튼가게,경기도,평택시,103,105,106
침구ㆍ커튼가게,경기도,동두천시,19,19,21
침구ㆍ커튼가게,경기도,안산시 상록구,61,62,59
침구ㆍ커튼가게,경기도,안산시 단원구,51,51,61
침구ㆍ커튼가게,경기도,고양시 덕양구,54,56,57
침구ㆍ커튼가게,경기도,고양시 일산동구,53,53,59
침구ㆍ커튼가게,경기도,고양시 일산서구,39,39,42
침구ㆍ커튼가게,경기도,과천시,8,8,11
침구ㆍ커튼가게,경기도,구리시,26,26,29
침구ㆍ커튼가게,경기도,남양주시,117,118,121
침구ㆍ커튼가게,경기도,오산시,28,28,29
침구ㆍ커튼가게,경기도,시흥시,74,72,71
침구ㆍ커튼가게,경기도,군포시,22,22,23
침구ㆍ커튼가게,경기도,의왕시,12,12,10
침구ㆍ커튼가게,경기도,하남시,41,39,44
침구ㆍ커튼가게,경기도,용인시 처인구,52,52,53
침구ㆍ커튼가게,경기도,용인시 기흥구,38,39,44
침구ㆍ커튼가게,경기도,용인시 수지구,40,39,40
침구ㆍ커튼가게,경기도,파주시,77,77,81
침구ㆍ커튼가게,경기도,이천시,38,39,43
침구ㆍ커튼가게,경기도,안성시,43,43,44
침구ㆍ커튼가게,경기도,김포시,64,63,63
침구ㆍ커튼가게,경기도,화성시 만세구,39,39,34
침구ㆍ커튼가게,경기도,화성시 효행구,21,21,21
침구ㆍ커튼가게,경기도,화성시 병점구,18,21,22
침구ㆍ커튼가게,경기도,화성시 동탄구,43,43,35
침구ㆍ커튼가게,경기도,광주시,52,52,58
침구ㆍ커튼가게,경기도,양주시,45,45,45
침구ㆍ커튼가게,경기도,포천시,33,33,39
침구ㆍ커튼가게,경기도,여주시,19,19,19
침구ㆍ커튼가게,경기도,연천군,7,7,7
침구ㆍ커튼가게,경기도,가평군,8,8,7
침구ㆍ커튼가게,경기도,양평군,26,26,27
침구ㆍ커튼가게,충청북도,청주시 상당구,50,49,51
침구ㆍ커튼가게,충청북도,청주시 서원구,26,26,28
침구ㆍ커튼가게,충청북도,청주시 흥덕구,50,48,45
침구ㆍ커튼가게,충청북도,청주시 청원구,37,36,36
침구ㆍ커튼가게,충청북도,충주시,52,52,50
침구ㆍ커튼가게,충청북도,제천시,50,50,55
침구ㆍ커튼가게,충청북도,보은군,5,5,4
침구ㆍ커튼가게,충청북도,옥천군,17,17,17
침구ㆍ커튼가게,충청북도,영동군,15,15,15
침구ㆍ커튼가게,충청북도,증평군,8,8,9
침구ㆍ커튼가게,충청북도,진천군,15,15,14
침구ㆍ커튼가게,충청북도,괴산군,7,7,7
침구ㆍ커튼가게,충청북도,음성군,18,18,17
침구ㆍ커튼가게,충청북도,단양군,6,6,6
침구ㆍ커튼가게,충청남도,천안시 동남구,59,59,60
침구ㆍ커튼가게,충청남도,천안시 서북구,68,69,61
침구ㆍ커튼가게,충청남도,공주시,25,25,27
침구ㆍ커튼가게,충청남도,보령시,25,25,25
침구ㆍ커튼가게,충청남도,아산시,49,47,46
침구ㆍ커튼가게,충청남도,서산시,47,47,49
침구ㆍ커튼가게,충청남도,논산시,35,35,34
침구ㆍ커튼가게,충청남도,계룡시,8,8,9
침구ㆍ커튼가게,충청남도,당진시,43,43,42
침구ㆍ커튼가게,충청남도,금산군,14,14,13
침구ㆍ커튼가게,충청남도,부여군,13,13,14
침구ㆍ커튼가게,충청남도,서천군,12,12,12
침구ㆍ커튼가게,충청남도,청양군,6,6,6
침구ㆍ커튼가게,충청남도,홍성군,39,39,43
침구ㆍ커튼가게,충청남도,예산군,29,29,29
침구ㆍ커튼가게,충청남도,태안군,24,24,24
침구ㆍ커튼가게,전라남도,목포시,80,80,80
침구ㆍ커튼가게,전라남도,여수시,64,66,70
침구ㆍ커튼가게,전라남도,순천시,68,69,68
침구ㆍ커튼가게,전라남도,나주시,17,17,19
침구ㆍ커튼가게,전라남도,광양시,41,41,45
침구ㆍ커튼가게,전라남도,담양군,14,14,12
침구ㆍ커튼가게,전라남도,곡성군,7,7,6
침구ㆍ커튼가게,전라남도,구례군,13,13,13
침구ㆍ커튼가게,전라남도,고흥군,20,19,20
침구ㆍ커튼가게,전라남도,보성군,12,12,11
침구ㆍ커튼가게,전라남도,화순군,9,9,9
침구ㆍ커튼가게,전라남도,장흥군,5,5,5
침구ㆍ커튼가게,전라남도,강진군,15,15,15
침구ㆍ커튼가게,전라남도,해남군,18,18,15
침구ㆍ커튼가게,전라남도,영암군,6,7,6
침구ㆍ커튼가게,전라남도,무안군,7,8,7
침구ㆍ커튼가게,전라남도,함평군,3,3,4
침구ㆍ커튼가게,전라남도,영광군,15,15,16
침구ㆍ커튼가게,전라남도,장성군,9,9,9
침구ㆍ커튼가게,전라남도,완도군,8,8,8
침구ㆍ커튼가게,전라남도,진도군,6,6,7
침구ㆍ커튼가게,전라남도,신안군,0,0,0
침구ㆍ커튼가게,경상북도,포항시 남구,42,42,45
침구ㆍ커튼가게,경상북도,포항시 북구,78,77,71
침구ㆍ커튼가게,경상북도,경주시,63,63,66
침구ㆍ커튼가게,경상북도,김천시,28,28,30
침구ㆍ커튼가게,경상북도,안동시,43,43,49
침구ㆍ커튼가게,경상북도,구미시,81,81,82
침구ㆍ커튼가게,경상북도,영주시,46,46,45
침구ㆍ커튼가게,경상북도,영천시,23,23,24
침구ㆍ커튼가게,경상북도,상주시,26,26,27
침구ㆍ커튼가게,경상북도,문경시,25,25,28
침구ㆍ커튼가게,경상북도,경산시,61,61,59
침구ㆍ커튼가게,경상북도,의성군,12,12,12
침구ㆍ커튼가게,경상북도,청송군,7,7,8
침구ㆍ커튼가게,경상북도,영양군,5,5,4
침구ㆍ커튼가게,경상북도,영덕군,12,12,11
침구ㆍ커튼가게,경상북도,청도군,5,5,5
침구ㆍ커튼가게,경상북도,고령군,4,4,4
침구ㆍ커튼가게,경상북도,성주군,5,5,5
침구ㆍ커튼가게,경상북도,칠곡군,28,28,29
침구ㆍ커튼가게,경상북도,예천군,7,7,8
침구ㆍ커튼가게,경상북도,봉화군,6,6,5
침구ㆍ커튼가게,경상북도,울진군,15,15,17
침구ㆍ커튼가게,경상북도,울릉군,4,4,4
침구ㆍ커튼가게,경상남도,창원시 의창구,21,22,23
침구ㆍ커튼가게,경상남도,창원시 성산구,43,43,42
침구ㆍ커튼가게,경상남도,창원시 마산합포구,45,45,47
침구ㆍ커튼가게,경상남도,창원시 마산회원구,32,32,32
침구ㆍ커튼가게,경상남도,창원시 진해구,27,28,26
침구ㆍ커튼가게,경상남도,진주시,102,104,102
침구ㆍ커튼가게,경상남도,통영시,42,43,45
침구ㆍ커튼가게,경상남도,사천시,30,30,29
침구ㆍ커튼가게,경상남도,김해시,78,79,81
침구ㆍ커튼가게,경상남도,밀양시,19,19,22
침구ㆍ커튼가게,경상남도,거제시,37,37,40
침구ㆍ커튼가게,경상남도,양산시,54,54,58
침구ㆍ커튼가게,경상남도,의령군,7,7,7
침구ㆍ커튼가게,경상남도,함안군,11,11,11
침구ㆍ커튼가게,경상남도,창녕군,12,13,11
침구ㆍ커튼가게,경상남도,고성군,11,12,12
침구ㆍ커튼가게,경상남도,남해군,9,9,9
침구ㆍ커튼가게,경상남도,하동군,14,14,13
침구ㆍ커튼가게,경상남도,산청군,5,5,5
침구ㆍ커튼가게,경상남도,함양군,5,5,5
침구ㆍ커튼가게,경상남도,거창군,16,16,16
침구ㆍ커튼가게,경상남도,합천군,8,8,8
침구ㆍ커튼가게,제주특별자치도,제주시,157,158,159
침구ㆍ커튼가게,제주특별자치도,서귀포시,60,59,61
침구ㆍ커튼가게,강원특별자치도,춘천시,55,54,50
침구ㆍ커튼가게,강원특별자치도,원주시,82,83,84
침구ㆍ커튼가게,강원특별자치도,강릉시,43,44,49
침구ㆍ커튼가게,강원특별자치도,동해시,31,31,34
침구ㆍ커튼가게,강원특별자치도,태백시,13,13,12
침구ㆍ커튼가게,강원특별자치도,속초시,27,27,26
침구ㆍ커튼가게,강원특별자치도,삼척시,18,17,18
침구ㆍ커튼가게,강원특별자치도,홍천군,12,12,12
침구ㆍ커튼가게,강원특별자치도,횡성군,13,13,13
침구ㆍ커튼가게,강원특별자치도,영월군,7,7,8
침구ㆍ커튼가게,강원특별자치도,평창군,8,8,9
침구ㆍ커튼가게,강원특별자치도,정선군,6,6,6
침구ㆍ커튼가게,강원특별자치도,철원군,11,11,12
침구ㆍ커튼가게,강원특별자치도,화천군,3,3,3
침구ㆍ커튼가게,강원특별자치도,양구군,0,0,0
침구ㆍ커튼가게,강원특별자치도,인제군,5,5,4
침구ㆍ커튼가게,강원특별자치도,고성군,7,7,7
침구ㆍ커튼가게,강원특별자치도,양양군,3,3,5
침구ㆍ커튼가게,전북특별자치도,전주시 완산구,115,115,120
침구ㆍ커튼가게,전북특별자치도,전주시 덕진구,50,50,46
침구ㆍ커튼가게,전북특별자치도,군산시,75,74,76
침구ㆍ커튼가게,전북특별자치도,익산시,67,66,65
침구ㆍ커튼가게,전북특별자치도,정읍시,34,34,38
침구ㆍ커튼가게,전북특별자치도,남원시,28,28,29
침구ㆍ커튼가게,전북특별자치도,김제시,13,13,15
침구ㆍ커튼가게,전북특별자치도,완주군,11,12,14
침구ㆍ커튼가게,전북특별자치도,진안군,3,3,3
침구ㆍ커튼가게,전북특별자치도,무주군,5,5,5
침구ㆍ커튼가게,전북특별자치도,장수군,7,7,7
침구ㆍ커튼가게,전북특별자치도,임실군,9,9,8
침구ㆍ커튼가게,전북특별자치도,순창군,6,6,5
침구ㆍ커튼가게,전북특별자치도,고창군,9,9,9
침구ㆍ커튼가게,전북특별자치도,부안군,18,18,19
컴퓨터판매점,서울특별시,종로구,21,21,24
컴퓨터판매점,서울특별시,중구,17,16,19
컴퓨터판매점,서울특별시,용산구,118,119,123
컴퓨터판매점,서울특별시,성동구,29,29,26
컴퓨터판매점,서울특별시,광진구,67,66,64
컴퓨터판매점,서울특별시,동대문구,28,28,30
컴퓨터판매점,서울특별시,중랑구,33,33,31
컴퓨터판매점,서울특별시,성북구,25,25,23
컴퓨터판매점,서울특별시,강북구,34,34,33
컴퓨터판매점,서울특별시,도봉구,15,15,17
컴퓨터판매점,서울특별시,노원구,35,35,39
컴퓨터판매점,서울특별시,은평구,36,36,38
컴퓨터판매점,서울특별시,서대문구,15,14,11
컴퓨터판매점,서울특별시,마포구,45,44,47
컴퓨터판매점,서울특별시,양천구,32,30,34
컴퓨터판매점,서울특별시,강서구,73,73,75
컴퓨터판매점,서울특별시,구로구,67,68,67
컴퓨터판매점,서울특별시,금천구,89,92,85
컴퓨터판매점,서울특별시,영등포구,83,83,82
컴퓨터판매점,서울특별시,동작구,26,27,26
컴퓨터판매점,서울특별시,관악구,27,26,27
컴퓨터판매점,서울특별시,서초구,76,80,80
컴퓨터판매점,서울특별시,강남구,99,99,93
컴퓨터판매점,서울특별시,송파구,69,70,69
컴퓨터판매점,서울특별시,강동구,42,42,40
컴퓨터판매점,부산광역시,중구,5,5,6
컴퓨터판매점,부산광역시,서구,8,8,10
컴퓨터판매점,부산광역시,동구,9,9,11
컴퓨터판매점,부산광역시,영도구,4,4,5
컴퓨터판매점,부산광역시,부산진구,27,27,28
컴퓨터판매점,부산광역시,동래구,30,30,28
컴퓨터판매점,부산광역시,남구,23,23,22
컴퓨터판매점,부산광역시,북구,8,8,10
컴퓨터판매점,부산광역시,해운대구,32,32,31
컴퓨터판매점,부산광역시,사하구,20,20,21
컴퓨터판매점,부산광역시,금정구,14,15,13
컴퓨터판매점,부산광역시,강서구,10,11,9
컴퓨터판매점,부산광역시,연제구,19,19,21
컴퓨터판매점,부산광역시,수영구,14,15,14
컴퓨터판매점,부산광역시,사상구,24,24,22
컴퓨터판매점,부산광역시,기장군,13,14,12
컴퓨터판매점,대구광역시,중구,15,15,14
컴퓨터판매점,대구광역시,동구,22,23,25
컴퓨터판매점,대구광역시,서구,20,21,21
컴퓨터판매점,대구광역시,남구,10,10,11
컴퓨터판매점,대구광역시,북구,83,82,86
컴퓨터판매점,대구광역시,수성구,31,31,34
컴퓨터판매점,대구광역시,달서구,47,47,49
컴퓨터판매점,대구광역시,달성군,12,12,12
컴퓨터판매점,대구광역시,군위군,0,0,0
컴퓨터판매점,인천광역시,중구,17,16,16
컴퓨터판매점,인천광역시,동구,10,10,10
컴퓨터판매점,인천광역시,미추홀구,30,29,33
컴퓨터판매점,인천광역시,연수구,37,36,44
컴퓨터판매점,인천광역시,남동구,43,45,44
컴퓨터판매점,인천광역시,부평구,41,41,43
컴퓨터판매점,인천광역시,계양구,27,27,27
컴퓨터판매점,인천광역시,서구,73,72,54
컴퓨터판매점,인천광역시,강화군,9,9,9
컴퓨터판매점,광주광역시,동구,11,11,10
컴퓨터판매점,광주광역시,서구,53,54,53
컴퓨터판매점,광주광역시,남구,19,19,21
컴퓨터판매점,광주광역시,북구,53,54,54
컴퓨터판매점,광주광역시,광산구,42,41,42
컴퓨터판매점,대전광역시,동구,24,25,26
컴퓨터판매점,대전광역시,중구,18,18,17
컴퓨터판매점,대전광역시,서구,103,102,90
컴퓨터판매점,대전광역시,유성구,56,55,51
컴퓨터판매점,대전광역시,대덕구,40,40,38
컴퓨터판매점,울산광역시,중구,15,16,16
컴퓨터판매점,울산광역시,남구,34,35,39
컴퓨터판매점,울산광역시,동구,13,13,14
컴퓨터판매점,울산광역시,북구,8,8,10
컴퓨터판매점,울산광역시,울주군,16,16,14
컴퓨터판매점,세종특별자치시,0,85,83,90
컴퓨터판매점,경기도,수원시 장안구,23,23,23
컴퓨터판매점,경기도,수원시 권선구,33,33,29
컴퓨터판매점,경기도,수원시 팔달구,28,29,27
컴퓨터판매점,경기도,수원시 영통구,44,43,46
컴퓨터판매점,경기도,성남시 수정구,27,27,27
컴퓨터판매점,경기도,성남시 중원구,33,33,32
컴퓨터판매점,경기도,성남시 분당구,50,50,57
컴퓨터판매점,경기도,의정부시,58,60,60
컴퓨터판매점,경기도,안양시 만안구,23,23,19
컴퓨터판매점,경기도,안양시 동안구,56,56,53
컴퓨터판매점,경기도,부천시 원미구,47,47,46
컴퓨터판매점,경기도,부천시 소사구,22,23,20
컴퓨터판매점,경기도,부천시 오정구,13,13,13
컴퓨터판매점,경기도,광명시,45,45,45
컴퓨터판매점,경기도,평택시,88,88,84
컴퓨터판매점,경기도,동두천시,11,11,11
컴퓨터판매점,경기도,안산시 상록구,26,26,29
컴퓨터판매점,경기도,안산시 단원구,42,42,39
컴퓨터판매점,경기도,고양시 덕양구,72,72,63
컴퓨터판매점,경기도,고양시 일산동구,46,47,41
컴퓨터판매점,경기도,고양시 일산서구,36,36,35
컴퓨터판매점,경기도,과천시,13,13,10
컴퓨터판매점,경기도,구리시,30,31,22
컴퓨터판매점,경기도,남양주시,79,80,75
컴퓨터판매점,경기도,오산시,16,17,16
컴퓨터판매점,경기도,시흥시,63,62,58
컴퓨터판매점,경기도,군포시,21,22,20
컴퓨터판매점,경기도,의왕시,11,11,13
컴퓨터판매점,경기도,하남시,56,53,52
컴퓨터판매점,경기도,용인시 처인구,30,29,27
컴퓨터판매점,경기도,용인시 기흥구,57,58,60
컴퓨터판매점,경기도,용인시 수지구,32,32,34
컴퓨터판매점,경기도,파주시,50,51,51
컴퓨터판매점,경기도,이천시,23,23,21
컴퓨터판매점,경기도,안성시,22,21,22
컴퓨터판매점,경기도,김포시,82,83,86
컴퓨터판매점,경기도,화성시,0,0,0
컴퓨터판매점,경기도,화성시 만세구,24,24,22
컴퓨터판매점,경기도,화성시 효행구,19,19,17
컴퓨터판매점,경기도,화성시 병점구,19,19,21
컴퓨터판매점,경기도,화성시 동탄구,55,57,48
컴퓨터판매점,경기도,광주시,44,42,49
컴퓨터판매점,경기도,양주시,45,44,41
컴퓨터판매점,경기도,포천시,18,19,19
컴퓨터판매점,경기도,여주시,7,7,7
컴퓨터판매점,경기도,연천군,7,7,8
컴퓨터판매점,경기도,가평군,9,9,8
컴퓨터판매점,경기도,양평군,14,13,12
컴퓨터판매점,충청북도,청주시 상당구,16,16,16
컴퓨터판매점,충청북도,청주시 서원구,30,31,31
컴퓨터판매점,충청북도,청주시 흥덕구,31,31,30
컴퓨터판매점,충청북도,청주시 청원구,29,29,29
컴퓨터판매점,충청북도,충주시,16,16,19
컴퓨터판매점,충청북도,제천시,18,18,18
컴퓨터판매점,충청북도,보은군,3,3,3
컴퓨터판매점,충청북도,옥천군,5,5,5
컴퓨터판매점,충청북도,영동군,9,9,9
컴퓨터판매점,충청북도,증평군,6,6,6
컴퓨터판매점,충청북도,진천군,6,6,7
컴퓨터판매점,충청북도,괴산군,0,0,0
컴퓨터판매점,충청북도,음성군,12,12,13
컴퓨터판매점,충청북도,단양군,0,0,0
컴퓨터판매점,충청남도,천안시 동남구,33,33,38
컴퓨터판매점,충청남도,천안시 서북구,55,55,55
컴퓨터판매점,충청남도,공주시,12,12,10
컴퓨터판매점,충청남도,보령시,11,11,10
컴퓨터판매점,충청남도,아산시,23,23,18
컴퓨터판매점,충청남도,서산시,20,20,21
컴퓨터판매점,충청남도,논산시,18,18,18
컴퓨터판매점,충청남도,계룡시,7,7,6
컴퓨터판매점,충청남도,당진시,17,17,19
컴퓨터판매점,충청남도,금산군,8,8,8
컴퓨터판매점,충청남도,부여군,8,8,5
컴퓨터판매점,충청남도,서천군,0,0,0
컴퓨터판매점,충청남도,청양군,4,4,4
컴퓨터판매점,충청남도,홍성군,17,17,18
컴퓨터판매점,충청남도,예산군,10,10,9
컴퓨터판매점,충청남도,태안군,9,9,10
컴퓨터판매점,전라남도,목포시,33,33,34
컴퓨터판매점,전라남도,여수시,24,24,24
컴퓨터판매점,전라남도,순천시,34,34,35
컴퓨터판매점,전라남도,나주시,13,14,14
컴퓨터판매점,전라남도,광양시,15,15,15
컴퓨터판매점,전라남도,담양군,4,4,5
컴퓨터판매점,전라남도,고흥군,4,4,4
컴퓨터판매점,전라남도,화순군,6,6,6
컴퓨터판매점,전라남도,장흥군,0,0,0
컴퓨터판매점,전라남도,강진군,3,3,3
컴퓨터판매점,전라남도,해남군,7,7,7
컴퓨터판매점,전라남도,영암군,0,0,0
컴퓨터판매점,전라남도,무안군,5,5,5
컴퓨터판매점,전라남도,함평군,0,0,0
컴퓨터판매점,전라남도,영광군,4,4,3
컴퓨터판매점,전라남도,장성군,3,3,0
컴퓨터판매점,전라남도,완도군,5,5,3
컴퓨터판매점,전라남도,진도군,0,0,0
컴퓨터판매점,경상북도,포항시 남구,32,32,32
컴퓨터판매점,경상북도,포항시 북구,32,32,32
컴퓨터판매점,경상북도,경주시,30,30,31
컴퓨터판매점,경상북도,김천시,23,24,24
컴퓨터판매점,경상북도,안동시,15,15,15
컴퓨터판매점,경상북도,구미시,49,49,49
컴퓨터판매점,경상북도,영주시,9,9,10
컴퓨터판매점,경상북도,영천시,5,5,5
컴퓨터판매점,경상북도,상주시,12,12,11
컴퓨터판매점,경상북도,문경시,6,6,8
컴퓨터판매점,경상북도,경산시,33,34,33
컴퓨터판매점,경상북도,의성군,8,8,8
컴퓨터판매점,경상북도,청송군,0,0,0
컴퓨터판매점,경상북도,영덕군,4,4,4
컴퓨터판매점,경상북도,청도군,3,3,3
컴퓨터판매점,경상북도,고령군,3,3,4
컴퓨터판매점,경상북도,성주군,5,5,5
컴퓨터판매점,경상북도,칠곡군,16,16,15
컴퓨터판매점,경상북도,예천군,4,4,5
컴퓨터판매점,경상북도,봉화군,0,0,0
컴퓨터판매점,경상북도,울진군,8,8,9
컴퓨터판매점,경상남도,창원시 의창구,26,26,25
컴퓨터판매점,경상남도,창원시 성산구,24,24,25
컴퓨터판매점,경상남도,창원시 마산합포구,25,25,27
컴퓨터판매점,경상남도,창원시 마산회원구,18,18,16
컴퓨터판매점,경상남도,창원시 진해구,16,16,19
컴퓨터판매점,경상남도,진주시,30,30,29
컴퓨터판매점,경상남도,통영시,9,9,9
컴퓨터판매점,경상남도,사천시,9,8,9
컴퓨터판매점,경상남도,김해시,66,68,70
컴퓨터판매점,경상남도,밀양시,9,9,9
컴퓨터판매점,경상남도,거제시,20,20,21
컴퓨터판매점,경상남도,양산시,38,38,38
컴퓨터판매점,경상남도,의령군,0,0,0
컴퓨터판매점,경상남도,함안군,9,9,7
컴퓨터판매점,경상남도,창녕군,5,5,6
컴퓨터판매점,경상남도,고성군,5,5,5
컴퓨터판매점,경상남도,남해군,3,3,4
컴퓨터판매점,경상남도,산청군,0,0,0
컴퓨터판매점,경상남도,함양군,7,7,6
컴퓨터판매점,경상남도,거창군,10,10,10
컴퓨터판매점,경상남도,합천군,9,9,8
컴퓨터판매점,제주특별자치도,제주시,90,89,90
컴퓨터판매점,제주특별자치도,서귀포시,12,12,11
컴퓨터판매점,강원특별자치도,춘천시,40,40,41
컴퓨터판매점,강원특별자치도,원주시,62,62,55
컴퓨터판매점,강원특별자치도,강릉시,24,24,24
컴퓨터판매점,강원특별자치도,동해시,13,12,11
컴퓨터판매점,강원특별자치도,태백시,4,4,5
컴퓨터판매점,강원특별자치도,속초시,8,8,10
컴퓨터판매점,강원특별자치도,삼척시,7,6,6
컴퓨터판매점,강원특별자치도,홍천군,4,4,5
컴퓨터판매점,강원특별자치도,횡성군,3,3,3
컴퓨터판매점,강원특별자치도,영월군,4,4,5
컴퓨터판매점,강원특별자치도,평창군,7,7,8
컴퓨터판매점,강원특별자치도,정선군,0,0,0
컴퓨터판매점,강원특별자치도,철원군,5,5,4
컴퓨터판매점,강원특별자치도,화천군,0,0,0
컴퓨터판매점,강원특별자치도,양구군,0,0,0
컴퓨터판매점,강원특별자치도,인제군,4,4,4
컴퓨터판매점,강원특별자치도,고성군,0,0,0
컴퓨터판매점,강원특별자치도,양양군,0,0,0
컴퓨터판매점,전북특별자치도,전주시 완산구,63,61,57
컴퓨터판매점,전북특별자치도,전주시 덕진구,61,60,62
컴퓨터판매점,전북특별자치도,군산시,27,28,29
컴퓨터판매점,전북특별자치도,익산시,47,47,44
컴퓨터판매점,전북특별자치도,정읍시,8,8,8
컴퓨터판매점,전북특별자치도,남원시,15,15,14
컴퓨터판매점,전북특별자치도,김제시,0,0,0
컴퓨터판매점,전북특별자치도,완주군,11,11,12
컴퓨터판매점,전북특별자치도,진안군,0,0,0
컴퓨터판매점,전북특별자치도,무주군,3,3,4
컴퓨터판매점,전북특별자치도,장수군,3,3,3
컴퓨터판매점,전북특별자치도,임실군,0,0,0
컴퓨터판매점,전북특별자치도,순창군,0,0,0
컴퓨터판매점,전북특별자치도,고창군,4,4,6
컴퓨터판매점,전북특별자치도,부안군,3,3,4
통신판매업,서울특별시,종로구,4075,4068,3850
통신판매업,서울특별시,중구,4348,4300,4265
통신판매업,서울특별시,용산구,4685,4660,4535
통신판매업,서울특별시,성동구,5967,5943,5853
통신판매업,서울특별시,광진구,6308,6276,5937
통신판매업,서울특별시,동대문구,6767,6730,6371
통신판매업,서울특별시,중랑구,5986,5940,5849
통신판매업,서울특별시,성북구,6278,6262,6070
통신판매업,서울특별시,강북구,3856,3841,3912
통신판매업,서울특별시,도봉구,4009,4016,3957
통신판매업,서울특별시,노원구,5762,5741,5722
통신판매업,서울특별시,은평구,6131,6095,6056
통신판매업,서울특별시,서대문구,4658,4620,4529
통신판매업,서울특별시,마포구,7895,7907,7979
통신판매업,서울특별시,양천구,5403,5380,5130
통신판매업,서울특별시,강서구,9551,9481,9125
통신판매업,서울특별시,구로구,6363,6366,6118
통신판매업,서울특별시,금천구,5846,5838,5275
통신판매업,서울특별시,영등포구,7385,7310,7273
통신판매업,서울특별시,동작구,5084,5064,4770
통신판매업,서울특별시,관악구,7137,7088,6641
통신판매업,서울특별시,서초구,9180,9123,8626
통신판매업,서울특별시,강남구,14691,14584,13580
통신판매업,서울특별시,송파구,11373,11366,11120
통신판매업,서울특별시,강동구,7094,7027,6753
통신판매업,부산광역시,중구,581,574,582
통신판매업,부산광역시,서구,845,844,805
통신판매업,부산광역시,동구,1064,1057,1043
통신판매업,부산광역시,영도구,682,672,667
통신판매업,부산광역시,부산진구,4708,4670,4496
통신판매업,부산광역시,동래구,2789,2777,2701
통신판매업,부산광역시,남구,2902,2893,2800
통신판매업,부산광역시,북구,2352,2355,2230
통신판매업,부산광역시,해운대구,5362,5346,5190
통신판매업,부산광역시,사하구,2484,2472,2438
통신판매업,부산광역시,금정구,2024,2014,1957
통신판매업,부산광역시,강서구,2291,2267,2117
통신판매업,부산광역시,연제구,2224,2201,2240
통신판매업,부산광역시,수영구,2778,2773,2663
통신판매업,부산광역시,사상구,1729,1726,1776
통신판매업,부산광역시,기장군,2091,2084,2095
통신판매업,대구광역시,중구,2395,2378,2239
통신판매업,대구광역시,동구,3749,3730,3654
통신판매업,대구광역시,서구,1768,1754,1671
통신판매업,대구광역시,남구,2038,1997,1887
통신판매업,대구광역시,북구,4416,4418,4283
통신판매업,대구광역시,수성구,5308,5302,5149
통신판매업,대구광역시,달서구,5601,5571,5266
통신판매업,대구광역시,달성군,2807,2815,2797
통신판매업,대구광역시,군위군,127,128,131
통신판매업,인천광역시,중구,2990,2978,2726
통신판매업,인천광역시,동구,644,643,653
통신판매업,인천광역시,미추홀구,5716,5675,5487
통신판매업,인천광역시,연수구,9298,9175,8365
통신판매업,인천광역시,남동구,7240,7234,7079
통신판매업,인천광역시,부평구,8208,8175,8075
통신판매업,인천광역시,계양구,3766,3772,3698
통신판매업,인천광역시,서구,12900,12697,11355
통신판매업,인천광역시,강화군,593,595,558
통신판매업,인천광역시,옹진군,104,101,86
통신판매업,광주광역시,동구,1154,1134,1174
통신판매업,광주광역시,서구,3211,3202,3116
통신판매업,광주광역시,남구,1860,1855,1828
통신판매업,광주광역시,북구,3675,3660,3577
통신판매업,광주광역시,광산구,3866,3821,3669
통신판매업,대전광역시,동구,2075,2056,1897
통신판매업,대전광역시,중구,2403,2393,2244
통신판매업,대전광역시,서구,6415,6396,6098
통신판매업,대전광역시,유성구,4914,4831,4336
통신판매업,대전광역시,대덕구,1589,1590,1516
통신판매업,울산광역시,중구,1433,1424,1383
통신판매업,울산광역시,남구,2508,2494,2450
통신판매업,울산광역시,동구,861,849,820
통신판매업,울산광역시,북구,1499,1494,1475
통신판매업,울산광역시,울주군,1480,1450,1435
통신판매업,세종특별자치시,0,4452,4427,4254
통신판매업,경기도,수원시 장안구,3186,3149,2926
통신판매업,경기도,수원시 권선구,5087,5071,4690
통신판매업,경기도,수원시 팔달구,3063,3036,3002
통신판매업,경기도,수원시 영통구,4952,4893,4924
통신판매업,경기도,성남시 수정구,3108,3161,3057
통신판매업,경기도,성남시 중원구,2594,2566,2545
통신판매업,경기도,성남시 분당구,7553,7531,7183
통신판매업,경기도,의정부시,7399,7355,6972
통신판매업,경기도,안양시 만안구,3366,3339,3317
통신판매업,경기도,안양시 동안구,5407,5385,5137
통신판매업,경기도,부천시 원미구,7367,7324,7123
통신판매업,경기도,부천시 소사구,3546,3510,3446
통신판매업,경기도,부천시 오정구,1823,1815,1729
통신판매업,경기도,광명시,4240,4200,3918
통신판매업,경기도,평택시,8236,8148,7707
통신판매업,경기도,동두천시,987,981,909
통신판매업,경기도,안산시 상록구,4632,4577,4581
통신판매업,경기도,안산시 단원구,5356,5341,5472
통신판매업,경기도,고양시 덕양구,8990,8919,8343
통신판매업,경기도,고양시 일산동구,6663,6630,6410
통신판매업,경기도,고양시 일산서구,5154,5129,5126
통신판매업,경기도,과천시,1088,1095,1016
통신판매업,경기도,구리시,3328,3272,3082
통신판매업,경기도,남양주시,16837,16699,15556
통신판매업,경기도,오산시,3242,3185,2969
통신판매업,경기도,시흥시,8640,8572,8198
통신판매업,경기도,군포시,3289,3280,3368
통신판매업,경기도,의왕시,2118,2107,1953
통신판매업,경기도,하남시,6845,6800,6580
통신판매업,경기도,용인시 처인구,4923,4890,4504
통신판매업,경기도,용인시 기흥구,9400,9444,10711
통신판매업,경기도,용인시 수지구,8064,7943,6697
통신판매업,경기도,파주시,12568,12383,11033
통신판매업,경기도,이천시,2492,2485,2046
통신판매업,경기도,안성시,2259,2226,1915
통신판매업,경기도,김포시,17084,17069,14211
통신판매업,경기도,화성시,0,0,0
통신판매업,경기도,화성시 만세구,3191,3170,2942
통신판매업,경기도,화성시 효행구,2037,2032,1839
통신판매업,경기도,화성시 병점구,3085,3015,2753
통신판매업,경기도,화성시 동탄구,9482,9440,8050
통신판매업,경기도,광주시,7114,7063,6732
통신판매업,경기도,양주시,6644,6586,5397
통신판매업,경기도,포천시,2146,2139,1785
통신판매업,경기도,여주시,1146,1136,1012
통신판매업,경기도,연천군,313,318,280
통신판매업,경기도,가평군,640,646,602
통신판매업,경기도,양평군,3119,3154,2365
통신판매업,충청북도,청주시 상당구,1997,1995,1770
통신판매업,충청북도,청주시 서원구,1664,1646,1504
통신판매업,충청북도,청주시 흥덕구,3136,3058,2723
통신판매업,충청북도,청주시 청원구,1871,1860,1654
통신판매업,충청북도,충주시,1500,1492,1420
통신판매업,충청북도,제천시,802,782,721
통신판매업,충청북도,보은군,155,153,151
통신판매업,충청북도,옥천군,327,324,293
통신판매업,충청북도,영동군,244,244,232
통신판매업,충청북도,증평군,287,279,254
통신판매업,충청북도,진천군,647,644,584
통신판매업,충청북도,괴산군,267,262,231
통신판매업,충청북도,음성군,739,717,615
통신판매업,충청북도,단양군,126,123,121
통신판매업,충청남도,천안시 동남구,3098,3071,2894
통신판매업,충청남도,천안시 서북구,5392,5389,4748
통신판매업,충청남도,공주시,673,666,600
통신판매업,충청남도,보령시,555,553,514
통신판매업,충청남도,아산시,3740,3707,3423
통신판매업,충청남도,서산시,1223,1221,1178
통신판매업,충청남도,논산시,728,716,667
통신판매업,충청남도,계룡시,392,392,365
통신판매업,충청남도,당진시,1357,1347,1224
통신판매업,충청남도,금산군,412,402,406
통신판매업,충청남도,부여군,343,343,330
통신판매업,충청남도,서천군,205,201,197
통신판매업,충청남도,청양군,149,148,131
통신판매업,충청남도,홍성군,627,615,561
통신판매업,충청남도,예산군,480,473,448
통신판매업,충청남도,태안군,404,405,361
통신판매업,전라남도,목포시,1495,1489,1457
통신판매업,전라남도,여수시,1738,1728,1600
통신판매업,전라남도,순천시,1900,1895,1782
통신판매업,전라남도,나주시,1092,1070,976
통신판매업,전라남도,광양시,976,971,893
통신판매업,전라남도,담양군,325,320,328
통신판매업,전라남도,곡성군,138,136,132
통신판매업,전라남도,구례군,148,148,137
통신판매업,전라남도,고흥군,264,264,264
통신판매업,전라남도,보성군,184,180,170
통신판매업,전라남도,화순군,364,361,351
통신판매업,전라남도,장흥군,152,154,138
통신판매업,전라남도,강진군,156,156,151
통신판매업,전라남도,해남군,416,417,423
통신판매업,전라남도,영암군,290,290,266
통신판매업,전라남도,무안군,624,622,570
통신판매업,전라남도,함평군,154,152,138
통신판매업,전라남도,영광군,261,261,247
통신판매업,전라남도,장성군,250,253,232
통신판매업,전라남도,완도군,223,222,213
통신판매업,전라남도,진도군,170,167,172
통신판매업,전라남도,신안군,231,232,218
통신판매업,경상북도,포항시 남구,1429,1434,1347
통신판매업,경상북도,포항시 북구,2321,2290,2116
통신판매업,경상북도,경주시,1568,1550,1455
통신판매업,경상북도,김천시,1078,1077,1026
통신판매업,경상북도,안동시,967,964,919
통신판매업,경상북도,구미시,3647,3652,3428
통신판매업,경상북도,영주시,624,629,658
통신판매업,경상북도,영천시,742,726,687
통신판매업,경상북도,상주시,490,489,490
통신판매업,경상북도,문경시,375,376,373
통신판매업,경상북도,경산시,3134,3111,2978
통신판매업,경상북도,의성군,254,255,256
통신판매업,경상북도,청송군,157,159,161
통신판매업,경상북도,영양군,78,76,81
통신판매업,경상북도,영덕군,164,164,147
통신판매업,경상북도,청도군,292,291,278
통신판매업,경상북도,고령군,244,244,217
통신판매업,경상북도,성주군,335,333,337
통신판매업,경상북도,칠곡군,986,974,956
통신판매업,경상북도,예천군,344,334,333
통신판매업,경상북도,봉화군,159,159,158
통신판매업,경상북도,울진군,237,237,239
통신판매업,경상북도,울릉군,43,43,32
통신판매업,경상남도,창원시 의창구,1669,1664,1636
통신판매업,경상남도,창원시 성산구,1963,1934,1895
통신판매업,경상남도,창원시 마산합포구,1279,1264,1246
통신판매업,경상남도,창원시 마산회원구,1190,1170,1110
통신판매업,경상남도,창원시 진해구,1281,1270,1237
통신판매업,경상남도,진주시,2372,2352,2206
통신판매업,경상남도,통영시,753,751,723
통신판매업,경상남도,사천시,676,673,639
통신판매업,경상남도,김해시,5601,5549,5214
통신판매업,경상남도,밀양시,685,678,674
통신판매업,경상남도,거제시,1605,1591,1554
통신판매업,경상남도,양산시,3966,3945,3823
통신판매업,경상남도,의령군,81,80,76
통신판매업,경상남도,함안군,303,307,286
통신판매업,경상남도,창녕군,280,278,276
통신판매업,경상남도,고성군,200,198,185
통신판매업,경상남도,남해군,220,215,195
통신판매업,경상남도,하동군,206,201,192
통신판매업,경상남도,산청군,183,180,184
통신판매업,경상남도,함양군,176,173,166
통신판매업,경상남도,거창군,323,319,300
통신판매업,경상남도,합천군,132,135,125
통신판매업,제주특별자치도,제주시,4707,4690,4413
통신판매업,제주특별자치도,서귀포시,1909,1872,1750
통신판매업,강원특별자치도,춘천시,2372,2349,2182
통신판매업,강원특별자치도,원주시,4389,4333,3799
통신판매업,강원특별자치도,강릉시,1462,1457,1399
통신판매업,강원특별자치도,동해시,513,507,456
통신판매업,강원특별자치도,태백시,148,150,167
통신판매업,강원특별자치도,속초시,603,596,573
통신판매업,강원특별자치도,삼척시,233,231,208
통신판매업,강원특별자치도,홍천군,432,420,397
통신판매업,강원특별자치도,횡성군,317,314,300
통신판매업,강원특별자치도,영월군,191,185,167
통신판매업,강원특별자치도,평창군,271,264,244
통신판매업,강원특별자치도,정선군,142,141,130
통신판매업,강원특별자치도,철원군,214,210,202
통신판매업,강원특별자치도,화천군,109,113,110
통신판매업,강원특별자치도,양구군,121,117,104
통신판매업,강원특별자치도,인제군,176,172,151
통신판매업,강원특별자치도,고성군,164,159,127
통신판매업,강원특별자치도,양양군,239,248,271
통신판매업,전북특별자치도,전주시 완산구,3021,2985,2854
통신판매업,전북특별자치도,전주시 덕진구,3019,3028,2741
통신판매업,전북특별자치도,군산시,1902,1865,1679
통신판매업,전북특별자치도,익산시,1799,1799,1687
통신판매업,전북특별자치도,정읍시,577,576,526
통신판매업,전북특별자치도,남원시,359,364,353
통신판매업,전북특별자치도,김제시,437,429,386
통신판매업,전북특별자치도,완주군,716,727,669
통신판매업,전북특별자치도,진안군,101,103,98
통신판매업,전북특별자치도,무주군,128,126,119
통신판매업,전북특별자치도,장수군,95,92,85
통신판매업,전북특별자치도,임실군,100,97,100
통신판매업,전북특별자치도,순창군,137,138,124
통신판매업,전북특별자치도,고창군,279,280,261
통신판매업,전북특별자치도,부안군,264,265,236
편의점,서울특별시,종로구,250,248,251
편의점,서울특별시,중구,308,309,310
편의점,서울특별시,용산구,227,227,229
편의점,서울특별시,성동구,261,262,257
편의점,서울특별시,광진구,315,316,325
편의점,서울특별시,동대문구,313,313,318
편의점,서울특별시,중랑구,304,304,294
편의점,서울특별시,성북구,288,287,291
편의점,서울특별시,강북구,236,237,241
편의점,서울특별시,도봉구,225,225,233
편의점,서울특별시,노원구,302,299,306
편의점,서울특별시,은평구,318,321,333
편의점,서울특별시,서대문구,259,257,269
편의점,서울특별시,마포구,451,452,452
편의점,서울특별시,양천구,251,253,261
편의점,서울특별시,강서구,483,480,499
편의점,서울특별시,구로구,321,320,329
편의점,서울특별시,금천구,279,278,286
편의점,서울특별시,영등포구,423,422,437
편의점,서울특별시,동작구,280,278,283
편의점,서울특별시,관악구,368,369,381
편의점,서울특별시,서초구,404,398,405
편의점,서울특별시,강남구,676,676,713
편의점,서울특별시,송파구,491,487,494
편의점,서울특별시,강동구,333,330,332
편의점,부산광역시,중구,79,79,80
편의점,부산광역시,서구,97,96,102
편의점,부산광역시,동구,90,90,86
편의점,부산광역시,영도구,88,86,87
편의점,부산광역시,부산진구,377,378,370
편의점,부산광역시,동래구,195,198,208
편의점,부산광역시,남구,196,194,201
편의점,부산광역시,북구,149,150,153
편의점,부산광역시,해운대구,312,311,317
편의점,부산광역시,사하구,238,236,249
편의점,부산광역시,금정구,181,180,188
편의점,부산광역시,강서구,195,193,197
편의점,부산광역시,연제구,146,147,147
편의점,부산광역시,수영구,169,170,173
편의점,부산광역시,사상구,179,179,187
편의점,부산광역시,기장군,176,175,169
편의점,대구광역시,중구,157,155,155
편의점,대구광역시,동구,274,272,290
편의점,대구광역시,서구,147,145,151
편의점,대구광역시,남구,151,149,155
편의점,대구광역시,북구,351,347,366
편의점,대구광역시,수성구,297,299,316
편의점,대구광역시,달서구,452,456,461
편의점,대구광역시,달성군,241,242,244
편의점,대구광역시,군위군,16,16,16
편의점,인천광역시,중구,274,275,273
편의점,인천광역시,동구,55,56,57
편의점,인천광역시,미추홀구,414,413,414
편의점,인천광역시,연수구,368,369,363
편의점,인천광역시,남동구,447,450,484
편의점,인천광역시,부평구,426,425,451
편의점,인천광역시,계양구,237,239,256
편의점,인천광역시,서구,576,574,591
편의점,인천광역시,강화군,119,118,121
편의점,인천광역시,옹진군,34,34,36
편의점,광주광역시,동구,137,137,140
편의점,광주광역시,서구,279,279,290
편의점,광주광역시,남구,149,152,149
편의점,광주광역시,북구,355,354,353
편의점,광주광역시,광산구,388,383,400
편의점,대전광역시,동구,224,226,211
편의점,대전광역시,중구,209,210,221
편의점,대전광역시,서구,456,455,460
편의점,대전광역시,유성구,385,384,395
편의점,대전광역시,대덕구,159,159,178
편의점,울산광역시,중구,167,168,169
편의점,울산광역시,남구,345,339,360
편의점,울산광역시,동구,155,155,162
편의점,울산광역시,북구,175,175,167
편의점,울산광역시,울주군,241,242,247
편의점,세종특별자치시,0,307,308,323
편의점,경기도,수원시 장안구,218,220,241
편의점,경기도,수원시 권선구,334,331,345
편의점,경기도,수원시 팔달구,258,257,267
편의점,경기도,수원시 영통구,303,300,308
편의점,경기도,성남시 수정구,225,226,233
편의점,경기도,성남시 중원구,188,188,199
편의점,경기도,성남시 분당구,356,355,368
편의점,경기도,의정부시,428,431,441
편의점,경기도,안양시 만안구,194,196,202
편의점,경기도,안양시 동안구,256,259,258
편의점,경기도,부천시 원미구,355,357,380
편의점,경기도,부천시 소사구,177,177,185
편의점,경기도,부천시 오정구,133,132,143
편의점,경기도,광명시,187,185,182
편의점,경기도,평택시,877,873,914
편의점,경기도,동두천시,98,96,102
편의점,경기도,안산시 상록구,315,314,311
편의점,경기도,안산시 단원구,370,372,384
편의점,경기도,고양시 덕양구,401,401,406
편의점,경기도,고양시 일산동구,292,291,306
편의점,경기도,고양시 일산서구,196,194,208
편의점,경기도,과천시,74,74,82
편의점,경기도,구리시,168,169,181
편의점,경기도,남양주시,633,630,652
편의점,경기도,오산시,278,282,280
편의점,경기도,시흥시,552,552,566
편의점,경기도,군포시,202,205,205
편의점,경기도,의왕시,117,113,118
편의점,경기도,하남시,270,269,292
편의점,경기도,용인시 처인구,437,433,445
편의점,경기도,용인시 기흥구,343,341,366
편의점,경기도,용인시 수지구,220,221,223
편의점,경기도,파주시,549,543,570
편의점,경기도,이천시,354,354,366
편의점,경기도,안성시,320,321,327
편의점,경기도,김포시,495,494,518
편의점,경기도,화성시,0,0,0
편의점,경기도,화성시 만세구,482,483,502
편의점,경기도,화성시 효행구,203,204,200
편의점,경기도,화성시 병점구,135,135,167
편의점,경기도,화성시 동탄구,352,351,306
편의점,경기도,광주시,430,429,440
편의점,경기도,양주시,316,316,328
편의점,경기도,포천시,275,275,276
편의점,경기도,여주시,182,182,186
편의점,경기도,연천군,61,61,69
편의점,경기도,가평군,129,131,136
편의점,경기도,양평군,151,151,155
편의점,충청북도,청주시 상당구,192,190,197
편의점,충청북도,청주시 서원구,189,185,192
편의점,충청북도,청주시 흥덕구,376,367,377
편의점,충청북도,청주시 청원구,260,260,255
편의점,충청북도,충주시,260,259,261
편의점,충청북도,제천시,129,130,133
편의점,충청북도,보은군,24,24,26
편의점,충청북도,옥천군,54,55,55
편의점,충청북도,영동군,37,35,37
편의점,충청북도,증평군,51,51,51
편의점,충청북도,진천군,164,162,165
편의점,충청북도,괴산군,30,30,28
편의점,충청북도,음성군,186,185,190
편의점,충청북도,단양군,26,26,27
편의점,충청남도,천안시 동남구,371,372,381
편의점,충청남도,천안시 서북구,581,576,570
편의점,충청남도,공주시,113,115,119
편의점,충청남도,보령시,155,155,161
편의점,충청남도,아산시,513,510,502
편의점,충청남도,서산시,242,238,242
편의점,충청남도,논산시,117,116,123
편의점,충청남도,계룡시,31,31,32
편의점,충청남도,당진시,269,267,269
편의점,충청남도,금산군,42,43,43
편의점,충청남도,부여군,50,50,54
편의점,충청남도,서천군,46,46,49
편의점,충청남도,청양군,27,26,26
편의점,충청남도,홍성군,107,106,107
편의점,충청남도,예산군,102,102,101
편의점,충청남도,태안군,123,123,124
편의점,전라남도,목포시,225,222,221
편의점,전라남도,여수시,344,344,351
편의점,전라남도,순천시,243,239,253
편의점,전라남도,나주시,112,111,113
편의점,전라남도,광양시,145,149,151
편의점,전라남도,담양군,30,30,30
편의점,전라남도,곡성군,22,22,22
편의점,전라남도,구례군,17,17,18
편의점,전라남도,고흥군,51,53,52
편의점,전라남도,보성군,25,25,25
편의점,전라남도,화순군,36,36,37
편의점,전라남도,장흥군,28,26,25
편의점,전라남도,강진군,24,24,24
편의점,전라남도,해남군,67,65,66
편의점,전라남도,영암군,59,58,60
편의점,전라남도,무안군,86,86,91
편의점,전라남도,함평군,13,13,14
편의점,전라남도,영광군,39,39,41
편의점,전라남도,장성군,28,28,28
편의점,전라남도,완도군,50,47,48
편의점,전라남도,진도군,23,23,23
편의점,전라남도,신안군,17,17,18
편의점,경상북도,포항시 남구,247,247,256
편의점,경상북도,포항시 북구,258,256,264
편의점,경상북도,경주시,328,328,329
편의점,경상북도,김천시,127,127,129
편의점,경상북도,안동시,137,137,139
편의점,경상북도,구미시,478,475,475
편의점,경상북도,영주시,79,80,81
편의점,경상북도,영천시,94,94,92
편의점,경상북도,상주시,64,64,62
편의점,경상북도,문경시,62,63,60
편의점,경상북도,경산시,308,311,326
편의점,경상북도,의성군,27,27,26
편의점,경상북도,청송군,16,16,16
편의점,경상북도,영양군,6,6,4
편의점,경상북도,영덕군,36,36,42
편의점,경상북도,청도군,28,28,28
편의점,경상북도,고령군,32,34,33
편의점,경상북도,성주군,38,38,41
편의점,경상북도,칠곡군,151,150,150
편의점,경상북도,예천군,30,30,28
편의점,경상북도,봉화군,12,12,14
편의점,경상북도,울진군,53,52,51
편의점,경상북도,울릉군,14,13,12
편의점,경상남도,창원시 의창구,206,206,211
편의점,경상남도,창원시 성산구,239,239,237
편의점,경상남도,창원시 마산합포구,172,171,182
편의점,경상남도,창원시 마산회원구,146,146,158
편의점,경상남도,창원시 진해구,208,208,210
편의점,경상남도,진주시,308,309,321
편의점,경상남도,통영시,146,147,155
편의점,경상남도,사천시,125,129,131
편의점,경상남도,김해시,554,553,560
편의점,경상남도,밀양시,97,98,106
편의점,경상남도,거제시,303,301,314
편의점,경상남도,양산시,352,350,352
편의점,경상남도,의령군,16,16,16
편의점,경상남도,함안군,63,63,68
편의점,경상남도,창녕군,57,57,56
편의점,경상남도,고성군,57,56,56
편의점,경상남도,남해군,61,60,60
편의점,경상남도,하동군,36,36,37
편의점,경상남도,산청군,19,19,19
편의점,경상남도,함양군,30,30,29
편의점,경상남도,거창군,58,58,56
편의점,경상남도,합천군,23,22,21
편의점,제주특별자치도,제주시,894,894,938
편의점,제주특별자치도,서귀포시,401,393,408
편의점,강원특별자치도,춘천시,357,350,362
편의점,강원특별자치도,원주시,469,469,481
편의점,강원특별자치도,강릉시,330,332,344
편의점,강원특별자치도,동해시,124,125,128
편의점,강원특별자치도,태백시,56,56,57
편의점,강원특별자치도,속초시,166,166,167
편의점,강원특별자치도,삼척시,96,95,101
편의점,강원특별자치도,홍천군,71,71,70
편의점,강원특별자치도,횡성군,54,54,54
편의점,강원특별자치도,영월군,41,41,39
편의점,강원특별자치도,평창군,79,79,79
편의점,강원특별자치도,정선군,66,65,64
편의점,강원특별자치도,철원군,53,54,55
편의점,강원특별자치도,화천군,28,28,29
편의점,강원특별자치도,양구군,22,23,20
편의점,강원특별자치도,인제군,53,54,54
편의점,강원특별자치도,고성군,71,71,69
편의점,강원특별자치도,양양군,80,79,82
편의점,전북특별자치도,전주시 완산구,287,289,307
편의점,전북특별자치도,전주시 덕진구,333,330,343
편의점,전북특별자치도,군산시,269,264,266
편의점,전북특별자치도,익산시,223,223,232
편의점,전북특별자치도,정읍시,97,98,98
편의점,전북특별자치도,남원시,57,55,56
편의점,전북특별자치도,김제시,79,79,75
편의점,전북특별자치도,완주군,94,96,97
편의점,전북특별자치도,진안군,12,12,12
편의점,전북특별자치도,무주군,34,33,33
편의점,전북특별자치도,장수군,17,17,17
편의점,전북특별자치도,임실군,20,20,21
편의점,전북특별자치도,순창군,15,15,13
편의점,전북특별자치도,고창군,53,53,54
편의점,전북특별자치도,부안군,60,59,60
화장품가게,서울특별시,종로구,126,123,112
화장품가게,서울특별시,중구,216,217,223
화장품가게,서울특별시,용산구,129,133,144
화장품가게,서울특별시,성동구,173,176,186
화장품가게,서울특별시,광진구,217,216,235
화장품가게,서울특별시,동대문구,181,182,193
화장품가게,서울특별시,중랑구,214,217,236
화장품가게,서울특별시,성북구,174,175,188
화장품가게,서울특별시,강북구,138,136,143
화장품가게,서울특별시,도봉구,138,137,136
화장품가게,서울특별시,노원구,224,228,251
화장품가게,서울특별시,은평구,236,241,257
화장품가게,서울특별시,서대문구,139,136,136
화장품가게,서울특별시,마포구,274,279,286
화장품가게,서울특별시,양천구,192,192,206
화장품가게,서울특별시,강서구,387,387,397
화장품가게,서울특별시,구로구,241,242,259
화장품가게,서울특별시,금천구,188,190,191
화장품가게,서울특별시,영등포구,281,282,290
화장품가게,서울특별시,동작구,133,136,146
화장품가게,서울특별시,관악구,244,242,247
화장품가게,서울특별시,서초구,415,419,443
화장품가게,서울특별시,강남구,841,848,897
화장품가게,서울특별시,송파구,497,498,531
화장품가게,서울특별시,강동구,251,256,267
화장품가게,부산광역시,중구,100,101,102
화장품가게,부산광역시,서구,42,41,47
화장품가게,부산광역시,동구,84,85,87
화장품가게,부산광역시,영도구,48,47,46
화장품가게,부산광역시,부산진구,333,333,353
화장품가게,부산광역시,동래구,191,191,202
화장품가게,부산광역시,남구,151,152,155
화장품가게,부산광역시,북구,153,155,166
화장품가게,부산광역시,해운대구,325,323,352
화장품가게,부산광역시,사하구,141,145,159
화장품가게,부산광역시,금정구,127,129,140
화장품가게,부산광역시,강서구,77,71,68
화장품가게,부산광역시,연제구,138,141,149
화장품가게,부산광역시,수영구,185,186,192
화장품가게,부산광역시,사상구,104,105,111
화장품가게,부산광역시,기장군,95,96,101
화장품가게,대구광역시,중구,195,199,215
화장품가게,대구광역시,동구,234,234,258
화장품가게,대구광역시,서구,123,122,123
화장품가게,대구광역시,남구,150,150,157
화장품가게,대구광역시,북구,257,258,288
화장품가게,대구광역시,수성구,447,446,491
화장품가게,대구광역시,달서구,390,397,425
화장품가게,대구광역시,달성군,131,131,138
화장품가게,대구광역시,군위군,7,7,8
화장품가게,인천광역시,중구,125,126,117
화장품가게,인천광역시,동구,26,26,26
화장품가게,인천광역시,미추홀구,210,215,219
화장품가게,인천광역시,연수구,253,256,248
화장품가게,인천광역시,남동구,284,287,304
화장품가게,인천광역시,부평구,310,309,308
화장품가게,인천광역시,계양구,125,127,134
화장품가게,인천광역시,서구,347,348,354
화장품가게,인천광역시,강화군,38,39,39
화장품가게,인천광역시,옹진군,0,0,0
화장품가게,광주광역시,동구,109,109,106
화장품가게,광주광역시,서구,304,308,325
화장품가게,광주광역시,남구,159,161,176
화장품가게,광주광역시,북구,279,281,306
화장품가게,광주광역시,광산구,236,234,250
화장품가게,대전광역시,동구,111,111,118
화장품가게,대전광역시,중구,192,193,204
화장품가게,대전광역시,서구,454,453,491
화장품가게,대전광역시,유성구,289,292,317
화장품가게,대전광역시,대덕구,124,125,118
화장품가게,울산광역시,중구,150,150,162
화장품가게,울산광역시,남구,403,405,447
화장품가게,울산광역시,동구,109,109,117
화장품가게,울산광역시,북구,115,118,120
화장품가게,울산광역시,울주군,128,128,132
화장품가게,세종특별자치시,0,176,176,190
화장품가게,경기도,수원시 장안구,126,127,135
화장품가게,경기도,수원시 권선구,197,191,206
화장품가게,경기도,수원시 팔달구,257,255,292
화장품가게,경기도,수원시 영통구,221,222,249
화장품가게,경기도,성남시 수정구,135,137,144
화장품가게,경기도,성남시 중원구,128,128,122
화장품가게,경기도,성남시 분당구,402,408,440
화장품가게,경기도,의정부시,322,323,337
화장품가게,경기도,안양시 만안구,135,133,128
화장품가게,경기도,안양시 동안구,243,245,253
화장품가게,경기도,부천시 원미구,347,353,353
화장품가게,경기도,부천시 소사구,129,128,125
화장품가게,경기도,부천시 오정구,68,66,63
화장품가게,경기도,광명시,174,178,188
화장품가게,경기도,평택시,456,458,488
화장품가게,경기도,동두천시,64,67,67
화장품가게,경기도,안산시 상록구,208,209,222
화장품가게,경기도,안산시 단원구,275,281,315
화장품가게,경기도,고양시 덕양구,275,279,306
화장품가게,경기도,고양시 일산동구,294,292,316
화장품가게,경기도,고양시 일산서구,191,192,187
화장품가게,경기도,과천시,27,28,26
화장품가게,경기도,구리시,147,145,153
화장품가게,경기도,남양주시,498,503,521
화장품가게,경기도,오산시,141,138,155
화장품가게,경기도,시흥시,300,300,322
화장품가게,경기도,군포시,120,121,132
화장품가게,경기도,의왕시,61,62,62
화장품가게,경기도,하남시,218,219,223
화장품가게,경기도,용인시 처인구,135,138,149
화장품가게,경기도,용인시 기흥구,268,273,288
화장품가게,경기도,용인시 수지구,183,180,202
화장품가게,경기도,파주시,284,288,299
화장품가게,경기도,이천시,118,119,121
화장품가게,경기도,안성시,103,102,104
화장품가게,경기도,김포시,329,332,356
화장품가게,경기도,화성시,0,0,0
화장품가게,경기도,화성시 만세구,126,124,139
화장품가게,경기도,화성시 효행구,46,45,39
화장품가게,경기도,화성시 병점구,89,89,119
화장품가게,경기도,화성시 동탄구,205,207,200
화장품가게,경기도,광주시,201,201,219
화장품가게,경기도,양주시,146,147,141
화장품가게,경기도,포천시,83,86,84
화장품가게,경기도,여주시,66,65,63
화장품가게,경기도,연천군,20,20,22
화장품가게,경기도,가평군,40,40,41
화장품가게,경기도,양평군,61,61,69
화장품가게,충청북도,청주시 상당구,128,126,130
화장품가게,충청북도,청주시 서원구,125,125,128
화장품가게,충청북도,청주시 흥덕구,194,192,196
화장품가게,충청북도,청주시 청원구,126,126,133
화장품가게,충청북도,충주시,119,117,130
화장품가게,충청북도,제천시,88,90,87
화장품가게,충청북도,보은군,11,11,12
화장품가게,충청북도,옥천군,32,33,34
화장품가게,충청북도,영동군,18,16,16
화장품가게,충청북도,증평군,21,20,24
화장품가게,충청북도,진천군,38,37,44
화장품가게,충청북도,괴산군,14,14,14
화장품가게,충청북도,음성군,59,57,63
화장품가게,충청북도,단양군,14,14,13
화장품가게,충청남도,천안시 동남구,159,157,172
화장품가게,충청남도,천안시 서북구,352,360,385
화장품가게,충청남도,공주시,54,54,58
화장품가게,충청남도,보령시,76,74,69
화장품가게,충청남도,아산시,163,164,173
화장품가게,충청남도,서산시,117,118,118
화장품가게,충청남도,논산시,82,82,83
화장품가게,충청남도,계룡시,35,33,37
화장품가게,충청남도,당진시,103,102,110
화장품가게,충청남도,금산군,27,27,24
화장품가게,충청남도,부여군,27,26,26
화장품가게,충청남도,서천군,24,23,22
화장품가게,충청남도,청양군,17,17,19
화장품가게,충청남도,홍성군,49,50,49
화장품가게,충청남도,예산군,57,56,58
화장품가게,충청남도,태안군,41,41,43
화장품가게,전라남도,목포시,137,136,139
화장품가게,전라남도,여수시,164,166,189
화장품가게,전라남도,순천시,215,216,235
화장품가게,전라남도,나주시,52,52,52
화장품가게,전라남도,광양시,97,95,102
화장품가게,전라남도,담양군,11,11,12
화장품가게,전라남도,곡성군,7,7,6
화장품가게,전라남도,구례군,12,12,13
화장품가게,전라남도,고흥군,25,25,26
화장품가게,전라남도,보성군,13,12,13
화장품가게,전라남도,화순군,30,30,27
화장품가게,전라남도,장흥군,22,22,19
화장품가게,전라남도,강진군,13,13,14
화장품가게,전라남도,해남군,36,31,27
화장품가게,전라남도,영암군,17,17,16
화장품가게,전라남도,무안군,46,48,49
화장품가게,전라남도,함평군,4,4,5
화장품가게,전라남도,영광군,42,44,45
화장품가게,전라남도,장성군,11,11,10
화장품가게,전라남도,완도군,18,18,20
화장품가게,전라남도,진도군,12,11,11
화장품가게,전라남도,신안군,0,0,0
화장품가게,경상북도,포항시 남구,244,245,256
화장품가게,경상북도,포항시 북구,309,310,323
화장품가게,경상북도,경주시,208,201,207
화장품가게,경상북도,김천시,62,65,67
화장품가게,경상북도,안동시,128,126,133
화장품가게,경상북도,구미시,282,279,302
화장품가게,경상북도,영주시,81,80,90
화장품가게,경상북도,영천시,49,50,54
화장품가게,경상북도,상주시,33,32,30
화장품가게,경상북도,문경시,39,40,42
화장품가게,경상북도,경산시,178,179,188
화장품가게,경상북도,의성군,13,13,16
화장품가게,경상북도,청송군,7,7,6
화장품가게,경상북도,영양군,6,6,6
화장품가게,경상북도,영덕군,31,31,31
화장품가게,경상북도,청도군,16,17,20
화장품가게,경상북도,고령군,12,13,13
화장품가게,경상북도,성주군,15,15,16
화장품가게,경상북도,칠곡군,67,66,67
화장품가게,경상북도,예천군,20,21,16
화장품가게,경상북도,봉화군,7,7,9
화장품가게,경상북도,울진군,19,19,19
화장품가게,경상북도,울릉군,4,4,4
화장품가게,경상남도,창원시 의창구,147,145,151
화장품가게,경상남도,창원시 성산구,244,244,263
화장품가게,경상남도,창원시 마산합포구,137,139,148
화장품가게,경상남도,창원시 마산회원구,147,148,155
화장품가게,경상남도,창원시 진해구,124,127,129
화장품가게,경상남도,진주시,269,269,297
화장품가게,경상남도,통영시,82,81,83
화장품가게,경상남도,사천시,84,85,81
화장품가게,경상남도,김해시,389,394,401
화장품가게,경상남도,밀양시,60,60,59
화장품가게,경상남도,거제시,140,140,150
화장품가게,경상남도,양산시,228,226,238
화장품가게,경상남도,의령군,9,10,9
화장품가게,경상남도,함안군,23,23,24
화장품가게,경상남도,창녕군,38,38,38
화장품가게,경상남도,고성군,27,27,27
화장품가게,경상남도,남해군,18,18,19
화장품가게,경상남도,하동군,20,20,18
화장품가게,경상남도,산청군,9,9,11
화장품가게,경상남도,함양군,11,11,10
화장품가게,경상남도,거창군,47,45,46
화장품가게,경상남도,합천군,7,8,8
화장품가게,제주특별자치도,제주시,553,550,572
화장품가게,제주특별자치도,서귀포시,127,129,143
화장품가게,강원특별자치도,춘천시,205,203,194
화장품가게,강원특별자치도,원주시,266,267,283
화장품가게,강원특별자치도,강릉시,172,174,187
화장품가게,강원특별자치도,동해시,76,76,83
화장품가게,강원특별자치도,태백시,37,36,39
화장품가게,강원특별자치도,속초시,74,76,79
화장품가게,강원특별자치도,삼척시,38,38,36
화장품가게,강원특별자치도,홍천군,35,35,38
화장품가게,강원특별자치도,횡성군,21,23,26
화장품가게,강원특별자치도,영월군,18,18,18
화장품가게,강원특별자치도,평창군,14,14,17
화장품가게,강원특별자치도,정선군,27,27,30
화장품가게,강원특별자치도,철원군,24,25,23
화장품가게,강원특별자치도,화천군,6,6,7
화장품가게,강원특별자치도,양구군,5,5,6
화장품가게,강원특별자치도,인제군,18,18,19
화장품가게,강원특별자치도,고성군,8,9,11
화장품가게,강원특별자치도,양양군,12,12,12
화장품가게,전북특별자치도,전주시 완산구,404,402,433
화장품가게,전북특별자치도,전주시 덕진구,248,249,264
화장품가게,전북특별자치도,군산시,210,209,216
화장품가게,전북특별자치도,익산시,241,244,262
화장품가게,전북특별자치도,정읍시,62,63,59
화장품가게,전북특별자치도,남원시,55,55,64
화장품가게,전북특별자치도,김제시,41,40,38
화장품가게,전북특별자치도,완주군,35,35,40
화장품가게,전북특별자치도,진안군,9,9,8
화장품가게,전북특별자치도,무주군,3,3,6
화장품가게,전북특별자치도,장수군,7,7,7
화장품가게,전북특별자치도,임실군,5,6,8
화장품가게,전북특별자치도,순창군,13,13,15
화장품가게,전북특별자치도,고창군,24,24,29
화장품가게,전북특별자치도,부안군,30,30,32
휴대폰가게,서울특별시,종로구,50,49,46
휴대폰가게,서울특별시,중구,86,86,85
휴대폰가게,서울특별시,용산구,76,77,76
휴대폰가게,서울특별시,성동구,73,73,76
휴대폰가게,서울특별시,광진구,252,252,249
휴대폰가게,서울특별시,동대문구,101,104,102
휴대폰가게,서울특별시,중랑구,136,137,133
휴대폰가게,서울특별시,성북구,78,78,80
휴대폰가게,서울특별시,강북구,95,94,94
휴대폰가게,서울특별시,도봉구,116,117,107
휴대폰가게,서울특별시,노원구,111,110,119
휴대폰가게,서울특별시,은평구,114,113,120
휴대폰가게,서울특별시,서대문구,50,51,53
휴대폰가게,서울특별시,마포구,101,102,93
휴대폰가게,서울특별시,양천구,91,92,93
휴대폰가게,서울특별시,강서구,174,179,167
휴대폰가게,서울특별시,구로구,286,287,290
휴대폰가게,서울특별시,금천구,136,135,131
휴대폰가게,서울특별시,영등포구,142,143,149
휴대폰가게,서울특별시,동작구,78,77,65
휴대폰가게,서울특별시,관악구,118,119,113
휴대폰가게,서울특별시,서초구,85,85,99
휴대폰가게,서울특별시,강남구,134,134,140
휴대폰가게,서울특별시,송파구,169,174,164
휴대폰가게,서울특별시,강동구,113,113,111
휴대폰가게,부산광역시,중구,37,38,38
휴대폰가게,부산광역시,서구,33,36,35
휴대폰가게,부산광역시,동구,55,55,47
휴대폰가게,부산광역시,영도구,32,32,30
휴대폰가게,부산광역시,부산진구,185,182,172
휴대폰가게,부산광역시,동래구,141,142,127
휴대폰가게,부산광역시,남구,102,102,97
휴대폰가게,부산광역시,북구,81,82,80
휴대폰가게,부산광역시,해운대구,106,106,110
휴대폰가게,부산광역시,사하구,120,120,110
휴대폰가게,부산광역시,금정구,88,86,73
휴대폰가게,부산광역시,강서구,39,38,44
휴대폰가게,부산광역시,연제구,80,76,71
휴대폰가게,부산광역시,수영구,74,72,69
휴대폰가게,부산광역시,사상구,105,104,101
휴대폰가게,부산광역시,기장군,45,46,44
휴대폰가게,대구광역시,중구,78,76,81
휴대폰가게,대구광역시,동구,118,117,109
휴대폰가게,대구광역시,서구,108,109,97
휴대폰가게,대구광역시,남구,81,81,78
휴대폰가게,대구광역시,북구,194,192,191
휴대폰가게,대구광역시,수성구,133,127,131
휴대폰가게,대구광역시,달서구,216,219,208
휴대폰가게,대구광역시,달성군,77,76,72
휴대폰가게,대구광역시,군위군,5,5,5
휴대폰가게,인천광역시,중구,62,62,62
휴대폰가게,인천광역시,동구,18,18,22
휴대폰가게,인천광역시,미추홀구,193,184,175
휴대폰가게,인천광역시,연수구,113,113,106
휴대폰가게,인천광역시,남동구,201,200,198
휴대폰가게,인천광역시,부평구,253,252,247
휴대폰가게,인천광역시,계양구,95,92,90
휴대폰가게,인천광역시,서구,265,262,238
휴대폰가게,인천광역시,강화군,19,19,19
휴대폰가게,인천광역시,옹진군,0,0,0
휴대폰가게,광주광역시,동구,46,46,53
휴대폰가게,광주광역시,서구,128,126,130
휴대폰가게,광주광역시,남구,61,62,61
휴대폰가게,광주광역시,북구,183,179,175
휴대폰가게,광주광역시,광산구,151,152,152
휴대폰가게,대전광역시,동구,114,112,111
휴대폰가게,대전광역시,중구,113,114,117
휴대폰가게,대전광역시,서구,190,187,192
휴대폰가게,대전광역시,유성구,138,135,133
휴대폰가게,대전광역시,대덕구,80,81,79
휴대폰가게,울산광역시,중구,102,107,102
휴대폰가게,울산광역시,남구,173,173,169
휴대폰가게,울산광역시,동구,57,56,56
휴대폰가게,울산광역시,북구,59,58,52
휴대폰가게,울산광역시,울주군,69,70,65
휴대폰가게,세종특별자치시,0,72,70,70
휴대폰가게,경기도,수원시 장안구,80,80,72
휴대폰가게,경기도,수원시 권선구,111,111,108
휴대폰가게,경기도,수원시 팔달구,151,148,133
휴대폰가게,경기도,수원시 영통구,72,70,69
휴대폰가게,경기도,성남시 수정구,71,70,68
휴대폰가게,경기도,성남시 중원구,94,95,84
휴대폰가게,경기도,성남시 분당구,110,108,114
휴대폰가게,경기도,의정부시,273,274,269
휴대폰가게,경기도,안양시 만안구,81,81,86
휴대폰가게,경기도,안양시 동안구,98,97,98
휴대폰가게,경기도,부천시 원미구,188,192,176
휴대폰가게,경기도,부천시 소사구,82,81,79
휴대폰가게,경기도,부천시 오정구,40,42,41
휴대폰가게,경기도,광명시,85,84,83
휴대폰가게,경기도,평택시,319,325,294
휴대폰가게,경기도,동두천시,40,41,47
휴대폰가게,경기도,안산시 상록구,134,132,132
휴대폰가게,경기도,안산시 단원구,226,229,235
휴대폰가게,경기도,고양시 덕양구,124,123,133
휴대폰가게,경기도,고양시 일산동구,129,129,122
휴대폰가게,경기도,고양시 일산서구,81,80,85
휴대폰가게,경기도,과천시,10,9,11
휴대폰가게,경기도,구리시,60,57,56
휴대폰가게,경기도,남양주시,229,227,229
휴대폰가게,경기도,오산시,111,109,105
휴대폰가게,경기도,시흥시,214,213,201
휴대폰가게,경기도,군포시,83,82,82
휴대폰가게,경기도,의왕시,29,29,29
휴대폰가게,경기도,하남시,86,84,87
휴대폰가게,경기도,용인시 처인구,63,66,66
휴대폰가게,경기도,용인시 기흥구,116,115,119
휴대폰가게,경기도,용인시 수지구,58,59,64
휴대폰가게,경기도,파주시,155,156,146
휴대폰가게,경기도,이천시,63,65,66
휴대폰가게,경기도,안성시,55,56,56
휴대폰가게,경기도,김포시,163,165,169
휴대폰가게,경기도,화성시 만세구,69,70,68
휴대폰가게,경기도,화성시 효행구,41,41,39
휴대폰가게,경기도,화성시 병점구,56,56,49
휴대폰가게,경기도,화성시 동탄구,126,127,112
휴대폰가게,경기도,광주시,95,95,93
휴대폰가게,경기도,양주시,105,106,103
휴대폰가게,경기도,포천시,55,55,57
휴대폰가게,경기도,여주시,32,33,38
휴대폰가게,경기도,연천군,17,17,18
휴대폰가게,경기도,가평군,17,17,18
휴대폰가게,경기도,양평군,22,22,24
휴대폰가게,충청북도,청주시 상당구,54,52,51
휴대폰가게,충청북도,청주시 서원구,69,69,63
휴대폰가게,충청북도,청주시 흥덕구,100,100,97
휴대폰가게,충청북도,청주시 청원구,57,57,59
휴대폰가게,충청북도,충주시,73,72,73
휴대폰가게,충청북도,제천시,50,50,50
휴대폰가게,충청북도,보은군,12,12,10
휴대폰가게,충청북도,옥천군,15,15,17
휴대폰가게,충청북도,영동군,13,13,13
휴대폰가게,충청북도,증평군,13,13,13
휴대폰가게,충청북도,진천군,31,31,27
휴대폰가게,충청북도,괴산군,6,7,7
휴대폰가게,충청북도,음성군,39,39,40
휴대폰가게,충청북도,단양군,3,3,0
휴대폰가게,충청남도,천안시 동남구,149,144,152
휴대폰가게,충청남도,천안시 서북구,201,196,188
휴대폰가게,충청남도,공주시,36,36,35
휴대폰가게,충청남도,보령시,22,22,18
휴대폰가게,충청남도,아산시,152,155,142
휴대폰가게,충청남도,서산시,57,59,55
휴대폰가게,충청남도,논산시,60,60,68
휴대폰가게,충청남도,계룡시,14,14,14
휴대폰가게,충청남도,당진시,58,57,54
휴대폰가게,충청남도,금산군,17,17,17
휴대폰가게,충청남도,부여군,25,24,23
휴대폰가게,충청남도,서천군,18,18,20
휴대폰가게,충청남도,청양군,8,8,8
휴대폰가게,충청남도,홍성군,30,30,27
휴대폰가게,충청남도,예산군,24,24,25
휴대폰가게,충청남도,태안군,20,20,24
휴대폰가게,전라남도,목포시,126,126,127
휴대폰가게,전라남도,여수시,96,95,102
휴대폰가게,전라남도,순천시,111,110,105
휴대폰가게,전라남도,나주시,32,33,36
휴대폰가게,전라남도,광양시,37,39,39
휴대폰가게,전라남도,담양군,6,5,7
휴대폰가게,전라남도,곡성군,6,6,6
휴대폰가게,전라남도,구례군,4,4,5
휴대폰가게,전라남도,고흥군,21,21,17
휴대폰가게,전라남도,보성군,7,8,8
휴대폰가게,전라남도,화순군,13,13,13
휴대폰가게,전라남도,장흥군,10,10,10
휴대폰가게,전라남도,강진군,9,9,9
휴대폰가게,전라남도,해남군,21,21,19
휴대폰가게,전라남도,영암군,16,16,17
휴대폰가게,전라남도,무안군,33,33,34
휴대폰가게,전라남도,함평군,4,4,4
휴대폰가게,전라남도,영광군,10,10,12
휴대폰가게,전라남도,장성군,9,9,9
휴대폰가게,전라남도,완도군,13,13,15
휴대폰가게,전라남도,진도군,7,7,7
휴대폰가게,전라남도,신안군,0,0,0
휴대폰가게,경상북도,포항시 남구,85,85,82
휴대폰가게,경상북도,포항시 북구,111,110,102
휴대폰가게,경상북도,경주시,105,105,103
휴대폰가게,경상북도,김천시,45,44,46
휴대폰가게,경상북도,안동시,71,71,73
휴대폰가게,경상북도,구미시,165,160,164
휴대폰가게,경상북도,영주시,35,34,34
휴대폰가게,경상북도,영천시,35,35,34
휴대폰가게,경상북도,상주시,27,27,29
휴대폰가게,경상북도,문경시,23,23,22
휴대폰가게,경상북도,경산시,116,117,112
휴대폰가게,경상북도,의성군,14,14,14
휴대폰가게,경상북도,청송군,8,8,7
휴대폰가게,경상북도,영양군,0,0,0
휴대폰가게,경상북도,영덕군,15,15,17
휴대폰가게,경상북도,청도군,10,10,10
휴대폰가게,경상북도,고령군,10,9,10
휴대폰가게,경상북도,성주군,22,23,20
휴대폰가게,경상북도,칠곡군,51,50,51
휴대폰가게,경상북도,예천군,15,15,15
휴대폰가게,경상북도,봉화군,6,6,5
휴대폰가게,경상북도,울진군,18,17,18
휴대폰가게,경상북도,울릉군,3,3,3
휴대폰가게,경상남도,창원시 의창구,87,89,89
휴대폰가게,경상남도,창원시 성산구,96,96,90
휴대폰가게,경상남도,창원시 마산합포구,79,78,73
휴대폰가게,경상남도,창원시 마산회원구,71,72,72
휴대폰가게,경상남도,창원시 진해구,71,69,70
휴대폰가게,경상남도,진주시,174,171,161
휴대폰가게,경상남도,통영시,47,46,47
휴대폰가게,경상남도,사천시,46,46,48
휴대폰가게,경상남도,김해시,259,252,243
휴대폰가게,경상남도,밀양시,24,24,25
휴대폰가게,경상남도,거제시,93,94,98
휴대폰가게,경상남도,양산시,129,127,127
휴대폰가게,경상남도,의령군,6,6,6
휴대폰가게,경상남도,함안군,15,16,14
휴대폰가게,경상남도,창녕군,24,24,26
휴대폰가게,경상남도,고성군,13,13,14
휴대폰가게,경상남도,남해군,4,4,4
휴대폰가게,경상남도,하동군,18,18,18
휴대폰가게,경상남도,산청군,8,8,8
휴대폰가게,경상남도,함양군,10,10,10
휴대폰가게,경상남도,거창군,22,23,22
휴대폰가게,경상남도,합천군,7,7,7
휴대폰가게,제주특별자치도,제주시,226,221,202
휴대폰가게,제주특별자치도,서귀포시,51,52,52
휴대폰가게,강원특별자치도,춘천시,96,94,97
휴대폰가게,강원특별자치도,원주시,165,166,174
휴대폰가게,강원특별자치도,강릉시,86,85,82
휴대폰가게,강원특별자치도,동해시,42,43,44
휴대폰가게,강원특별자치도,태백시,15,15,20
휴대폰가게,강원특별자치도,속초시,53,53,50
휴대폰가게,강원특별자치도,삼척시,17,18,18
휴대폰가게,강원특별자치도,홍천군,13,13,15
휴대폰가게,강원특별자치도,횡성군,9,9,10
휴대폰가게,강원특별자치도,영월군,6,7,6
휴대폰가게,강원특별자치도,평창군,10,10,12
휴대폰가게,강원특별자치도,정선군,9,9,7
휴대폰가게,강원특별자치도,철원군,16,16,15
휴대폰가게,강원특별자치도,화천군,5,5,6
휴대폰가게,강원특별자치도,양구군,6,6,7
휴대폰가게,강원특별자치도,인제군,12,12,11
휴대폰가게,강원특별자치도,고성군,10,10,9
휴대폰가게,강원특별자치도,양양군,8,8,7
휴대폰가게,전북특별자치도,전주시 완산구,144,138,131
휴대폰가게,전북특별자치도,전주시 덕진구,131,131,125
휴대폰가게,전북특별자치도,군산시,110,111,116
휴대폰가게,전북특별자치도,익산시,115,118,117
휴대폰가게,전북특별자치도,정읍시,50,52,54
휴대폰가게,전북특별자치도,남원시,34,34,37
휴대폰가게,전북특별자치도,김제시,29,30,30
휴대폰가게,전북특별자치도,완주군,22,21,21
휴대폰가게,전북특별자치도,진안군,3,3,3
휴대폰가게,전북특별자치도,무주군,5,5,4
휴대폰가게,전북특별자치도,장수군,3,3,3
휴대폰가게,전북특별자치도,임실군,6,6,7
휴대폰가게,전북특별자치도,순창군,6,6,4
휴대폰가게,전북특별자치도,고창군,11,11,10
휴대폰가게,전북특별자치도,부안군,21,21,19
간이주점,서울특별시,종로구,119,120,131
간이주점,서울특별시,중구,71,69,75
간이주점,서울특별시,용산구,106,109,107
간이주점,서울특별시,성동구,67,68,76
간이주점,서울특별시,광진구,90,90,100
간이주점,서울특별시,동대문구,70,70,81
간이주점,서울특별시,중랑구,69,73,70
간이주점,서울특별시,성북구,120,123,132
간이주점,서울특별시,강북구,91,94,103
간이주점,서울특별시,도봉구,68,70,72
간이주점,서울특별시,노원구,74,73,76
간이주점,서울특별시,은평구,114,118,132
간이주점,서울특별시,서대문구,97,97,108
간이주점,서울특별시,마포구,189,191,218
간이주점,서울특별시,양천구,128,128,149
간이주점,서울특별시,강서구,162,165,169
간이주점,서울특별시,구로구,97,99,100
간이주점,서울특별시,금천구,84,85,90
간이주점,서울특별시,영등포구,150,153,171
간이주점,서울특별시,동작구,59,60,75
간이주점,서울특별시,관악구,128,129,145
간이주점,서울특별시,서초구,53,54,59
간이주점,서울특별시,강남구,143,145,165
간이주점,서울특별시,송파구,134,130,138
간이주점,서울특별시,강동구,105,104,121
간이주점,부산광역시,중구,33,33,35
간이주점,부산광역시,서구,3,0,3
간이주점,부산광역시,동구,17,17,18
간이주점,부산광역시,영도구,13,13,15
간이주점,부산광역시,부산진구,152,149,160
간이주점,부산광역시,동래구,49,49,53
간이주점,부산광역시,남구,20,19,18
간이주점,부산광역시,북구,13,13,13
간이주점,부산광역시,해운대구,36,36,47
간이주점,부산광역시,사하구,47,47,51
간이주점,부산광역시,금정구,30,30,37
간이주점,부산광역시,강서구,10,10,13
간이주점,부산광역시,연제구,19,20,29
간이주점,부산광역시,수영구,30,32,34
간이주점,부산광역시,사상구,9,9,10
간이주점,부산광역시,기장군,32,34,44
간이주점,대구광역시,중구,17,17,23
간이주점,대구광역시,동구,30,29,34
간이주점,대구광역시,서구,13,13,15
간이주점,대구광역시,남구,13,13,14
간이주점,대구광역시,북구,12,12,12
간이주점,대구광역시,수성구,36,36,43
간이주점,대구광역시,달서구,37,37,41
간이주점,대구광역시,달성군,9,9,9
간이주점,대구광역시,군위군,0,0,0
간이주점,인천광역시,중구,35,36,42
간이주점,인천광역시,동구,22,22,25
간이주점,인천광역시,미추홀구,113,115,131
간이주점,인천광역시,연수구,57,58,71
간이주점,인천광역시,남동구,121,125,140
간이주점,인천광역시,부평구,112,114,122
간이주점,인천광역시,계양구,76,77,80
간이주점,인천광역시,서구,157,157,172
간이주점,인천광역시,강화군,16,16,20
간이주점,인천광역시,옹진군,9,9,11
간이주점,광주광역시,동구,11,11,16
간이주점,광주광역시,서구,25,25,24
간이주점,광주광역시,남구,11,11,15
간이주점,광주광역시,북구,26,26,27
간이주점,광주광역시,광산구,15,16,20
간이주점,대전광역시,동구,10,10,16
간이주점,대전광역시,중구,10,10,10
간이주점,대전광역시,서구,12,12,16
간이주점,대전광역시,유성구,9,9,10
간이주점,대전광역시,대덕구,3,3,3
간이주점,울산광역시,중구,11,11,11
간이주점,울산광역시,남구,17,17,20
간이주점,울산광역시,동구,12,12,14
간이주점,울산광역시,북구,7,7,9
간이주점,울산광역시,울주군,9,9,13
간이주점,세종특별자치시,0,10,9,14
간이주점,경기도,수원시 장안구,60,61,65
간이주점,경기도,수원시 권선구,51,53,52
간이주점,경기도,수원시 팔달구,108,109,109
간이주점,경기도,수원시 영통구,44,42,44
간이주점,경기도,성남시 수정구,46,47,55
간이주점,경기도,성남시 중원구,49,47,54
간이주점,경기도,성남시 분당구,24,25,32
간이주점,경기도,의정부시,44,45,45
간이주점,경기도,안양시 만안구,36,35,34
간이주점,경기도,안양시 동안구,51,51,56
간이주점,경기도,부천시 원미구,141,142,156
간이주점,경기도,부천시 소사구,45,45,49
간이주점,경기도,부천시 오정구,61,62,70
간이주점,경기도,광명시,24,24,30
간이주점,경기도,평택시,51,50,50
간이주점,경기도,동두천시,6,6,9
간이주점,경기도,안산시 상록구,62,58,68
간이주점,경기도,안산시 단원구,82,81,89
간이주점,경기도,고양시 덕양구,25,25,27
간이주점,경기도,고양시 일산동구,44,43,47
간이주점,경기도,고양시 일산서구,32,33,38
간이주점,경기도,과천시,0,0,0
간이주점,경기도,구리시,14,13,12
간이주점,경기도,남양주시,96,96,112
간이주점,경기도,오산시,34,34,36
간이주점,경기도,시흥시,98,95,95
간이주점,경기도,군포시,33,33,39
간이주점,경기도,의왕시,6,6,7
간이주점,경기도,하남시,27,27,32
간이주점,경기도,용인시 처인구,27,25,29
간이주점,경기도,용인시 기흥구,23,20,18
간이주점,경기도,용인시 수지구,11,11,15
간이주점,경기도,파주시,56,57,55
간이주점,경기도,이천시,60,61,69
간이주점,경기도,안성시,11,11,14
간이주점,경기도,김포시,21,21,24
간이주점,경기도,화성시,0,0,0
간이주점,경기도,화성시 만세구,28,30,31
간이주점,경기도,화성시 효행구,12,13,10
간이주점,경기도,화성시 병점구,20,20,24
간이주점,경기도,화성시 동탄구,34,33,40
간이주점,경기도,광주시,37,36,36
간이주점,경기도,양주시,17,17,17
간이주점,경기도,포천시,9,9,11
간이주점,경기도,여주시,22,22,26
간이주점,경기도,가평군,5,5,5
간이주점,경기도,양평군,6,6,8
간이주점,충청북도,청주시 상당구,21,22,29
간이주점,충청북도,청주시 서원구,51,51,61
간이주점,충청북도,청주시 흥덕구,79,78,85
간이주점,충청북도,청주시 청원구,22,23,27
간이주점,충청북도,충주시,17,16,16
간이주점,충청북도,제천시,21,21,23
간이주점,충청북도,보은군,0,0,0
간이주점,충청북도,옥천군,0,0,0
간이주점,충청북도,영동군,4,4,4
간이주점,충청북도,증평군,0,0,0
간이주점,충청북도,진천군,13,12,12
간이주점,충청북도,괴산군,0,0,0
간이주점,충청북도,음성군,0,0,0
간이주점,충청북도,단양군,42,43,44
간이주점,충청남도,천안시 동남구,46,46,55
간이주점,충청남도,천안시 서북구,66,67,67
간이주점,충청남도,공주시,8,8,10
간이주점,충청남도,보령시,3,3,4
간이주점,충청남도,아산시,21,21,23
간이주점,충청남도,서산시,42,42,52
간이주점,충청남도,논산시,40,40,49
간이주점,충청남도,계룡시,6,6,6
간이주점,충청남도,당진시,62,62,65
간이주점,충청남도,금산군,5,5,4
간이주점,충청남도,부여군,4,4,3
간이주점,충청남도,서천군,3,3,0
간이주점,충청남도,청양군,0,0,0
간이주점,충청남도,홍성군,4,3,4
간이주점,충청남도,예산군,11,11,10
간이주점,충청남도,태안군,5,5,6
간이주점,전라남도,목포시,19,19,22
간이주점,전라남도,여수시,27,27,30
간이주점,전라남도,순천시,22,22,23
간이주점,전라남도,나주시,3,3,3
간이주점,전라남도,광양시,12,12,13
간이주점,전라남도,담양군,3,3,4
간이주점,전라남도,곡성군,3,3,3
간이주점,전라남도,구례군,4,4,4
간이주점,전라남도,고흥군,16,16,14
간이주점,전라남도,보성군,4,4,0
간이주점,전라남도,화순군,4,4,4
간이주점,전라남도,장흥군,0,0,0
간이주점,전라남도,강진군,6,6,6
간이주점,전라남도,해남군,5,5,5
간이주점,전라남도,영암군,4,4,5
간이주점,전라남도,무안군,4,4,4
간이주점,전라남도,함평군,3,3,4
간이주점,전라남도,영광군,0,0,0
간이주점,전라남도,장성군,0,0,0
간이주점,전라남도,완도군,0,0,0
간이주점,전라남도,진도군,4,4,5
간이주점,전라남도,신안군,3,0,0
간이주점,경상북도,포항시 남구,33,33,37
간이주점,경상북도,포항시 북구,29,28,30
간이주점,경상북도,경주시,55,55,59
간이주점,경상북도,김천시,0,0,0
간이주점,경상북도,안동시,15,15,15
간이주점,경상북도,구미시,19,19,22
간이주점,경상북도,영주시,9,9,8
간이주점,경상북도,영천시,0,0,0
간이주점,경상북도,상주시,3,3,4
간이주점,경상북도,문경시,0,0,0
간이주점,경상북도,경산시,4,3,0
간이주점,경상북도,의성군,3,3,3
간이주점,경상북도,영덕군,0,0,0
간이주점,경상북도,청도군,0,0,0
간이주점,경상북도,성주군,0,0,0
간이주점,경상북도,칠곡군,3,3,3
간이주점,경상북도,예천군,0,0,0
간이주점,경상북도,봉화군,0,0,0
간이주점,경상북도,울진군,0,0,0
간이주점,경상남도,창원시 의창구,16,16,19
간이주점,경상남도,창원시 성산구,19,20,20
간이주점,경상남도,창원시 마산합포구,24,24,24
간이주점,경상남도,창원시 마산회원구,19,19,22
간이주점,경상남도,창원시 진해구,15,14,16
간이주점,경상남도,진주시,150,152,169
간이주점,경상남도,통영시,40,42,45
간이주점,경상남도,사천시,27,28,32
간이주점,경상남도,김해시,68,67,84
간이주점,경상남도,밀양시,0,0,0
간이주점,경상남도,거제시,9,9,14
간이주점,경상남도,양산시,87,88,99
간이주점,경상남도,의령군,0,0,0
간이주점,경상남도,함안군,0,0,0
간이주점,경상남도,창녕군,0,0,0
간이주점,경상남도,고성군,5,5,7
간이주점,경상남도,남해군,0,0,0
간이주점,경상남도,하동군,5,5,5
간이주점,경상남도,산청군,9,9,11
간이주점,경상남도,함양군,3,3,3
간이주점,경상남도,거창군,8,8,10
간이주점,경상남도,합천군,0,0,0
간이주점,제주특별자치도,제주시,101,102,107
간이주점,제주특별자치도,서귀포시,28,29,29
간이주점,강원특별자치도,춘천시,44,45,57
간이주점,강원특별자치도,원주시,35,36,36
간이주점,강원특별자치도,강릉시,90,87,95
간이주점,강원특별자치도,동해시,11,11,9
간이주점,강원특별자치도,태백시,6,7,8
간이주점,강원특별자치도,속초시,13,12,14
간이주점,강원특별자치도,삼척시,5,5,4
간이주점,강원특별자치도,홍천군,13,12,13
간이주점,강원특별자치도,횡성군,0,0,0
간이주점,강원특별자치도,영월군,0,0,0
간이주점,강원특별자치도,평창군,4,4,4
간이주점,강원특별자치도,정선군,6,6,6
간이주점,강원특별자치도,철원군,4,4,6
간이주점,강원특별자치도,화천군,0,0,0
간이주점,강원특별자치도,양구군,0,0,0
간이주점,강원특별자치도,인제군,5,5,5
간이주점,강원특별자치도,고성군,10,9,12
간이주점,강원특별자치도,양양군,0,0,0
간이주점,전북특별자치도,전주시 완산구,61,62,74
간이주점,전북특별자치도,전주시 덕진구,31,31,31
간이주점,전북특별자치도,군산시,4,4,5
간이주점,전북특별자치도,익산시,9,9,12
간이주점,전북특별자치도,정읍시,0,0,0
간이주점,전북특별자치도,남원시,8,8,10
간이주점,전북특별자치도,김제시,4,4,5
간이주점,전북특별자치도,완주군,5,5,5
간이주점,전북특별자치도,무주군,0,0,0
간이주점,전북특별자치도,장수군,0,0,0
간이주점,전북특별자치도,임실군,0,0,0
간이주점,전북특별자치도,고창군,0,0,0
간이주점,전북특별자치도,부안군,5,5,5
구내식당,서울특별시,종로구,126,130,144
구내식당,서울특별시,중구,138,139,138
구내식당,서울특별시,용산구,146,147,163
구내식당,서울특별시,성동구,61,63,66
구내식당,서울특별시,광진구,63,63,67
구내식당,서울특별시,동대문구,82,83,85
구내식당,서울특별시,중랑구,76,77,85
구내식당,서울특별시,성북구,111,113,119
구내식당,서울특별시,강북구,52,52,55
구내식당,서울특별시,도봉구,53,54,54
구내식당,서울특별시,노원구,69,73,76
구내식당,서울특별시,은평구,56,56,62
구내식당,서울특별시,서대문구,88,89,95
구내식당,서울특별시,마포구,110,111,116
구내식당,서울특별시,양천구,79,81,80
구내식당,서울특별시,강서구,119,119,122
구내식당,서울특별시,구로구,74,77,78
구내식당,서울특별시,금천구,56,57,59
구내식당,서울특별시,영등포구,127,127,135
구내식당,서울특별시,동작구,57,56,60
구내식당,서울특별시,관악구,120,124,130
구내식당,서울특별시,서초구,122,122,131
구내식당,서울특별시,강남구,165,167,164
구내식당,서울특별시,송파구,104,106,115
구내식당,서울특별시,강동구,66,67,66
구내식당,부산광역시,중구,33,33,39
구내식당,부산광역시,서구,36,36,38
구내식당,부산광역시,동구,28,28,31
구내식당,부산광역시,영도구,40,40,45
구내식당,부산광역시,부산진구,68,68,77
구내식당,부산광역시,동래구,43,43,52
구내식당,부산광역시,남구,57,57,55
구내식당,부산광역시,북구,19,19,22
구내식당,부산광역시,해운대구,96,98,108
구내식당,부산광역시,사하구,106,107,113
구내식당,부산광역시,금정구,69,71,76
구내식당,부산광역시,강서구,211,212,217
구내식당,부산광역시,연제구,33,33,36
구내식당,부산광역시,수영구,26,26,27
구내식당,부산광역시,사상구,52,54,59
구내식당,부산광역시,기장군,41,41,40
구내식당,대구광역시,중구,39,39,40
구내식당,대구광역시,동구,72,71,80
구내식당,대구광역시,서구,47,47,46
구내식당,대구광역시,남구,30,30,32
구내식당,대구광역시,북구,100,102,110
구내식당,대구광역시,수성구,67,67,72
구내식당,대구광역시,달서구,209,212,220
구내식당,대구광역시,달성군,69,68,68
구내식당,대구광역시,군위군,9,9,9
구내식당,인천광역시,중구,66,66,76
구내식당,인천광역시,동구,24,24,24
구내식당,인천광역시,미추홀구,87,88,94
구내식당,인천광역시,연수구,78,79,81
구내식당,인천광역시,남동구,304,305,309
구내식당,인천광역시,부평구,101,103,115
구내식당,인천광역시,계양구,51,51,55
구내식당,인천광역시,서구,183,183,195
구내식당,인천광역시,강화군,24,24,27
구내식당,인천광역시,옹진군,4,4,5
구내식당,광주광역시,동구,35,35,36
구내식당,광주광역시,서구,36,35,37
구내식당,광주광역시,남구,31,31,31
구내식당,광주광역시,북구,71,72,72
구내식당,광주광역시,광산구,101,102,108
구내식당,대전광역시,동구,53,53,59
구내식당,대전광역시,중구,98,100,102
구내식당,대전광역시,서구,111,111,120
구내식당,대전광역시,유성구,128,128,133
구내식당,대전광역시,대덕구,63,64,65
구내식당,울산광역시,중구,33,33,35
구내식당,울산광역시,남구,99,99,103
구내식당,울산광역시,동구,34,34,35
구내식당,울산광역시,북구,56,56,57
구내식당,울산광역시,울주군,69,71,73
구내식당,세종특별자치시,0,70,69,73
구내식당,경기도,수원시 장안구,66,66,67
구내식당,경기도,수원시 권선구,81,81,86
구내식당,경기도,수원시 팔달구,79,79,86
구내식당,경기도,수원시 영통구,75,77,77
구내식당,경기도,성남시 수정구,47,47,48
구내식당,경기도,성남시 중원구,39,41,40
구내식당,경기도,성남시 분당구,116,116,115
구내식당,경기도,의정부시,47,47,52
구내식당,경기도,안양시 만안구,43,43,47
구내식당,경기도,안양시 동안구,80,83,87
구내식당,경기도,부천시 원미구,76,76,88
구내식당,경기도,부천시 소사구,35,36,37
구내식당,경기도,부천시 오정구,37,37,40
구내식당,경기도,광명시,79,79,86
구내식당,경기도,평택시,191,194,210
구내식당,경기도,동두천시,36,36,35
구내식당,경기도,안산시 상록구,81,83,91
구내식당,경기도,안산시 단원구,403,406,423
구내식당,경기도,고양시 덕양구,52,53,54
구내식당,경기도,고양시 일산동구,58,58,63
구내식당,경기도,고양시 일산서구,42,42,40
구내식당,경기도,과천시,28,28,25
구내식당,경기도,구리시,29,29,29
구내식당,경기도,남양주시,86,85,85
구내식당,경기도,오산시,63,64,70
구내식당,경기도,시흥시,385,385,406
구내식당,경기도,군포시,47,47,48
구내식당,경기도,의왕시,33,33,34
구내식당,경기도,하남시,27,27,29
구내식당,경기도,용인시 처인구,112,112,114
구내식당,경기도,용인시 기흥구,81,81,84
구내식당,경기도,용인시 수지구,40,38,39
구내식당,경기도,파주시,85,87,90
구내식당,경기도,이천시,90,91,96
구내식당,경기도,안성시,71,71,68
구내식당,경기도,김포시,67,67,68
구내식당,경기도,화성시,0,0,0
구내식당,경기도,화성시 만세구,167,171,164
구내식당,경기도,화성시 효행구,45,45,46
구내식당,경기도,화성시 병점구,16,16,19
구내식당,경기도,화성시 동탄구,55,57,45
구내식당,경기도,광주시,61,63,59
구내식당,경기도,양주시,52,54,65
구내식당,경기도,포천시,29,29,30
구내식당,경기도,여주시,37,37,37
구내식당,경기도,연천군,12,12,13
구내식당,경기도,가평군,27,25,23
구내식당,경기도,양평군,26,25,27
구내식당,충청북도,청주시 상당구,33,32,34
구내식당,충청북도,청주시 서원구,25,26,30
구내식당,충청북도,청주시 흥덕구,94,94,97
구내식당,충청북도,청주시 청원구,43,43,45
구내식당,충청북도,충주시,73,74,78
구내식당,충청북도,제천시,49,49,54
구내식당,충청북도,보은군,14,14,14
구내식당,충청북도,옥천군,8,8,9
구내식당,충청북도,영동군,10,10,13
구내식당,충청북도,증평군,8,8,9
구내식당,충청북도,진천군,52,52,52
구내식당,충청북도,괴산군,16,16,17
구내식당,충청북도,음성군,71,72,77
구내식당,충청북도,단양군,19,19,20
구내식당,충청남도,천안시 동남구,81,85,83
구내식당,충청남도,천안시 서북구,116,116,122
구내식당,충청남도,공주시,60,61,67
구내식당,충청남도,보령시,32,32,35
구내식당,충청남도,아산시,133,133,124
구내식당,충청남도,서산시,70,68,68
구내식당,충청남도,논산시,41,42,40
구내식당,충청남도,계룡시,11,11,10
구내식당,충청남도,당진시,51,49,56
구내식당,충청남도,금산군,14,14,14
구내식당,충청남도,부여군,18,18,19
구내식당,충청남도,서천군,14,14,13
구내식당,충청남도,청양군,12,12,14
구내식당,충청남도,홍성군,30,30,31
구내식당,충청남도,예산군,22,23,25
구내식당,충청남도,태안군,24,24,24
구내식당,전라남도,목포시,57,56,58
구내식당,전라남도,여수시,92,94,99
구내식당,전라남도,순천시,58,59,64
구내식당,전라남도,나주시,19,19,21
구내식당,전라남도,광양시,31,31,30
구내식당,전라남도,담양군,10,10,10
구내식당,전라남도,곡성군,6,6,6
구내식당,전라남도,구례군,8,8,8
구내식당,전라남도,고흥군,16,16,17
구내식당,전라남도,보성군,9,9,11
구내식당,전라남도,화순군,12,12,12
구내식당,전라남도,장흥군,16,16,16
구내식당,전라남도,강진군,8,8,10
구내식당,전라남도,해남군,11,12,11
구내식당,전라남도,영암군,29,29,26
구내식당,전라남도,무안군,16,16,16
구내식당,전라남도,함평군,8,7,7
구내식당,전라남도,영광군,9,9,10
구내식당,전라남도,장성군,11,11,12
구내식당,전라남도,완도군,9,9,10
구내식당,전라남도,진도군,7,7,8
구내식당,전라남도,신안군,9,9,9
구내식당,경상북도,포항시 남구,64,63,64
구내식당,경상북도,포항시 북구,52,52,54
구내식당,경상북도,경주시,96,96,101
구내식당,경상북도,김천시,135,136,141
구내식당,경상북도,안동시,30,30,29
구내식당,경상북도,구미시,218,218,225
구내식당,경상북도,영주시,28,27,28
구내식당,경상북도,영천시,53,53,54
구내식당,경상북도,상주시,35,35,34
구내식당,경상북도,문경시,25,25,27
구내식당,경상북도,경산시,64,64,64
구내식당,경상북도,의성군,15,15,15
구내식당,경상북도,청송군,4,4,4
구내식당,경상북도,영양군,5,5,6
구내식당,경상북도,영덕군,12,12,12
구내식당,경상북도,청도군,12,12,13
구내식당,경상북도,고령군,12,12,13
구내식당,경상북도,성주군,14,14,15
구내식당,경상북도,칠곡군,49,49,50
구내식당,경상북도,예천군,9,9,9
구내식당,경상북도,봉화군,6,6,7
구내식당,경상북도,울진군,5,5,7
구내식당,경상북도,울릉군,5,5,5
구내식당,경상남도,창원시 의창구,99,99,102
구내식당,경상남도,창원시 성산구,175,177,172
구내식당,경상남도,창원시 마산합포구,71,72,75
구내식당,경상남도,창원시 마산회원구,68,68,74
구내식당,경상남도,창원시 진해구,33,33,35
구내식당,경상남도,진주시,107,108,114
구내식당,경상남도,통영시,27,27,28
구내식당,경상남도,사천시,46,47,46
구내식당,경상남도,김해시,235,236,246
구내식당,경상남도,밀양시,22,22,25
구내식당,경상남도,거제시,50,50,51
구내식당,경상남도,양산시,129,129,138
구내식당,경상남도,의령군,16,16,17
구내식당,경상남도,함안군,58,59,64
구내식당,경상남도,창녕군,27,27,30
구내식당,경상남도,고성군,16,16,17
구내식당,경상남도,남해군,0,0,0
구내식당,경상남도,하동군,12,12,14
구내식당,경상남도,산청군,9,9,13
구내식당,경상남도,함양군,9,9,9
구내식당,경상남도,거창군,15,15,18
구내식당,경상남도,합천군,6,7,8
구내식당,제주특별자치도,제주시,79,79,86
구내식당,제주특별자치도,서귀포시,39,39,37
구내식당,강원특별자치도,춘천시,63,64,66
구내식당,강원특별자치도,원주시,85,85,87
구내식당,강원특별자치도,강릉시,57,57,59
구내식당,강원특별자치도,동해시,31,32,34
구내식당,강원특별자치도,태백시,19,21,21
구내식당,강원특별자치도,속초시,24,24,25
구내식당,강원특별자치도,삼척시,23,23,24
구내식당,강원특별자치도,홍천군,19,19,19
구내식당,강원특별자치도,횡성군,11,11,11
구내식당,강원특별자치도,영월군,12,12,10
구내식당,강원특별자치도,평창군,12,12,15
구내식당,강원특별자치도,정선군,13,14,16
구내식당,강원특별자치도,철원군,11,11,11
구내식당,강원특별자치도,화천군,4,4,5
구내식당,강원특별자치도,양구군,5,5,5
구내식당,강원특별자치도,인제군,15,16,17
구내식당,강원특별자치도,고성군,12,12,12
구내식당,강원특별자치도,양양군,5,5,7
구내식당,전북특별자치도,전주시 완산구,63,63,74
구내식당,전북특별자치도,전주시 덕진구,54,55,60
구내식당,전북특별자치도,군산시,110,111,115
구내식당,전북특별자치도,익산시,86,86,88
구내식당,전북특별자치도,정읍시,33,33,37
구내식당,전북특별자치도,남원시,32,32,34
구내식당,전북특별자치도,김제시,30,31,33
구내식당,전북특별자치도,완주군,36,36,41
구내식당,전북특별자치도,진안군,4,4,4
구내식당,전북특별자치도,무주군,11,11,10
구내식당,전북특별자치도,장수군,9,9,8
구내식당,전북특별자치도,임실군,11,11,14
구내식당,전북특별자치도,순창군,7,7,7
구내식당,전북특별자치도,고창군,5,5,6
구내식당,전북특별자치도,부안군,22,22,23
기타외국식음식점,서울특별시,종로구,632,633,601
기타외국식음식점,서울특별시,중구,528,532,515
기타외국식음식점,서울특별시,용산구,959,962,965
기타외국식음식점,서울특별시,성동구,432,435,440
기타외국식음식점,서울특별시,광진구,279,270,258
기타외국식음식점,서울특별시,동대문구,200,195,187
기타외국식음식점,서울특별시,중랑구,104,104,103
기타외국식음식점,서울특별시,성북구,232,234,236
기타외국식음식점,서울특별시,강북구,115,115,123
기타외국식음식점,서울특별시,도봉구,69,67,74
기타외국식음식점,서울특별시,노원구,160,155,159
기타외국식음식점,서울특별시,은평구,170,170,174
기타외국식음식점,서울특별시,서대문구,235,230,235
기타외국식음식점,서울특별시,마포구,949,938,950
기타외국식음식점,서울특별시,양천구,162,160,154
기타외국식음식점,서울특별시,강서구,306,305,310
기타외국식음식점,서울특별시,구로구,124,125,131
기타외국식음식점,서울특별시,금천구,108,108,119
기타외국식음식점,서울특별시,영등포구,373,371,364
기타외국식음식점,서울특별시,동작구,163,162,154
기타외국식음식점,서울특별시,관악구,265,270,269
기타외국식음식점,서울특별시,서초구,541,535,537
기타외국식음식점,서울특별시,강남구,1267,1265,1315
기타외국식음식점,서울특별시,송파구,566,567,571
기타외국식음식점,서울특별시,강동구,242,237,243
기타외국식음식점,부산광역시,중구,89,89,90
기타외국식음식점,부산광역시,서구,52,52,51
기타외국식음식점,부산광역시,동구,60,63,68
기타외국식음식점,부산광역시,영도구,48,47,42
기타외국식음식점,부산광역시,부산진구,331,331,355
기타외국식음식점,부산광역시,동래구,104,103,121
기타외국식음식점,부산광역시,남구,126,125,129
기타외국식음식점,부산광역시,북구,73,72,69
기타외국식음식점,부산광역시,해운대구,295,297,316
기타외국식음식점,부산광역시,사하구,69,70,74
기타외국식음식점,부산광역시,금정구,175,177,193
기타외국식음식점,부산광역시,강서구,89,88,93
기타외국식음식점,부산광역시,연제구,70,69,73
기타외국식음식점,부산광역시,수영구,276,285,305
기타외국식음식점,부산광역시,사상구,61,59,58
기타외국식음식점,부산광역시,기장군,133,136,142
기타외국식음식점,대구광역시,중구,309,305,312
기타외국식음식점,대구광역시,동구,142,142,145
기타외국식음식점,대구광역시,서구,48,47,49
기타외국식음식점,대구광역시,남구,108,106,110
기타외국식음식점,대구광역시,북구,146,149,158
기타외국식음식점,대구광역시,수성구,265,264,270
기타외국식음식점,대구광역시,달서구,215,215,214
기타외국식음식점,대구광역시,달성군,102,100,106
기타외국식음식점,대구광역시,군위군,0,0,0
기타외국식음식점,인천광역시,중구,87,84,96
기타외국식음식점,인천광역시,동구,7,7,9
기타외국식음식점,인천광역시,미추홀구,111,112,109
기타외국식음식점,인천광역시,연수구,286,286,291
기타외국식음식점,인천광역시,남동구,144,142,144
기타외국식음식점,인천광역시,부평구,140,137,139
기타외국식음식점,인천광역시,계양구,65,63,53
기타외국식음식점,인천광역시,서구,251,245,245
기타외국식음식점,인천광역시,강화군,46,46,46
기타외국식음식점,인천광역시,옹진군,9,9,7
기타외국식음식점,광주광역시,동구,119,119,127
기타외국식음식점,광주광역시,서구,115,112,98
기타외국식음식점,광주광역시,남구,56,59,68
기타외국식음식점,광주광역시,북구,62,61,63
기타외국식음식점,광주광역시,광산구,132,131,143
기타외국식음식점,대전광역시,동구,98,97,85
기타외국식음식점,대전광역시,중구,86,86,93
기타외국식음식점,대전광역시,서구,290,288,295
기타외국식음식점,대전광역시,유성구,312,310,310
기타외국식음식점,대전광역시,대덕구,37,38,41
기타외국식음식점,울산광역시,중구,100,99,101
기타외국식음식점,울산광역시,남구,258,257,277
기타외국식음식점,울산광역시,동구,99,98,105
기타외국식음식점,울산광역시,북구,49,50,50
기타외국식음식점,울산광역시,울주군,86,85,87
기타외국식음식점,세종특별자치시,0,230,230,236
기타외국식음식점,경기도,수원시 장안구,113,111,110
기타외국식음식점,경기도,수원시 권선구,93,95,102
기타외국식음식점,경기도,수원시 팔달구,278,278,269
기타외국식음식점,경기도,수원시 영통구,277,276,295
기타외국식음식점,경기도,성남시 수정구,142,141,140
기타외국식음식점,경기도,성남시 중원구,73,68,61
기타외국식음식점,경기도,성남시 분당구,510,513,540
기타외국식음식점,경기도,의정부시,203,203,229
기타외국식음식점,경기도,안양시 만안구,90,95,93
기타외국식음식점,경기도,안양시 동안구,167,168,180
기타외국식음식점,경기도,부천시 원미구,204,203,215
기타외국식음식점,경기도,부천시 소사구,32,32,40
기타외국식음식점,경기도,부천시 오정구,36,37,37
기타외국식음식점,경기도,광명시,88,88,86
기타외국식음식점,경기도,평택시,441,437,418
기타외국식음식점,경기도,동두천시,80,79,86
기타외국식음식점,경기도,안산시 상록구,144,143,142
기타외국식음식점,경기도,안산시 단원구,249,248,245
기타외국식음식점,경기도,고양시 덕양구,235,234,239
기타외국식음식점,경기도,고양시 일산동구,268,267,278
기타외국식음식점,경기도,고양시 일산서구,98,97,103
기타외국식음식점,경기도,과천시,48,48,39
기타외국식음식점,경기도,구리시,69,68,67
기타외국식음식점,경기도,남양주시,250,250,253
기타외국식음식점,경기도,오산시,72,75,73
기타외국식음식점,경기도,시흥시,186,185,196
기타외국식음식점,경기도,군포시,93,94,88
기타외국식음식점,경기도,의왕시,64,62,69
기타외국식음식점,경기도,하남시,193,193,185
기타외국식음식점,경기도,용인시 처인구,116,113,108
기타외국식음식점,경기도,용인시 기흥구,180,179,191
기타외국식음식점,경기도,용인시 수지구,131,127,139
기타외국식음식점,경기도,파주시,259,257,243
기타외국식음식점,경기도,이천시,104,104,102
기타외국식음식점,경기도,안성시,113,113,119
기타외국식음식점,경기도,김포시,204,200,197
기타외국식음식점,경기도,화성시,0,0,0
기타외국식음식점,경기도,화성시 만세구,145,144,152
기타외국식음식점,경기도,화성시 효행구,42,43,43
기타외국식음식점,경기도,화성시 병점구,40,36,37
기타외국식음식점,경기도,화성시 동탄구,253,251,233
기타외국식음식점,경기도,광주시,154,154,171
기타외국식음식점,경기도,양주시,134,136,129
기타외국식음식점,경기도,포천시,95,98,99
기타외국식음식점,경기도,여주시,45,44,43
기타외국식음식점,경기도,연천군,12,12,11
기타외국식음식점,경기도,가평군,48,48,47
기타외국식음식점,경기도,양평군,69,67,71
기타외국식음식점,충청북도,청주시 상당구,114,113,105
기타외국식음식점,충청북도,청주시 서원구,78,83,87
기타외국식음식점,충청북도,청주시 흥덕구,153,150,149
기타외국식음식점,충청북도,청주시 청원구,77,77,85
기타외국식음식점,충청북도,충주시,97,98,93
기타외국식음식점,충청북도,제천시,64,62,61
기타외국식음식점,충청북도,보은군,10,9,7
기타외국식음식점,충청북도,옥천군,15,16,15
기타외국식음식점,충청북도,영동군,13,13,11
기타외국식음식점,충청북도,증평군,7,7,8
기타외국식음식점,충청북도,진천군,52,51,52
기타외국식음식점,충청북도,괴산군,13,14,10
기타외국식음식점,충청북도,음성군,59,60,51
기타외국식음식점,충청북도,단양군,4,3,5
기타외국식음식점,충청남도,천안시 동남구,152,151,143
기타외국식음식점,충청남도,천안시 서북구,207,208,202
기타외국식음식점,충청남도,공주시,65,65,65
기타외국식음식점,충청남도,보령시,30,30,27
기타외국식음식점,충청남도,아산시,178,179,184
기타외국식음식점,충청남도,서산시,66,63,57
기타외국식음식점,충청남도,논산시,50,49,43
기타외국식음식점,충청남도,계룡시,11,11,13
기타외국식음식점,충청남도,당진시,46,46,44
기타외국식음식점,충청남도,금산군,11,11,12
기타외국식음식점,충청남도,부여군,18,18,21
기타외국식음식점,충청남도,서천군,9,9,10
기타외국식음식점,충청남도,청양군,6,6,4
기타외국식음식점,충청남도,홍성군,55,55,55
기타외국식음식점,충청남도,예산군,25,25,26
기타외국식음식점,충청남도,태안군,27,27,27
기타외국식음식점,전라남도,목포시,76,75,75
기타외국식음식점,전라남도,여수시,82,83,88
기타외국식음식점,전라남도,순천시,102,100,109
기타외국식음식점,전라남도,나주시,65,66,65
기타외국식음식점,전라남도,광양시,51,51,53
기타외국식음식점,전라남도,담양군,24,24,25
기타외국식음식점,전라남도,곡성군,5,5,4
기타외국식음식점,전라남도,구례군,12,12,11
기타외국식음식점,전라남도,고흥군,11,11,11
기타외국식음식점,전라남도,보성군,15,16,15
기타외국식음식점,전라남도,화순군,14,13,14
기타외국식음식점,전라남도,장흥군,13,13,11
기타외국식음식점,전라남도,강진군,8,8,7
기타외국식음식점,전라남도,해남군,15,15,13
기타외국식음식점,전라남도,영암군,41,39,36
기타외국식음식점,전라남도,무안군,44,42,39
기타외국식음식점,전라남도,함평군,8,7,7
기타외국식음식점,전라남도,영광군,14,14,13
기타외국식음식점,전라남도,장성군,14,14,15
기타외국식음식점,전라남도,완도군,3,3,5
기타외국식음식점,전라남도,진도군,5,5,6
기타외국식음식점,전라남도,신안군,4,4,4
기타외국식음식점,경상북도,포항시 남구,103,102,101
기타외국식음식점,경상북도,포항시 북구,109,105,97
기타외국식음식점,경상북도,경주시,176,178,191
기타외국식음식점,경상북도,김천시,24,25,26
기타외국식음식점,경상북도,안동시,70,70,70
기타외국식음식점,경상북도,구미시,197,197,196
기타외국식음식점,경상북도,영주시,33,33,35
기타외국식음식점,경상북도,영천시,23,24,21
기타외국식음식점,경상북도,상주시,18,17,15
기타외국식음식점,경상북도,문경시,15,15,17
기타외국식음식점,경상북도,경산시,109,107,117
기타외국식음식점,경상북도,의성군,8,8,9
기타외국식음식점,경상북도,청송군,4,4,3
기타외국식음식점,경상북도,영양군,0,0,0
기타외국식음식점,경상북도,영덕군,13,13,13
기타외국식음식점,경상북도,청도군,12,12,11
기타외국식음식점,경상북도,고령군,13,13,12
기타외국식음식점,경상북도,성주군,15,15,15
기타외국식음식점,경상북도,칠곡군,50,50,46
기타외국식음식점,경상북도,예천군,5,5,6
기타외국식음식점,경상북도,봉화군,3,3,3
기타외국식음식점,경상북도,울진군,11,11,14
기타외국식음식점,경상북도,울릉군,6,6,7
기타외국식음식점,경상남도,창원시 의창구,81,81,89
기타외국식음식점,경상남도,창원시 성산구,155,158,158
기타외국식음식점,경상남도,창원시 마산합포구,83,81,78
기타외국식음식점,경상남도,창원시 마산회원구,63,60,63
기타외국식음식점,경상남도,창원시 진해구,73,74,70
기타외국식음식점,경상남도,진주시,210,211,204
기타외국식음식점,경상남도,통영시,55,56,60
기타외국식음식점,경상남도,사천시,27,27,33
기타외국식음식점,경상남도,김해시,290,288,303
기타외국식음식점,경상남도,밀양시,44,46,50
기타외국식음식점,경상남도,거제시,89,88,76
기타외국식음식점,경상남도,양산시,177,178,175
기타외국식음식점,경상남도,의령군,7,7,8
기타외국식음식점,경상남도,함안군,20,21,20
기타외국식음식점,경상남도,창녕군,27,27,29
기타외국식음식점,경상남도,고성군,20,20,23
기타외국식음식점,경상남도,남해군,24,24,26
기타외국식음식점,경상남도,하동군,13,13,12
기타외국식음식점,경상남도,산청군,9,9,7
기타외국식음식점,경상남도,함양군,13,13,15
기타외국식음식점,경상남도,거창군,29,32,34
기타외국식음식점,경상남도,합천군,10,10,13
기타외국식음식점,제주특별자치도,제주시,638,639,661
기타외국식음식점,제주특별자치도,서귀포시,266,269,274
기타외국식음식점,강원특별자치도,춘천시,184,188,197
기타외국식음식점,강원특별자치도,원주시,224,221,232
기타외국식음식점,강원특별자치도,강릉시,180,178,188
기타외국식음식점,강원특별자치도,동해시,56,55,53
기타외국식음식점,강원특별자치도,태백시,20,20,21
기타외국식음식점,강원특별자치도,속초시,84,85,77
기타외국식음식점,강원특별자치도,삼척시,21,22,24
기타외국식음식점,강원특별자치도,홍천군,47,47,45
기타외국식음식점,강원특별자치도,횡성군,19,18,18
기타외국식음식점,강원특별자치도,영월군,13,13,12
기타외국식음식점,강원특별자치도,평창군,31,31,31
기타외국식음식점,강원특별자치도,정선군,20,20,19
기타외국식음식점,강원특별자치도,철원군,20,20,20
기타외국식음식점,강원특별자치도,화천군,7,7,6
기타외국식음식점,강원특별자치도,양구군,6,6,7
기타외국식음식점,강원특별자치도,인제군,19,19,19
기타외국식음식점,강원특별자치도,고성군,27,27,22
기타외국식음식점,강원특별자치도,양양군,41,42,43
기타외국식음식점,전북특별자치도,전주시 완산구,244,247,238
기타외국식음식점,전북특별자치도,전주시 덕진구,133,131,128
기타외국식음식점,전북특별자치도,군산시,107,107,98
기타외국식음식점,전북특별자치도,익산시,142,143,152
기타외국식음식점,전북특별자치도,정읍시,86,86,91
기타외국식음식점,전북특별자치도,남원시,16,16,16
기타외국식음식점,전북특별자치도,김제시,18,18,19
기타외국식음식점,전북특별자치도,완주군,36,37,37
기타외국식음식점,전북특별자치도,진안군,5,5,3
기타외국식음식점,전북특별자치도,무주군,7,7,7
기타외국식음식점,전북특별자치도,장수군,0,0,0
기타외국식음식점,전북특별자치도,임실군,15,15,14
기타외국식음식점,전북특별자치도,순창군,4,3,0
기타외국식음식점,전북특별자치도,고창군,20,20,20
기타외국식음식점,전북특별자치도,부안군,18,17,18
기타음식점,서울특별시,종로구,181,136,136
기타음식점,서울특별시,중구,291,292,304
기타음식점,서울특별시,용산구,69,71,73
기타음식점,서울특별시,성동구,88,88,92
기타음식점,서울특별시,광진구,106,109,129
기타음식점,서울특별시,동대문구,94,93,99
기타음식점,서울특별시,중랑구,74,75,73
기타음식점,서울특별시,성북구,130,134,145
기타음식점,서울특별시,강북구,75,76,81
기타음식점,서울특별시,도봉구,52,52,54
기타음식점,서울특별시,노원구,116,115,117
기타음식점,서울특별시,은평구,92,92,106
기타음식점,서울특별시,서대문구,145,148,154
기타음식점,서울특별시,마포구,200,201,210
기타음식점,서울특별시,양천구,81,84,92
기타음식점,서울특별시,강서구,120,121,136
기타음식점,서울특별시,구로구,77,78,83
기타음식점,서울특별시,금천구,77,76,81
기타음식점,서울특별시,영등포구,142,145,163
기타음식점,서울특별시,동작구,83,82,94
기타음식점,서울특별시,관악구,114,113,124
기타음식점,서울특별시,서초구,129,129,135
기타음식점,서울특별시,강남구,181,183,198
기타음식점,서울특별시,송파구,189,192,212
기타음식점,서울특별시,강동구,113,117,122
기타음식점,부산광역시,중구,37,39,37
기타음식점,부산광역시,서구,30,30,30
기타음식점,부산광역시,동구,32,32,33
기타음식점,부산광역시,영도구,35,36,38
기타음식점,부산광역시,부산진구,141,142,152
기타음식점,부산광역시,동래구,74,73,78
기타음식점,부산광역시,남구,58,63,77
기타음식점,부산광역시,북구,73,73,81
기타음식점,부산광역시,해운대구,110,109,118
기타음식점,부산광역시,사하구,68,71,75
기타음식점,부산광역시,금정구,100,103,102
기타음식점,부산광역시,강서구,50,46,47
기타음식점,부산광역시,연제구,59,58,67
기타음식점,부산광역시,수영구,58,58,58
기타음식점,부산광역시,사상구,83,84,88
기타음식점,부산광역시,기장군,90,92,105
기타음식점,대구광역시,중구,85,85,90
기타음식점,대구광역시,동구,91,91,99
기타음식점,대구광역시,서구,49,50,48
기타음식점,대구광역시,남구,50,49,51
기타음식점,대구광역시,북구,115,117,131
기타음식점,대구광역시,수성구,130,129,129
기타음식점,대구광역시,달서구,154,153,160
기타음식점,대구광역시,달성군,114,114,123
기타음식점,대구광역시,군위군,11,11,10
기타음식점,인천광역시,중구,77,76,83
기타음식점,인천광역시,동구,8,8,8
기타음식점,인천광역시,미추홀구,92,92,110
기타음식점,인천광역시,연수구,120,115,100
기타음식점,인천광역시,남동구,102,101,114
기타음식점,인천광역시,부평구,116,117,118
기타음식점,인천광역시,계양구,81,83,86
기타음식점,인천광역시,서구,108,108,109
기타음식점,인천광역시,강화군,45,45,52
기타음식점,인천광역시,옹진군,11,11,9
기타음식점,광주광역시,동구,68,68,77
기타음식점,광주광역시,서구,107,107,119
기타음식점,광주광역시,남구,90,90,92
기타음식점,광주광역시,북구,112,114,129
기타음식점,광주광역시,광산구,149,150,163
기타음식점,대전광역시,동구,96,96,103
기타음식점,대전광역시,중구,90,93,101
기타음식점,대전광역시,서구,117,115,112
기타음식점,대전광역시,유성구,93,92,94
기타음식점,대전광역시,대덕구,48,46,51
기타음식점,울산광역시,중구,83,82,89
기타음식점,울산광역시,남구,116,116,124
기타음식점,울산광역시,동구,64,63,69
기타음식점,울산광역시,북구,48,51,60
기타음식점,울산광역시,울주군,87,88,87
기타음식점,세종특별자치시,0,125,127,137
기타음식점,경기도,수원시 장안구,73,72,81
기타음식점,경기도,수원시 권선구,109,109,102
기타음식점,경기도,수원시 팔달구,77,78,86
기타음식점,경기도,수원시 영통구,117,115,118
기타음식점,경기도,성남시 수정구,65,65,71
기타음식점,경기도,성남시 중원구,64,64,68
기타음식점,경기도,성남시 분당구,140,142,148
기타음식점,경기도,의정부시,141,145,164
기타음식점,경기도,안양시 만안구,94,93,104
기타음식점,경기도,안양시 동안구,94,96,102
기타음식점,경기도,부천시 원미구,175,170,182
기타음식점,경기도,부천시 소사구,67,69,68
기타음식점,경기도,부천시 오정구,67,67,69
기타음식점,경기도,광명시,75,74,80
기타음식점,경기도,평택시,197,197,216
기타음식점,경기도,동두천시,26,25,31
기타음식점,경기도,안산시 상록구,88,88,102
기타음식점,경기도,안산시 단원구,96,97,103
기타음식점,경기도,고양시 덕양구,127,122,115
기타음식점,경기도,고양시 일산동구,98,97,97
기타음식점,경기도,고양시 일산서구,90,90,86
기타음식점,경기도,과천시,24,23,32
기타음식점,경기도,구리시,36,35,42
기타음식점,경기도,남양주시,167,167,165
기타음식점,경기도,오산시,56,57,62
기타음식점,경기도,시흥시,133,132,150
기타음식점,경기도,군포시,84,82,80
기타음식점,경기도,의왕시,30,30,32
기타음식점,경기도,하남시,64,64,65
기타음식점,경기도,용인시 처인구,104,103,111
기타음식점,경기도,용인시 기흥구,105,105,117
기타음식점,경기도,용인시 수지구,75,74,80
기타음식점,경기도,파주시,136,135,131
기타음식점,경기도,이천시,101,100,100
기타음식점,경기도,안성시,66,64,69
기타음식점,경기도,김포시,117,117,131
기타음식점,경기도,화성시,0,0,0
기타음식점,경기도,화성시 만세구,62,60,64
기타음식점,경기도,화성시 효행구,44,45,41
기타음식점,경기도,화성시 병점구,38,37,46
기타음식점,경기도,화성시 동탄구,87,86,83
기타음식점,경기도,광주시,142,141,151
기타음식점,경기도,양주시,73,73,78
기타음식점,경기도,포천시,62,61,63
기타음식점,경기도,여주시,73,72,82
기타음식점,경기도,연천군,30,31,30
기타음식점,경기도,가평군,32,32,37
기타음식점,경기도,양평군,72,72,77
기타음식점,충청북도,청주시 상당구,64,65,68
기타음식점,충청북도,청주시 서원구,68,68,71
기타음식점,충청북도,청주시 흥덕구,110,111,104
기타음식점,충청북도,청주시 청원구,57,57,59
기타음식점,충청북도,충주시,102,103,105
기타음식점,충청북도,제천시,82,83,81
기타음식점,충청북도,보은군,18,18,17
기타음식점,충청북도,옥천군,27,26,24
기타음식점,충청북도,영동군,15,15,17
기타음식점,충청북도,증평군,18,17,18
기타음식점,충청북도,진천군,30,29,26
기타음식점,충청북도,괴산군,21,21,19
기타음식점,충청북도,음성군,37,40,38
기타음식점,충청북도,단양군,25,25,23
기타음식점,충청남도,천안시 동남구,108,107,108
기타음식점,충청남도,천안시 서북구,107,105,105
기타음식점,충청남도,공주시,94,93,98
기타음식점,충청남도,보령시,49,48,48
기타음식점,충청남도,아산시,105,107,96
기타음식점,충청남도,서산시,70,69,75
기타음식점,충청남도,논산시,60,61,58
기타음식점,충청남도,계룡시,10,10,10
기타음식점,충청남도,당진시,50,51,52
기타음식점,충청남도,금산군,24,25,30
기타음식점,충청남도,부여군,23,23,22
기타음식점,충청남도,서천군,35,35,37
기타음식점,충청남도,청양군,10,10,11
기타음식점,충청남도,홍성군,35,35,34
기타음식점,충청남도,예산군,33,34,36
기타음식점,충청남도,태안군,30,30,32
기타음식점,전라남도,목포시,99,100,103
기타음식점,전라남도,여수시,76,77,78
기타음식점,전라남도,순천시,88,89,95
기타음식점,전라남도,나주시,47,46,46
기타음식점,전라남도,광양시,52,52,46
기타음식점,전라남도,담양군,28,29,31
기타음식점,전라남도,곡성군,9,9,10
기타음식점,전라남도,구례군,11,11,11
기타음식점,전라남도,고흥군,22,22,24
기타음식점,전라남도,보성군,13,13,12
기타음식점,전라남도,화순군,33,33,34
기타음식점,전라남도,장흥군,13,13,14
기타음식점,전라남도,강진군,15,15,14
기타음식점,전라남도,해남군,25,25,24
기타음식점,전라남도,영암군,18,18,18
기타음식점,전라남도,무안군,41,40,31
기타음식점,전라남도,함평군,24,23,20
기타음식점,전라남도,영광군,21,21,21
기타음식점,전라남도,장성군,19,19,20
기타음식점,전라남도,완도군,13,13,14
기타음식점,전라남도,진도군,8,8,9
기타음식점,전라남도,신안군,14,15,18
기타음식점,경상북도,포항시 남구,82,84,94
기타음식점,경상북도,포항시 북구,115,114,114
기타음식점,경상북도,경주시,134,132,140
기타음식점,경상북도,김천시,36,37,41
기타음식점,경상북도,안동시,83,82,88
기타음식점,경상북도,구미시,136,136,129
기타음식점,경상북도,영주시,36,36,38
기타음식점,경상북도,영천시,24,24,26
기타음식점,경상북도,상주시,26,27,28
기타음식점,경상북도,문경시,29,28,26
기타음식점,경상북도,경산시,73,72,74
기타음식점,경상북도,의성군,13,13,11
기타음식점,경상북도,청송군,9,9,7
기타음식점,경상북도,영양군,6,6,6
기타음식점,경상북도,영덕군,17,17,18
기타음식점,경상북도,청도군,27,27,30
기타음식점,경상북도,고령군,12,12,12
기타음식점,경상북도,성주군,16,16,16
기타음식점,경상북도,칠곡군,34,34,31
기타음식점,경상북도,예천군,5,5,8
기타음식점,경상북도,봉화군,6,6,7
기타음식점,경상북도,울진군,19,19,19
기타음식점,경상북도,울릉군,5,5,6
기타음식점,경상남도,창원시 의창구,83,83,86
기타음식점,경상남도,창원시 성산구,77,76,78
기타음식점,경상남도,창원시 마산합포구,66,66,73
기타음식점,경상남도,창원시 마산회원구,51,53,57
기타음식점,경상남도,창원시 진해구,88,91,108
기타음식점,경상남도,진주시,171,173,187
기타음식점,경상남도,통영시,47,47,47
기타음식점,경상남도,사천시,41,41,36
기타음식점,경상남도,김해시,260,259,298
기타음식점,경상남도,밀양시,58,58,63
기타음식점,경상남도,거제시,88,87,83
기타음식점,경상남도,양산시,160,160,163
기타음식점,경상남도,의령군,9,9,11
기타음식점,경상남도,함안군,24,24,27
기타음식점,경상남도,창녕군,30,31,33
기타음식점,경상남도,고성군,25,23,21
기타음식점,경상남도,남해군,42,42,45
기타음식점,경상남도,하동군,20,20,18
기타음식점,경상남도,산청군,18,18,18
기타음식점,경상남도,함양군,17,17,19
기타음식점,경상남도,거창군,29,29,29
기타음식점,경상남도,합천군,48,45,46
기타음식점,제주특별자치도,제주시,269,267,268
기타음식점,제주특별자치도,서귀포시,93,95,86
기타음식점,강원특별자치도,춘천시,145,141,146
기타음식점,강원특별자치도,원주시,124,123,133
기타음식점,강원특별자치도,강릉시,116,115,111
기타음식점,강원특별자치도,동해시,36,37,47
기타음식점,강원특별자치도,태백시,17,17,21
기타음식점,강원특별자치도,속초시,46,46,51
기타음식점,강원특별자치도,삼척시,51,52,57
기타음식점,강원특별자치도,홍천군,59,59,55
기타음식점,강원특별자치도,횡성군,21,21,24
기타음식점,강원특별자치도,영월군,17,17,17
기타음식점,강원특별자치도,평창군,32,31,32
기타음식점,강원특별자치도,정선군,34,35,34
기타음식점,강원특별자치도,철원군,29,29,31
기타음식점,강원특별자치도,화천군,16,16,15
기타음식점,강원특별자치도,양구군,9,8,9
기타음식점,강원특별자치도,인제군,37,35,36
기타음식점,강원특별자치도,고성군,19,20,18
기타음식점,강원특별자치도,양양군,26,26,25
기타음식점,전북특별자치도,전주시 완산구,135,136,136
기타음식점,전북특별자치도,전주시 덕진구,93,94,97
기타음식점,전북특별자치도,군산시,88,89,97
기타음식점,전북특별자치도,익산시,80,81,83
기타음식점,전북특별자치도,정읍시,22,24,27
기타음식점,전북특별자치도,남원시,38,37,37
기타음식점,전북특별자치도,김제시,46,44,40
기타음식점,전북특별자치도,완주군,45,44,37
기타음식점,전북특별자치도,진안군,18,18,16
기타음식점,전북특별자치도,무주군,17,17,18
기타음식점,전북특별자치도,장수군,7,7,7
기타음식점,전북특별자치도,임실군,19,17,16
기타음식점,전북특별자치도,순창군,15,15,13
기타음식점,전북특별자치도,고창군,13,13,12
기타음식점,전북특별자치도,부안군,20,21,20
분식점,서울특별시,종로구,396,394,397
분식점,서울특별시,중구,343,340,369
분식점,서울특별시,용산구,248,251,267
분식점,서울특별시,성동구,271,268,267
분식점,서울특별시,광진구,365,366,384
분식점,서울특별시,동대문구,340,338,369
분식점,서울특별시,중랑구,334,337,329
분식점,서울특별시,성북구,390,389,415
분식점,서울특별시,강북구,248,252,266
분식점,서울특별시,도봉구,207,207,237
분식점,서울특별시,노원구,376,377,391
분식점,서울특별시,은평구,351,350,367
분식점,서울특별시,서대문구,315,314,325
분식점,서울특별시,마포구,457,458,495
분식점,서울특별시,양천구,293,288,309
분식점,서울특별시,강서구,451,455,494
분식점,서울특별시,구로구,328,328,330
분식점,서울특별시,금천구,232,232,245
분식점,서울특별시,영등포구,397,400,412
분식점,서울특별시,동작구,311,316,330
분식점,서울특별시,관악구,444,450,458
분식점,서울특별시,서초구,433,435,447
분식점,서울특별시,강남구,609,621,675
분식점,서울특별시,송파구,528,527,549
분식점,서울특별시,강동구,418,416,451
분식점,부산광역시,중구,168,171,166
분식점,부산광역시,서구,115,113,122
분식점,부산광역시,동구,112,112,111
분식점,부산광역시,영도구,125,125,132
분식점,부산광역시,부산진구,430,431,442
분식점,부산광역시,동래구,234,235,259
분식점,부산광역시,남구,224,222,216
분식점,부산광역시,북구,177,178,193
분식점,부산광역시,해운대구,384,384,408
분식점,부산광역시,사하구,268,265,292
분식점,부산광역시,금정구,262,266,278
분식점,부산광역시,강서구,126,127,125
분식점,부산광역시,연제구,223,228,238
분식점,부산광역시,수영구,245,245,249
분식점,부산광역시,사상구,149,151,151
분식점,부산광역시,기장군,216,217,244
분식점,대구광역시,중구,243,247,247
분식점,대구광역시,동구,281,282,315
분식점,대구광역시,서구,124,124,130
분식점,대구광역시,남구,145,141,151
분식점,대구광역시,북구,379,381,424
분식점,대구광역시,수성구,361,360,372
분식점,대구광역시,달서구,392,393,426
분식점,대구광역시,달성군,193,190,211
분식점,대구광역시,군위군,14,14,15
분식점,인천광역시,중구,188,189,185
분식점,인천광역시,동구,46,47,49
분식점,인천광역시,미추홀구,351,353,361
분식점,인천광역시,연수구,247,246,262
분식점,인천광역시,남동구,384,387,404
분식점,인천광역시,부평구,344,349,383
분식점,인천광역시,계양구,223,220,244
분식점,인천광역시,서구,416,415,449
분식점,인천광역시,강화군,58,59,56
분식점,인천광역시,옹진군,16,15,13
분식점,광주광역시,동구,150,154,162
분식점,광주광역시,서구,291,291,297
분식점,광주광역시,남구,178,178,194
분식점,광주광역시,북구,402,398,414
분식점,광주광역시,광산구,339,342,358
분식점,대전광역시,동구,236,237,256
분식점,대전광역시,중구,283,284,292
분식점,대전광역시,서구,489,493,517
분식점,대전광역시,유성구,344,345,376
분식점,대전광역시,대덕구,137,138,156
분식점,울산광역시,중구,142,141,142
분식점,울산광역시,남구,267,265,280
분식점,울산광역시,동구,95,95,99
분식점,울산광역시,북구,131,134,137
분식점,울산광역시,울주군,169,171,175
분식점,세종특별자치시,0,285,284,290
분식점,경기도,수원시 장안구,222,222,235
분식점,경기도,수원시 권선구,232,233,256
분식점,경기도,수원시 팔달구,255,259,275
분식점,경기도,수원시 영통구,306,307,322
분식점,경기도,성남시 수정구,180,179,192
분식점,경기도,성남시 중원구,166,169,188
분식점,경기도,성남시 분당구,339,341,359
분식점,경기도,의정부시,296,298,292
분식점,경기도,안양시 만안구,211,210,224
분식점,경기도,안양시 동안구,266,267,283
분식점,경기도,부천시 원미구,356,355,390
분식점,경기도,부천시 소사구,170,170,181
분식점,경기도,부천시 오정구,112,115,111
분식점,경기도,광명시,298,299,305
분식점,경기도,평택시,527,525,545
분식점,경기도,동두천시,57,56,65
분식점,경기도,안산시 상록구,296,295,323
분식점,경기도,안산시 단원구,408,412,435
분식점,경기도,고양시 덕양구,357,359,389
분식점,경기도,고양시 일산동구,195,196,206
분식점,경기도,고양시 일산서구,189,191,204
분식점,경기도,과천시,52,53,56
분식점,경기도,구리시,135,135,148
분식점,경기도,남양주시,526,537,583
분식점,경기도,오산시,184,184,199
분식점,경기도,시흥시,1044,1040,1076
분식점,경기도,군포시,209,209,215
분식점,경기도,의왕시,122,121,128
분식점,경기도,하남시,203,208,214
분식점,경기도,용인시 처인구,372,374,391
분식점,경기도,용인시 기흥구,341,345,355
분식점,경기도,용인시 수지구,227,227,244
분식점,경기도,파주시,391,399,407
분식점,경기도,이천시,270,268,269
분식점,경기도,안성시,133,134,150
분식점,경기도,김포시,332,329,361
분식점,경기도,화성시,0,0,0
분식점,경기도,화성시 만세구,269,268,268
분식점,경기도,화성시 효행구,107,106,108
분식점,경기도,화성시 병점구,100,99,134
분식점,경기도,화성시 동탄구,261,258,257
분식점,경기도,광주시,278,281,311
분식점,경기도,양주시,184,187,185
분식점,경기도,포천시,128,129,128
분식점,경기도,여주시,91,90,88
분식점,경기도,연천군,59,60,64
분식점,경기도,가평군,60,61,63
분식점,경기도,양평군,88,86,80
분식점,충청북도,청주시 상당구,270,267,286
분식점,충청북도,청주시 서원구,200,198,218
분식점,충청북도,청주시 흥덕구,334,336,347
분식점,충청북도,청주시 청원구,260,263,283
분식점,충청북도,충주시,240,240,255
분식점,충청북도,제천시,166,169,188
분식점,충청북도,보은군,28,26,27
분식점,충청북도,옥천군,49,47,38
분식점,충청북도,영동군,29,30,32
분식점,충청북도,증평군,54,55,64
분식점,충청북도,진천군,64,64,71
분식점,충청북도,괴산군,21,22,23
분식점,충청북도,음성군,67,67,65
분식점,충청북도,단양군,70,69,77
분식점,충청남도,천안시 동남구,291,289,314
분식점,충청남도,천안시 서북구,410,414,430
분식점,충청남도,공주시,110,110,110
분식점,충청남도,보령시,62,61,62
분식점,충청남도,아산시,370,371,364
분식점,충청남도,서산시,150,152,160
분식점,충청남도,논산시,175,174,188
분식점,충청남도,계룡시,40,40,44
분식점,충청남도,당진시,238,240,255
분식점,충청남도,금산군,57,58,61
분식점,충청남도,부여군,53,52,58
분식점,충청남도,서천군,33,32,26
분식점,충청남도,청양군,19,20,21
분식점,충청남도,홍성군,91,92,93
분식점,충청남도,예산군,62,63,72
분식점,충청남도,태안군,61,61,59
분식점,전라남도,목포시,237,240,242
분식점,전라남도,여수시,184,186,199
분식점,전라남도,순천시,218,220,213
분식점,전라남도,나주시,104,105,105
분식점,전라남도,광양시,154,156,159
분식점,전라남도,담양군,38,38,38
분식점,전라남도,곡성군,24,24,27
분식점,전라남도,구례군,32,31,33
분식점,전라남도,고흥군,59,60,54
분식점,전라남도,보성군,25,25,32
분식점,전라남도,화순군,59,58,61
분식점,전라남도,장흥군,28,27,29
분식점,전라남도,강진군,32,32,35
분식점,전라남도,해남군,62,63,64
분식점,전라남도,영암군,51,51,53
분식점,전라남도,무안군,79,77,87
분식점,전라남도,함평군,24,24,23
분식점,전라남도,영광군,33,32,31
분식점,전라남도,장성군,42,42,43
분식점,전라남도,완도군,34,33,37
분식점,전라남도,진도군,25,22,23
분식점,전라남도,신안군,17,17,13
분식점,경상북도,포항시 남구,216,219,224
분식점,경상북도,포항시 북구,252,252,271
분식점,경상북도,경주시,370,377,395
분식점,경상북도,김천시,278,280,291
분식점,경상북도,안동시,120,121,130
분식점,경상북도,구미시,400,398,397
분식점,경상북도,영주시,96,95,97
분식점,경상북도,영천시,73,73,72
분식점,경상북도,상주시,49,50,57
분식점,경상북도,문경시,49,49,60
분식점,경상북도,경산시,212,216,224
분식점,경상북도,의성군,39,40,39
분식점,경상북도,청송군,17,17,15
분식점,경상북도,영양군,11,11,9
분식점,경상북도,영덕군,30,31,32
분식점,경상북도,청도군,22,22,25
분식점,경상북도,고령군,27,27,28
분식점,경상북도,성주군,32,31,34
분식점,경상북도,칠곡군,94,94,99
분식점,경상북도,예천군,33,32,40
분식점,경상북도,봉화군,16,16,14
분식점,경상북도,울진군,45,45,47
분식점,경상북도,울릉군,21,21,19
분식점,경상남도,창원시 의창구,226,226,233
분식점,경상남도,창원시 성산구,286,287,295
분식점,경상남도,창원시 마산합포구,247,246,241
분식점,경상남도,창원시 마산회원구,163,164,161
분식점,경상남도,창원시 진해구,166,165,184
분식점,경상남도,진주시,414,415,434
분식점,경상남도,통영시,209,211,227
분식점,경상남도,사천시,114,115,133
분식점,경상남도,김해시,482,491,525
분식점,경상남도,밀양시,80,79,81
분식점,경상남도,거제시,173,174,181
분식점,경상남도,양산시,378,379,402
분식점,경상남도,의령군,10,10,13
분식점,경상남도,함안군,60,55,58
분식점,경상남도,창녕군,70,73,77
분식점,경상남도,고성군,50,50,52
분식점,경상남도,남해군,46,48,49
분식점,경상남도,하동군,58,58,55
분식점,경상남도,산청군,40,40,44
분식점,경상남도,함양군,37,37,40
분식점,경상남도,거창군,47,48,52
분식점,경상남도,합천군,25,25,25
분식점,제주특별자치도,제주시,586,589,614
분식점,제주특별자치도,서귀포시,261,261,274
분식점,강원특별자치도,춘천시,305,305,302
분식점,강원특별자치도,원주시,292,294,315
분식점,강원특별자치도,강릉시,217,218,226
분식점,강원특별자치도,동해시,120,120,115
분식점,강원특별자치도,태백시,63,62,62
분식점,강원특별자치도,속초시,122,123,128
분식점,강원특별자치도,삼척시,85,84,86
분식점,강원특별자치도,홍천군,87,85,86
분식점,강원특별자치도,횡성군,40,39,40
분식점,강원특별자치도,영월군,44,44,45
분식점,강원특별자치도,평창군,42,43,40
분식점,강원특별자치도,정선군,48,47,38
분식점,강원특별자치도,철원군,31,31,32
분식점,강원특별자치도,화천군,34,34,38
분식점,강원특별자치도,양구군,23,24,26
분식점,강원특별자치도,인제군,50,50,48
분식점,강원특별자치도,고성군,33,33,34
분식점,강원특별자치도,양양군,28,29,24
분식점,전북특별자치도,전주시 완산구,365,362,369
분식점,전북특별자치도,전주시 덕진구,346,343,366
분식점,전북특별자치도,군산시,319,316,327
분식점,전북특별자치도,익산시,288,288,309
분식점,전북특별자치도,정읍시,105,105,109
분식점,전북특별자치도,남원시,95,95,96
분식점,전북특별자치도,김제시,69,69,62
분식점,전북특별자치도,완주군,96,97,86
분식점,전북특별자치도,진안군,28,26,24
분식점,전북특별자치도,무주군,33,33,28
분식점,전북특별자치도,장수군,26,25,25
분식점,전북특별자치도,임실군,34,31,25
분식점,전북특별자치도,순창군,25,25,24
분식점,전북특별자치도,고창군,35,35,34
분식점,전북특별자치도,부안군,60,60,63
여관ㆍ모텔,서울특별시,종로구,115,115,129
여관ㆍ모텔,서울특별시,중구,115,114,116
여관ㆍ모텔,서울특별시,용산구,49,49,50
여관ㆍ모텔,서울특별시,성동구,54,54,52
여관ㆍ모텔,서울특별시,광진구,51,50,51
여관ㆍ모텔,서울특별시,동대문구,91,89,96
여관ㆍ모텔,서울특별시,중랑구,71,71,74
여관ㆍ모텔,서울특별시,성북구,43,43,44
여관ㆍ모텔,서울특별시,강북구,99,98,108
여관ㆍ모텔,서울특별시,도봉구,16,17,15
여관ㆍ모텔,서울특별시,노원구,20,20,23
여관ㆍ모텔,서울특별시,은평구,44,44,46
여관ㆍ모텔,서울특별시,서대문구,59,59,66
여관ㆍ모텔,서울특별시,마포구,25,25,29
여관ㆍ모텔,서울특별시,양천구,11,11,9
여관ㆍ모텔,서울특별시,강서구,73,72,76
여관ㆍ모텔,서울특별시,구로구,37,40,42
여관ㆍ모텔,서울특별시,금천구,31,30,30
여관ㆍ모텔,서울특별시,영등포구,113,113,122
여관ㆍ모텔,서울특별시,동작구,21,21,23
여관ㆍ모텔,서울특별시,관악구,68,69,73
여관ㆍ모텔,서울특별시,서초구,17,17,17
여관ㆍ모텔,서울특별시,강남구,42,42,42
여관ㆍ모텔,서울특별시,송파구,45,45,44
여관ㆍ모텔,서울특별시,강동구,51,51,53
여관ㆍ모텔,부산광역시,중구,72,71,69
여관ㆍ모텔,부산광역시,서구,44,43,46
여관ㆍ모텔,부산광역시,동구,91,91,99
여관ㆍ모텔,부산광역시,영도구,55,56,59
여관ㆍ모텔,부산광역시,부산진구,139,143,150
여관ㆍ모텔,부산광역시,동래구,107,107,108
여관ㆍ모텔,부산광역시,남구,35,36,37
여관ㆍ모텔,부산광역시,북구,76,76,78
여관ㆍ모텔,부산광역시,해운대구,60,60,64
여관ㆍ모텔,부산광역시,사하구,59,60,62
여관ㆍ모텔,부산광역시,금정구,49,50,52
여관ㆍ모텔,부산광역시,강서구,25,25,24
여관ㆍ모텔,부산광역시,연제구,46,46,48
여관ㆍ모텔,부산광역시,수영구,46,46,50
여관ㆍ모텔,부산광역시,사상구,114,114,113
여관ㆍ모텔,부산광역시,기장군,37,37,40
여관ㆍ모텔,대구광역시,중구,45,45,46
여관ㆍ모텔,대구광역시,동구,129,128,130
여관ㆍ모텔,대구광역시,서구,87,86,86
여관ㆍ모텔,대구광역시,남구,33,32,32
여관ㆍ모텔,대구광역시,북구,73,74,76
여관ㆍ모텔,대구광역시,수성구,36,36,40
여관ㆍ모텔,대구광역시,달서구,87,88,90
여관ㆍ모텔,대구광역시,달성군,33,32,33
여관ㆍ모텔,대구광역시,군위군,10,10,11
여관ㆍ모텔,인천광역시,중구,91,91,92
여관ㆍ모텔,인천광역시,동구,13,13,13
여관ㆍ모텔,인천광역시,미추홀구,140,138,142
여관ㆍ모텔,인천광역시,연수구,34,34,36
여관ㆍ모텔,인천광역시,남동구,43,43,48
여관ㆍ모텔,인천광역시,부평구,130,131,129
여관ㆍ모텔,인천광역시,계양구,44,44,46
여관ㆍ모텔,인천광역시,서구,56,57,60
여관ㆍ모텔,인천광역시,강화군,65,65,65
여관ㆍ모텔,인천광역시,옹진군,44,45,48
여관ㆍ모텔,광주광역시,동구,82,84,86
여관ㆍ모텔,광주광역시,서구,94,94,100
여관ㆍ모텔,광주광역시,남구,22,22,24
여관ㆍ모텔,광주광역시,북구,135,137,139
여관ㆍ모텔,광주광역시,광산구,84,85,83
여관ㆍ모텔,대전광역시,동구,103,103,101
여관ㆍ모텔,대전광역시,중구,121,124,127
여관ㆍ모텔,대전광역시,서구,48,48,49
여관ㆍ모텔,대전광역시,유성구,72,73,73
여관ㆍ모텔,대전광역시,대덕구,76,77,76
여관ㆍ모텔,울산광역시,중구,62,62,63
여관ㆍ모텔,울산광역시,남구,223,226,232
여관ㆍ모텔,울산광역시,동구,53,53,51
여관ㆍ모텔,울산광역시,북구,25,24,24
여관ㆍ모텔,울산광역시,울주군,130,130,133
여관ㆍ모텔,세종특별자치시,0,64,64,64
여관ㆍ모텔,경기도,수원시 장안구,59,61,62
여관ㆍ모텔,경기도,수원시 권선구,37,36,36
여관ㆍ모텔,경기도,수원시 팔달구,167,168,166
여관ㆍ모텔,경기도,수원시 영통구,8,8,9
여관ㆍ모텔,경기도,성남시 수정구,83,83,84
여관ㆍ모텔,경기도,성남시 중원구,59,59,60
여관ㆍ모텔,경기도,성남시 분당구,21,21,24
여관ㆍ모텔,경기도,의정부시,91,89,88
여관ㆍ모텔,경기도,안양시 만안구,69,69,76
여관ㆍ모텔,경기도,안양시 동안구,36,36,35
여관ㆍ모텔,경기도,부천시 원미구,75,75,80
여관ㆍ모텔,경기도,부천시 소사구,23,23,27
여관ㆍ모텔,경기도,부천시 오정구,20,20,20
여관ㆍ모텔,경기도,광명시,44,44,44
여관ㆍ모텔,경기도,평택시,141,140,141
여관ㆍ모텔,경기도,동두천시,34,34,33
여관ㆍ모텔,경기도,안산시 상록구,47,46,46
여관ㆍ모텔,경기도,안산시 단원구,115,115,122
여관ㆍ모텔,경기도,고양시 덕양구,62,61,63
여관ㆍ모텔,경기도,고양시 일산동구,4,4,5
여관ㆍ모텔,경기도,고양시 일산서구,35,35,35
여관ㆍ모텔,경기도,과천시,0,0,0
여관ㆍ모텔,경기도,구리시,57,57,55
여관ㆍ모텔,경기도,남양주시,59,59,66
여관ㆍ모텔,경기도,오산시,67,68,68
여관ㆍ모텔,경기도,시흥시,72,73,77
여관ㆍ모텔,경기도,군포시,41,42,44
여관ㆍ모텔,경기도,의왕시,6,6,6
여관ㆍ모텔,경기도,하남시,16,16,17
여관ㆍ모텔,경기도,용인시 처인구,71,71,73
여관ㆍ모텔,경기도,용인시 기흥구,15,15,15
여관ㆍ모텔,경기도,용인시 수지구,8,8,8
여관ㆍ모텔,경기도,파주시,98,98,101
여관ㆍ모텔,경기도,이천시,89,89,91
여관ㆍ모텔,경기도,안성시,84,83,85
여관ㆍ모텔,경기도,김포시,42,42,42
여관ㆍ모텔,경기도,화성시,0,0,0
여관ㆍ모텔,경기도,화성시 만세구,86,85,88
여관ㆍ모텔,경기도,화성시 효행구,18,18,21
여관ㆍ모텔,경기도,화성시 병점구,5,5,5
여관ㆍ모텔,경기도,화성시 동탄구,22,21,15
여관ㆍ모텔,경기도,광주시,52,52,54
여관ㆍ모텔,경기도,양주시,70,70,70
여관ㆍ모텔,경기도,포천시,121,121,124
여관ㆍ모텔,경기도,여주시,74,76,69
여관ㆍ모텔,경기도,연천군,35,35,35
여관ㆍ모텔,경기도,가평군,98,98,97
여관ㆍ모텔,경기도,양평군,118,118,116
여관ㆍ모텔,충청북도,청주시 상당구,78,78,76
여관ㆍ모텔,충청북도,청주시 서원구,31,31,32
여관ㆍ모텔,충청북도,청주시 흥덕구,92,93,93
여관ㆍ모텔,충청북도,청주시 청원구,68,69,68
여관ㆍ모텔,충청북도,충주시,100,99,100
여관ㆍ모텔,충청북도,제천시,95,95,98
여관ㆍ모텔,충청북도,보은군,47,48,46
여관ㆍ모텔,충청북도,옥천군,31,31,26
여관ㆍ모텔,충청북도,영동군,29,28,27
여관ㆍ모텔,충청북도,증평군,26,26,26
여관ㆍ모텔,충청북도,진천군,46,47,47
여관ㆍ모텔,충청북도,괴산군,21,21,21
여관ㆍ모텔,충청북도,음성군,68,66,67
여관ㆍ모텔,충청북도,단양군,35,34,35
여관ㆍ모텔,충청남도,천안시 동남구,119,119,125
여관ㆍ모텔,충청남도,천안시 서북구,77,78,82
여관ㆍ모텔,충청남도,공주시,109,108,108
여관ㆍ모텔,충청남도,보령시,146,146,149
여관ㆍ모텔,충청남도,아산시,138,140,141
여관ㆍ모텔,충청남도,서산시,118,118,119
여관ㆍ모텔,충청남도,논산시,75,74,79
여관ㆍ모텔,충청남도,계룡시,23,23,23
여관ㆍ모텔,충청남도,당진시,85,86,86
여관ㆍ모텔,충청남도,금산군,43,43,42
여관ㆍ모텔,충청남도,부여군,45,45,45
여관ㆍ모텔,충청남도,서천군,41,41,41
여관ㆍ모텔,충청남도,청양군,19,19,18
여관ㆍ모텔,충청남도,홍성군,55,55,59
여관ㆍ모텔,충청남도,예산군,80,81,81
여관ㆍ모텔,충청남도,태안군,152,152,158
여관ㆍ모텔,전라남도,목포시,212,212,223
여관ㆍ모텔,전라남도,여수시,190,190,190
여관ㆍ모텔,전라남도,순천시,136,136,140
여관ㆍ모텔,전라남도,나주시,38,38,38
여관ㆍ모텔,전라남도,광양시,93,90,89
여관ㆍ모텔,전라남도,담양군,17,17,18
여관ㆍ모텔,전라남도,곡성군,13,13,13
여관ㆍ모텔,전라남도,구례군,19,19,19
여관ㆍ모텔,전라남도,고흥군,42,42,45
여관ㆍ모텔,전라남도,보성군,21,21,21
여관ㆍ모텔,전라남도,화순군,30,30,34
여관ㆍ모텔,전라남도,장흥군,23,23,22
여관ㆍ모텔,전라남도,강진군,22,22,24
여관ㆍ모텔,전라남도,해남군,58,58,57
여관ㆍ모텔,전라남도,영암군,44,44,44
여관ㆍ모텔,전라남도,무안군,31,31,32
여관ㆍ모텔,전라남도,함평군,9,9,9
여관ㆍ모텔,전라남도,영광군,33,33,31
여관ㆍ모텔,전라남도,장성군,19,19,19
여관ㆍ모텔,전라남도,완도군,78,77,79
여관ㆍ모텔,전라남도,진도군,30,30,29
여관ㆍ모텔,전라남도,신안군,46,46,47
여관ㆍ모텔,경상북도,포항시 남구,138,138,141
여관ㆍ모텔,경상북도,포항시 북구,135,138,139
여관ㆍ모텔,경상북도,경주시,205,205,211
여관ㆍ모텔,경상북도,김천시,110,110,110
여관ㆍ모텔,경상북도,안동시,132,131,135
여관ㆍ모텔,경상북도,구미시,219,217,226
여관ㆍ모텔,경상북도,영주시,74,73,76
여관ㆍ모텔,경상북도,영천시,82,81,82
여관ㆍ모텔,경상북도,상주시,37,37,39
여관ㆍ모텔,경상북도,문경시,69,69,69
여관ㆍ모텔,경상북도,경산시,76,76,74
여관ㆍ모텔,경상북도,의성군,25,25,26
여관ㆍ모텔,경상북도,청송군,26,26,26
여관ㆍ모텔,경상북도,영양군,8,8,8
여관ㆍ모텔,경상북도,영덕군,57,57,57
여관ㆍ모텔,경상북도,청도군,34,33,32
여관ㆍ모텔,경상북도,고령군,9,10,10
여관ㆍ모텔,경상북도,성주군,29,29,32
여관ㆍ모텔,경상북도,칠곡군,80,80,83
여관ㆍ모텔,경상북도,예천군,34,34,35
여관ㆍ모텔,경상북도,봉화군,17,17,17
여관ㆍ모텔,경상북도,울진군,95,95,97
여관ㆍ모텔,경상북도,울릉군,51,51,55
여관ㆍ모텔,경상남도,창원시 의창구,102,102,106
여관ㆍ모텔,경상남도,창원시 성산구,151,149,152
여관ㆍ모텔,경상남도,창원시 마산합포구,128,127,129
여관ㆍ모텔,경상남도,창원시 마산회원구,116,114,118
여관ㆍ모텔,경상남도,창원시 진해구,81,82,85
여관ㆍ모텔,경상남도,진주시,233,234,242
여관ㆍ모텔,경상남도,통영시,147,147,148
여관ㆍ모텔,경상남도,사천시,115,115,121
여관ㆍ모텔,경상남도,김해시,195,195,202
여관ㆍ모텔,경상남도,밀양시,63,63,63
여관ㆍ모텔,경상남도,거제시,166,165,161
여관ㆍ모텔,경상남도,양산시,119,120,122
여관ㆍ모텔,경상남도,의령군,20,20,20
여관ㆍ모텔,경상남도,함안군,46,46,44
여관ㆍ모텔,경상남도,창녕군,52,53,54
여관ㆍ모텔,경상남도,고성군,65,65,68
여관ㆍ모텔,경상남도,남해군,70,70,74
여관ㆍ모텔,경상남도,하동군,46,46,46
여관ㆍ모텔,경상남도,산청군,40,40,40
여관ㆍ모텔,경상남도,함양군,32,32,35
여관ㆍ모텔,경상남도,거창군,67,67,63
여관ㆍ모텔,경상남도,합천군,41,41,44
여관ㆍ모텔,제주특별자치도,제주시,250,249,254
여관ㆍ모텔,제주특별자치도,서귀포시,101,101,104
여관ㆍ모텔,강원특별자치도,춘천시,161,162,163
여관ㆍ모텔,강원특별자치도,원주시,155,156,160
여관ㆍ모텔,강원특별자치도,강릉시,217,218,219
여관ㆍ모텔,강원특별자치도,동해시,62,62,66
여관ㆍ모텔,강원특별자치도,태백시,57,57,58
여관ㆍ모텔,강원특별자치도,속초시,93,93,97
여관ㆍ모텔,강원특별자치도,삼척시,46,46,49
여관ㆍ모텔,강원특별자치도,홍천군,60,60,61
여관ㆍ모텔,강원특별자치도,횡성군,31,31,31
여관ㆍ모텔,강원특별자치도,영월군,29,29,30
여관ㆍ모텔,강원특별자치도,평창군,47,47,47
여관ㆍ모텔,강원특별자치도,정선군,89,90,92
여관ㆍ모텔,강원특별자치도,철원군,55,55,56
여관ㆍ모텔,강원특별자치도,화천군,39,38,38
여관ㆍ모텔,강원특별자치도,양구군,42,42,42
여관ㆍ모텔,강원특별자치도,인제군,49,49,50
여관ㆍ모텔,강원특별자치도,고성군,38,38,38
여관ㆍ모텔,강원특별자치도,양양군,95,96,100
여관ㆍ모텔,전북특별자치도,전주시 완산구,95,96,102
여관ㆍ모텔,전북특별자치도,전주시 덕진구,173,173,180
여관ㆍ모텔,전북특별자치도,군산시,122,122,124
여관ㆍ모텔,전북특별자치도,익산시,139,137,135
여관ㆍ모텔,전북특별자치도,정읍시,71,71,72
여관ㆍ모텔,전북특별자치도,남원시,45,46,49
여관ㆍ모텔,전북특별자치도,김제시,52,52,51
여관ㆍ모텔,전북특별자치도,완주군,40,39,45
여관ㆍ모텔,전북특별자치도,진안군,8,8,7
여관ㆍ모텔,전북특별자치도,무주군,39,39,38
여관ㆍ모텔,전북특별자치도,장수군,7,7,7
여관ㆍ모텔,전북특별자치도,임실군,18,18,19
여관ㆍ모텔,전북특별자치도,순창군,20,19,19
여관ㆍ모텔,전북특별자치도,고창군,25,25,25
여관ㆍ모텔,전북특별자치도,부안군,66,66,73
일식음식점,서울특별시,종로구,277,279,263
일식음식점,서울특별시,중구,302,302,293
일식음식점,서울특별시,용산구,270,271,273
일식음식점,서울특별시,성동구,266,262,256
일식음식점,서울특별시,광진구,297,298,285
일식음식점,서울특별시,동대문구,181,184,177
일식음식점,서울특별시,중랑구,149,146,144
일식음식점,서울특별시,성북구,170,171,166
일식음식점,서울특별시,강북구,142,141,136
일식음식점,서울특별시,도봉구,90,93,98
일식음식점,서울특별시,노원구,201,203,189
일식음식점,서울특별시,은평구,167,165,169
일식음식점,서울특별시,서대문구,193,193,203
일식음식점,서울특별시,마포구,719,721,718
일식음식점,서울특별시,양천구,157,152,161
일식음식점,서울특별시,강서구,366,368,371
일식음식점,서울특별시,구로구,166,166,159
일식음식점,서울특별시,금천구,122,123,122
일식음식점,서울특별시,영등포구,421,421,408
일식음식점,서울특별시,동작구,214,208,200
일식음식점,서울특별시,관악구,272,276,266
일식음식점,서울특별시,서초구,369,368,373
일식음식점,서울특별시,강남구,875,869,865
일식음식점,서울특별시,송파구,475,470,465
일식음식점,서울특별시,강동구,237,237,240
일식음식점,부산광역시,중구,87,86,88
일식음식점,부산광역시,서구,32,32,33
일식음식점,부산광역시,동구,49,49,39
일식음식점,부산광역시,영도구,19,19,22
일식음식점,부산광역시,부산진구,255,256,251
일식음식점,부산광역시,동래구,96,95,102
일식음식점,부산광역시,남구,82,84,84
일식음식점,부산광역시,북구,65,63,61
일식음식점,부산광역시,해운대구,160,168,177
일식음식점,부산광역시,사하구,74,74,71
일식음식점,부산광역시,금정구,91,91,93
일식음식점,부산광역시,강서구,54,53,51
일식음식점,부산광역시,연제구,84,83,83
일식음식점,부산광역시,수영구,202,201,184
일식음식점,부산광역시,사상구,40,41,34
일식음식점,부산광역시,기장군,84,84,88
일식음식점,대구광역시,중구,216,219,210
일식음식점,대구광역시,동구,93,96,102
일식음식점,대구광역시,서구,29,28,30
일식음식점,대구광역시,남구,56,55,56
일식음식점,대구광역시,북구,146,151,154
일식음식점,대구광역시,수성구,213,211,207
일식음식점,대구광역시,달서구,189,187,181
일식음식점,대구광역시,달성군,71,70,70
일식음식점,인천광역시,중구,138,138,137
일식음식점,인천광역시,동구,9,9,9
일식음식점,인천광역시,미추홀구,150,147,149
일식음식점,인천광역시,연수구,181,181,183
일식음식점,인천광역시,남동구,195,195,202
일식음식점,인천광역시,부평구,131,132,144
일식음식점,인천광역시,계양구,69,72,69
일식음식점,인천광역시,서구,223,225,237
일식음식점,인천광역시,강화군,71,72,72
일식음식점,인천광역시,옹진군,14,14,15
일식음식점,광주광역시,동구,70,68,65
일식음식점,광주광역시,서구,85,83,75
일식음식점,광주광역시,남구,52,53,54
일식음식점,광주광역시,북구,79,79,87
일식음식점,광주광역시,광산구,99,95,94
일식음식점,대전광역시,동구,43,43,42
일식음식점,대전광역시,중구,87,86,74
일식음식점,대전광역시,서구,255,256,247
일식음식점,대전광역시,유성구,259,257,235
일식음식점,대전광역시,대덕구,44,44,48
일식음식점,울산광역시,중구,56,58,51
일식음식점,울산광역시,남구,212,210,209
일식음식점,울산광역시,동구,42,42,44
일식음식점,울산광역시,북구,46,43,43
일식음식점,울산광역시,울주군,53,53,51
일식음식점,세종특별자치시,0,150,147,141
일식음식점,경기도,수원시 장안구,111,112,109
일식음식점,경기도,수원시 권선구,94,94,98
일식음식점,경기도,수원시 팔달구,167,168,169
일식음식점,경기도,수원시 영통구,218,218,205
일식음식점,경기도,성남시 수정구,106,102,104
일식음식점,경기도,성남시 중원구,84,86,85
일식음식점,경기도,성남시 분당구,369,374,372
일식음식점,경기도,의정부시,176,174,164
일식음식점,경기도,안양시 만안구,71,69,61
일식음식점,경기도,안양시 동안구,174,175,171
일식음식점,경기도,부천시 원미구,233,235,248
일식음식점,경기도,부천시 소사구,50,49,45
일식음식점,경기도,부천시 오정구,24,24,27
일식음식점,경기도,광명시,93,95,86
일식음식점,경기도,평택시,252,244,246
일식음식점,경기도,동두천시,26,28,26
일식음식점,경기도,안산시 상록구,72,75,77
일식음식점,경기도,안산시 단원구,182,183,183
일식음식점,경기도,고양시 덕양구,188,191,199
일식음식점,경기도,고양시 일산동구,171,174,176
일식음식점,경기도,고양시 일산서구,70,72,76
일식음식점,경기도,과천시,32,29,23
일식음식점,경기도,구리시,83,81,92
일식음식점,경기도,남양주시,194,192,190
일식음식점,경기도,오산시,77,77,72
일식음식점,경기도,시흥시,164,162,175
일식음식점,경기도,군포시,81,81,83
일식음식점,경기도,의왕시,34,35,36
일식음식점,경기도,하남시,144,144,155
일식음식점,경기도,용인시 처인구,78,78,83
일식음식점,경기도,용인시 기흥구,123,122,123
일식음식점,경기도,용인시 수지구,89,89,90
일식음식점,경기도,파주시,164,161,154
일식음식점,경기도,이천시,72,71,67
일식음식점,경기도,안성시,74,74,70
일식음식점,경기도,김포시,171,168,167
일식음식점,경기도,화성시,0,0,0
일식음식점,경기도,화성시 만세구,89,88,91
일식음식점,경기도,화성시 효행구,30,32,32
일식음식점,경기도,화성시 병점구,41,40,44
일식음식점,경기도,화성시 동탄구,244,241,222
일식음식점,경기도,광주시,132,135,129
일식음식점,경기도,양주시,70,70,72
일식음식점,경기도,포천시,35,34,35
일식음식점,경기도,여주시,43,41,37
일식음식점,경기도,연천군,7,7,7
일식음식점,경기도,가평군,14,15,16
일식음식점,경기도,양평군,30,30,30
일식음식점,충청북도,청주시 상당구,90,89,89
일식음식점,충청북도,청주시 서원구,66,68,65
일식음식점,충청북도,청주시 흥덕구,171,168,149
일식음식점,충청북도,청주시 청원구,105,102,109
일식음식점,충청북도,충주시,63,63,59
일식음식점,충청북도,제천시,37,37,38
일식음식점,충청북도,보은군,4,4,4
일식음식점,충청북도,옥천군,7,8,7
일식음식점,충청북도,영동군,12,11,9
일식음식점,충청북도,증평군,14,14,13
일식음식점,충청북도,진천군,30,31,30
일식음식점,충청북도,괴산군,8,8,8
일식음식점,충청북도,음성군,24,23,24
일식음식점,충청북도,단양군,4,4,4
일식음식점,충청남도,천안시 동남구,103,103,100
일식음식점,충청남도,천안시 서북구,243,251,235
일식음식점,충청남도,공주시,27,26,26
일식음식점,충청남도,보령시,54,54,56
일식음식점,충청남도,아산시,142,144,129
일식음식점,충청남도,서산시,49,49,53
일식음식점,충청남도,논산시,21,21,27
일식음식점,충청남도,계룡시,7,7,8
일식음식점,충청남도,당진시,43,45,42
일식음식점,충청남도,금산군,7,7,6
일식음식점,충청남도,부여군,7,7,6
일식음식점,충청남도,서천군,10,10,10
일식음식점,충청남도,청양군,6,6,6
일식음식점,충청남도,홍성군,107,107,109
일식음식점,충청남도,예산군,13,13,12
일식음식점,충청남도,태안군,37,36,39
일식음식점,전라남도,목포시,68,70,76
일식음식점,전라남도,여수시,91,91,95
일식음식점,전라남도,순천시,106,105,110
일식음식점,전라남도,나주시,24,24,21
일식음식점,전라남도,광양시,63,63,57
일식음식점,전라남도,담양군,9,10,9
일식음식점,전라남도,구례군,0,0,0
일식음식점,전라남도,고흥군,3,3,4
일식음식점,전라남도,보성군,3,3,3
일식음식점,전라남도,화순군,6,7,6
일식음식점,전라남도,장흥군,5,5,6
일식음식점,전라남도,강진군,7,6,6
일식음식점,전라남도,해남군,5,5,4
일식음식점,전라남도,영암군,6,7,4
일식음식점,전라남도,무안군,33,33,36
일식음식점,전라남도,함평군,0,0,0
일식음식점,전라남도,영광군,7,7,6
일식음식점,전라남도,장성군,3,3,3
일식음식점,전라남도,완도군,10,10,10
일식음식점,전라남도,진도군,8,8,9
일식음식점,전라남도,신안군,4,5,5
일식음식점,경상북도,포항시 남구,79,78,81
일식음식점,경상북도,포항시 북구,93,95,84
일식음식점,경상북도,경주시,80,82,69
일식음식점,경상북도,김천시,48,51,48
일식음식점,경상북도,안동시,53,54,58
일식음식점,경상북도,구미시,138,138,133
일식음식점,경상북도,영주시,21,21,19
일식음식점,경상북도,영천시,9,9,10
일식음식점,경상북도,상주시,27,27,27
일식음식점,경상북도,문경시,8,9,8
일식음식점,경상북도,경산시,63,64,63
일식음식점,경상북도,의성군,7,6,9
일식음식점,경상북도,영양군,0,0,0
일식음식점,경상북도,영덕군,5,5,7
일식음식점,경상북도,청도군,6,5,3
일식음식점,경상북도,고령군,5,5,4
일식음식점,경상북도,성주군,8,8,9
일식음식점,경상북도,칠곡군,14,14,16
일식음식점,경상북도,예천군,12,12,12
일식음식점,경상북도,봉화군,0,0,0
일식음식점,경상북도,울진군,14,13,16
일식음식점,경상북도,울릉군,0,0,0
일식음식점,경상남도,창원시 의창구,59,58,60
일식음식점,경상남도,창원시 성산구,132,130,128
일식음식점,경상남도,창원시 마산합포구,54,56,54
일식음식점,경상남도,창원시 마산회원구,40,41,44
일식음식점,경상남도,창원시 진해구,50,51,47
일식음식점,경상남도,진주시,164,165,173
일식음식점,경상남도,통영시,32,31,38
일식음식점,경상남도,사천시,28,28,24
일식음식점,경상남도,김해시,168,170,157
일식음식점,경상남도,밀양시,13,13,12
일식음식점,경상남도,거제시,77,78,84
일식음식점,경상남도,양산시,99,99,96
일식음식점,경상남도,의령군,0,0,0
일식음식점,경상남도,함안군,6,6,5
일식음식점,경상남도,창녕군,5,5,5
일식음식점,경상남도,고성군,13,13,13
일식음식점,경상남도,남해군,10,10,11
일식음식점,경상남도,하동군,13,13,14
일식음식점,경상남도,산청군,8,8,7
일식음식점,경상남도,함양군,7,6,4
일식음식점,경상남도,거창군,25,25,25
일식음식점,경상남도,합천군,6,6,4
일식음식점,제주특별자치도,제주시,414,412,421
일식음식점,제주특별자치도,서귀포시,162,162,173
일식음식점,강원특별자치도,춘천시,140,138,142
일식음식점,강원특별자치도,원주시,140,139,138
일식음식점,강원특별자치도,강릉시,221,221,231
일식음식점,강원특별자치도,동해시,45,46,46
일식음식점,강원특별자치도,태백시,9,9,12
일식음식점,강원특별자치도,속초시,133,135,137
일식음식점,강원특별자치도,삼척시,62,61,64
일식음식점,강원특별자치도,홍천군,17,16,17
일식음식점,강원특별자치도,횡성군,12,11,12
일식음식점,강원특별자치도,영월군,5,5,6
일식음식점,강원특별자치도,평창군,17,17,18
일식음식점,강원특별자치도,정선군,6,6,7
일식음식점,강원특별자치도,철원군,15,15,15
일식음식점,강원특별자치도,화천군,6,6,7
일식음식점,강원특별자치도,양구군,4,5,5
일식음식점,강원특별자치도,인제군,9,9,11
일식음식점,강원특별자치도,고성군,34,33,36
일식음식점,강원특별자치도,양양군,49,51,52
일식음식점,전북특별자치도,전주시 완산구,184,185,179
일식음식점,전북특별자치도,전주시 덕진구,105,103,111
일식음식점,전북특별자치도,군산시,71,70,67
일식음식점,전북특별자치도,익산시,70,73,72
일식음식점,전북특별자치도,정읍시,30,29,28
일식음식점,전북특별자치도,남원시,29,29,31
일식음식점,전북특별자치도,김제시,14,14,15
일식음식점,전북특별자치도,완주군,24,23,24
일식음식점,전북특별자치도,진안군,3,3,3
일식음식점,전북특별자치도,무주군,0,0,0
일식음식점,전북특별자치도,장수군,0,0,0
일식음식점,전북특별자치도,임실군,4,4,3
일식음식점,전북특별자치도,순창군,0,0,0
일식음식점,전북특별자치도,고창군,11,11,14
일식음식점,전북특별자치도,부안군,22,22,23
제과점,서울특별시,종로구,169,175,151
제과점,서울특별시,중구,167,165,154
제과점,서울특별시,용산구,188,186,168
제과점,서울특별시,성동구,197,192,189
제과점,서울특별시,광진구,177,171,171
제과점,서울특별시,동대문구,160,157,153
제과점,서울특별시,중랑구,140,142,142
제과점,서울특별시,성북구,159,156,148
제과점,서울특별시,강북구,85,86,90
제과점,서울특별시,도봉구,106,108,108
제과점,서울특별시,노원구,188,188,183
제과점,서울특별시,은평구,180,178,176
제과점,서울특별시,서대문구,164,165,167
제과점,서울특별시,마포구,435,430,390
제과점,서울특별시,양천구,174,173,172
제과점,서울특별시,강서구,264,263,259
제과점,서울특별시,구로구,141,140,135
제과점,서울특별시,금천구,91,85,82
제과점,서울특별시,영등포구,220,216,201
제과점,서울특별시,동작구,150,148,136
제과점,서울특별시,관악구,181,181,166
제과점,서울특별시,서초구,270,268,257
제과점,서울특별시,강남구,358,359,360
제과점,서울특별시,송파구,297,298,285
제과점,서울특별시,강동구,223,225,205
제과점,부산광역시,중구,49,48,46
제과점,부산광역시,서구,39,38,37
제과점,부산광역시,동구,50,49,40
제과점,부산광역시,영도구,24,23,23
제과점,부산광역시,부산진구,197,196,181
제과점,부산광역시,동래구,136,136,139
제과점,부산광역시,남구,102,100,99
제과점,부산광역시,북구,86,87,85
제과점,부산광역시,해운대구,177,180,155
제과점,부산광역시,사하구,103,104,108
제과점,부산광역시,금정구,102,103,100
제과점,부산광역시,강서구,77,76,78
제과점,부산광역시,연제구,97,95,88
제과점,부산광역시,수영구,170,168,161
제과점,부산광역시,사상구,64,64,66
제과점,부산광역시,기장군,74,74,73
제과점,대구광역시,중구,178,176,166
제과점,대구광역시,동구,153,155,150
제과점,대구광역시,서구,54,54,54
제과점,대구광역시,남구,77,76,79
제과점,대구광역시,북구,181,183,182
제과점,대구광역시,수성구,227,223,232
제과점,대구광역시,달서구,213,214,217
제과점,대구광역시,달성군,88,87,84
제과점,대구광역시,군위군,4,4,7
제과점,인천광역시,중구,97,98,100
제과점,인천광역시,동구,15,15,17
제과점,인천광역시,미추홀구,141,140,138
제과점,인천광역시,연수구,184,183,168
제과점,인천광역시,남동구,179,178,168
제과점,인천광역시,부평구,151,153,146
제과점,인천광역시,계양구,93,91,89
제과점,인천광역시,서구,243,242,216
제과점,인천광역시,강화군,44,44,44
제과점,인천광역시,옹진군,5,5,5
제과점,광주광역시,동구,69,69,65
제과점,광주광역시,서구,135,132,131
제과점,광주광역시,남구,77,77,82
제과점,광주광역시,북구,153,155,153
제과점,광주광역시,광산구,175,172,165
제과점,대전광역시,동구,93,93,90
제과점,대전광역시,중구,97,93,86
제과점,대전광역시,서구,257,255,242
제과점,대전광역시,유성구,189,187,190
제과점,대전광역시,대덕구,62,61,58
제과점,울산광역시,중구,92,91,95
제과점,울산광역시,남구,196,196,189
제과점,울산광역시,동구,51,51,51
제과점,울산광역시,북구,81,81,83
제과점,울산광역시,울주군,87,87,84
제과점,세종특별자치시,0,169,169,174
제과점,경기도,수원시 장안구,121,118,116
제과점,경기도,수원시 권선구,123,120,123
제과점,경기도,수원시 팔달구,144,140,122
제과점,경기도,수원시 영통구,201,200,198
제과점,경기도,성남시 수정구,90,87,88
제과점,경기도,성남시 중원구,92,92,85
제과점,경기도,성남시 분당구,276,276,268
제과점,경기도,의정부시,191,190,182
제과점,경기도,안양시 만안구,90,90,81
제과점,경기도,안양시 동안구,175,171,164
제과점,경기도,부천시 원미구,214,213,221
제과점,경기도,부천시 소사구,84,85,84
제과점,경기도,부천시 오정구,40,40,39
제과점,경기도,광명시,113,112,107
제과점,경기도,평택시,242,240,221
제과점,경기도,동두천시,35,36,38
제과점,경기도,안산시 상록구,129,125,117
제과점,경기도,안산시 단원구,179,178,164
제과점,경기도,고양시 덕양구,219,213,202
제과점,경기도,고양시 일산동구,188,182,173
제과점,경기도,고양시 일산서구,121,120,116
제과점,경기도,과천시,39,39,37
제과점,경기도,구리시,82,82,76
제과점,경기도,남양주시,305,306,302
제과점,경기도,오산시,94,90,96
제과점,경기도,시흥시,183,186,184
제과점,경기도,군포시,100,101,102
제과점,경기도,의왕시,56,58,54
제과점,경기도,하남시,148,147,154
제과점,경기도,용인시 처인구,124,124,115
제과점,경기도,용인시 기흥구,164,161,170
제과점,경기도,용인시 수지구,152,152,142
제과점,경기도,파주시,210,210,195
제과점,경기도,이천시,98,96,95
제과점,경기도,안성시,79,77,68
제과점,경기도,김포시,214,214,214
제과점,경기도,화성시,0,0,0
제과점,경기도,화성시 만세구,84,84,78
제과점,경기도,화성시 효행구,53,54,48
제과점,경기도,화성시 병점구,45,44,63
제과점,경기도,화성시 동탄구,210,207,185
제과점,경기도,광주시,129,127,128
제과점,경기도,양주시,91,90,88
제과점,경기도,포천시,56,54,56
제과점,경기도,여주시,45,46,46
제과점,경기도,연천군,14,14,13
제과점,경기도,가평군,30,30,28
제과점,경기도,양평군,73,72,66
제과점,충청북도,청주시 상당구,109,110,102
제과점,충청북도,청주시 서원구,86,84,85
제과점,충청북도,청주시 흥덕구,150,147,138
제과점,충청북도,청주시 청원구,102,102,92
제과점,충청북도,충주시,94,94,97
제과점,충청북도,제천시,61,60,58
제과점,충청북도,보은군,11,11,11
제과점,충청북도,옥천군,20,19,17
제과점,충청북도,영동군,11,11,7
제과점,충청북도,증평군,21,22,18
제과점,충청북도,진천군,32,32,35
제과점,충청북도,괴산군,15,15,13
제과점,충청북도,음성군,41,41,40
제과점,충청북도,단양군,20,20,18
제과점,충청남도,천안시 동남구,155,154,153
제과점,충청남도,천안시 서북구,201,200,191
제과점,충청남도,공주시,56,58,54
제과점,충청남도,보령시,51,51,49
제과점,충청남도,아산시,168,166,155
제과점,충청남도,서산시,79,77,76
제과점,충청남도,논산시,51,50,45
제과점,충청남도,계룡시,20,20,19
제과점,충청남도,당진시,73,73,66
제과점,충청남도,금산군,22,22,21
제과점,충청남도,부여군,15,16,14
제과점,충청남도,서천군,13,13,16
제과점,충청남도,청양군,9,9,7
제과점,충청남도,홍성군,44,44,39
제과점,충청남도,예산군,40,39,38
제과점,충청남도,태안군,19,21,19
제과점,전라남도,목포시,102,101,100
제과점,전라남도,여수시,119,115,116
제과점,전라남도,순천시,151,150,142
제과점,전라남도,나주시,47,46,45
제과점,전라남도,광양시,71,72,71
제과점,전라남도,담양군,27,27,24
제과점,전라남도,곡성군,7,7,10
제과점,전라남도,구례군,18,17,17
제과점,전라남도,고흥군,21,21,16
제과점,전라남도,보성군,10,10,11
제과점,전라남도,화순군,27,27,28
제과점,전라남도,장흥군,17,16,13
제과점,전라남도,강진군,12,11,11
제과점,전라남도,해남군,19,19,19
제과점,전라남도,영암군,16,16,14
제과점,전라남도,무안군,49,49,43
제과점,전라남도,함평군,9,9,7
제과점,전라남도,영광군,20,20,19
제과점,전라남도,장성군,15,12,10
제과점,전라남도,완도군,16,16,16
제과점,전라남도,진도군,14,13,14
제과점,전라남도,신안군,8,8,8
제과점,경상북도,포항시 남구,113,114,107
제과점,경상북도,포항시 북구,143,142,141
제과점,경상북도,경주시,208,208,196
제과점,경상북도,김천시,64,61,63
제과점,경상북도,안동시,90,92,84
제과점,경상북도,구미시,213,204,183
제과점,경상북도,영주시,46,45,46
제과점,경상북도,영천시,33,33,34
제과점,경상북도,상주시,32,32,27
제과점,경상북도,문경시,32,32,28
제과점,경상북도,경산시,136,134,134
제과점,경상북도,의성군,16,16,17
제과점,경상북도,청송군,9,9,9
제과점,경상북도,영양군,6,6,5
제과점,경상북도,영덕군,15,15,16
제과점,경상북도,청도군,16,16,13
제과점,경상북도,고령군,9,10,9
제과점,경상북도,성주군,13,13,13
제과점,경상북도,칠곡군,42,42,39
제과점,경상북도,예천군,18,18,21
제과점,경상북도,봉화군,9,9,10
제과점,경상북도,울진군,25,25,26
제과점,경상북도,울릉군,3,3,4
제과점,경상남도,창원시 의창구,105,105,89
제과점,경상남도,창원시 성산구,133,131,125
제과점,경상남도,창원시 마산합포구,84,82,81
제과점,경상남도,창원시 마산회원구,67,66,68
제과점,경상남도,창원시 진해구,77,75,70
제과점,경상남도,진주시,224,223,216
제과점,경상남도,통영시,82,81,85
제과점,경상남도,사천시,53,55,52
제과점,경상남도,김해시,230,229,220
제과점,경상남도,밀양시,40,40,39
제과점,경상남도,거제시,118,116,105
제과점,경상남도,양산시,173,169,164
제과점,경상남도,의령군,7,7,7
제과점,경상남도,함안군,23,22,17
제과점,경상남도,창녕군,18,18,17
제과점,경상남도,고성군,16,15,15
제과점,경상남도,남해군,24,23,21
제과점,경상남도,하동군,27,27,26
제과점,경상남도,산청군,13,13,13
제과점,경상남도,함양군,10,11,11
제과점,경상남도,거창군,32,32,32
제과점,경상남도,합천군,7,7,9
제과점,제주특별자치도,제주시,454,444,407
제과점,제주특별자치도,서귀포시,171,169,157
제과점,강원특별자치도,춘천시,171,169,168
제과점,강원특별자치도,원주시,195,192,187
제과점,강원특별자치도,강릉시,164,163,145
제과점,강원특별자치도,동해시,45,43,37
제과점,강원특별자치도,태백시,12,12,11
제과점,강원특별자치도,속초시,91,89,92
제과점,강원특별자치도,삼척시,22,22,22
제과점,강원특별자치도,홍천군,35,35,35
제과점,강원특별자치도,횡성군,17,17,17
제과점,강원특별자치도,영월군,17,17,17
제과점,강원특별자치도,평창군,22,22,21
제과점,강원특별자치도,정선군,16,17,19
제과점,강원특별자치도,철원군,15,13,14
제과점,강원특별자치도,화천군,10,10,11
제과점,강원특별자치도,양구군,11,11,10
제과점,강원특별자치도,인제군,14,14,17
제과점,강원특별자치도,고성군,18,18,16
제과점,강원특별자치도,양양군,15,15,14
제과점,전북특별자치도,전주시 완산구,208,203,204
제과점,전북특별자치도,전주시 덕진구,141,142,132
제과점,전북특별자치도,군산시,106,107,105
제과점,전북특별자치도,익산시,121,119,107
제과점,전북특별자치도,정읍시,34,34,32
제과점,전북특별자치도,남원시,40,39,37
제과점,전북특별자치도,김제시,29,28,25
제과점,전북특별자치도,완주군,28,28,29
제과점,전북특별자치도,진안군,5,5,5
제과점,전북특별자치도,무주군,10,11,11
제과점,전북특별자치도,장수군,6,6,7
제과점,전북특별자치도,임실군,6,6,8
제과점,전북특별자치도,순창군,12,12,10
제과점,전북특별자치도,고창군,15,16,17
제과점,전북특별자치도,부안군,19,19,20
중식음식점,서울특별시,종로구,183,178,171
중식음식점,서울특별시,중구,213,210,222
중식음식점,서울특별시,용산구,127,126,133
중식음식점,서울특별시,성동구,129,130,133
중식음식점,서울특별시,광진구,240,243,235
중식음식점,서울특별시,동대문구,210,206,204
중식음식점,서울특별시,중랑구,107,108,105
중식음식점,서울특별시,성북구,154,156,162
중식음식점,서울특별시,강북구,119,119,115
중식음식점,서울특별시,도봉구,80,79,80
중식음식점,서울특별시,노원구,150,150,150
중식음식점,서울특별시,은평구,134,133,137
중식음식점,서울특별시,서대문구,160,160,163
중식음식점,서울특별시,마포구,303,298,292
중식음식점,서울특별시,양천구,137,141,139
중식음식점,서울특별시,강서구,263,260,256
중식음식점,서울특별시,구로구,348,351,350
중식음식점,서울특별시,금천구,192,192,191
중식음식점,서울특별시,영등포구,537,538,563
중식음식점,서울특별시,동작구,139,140,140
중식음식점,서울특별시,관악구,215,218,224
중식음식점,서울특별시,서초구,222,225,229
중식음식점,서울특별시,강남구,405,401,407
중식음식점,서울특별시,송파구,272,270,267
중식음식점,서울특별시,강동구,153,154,152
중식음식점,부산광역시,중구,56,55,53
중식음식점,부산광역시,서구,51,52,50
중식음식점,부산광역시,동구,76,77,86
중식음식점,부산광역시,영도구,56,56,64
중식음식점,부산광역시,부산진구,228,225,223
중식음식점,부산광역시,동래구,135,133,136
중식음식점,부산광역시,남구,133,132,123
중식음식점,부산광역시,북구,107,108,109
중식음식점,부산광역시,해운대구,167,168,178
중식음식점,부산광역시,사하구,144,141,143
중식음식점,부산광역시,금정구,124,123,126
중식음식점,부산광역시,강서구,84,83,85
중식음식점,부산광역시,연제구,100,104,109
중식음식점,부산광역시,수영구,105,106,99
중식음식점,부산광역시,사상구,139,139,146
중식음식점,부산광역시,기장군,102,101,111
중식음식점,대구광역시,중구,104,106,98
중식음식점,대구광역시,동구,168,167,168
중식음식점,대구광역시,서구,90,87,90
중식음식점,대구광역시,남구,84,85,89
중식음식점,대구광역시,북구,210,215,227
중식음식점,대구광역시,수성구,174,177,179
중식음식점,대구광역시,달서구,248,246,256
중식음식점,대구광역시,달성군,122,122,132
중식음식점,대구광역시,군위군,16,16,16
중식음식점,인천광역시,중구,122,121,125
중식음식점,인천광역시,동구,30,29,31
중식음식점,인천광역시,미추홀구,229,228,247
중식음식점,인천광역시,연수구,176,172,177
중식음식점,인천광역시,남동구,255,258,256
중식음식점,인천광역시,부평구,261,258,256
중식음식점,인천광역시,계양구,104,104,104
중식음식점,인천광역시,서구,280,280,277
중식음식점,인천광역시,강화군,45,45,45
중식음식점,인천광역시,옹진군,17,17,17
중식음식점,광주광역시,동구,64,64,67
중식음식점,광주광역시,서구,113,112,105
중식음식점,광주광역시,남구,59,59,63
중식음식점,광주광역시,북구,137,140,142
중식음식점,광주광역시,광산구,160,154,164
중식음식점,대전광역시,동구,122,124,119
중식음식점,대전광역시,중구,132,130,130
중식음식점,대전광역시,서구,211,210,211
중식음식점,대전광역시,유성구,207,209,204
중식음식점,대전광역시,대덕구,82,82,84
중식음식점,울산광역시,중구,83,83,86
중식음식점,울산광역시,남구,190,189,193
중식음식점,울산광역시,동구,86,86,91
중식음식점,울산광역시,북구,68,67,64
중식음식점,울산광역시,울주군,130,128,133
중식음식점,세종특별자치시,0,199,199,200
중식음식점,경기도,수원시 장안구,116,117,116
중식음식점,경기도,수원시 권선구,154,156,165
중식음식점,경기도,수원시 팔달구,229,227,223
중식음식점,경기도,수원시 영통구,158,158,173
중식음식점,경기도,성남시 수정구,134,134,144
중식음식점,경기도,성남시 중원구,94,97,89
중식음식점,경기도,성남시 분당구,200,199,195
중식음식점,경기도,의정부시,183,181,177
중식음식점,경기도,안양시 만안구,119,117,119
중식음식점,경기도,안양시 동안구,143,141,136
중식음식점,경기도,부천시 원미구,278,276,264
중식음식점,경기도,부천시 소사구,166,165,148
중식음식점,경기도,부천시 오정구,51,51,55
중식음식점,경기도,광명시,97,95,89
중식음식점,경기도,평택시,393,394,410
중식음식점,경기도,동두천시,44,45,44
중식음식점,경기도,안산시 상록구,151,151,151
중식음식점,경기도,안산시 단원구,362,361,346
중식음식점,경기도,고양시 덕양구,197,198,187
중식음식점,경기도,고양시 일산동구,147,148,146
중식음식점,경기도,고양시 일산서구,99,103,99
중식음식점,경기도,과천시,21,20,20
중식음식점,경기도,구리시,78,77,82
중식음식점,경기도,남양주시,273,271,267
중식음식점,경기도,오산시,170,171,162
중식음식점,경기도,시흥시,412,415,402
중식음식점,경기도,군포시,118,119,116
중식음식점,경기도,의왕시,43,43,43
중식음식점,경기도,하남시,112,113,119
중식음식점,경기도,용인시 처인구,150,155,156
중식음식점,경기도,용인시 기흥구,128,128,128
중식음식점,경기도,용인시 수지구,93,93,84
중식음식점,경기도,파주시,249,254,245
중식음식점,경기도,이천시,160,159,153
중식음식점,경기도,안성시,154,153,157
중식음식점,경기도,김포시,221,221,224
중식음식점,경기도,화성시,0,0,0
중식음식점,경기도,화성시 만세구,179,178,190
중식음식점,경기도,화성시 효행구,65,65,65
중식음식점,경기도,화성시 병점구,57,56,71
중식음식점,경기도,화성시 동탄구,177,178,152
중식음식점,경기도,광주시,171,166,171
중식음식점,경기도,양주시,150,150,142
중식음식점,경기도,포천시,121,119,118
중식음식점,경기도,여주시,87,87,86
중식음식점,경기도,연천군,24,23,28
중식음식점,경기도,가평군,36,36,36
중식음식점,경기도,양평군,56,55,54
중식음식점,충청북도,청주시 상당구,117,116,122
중식음식점,충청북도,청주시 서원구,102,102,106
중식음식점,충청북도,청주시 흥덕구,199,201,190
중식음식점,충청북도,청주시 청원구,141,139,138
중식음식점,충청북도,충주시,168,171,177
중식음식점,충청북도,제천시,94,95,94
중식음식점,충청북도,보은군,23,23,24
중식음식점,충청북도,옥천군,28,28,28
중식음식점,충청북도,영동군,29,28,27
중식음식점,충청북도,증평군,28,28,26
중식음식점,충청북도,진천군,62,61,60
중식음식점,충청북도,괴산군,26,26,26
중식음식점,충청북도,음성군,90,92,90
중식음식점,충청북도,단양군,22,22,19
중식음식점,충청남도,천안시 동남구,177,174,167
중식음식점,충청남도,천안시 서북구,235,234,237
중식음식점,충청남도,공주시,88,88,89
중식음식점,충청남도,보령시,77,79,72
중식음식점,충청남도,아산시,277,275,277
중식음식점,충청남도,서산시,117,118,118
중식음식점,충청남도,논산시,86,85,93
중식음식점,충청남도,계룡시,12,12,17
중식음식점,충청남도,당진시,108,108,109
중식음식점,충청남도,금산군,51,52,51
중식음식점,충청남도,부여군,38,38,39
중식음식점,충청남도,서천군,39,39,39
중식음식점,충청남도,청양군,28,28,27
중식음식점,충청남도,홍성군,79,78,73
중식음식점,충청남도,예산군,62,64,62
중식음식점,충청남도,태안군,50,49,45
중식음식점,전라남도,목포시,119,117,122
중식음식점,전라남도,여수시,127,126,130
중식음식점,전라남도,순천시,154,154,145
중식음식점,전라남도,나주시,58,58,58
중식음식점,전라남도,광양시,86,85,87
중식음식점,전라남도,담양군,29,29,30
중식음식점,전라남도,곡성군,24,24,23
중식음식점,전라남도,구례군,18,19,18
중식음식점,전라남도,고흥군,33,33,35
중식음식점,전라남도,보성군,23,23,20
중식음식점,전라남도,화순군,33,33,31
중식음식점,전라남도,장흥군,15,15,15
중식음식점,전라남도,강진군,14,13,14
중식음식점,전라남도,해남군,34,34,35
중식음식점,전라남도,영암군,55,54,56
중식음식점,전라남도,무안군,62,62,60
중식음식점,전라남도,함평군,17,16,16
중식음식점,전라남도,영광군,31,31,30
중식음식점,전라남도,장성군,19,20,19
중식음식점,전라남도,완도군,31,29,28
중식음식점,전라남도,진도군,15,15,16
중식음식점,전라남도,신안군,23,24,27
중식음식점,경상북도,포항시 남구,163,165,157
중식음식점,경상북도,포항시 북구,152,153,147
중식음식점,경상북도,경주시,192,194,200
중식음식점,경상북도,김천시,105,105,103
중식음식점,경상북도,안동시,119,118,127
중식음식점,경상북도,구미시,213,210,215
중식음식점,경상북도,영주시,73,74,75
중식음식점,경상북도,영천시,70,71,74
중식음식점,경상북도,상주시,65,64,67
중식음식점,경상북도,문경시,39,40,43
중식음식점,경상북도,경산시,123,124,129
중식음식점,경상북도,의성군,34,34,31
중식음식점,경상북도,청송군,19,19,21
중식음식점,경상북도,영양군,11,11,12
중식음식점,경상북도,영덕군,34,34,34
중식음식점,경상북도,청도군,23,23,22
중식음식점,경상북도,고령군,21,21,24
중식음식점,경상북도,성주군,43,43,42
중식음식점,경상북도,칠곡군,78,79,82
중식음식점,경상북도,예천군,31,31,37
중식음식점,경상북도,봉화군,15,15,16
중식음식점,경상북도,울진군,41,41,42
중식음식점,경상북도,울릉군,7,7,7
중식음식점,경상남도,창원시 의창구,101,98,104
중식음식점,경상남도,창원시 성산구,114,115,120
중식음식점,경상남도,창원시 마산합포구,97,97,101
중식음식점,경상남도,창원시 마산회원구,89,87,87
중식음식점,경상남도,창원시 진해구,96,96,101
중식음식점,경상남도,진주시,209,208,217
중식음식점,경상남도,통영시,75,76,71
중식음식점,경상남도,사천시,73,73,73
중식음식점,경상남도,김해시,257,257,259
중식음식점,경상남도,밀양시,71,71,72
중식음식점,경상남도,거제시,94,94,89
중식음식점,경상남도,양산시,190,190,199
중식음식점,경상남도,의령군,15,15,14
중식음식점,경상남도,함안군,42,43,44
중식음식점,경상남도,창녕군,48,48,52
중식음식점,경상남도,고성군,31,31,32
중식음식점,경상남도,남해군,29,29,30
중식음식점,경상남도,하동군,25,24,22
중식음식점,경상남도,산청군,21,21,19
중식음식점,경상남도,함양군,27,26,26
중식음식점,경상남도,거창군,51,51,55
중식음식점,경상남도,합천군,28,28,27
중식음식점,제주특별자치도,제주시,309,309,318
중식음식점,제주특별자치도,서귀포시,158,157,148
중식음식점,강원특별자치도,춘천시,193,194,191
중식음식점,강원특별자치도,원주시,236,231,231
중식음식점,강원특별자치도,강릉시,163,165,175
중식음식점,강원특별자치도,동해시,71,71,65
중식음식점,강원특별자치도,태백시,32,32,31
중식음식점,강원특별자치도,속초시,68,69,65
중식음식점,강원특별자치도,삼척시,40,40,36
중식음식점,강원특별자치도,홍천군,58,55,54
중식음식점,강원특별자치도,횡성군,36,37,36
중식음식점,강원특별자치도,영월군,26,26,29
중식음식점,강원특별자치도,평창군,30,31,26
중식음식점,강원특별자치도,정선군,25,25,25
중식음식점,강원특별자치도,철원군,41,42,41
중식음식점,강원특별자치도,화천군,29,27,28
중식음식점,강원특별자치도,양구군,26,25,24
중식음식점,강원특별자치도,인제군,27,29,33
중식음식점,강원특별자치도,고성군,29,29,27
중식음식점,강원특별자치도,양양군,26,26,26
중식음식점,전북특별자치도,전주시 완산구,160,161,158
중식음식점,전북특별자치도,전주시 덕진구,168,168,162
중식음식점,전북특별자치도,군산시,193,194,193
중식음식점,전북특별자치도,익산시,163,164,159
중식음식점,전북특별자치도,정읍시,75,73,79
중식음식점,전북특별자치도,남원시,62,64,63
중식음식점,전북특별자치도,김제시,61,59,58
중식음식점,전북특별자치도,완주군,60,60,64
중식음식점,전북특별자치도,진안군,18,17,19
중식음식점,전북특별자치도,무주군,20,20,20
중식음식점,전북특별자치도,장수군,20,20,21
중식음식점,전북특별자치도,임실군,24,24,26
중식음식점,전북특별자치도,순창군,21,22,22
중식음식점,전북특별자치도,고창군,31,29,32
중식음식점,전북특별자치도,부안군,35,35,36
커피음료점,서울특별시,종로구,791,787,806
커피음료점,서울특별시,중구,761,757,743
커피음료점,서울특별시,용산구,569,572,580
커피음료점,서울특별시,성동구,581,587,611
커피음료점,서울특별시,광진구,636,639,631
커피음료점,서울특별시,동대문구,547,541,558
커피음료점,서울특별시,중랑구,436,434,447
커피음료점,서울특별시,성북구,638,634,624
커피음료점,서울특별시,강북구,384,383,417
커피음료점,서울특별시,도봉구,320,324,323
커피음료점,서울특별시,노원구,526,531,539
커피음료점,서울특별시,은평구,477,480,491
커피음료점,서울특별시,서대문구,461,464,486
커피음료점,서울특별시,마포구,1329,1331,1420
커피음료점,서울특별시,양천구,455,451,454
커피음료점,서울특별시,강서구,855,840,859
커피음료점,서울특별시,구로구,508,501,528
커피음료점,서울특별시,금천구,462,467,470
커피음료점,서울특별시,영등포구,887,882,890
커피음료점,서울특별시,동작구,486,485,513
커피음료점,서울특별시,관악구,623,621,667
커피음료점,서울특별시,서초구,860,865,876
커피음료점,서울특별시,강남구,1374,1369,1387
커피음료점,서울특별시,송파구,1003,1005,1055
커피음료점,서울특별시,강동구,641,630,620
커피음료점,부산광역시,중구,243,239,252
커피음료점,부산광역시,서구,190,190,202
커피음료점,부산광역시,동구,190,186,189
커피음료점,부산광역시,영도구,164,165,166
커피음료점,부산광역시,부산진구,729,734,752
커피음료점,부산광역시,동래구,429,425,435
커피음료점,부산광역시,남구,341,338,348
커피음료점,부산광역시,북구,263,263,273
커피음료점,부산광역시,해운대구,539,540,576
커피음료점,부산광역시,사하구,356,359,376
커피음료점,부산광역시,금정구,377,372,384
커피음료점,부산광역시,강서구,343,344,333
커피음료점,부산광역시,연제구,342,348,358
커피음료점,부산광역시,수영구,383,379,399
커피음료점,부산광역시,사상구,300,298,302
커피음료점,부산광역시,기장군,396,396,397
커피음료점,대구광역시,중구,597,598,614
커피음료점,대구광역시,동구,560,556,575
커피음료점,대구광역시,서구,241,242,235
커피음료점,대구광역시,남구,325,330,346
커피음료점,대구광역시,북구,658,654,687
커피음료점,대구광역시,수성구,749,750,791
커피음료점,대구광역시,달서구,800,801,830
커피음료점,대구광역시,달성군,368,375,400
커피음료점,대구광역시,군위군,70,74,70
커피음료점,인천광역시,중구,436,428,421
커피음료점,인천광역시,동구,77,76,83
커피음료점,인천광역시,미추홀구,572,581,599
커피음료점,인천광역시,연수구,567,569,567
커피음료점,인천광역시,남동구,751,741,759
커피음료점,인천광역시,부평구,623,627,645
커피음료점,인천광역시,계양구,338,341,343
커피음료점,인천광역시,서구,917,921,940
커피음료점,인천광역시,강화군,264,266,266
커피음료점,인천광역시,옹진군,59,57,59
커피음료점,광주광역시,동구,434,432,436
커피음료점,광주광역시,서구,558,552,544
커피음료점,광주광역시,남구,330,330,329
커피음료점,광주광역시,북구,755,757,785
커피음료점,광주광역시,광산구,652,652,651
커피음료점,대전광역시,동구,438,440,448
커피음료점,대전광역시,중구,501,501,495
커피음료점,대전광역시,서구,923,930,970
커피음료점,대전광역시,유성구,856,854,915
커피음료점,대전광역시,대덕구,262,267,288
커피음료점,울산광역시,중구,330,328,329
커피음료점,울산광역시,남구,708,711,730
커피음료점,울산광역시,동구,231,229,230
커피음료점,울산광역시,북구,290,289,301
커피음료점,울산광역시,울주군,445,443,457
커피음료점,세종특별자치시,0,658,645,664
커피음료점,경기도,수원시 장안구,390,389,420
커피음료점,경기도,수원시 권선구,432,438,446
커피음료점,경기도,수원시 팔달구,574,577,592
커피음료점,경기도,수원시 영통구,635,635,655
커피음료점,경기도,성남시 수정구,378,379,376
커피음료점,경기도,성남시 중원구,253,256,279
커피음료점,경기도,성남시 분당구,779,778,767
커피음료점,경기도,의정부시,601,596,627
커피음료점,경기도,안양시 만안구,379,377,376
커피음료점,경기도,안양시 동안구,505,501,519
커피음료점,경기도,부천시 원미구,652,657,685
커피음료점,경기도,부천시 소사구,240,239,257
커피음료점,경기도,부천시 오정구,162,160,170
커피음료점,경기도,광명시,334,331,330
커피음료점,경기도,평택시,1036,1035,1066
커피음료점,경기도,동두천시,137,140,148
커피음료점,경기도,안산시 상록구,356,356,374
커피음료점,경기도,안산시 단원구,594,593,609
커피음료점,경기도,고양시 덕양구,559,557,575
커피음료점,경기도,고양시 일산동구,555,546,580
커피음료점,경기도,고양시 일산서구,330,329,323
커피음료점,경기도,과천시,153,151,142
커피음료점,경기도,구리시,278,276,281
커피음료점,경기도,남양주시,900,898,972
커피음료점,경기도,오산시,372,372,373
커피음료점,경기도,시흥시,751,751,784
커피음료점,경기도,군포시,336,330,347
커피음료점,경기도,의왕시,209,208,222
커피음료점,경기도,하남시,430,431,458
커피음료점,경기도,용인시 처인구,500,502,511
커피음료점,경기도,용인시 기흥구,502,492,499
커피음료점,경기도,용인시 수지구,353,352,370
커피음료점,경기도,파주시,809,808,801
커피음료점,경기도,이천시,365,361,359
커피음료점,경기도,안성시,366,369,394
커피음료점,경기도,김포시,749,753,777
커피음료점,경기도,화성시,0,0,0
커피음료점,경기도,화성시 만세구,484,483,518
커피음료점,경기도,화성시 효행구,195,198,200
커피음료점,경기도,화성시 병점구,193,195,246
커피음료점,경기도,화성시 동탄구,660,662,600
커피음료점,경기도,광주시,531,531,529
커피음료점,경기도,양주시,343,340,324
커피음료점,경기도,포천시,328,330,319
커피음료점,경기도,여주시,231,230,232
커피음료점,경기도,연천군,60,59,61
커피음료점,경기도,가평군,192,191,196
커피음료점,경기도,양평군,291,291,309
커피음료점,충청북도,청주시 상당구,407,405,408
커피음료점,충청북도,청주시 서원구,292,289,307
커피음료점,충청북도,청주시 흥덕구,492,494,492
커피음료점,충청북도,청주시 청원구,321,318,338
커피음료점,충청북도,충주시,427,427,415
커피음료점,충청북도,제천시,282,282,282
커피음료점,충청북도,보은군,68,66,70
커피음료점,충청북도,옥천군,85,82,79
커피음료점,충청북도,영동군,147,141,144
커피음료점,충청북도,증평군,77,77,84
커피음료점,충청북도,진천군,212,212,206
커피음료점,충청북도,괴산군,82,83,77
커피음료점,충청북도,음성군,221,218,213
커피음료점,충청북도,단양군,69,69,69
커피음료점,충청남도,천안시 동남구,521,518,538
커피음료점,충청남도,천안시 서북구,597,602,628
커피음료점,충청남도,공주시,323,320,332
커피음료점,충청남도,보령시,216,213,212
커피음료점,충청남도,아산시,603,603,587
커피음료점,충청남도,서산시,343,350,347
커피음료점,충청남도,논산시,261,262,261
커피음료점,충청남도,계룡시,73,73,81
커피음료점,충청남도,당진시,236,233,250
커피음료점,충청남도,금산군,103,103,106
커피음료점,충청남도,부여군,127,126,123
커피음료점,충청남도,서천군,102,101,98
커피음료점,충청남도,청양군,63,62,59
커피음료점,충청남도,홍성군,234,231,229
커피음료점,충청남도,예산군,205,206,205
커피음료점,충청남도,태안군,144,141,138
커피음료점,전라남도,목포시,446,441,465
커피음료점,전라남도,여수시,620,620,609
커피음료점,전라남도,순천시,658,659,659
커피음료점,전라남도,나주시,275,278,270
커피음료점,전라남도,광양시,282,282,281
커피음료점,전라남도,담양군,210,214,210
커피음료점,전라남도,곡성군,60,58,57
커피음료점,전라남도,구례군,82,82,82
커피음료점,전라남도,고흥군,87,85,85
커피음료점,전라남도,보성군,58,59,60
커피음료점,전라남도,화순군,165,167,161
커피음료점,전라남도,장흥군,69,70,70
커피음료점,전라남도,강진군,79,78,72
커피음료점,전라남도,해남군,137,136,143
커피음료점,전라남도,영암군,82,78,70
커피음료점,전라남도,무안군,208,207,205
커피음료점,전라남도,함평군,56,55,52
커피음료점,전라남도,영광군,84,83,85
커피음료점,전라남도,장성군,100,98,98
커피음료점,전라남도,완도군,102,102,106
커피음료점,전라남도,진도군,88,85,81
커피음료점,전라남도,신안군,42,42,41
커피음료점,경상북도,포항시 남구,545,542,540
커피음료점,경상북도,포항시 북구,651,651,651
커피음료점,경상북도,경주시,845,848,849
커피음료점,경상북도,김천시,229,233,239
커피음료점,경상북도,안동시,368,367,378
커피음료점,경상북도,구미시,721,716,738
커피음료점,경상북도,영주시,196,194,188
커피음료점,경상북도,영천시,206,204,203
커피음료점,경상북도,상주시,236,234,236
커피음료점,경상북도,문경시,154,153,145
커피음료점,경상북도,경산시,518,519,542
커피음료점,경상북도,의성군,134,134,133
커피음료점,경상북도,청송군,145,145,145
커피음료점,경상북도,영양군,45,44,47
커피음료점,경상북도,영덕군,133,130,135
커피음료점,경상북도,청도군,174,175,180
커피음료점,경상북도,고령군,54,54,55
커피음료점,경상북도,성주군,169,169,163
커피음료점,경상북도,칠곡군,202,201,192
커피음료점,경상북도,예천군,120,119,120
커피음료점,경상북도,봉화군,77,75,76
커피음료점,경상북도,울진군,149,144,159
커피음료점,경상북도,울릉군,24,25,27
커피음료점,경상남도,창원시 의창구,376,377,391
커피음료점,경상남도,창원시 성산구,497,495,508
커피음료점,경상남도,창원시 마산합포구,353,349,348
커피음료점,경상남도,창원시 마산회원구,284,286,295
커피음료점,경상남도,창원시 진해구,337,336,342
커피음료점,경상남도,진주시,775,774,780
커피음료점,경상남도,통영시,252,248,251
커피음료점,경상남도,사천시,235,230,224
커피음료점,경상남도,김해시,910,900,915
커피음료점,경상남도,밀양시,271,270,286
커피음료점,경상남도,거제시,352,351,344
커피음료점,경상남도,양산시,655,651,685
커피음료점,경상남도,의령군,71,72,67
커피음료점,경상남도,함안군,111,113,113
커피음료점,경상남도,창녕군,159,160,153
커피음료점,경상남도,고성군,101,98,95
커피음료점,경상남도,남해군,113,114,118
커피음료점,경상남도,하동군,126,128,128
커피음료점,경상남도,산청군,90,89,82
커피음료점,경상남도,함양군,79,79,71
커피음료점,경상남도,거창군,113,113,111
커피음료점,경상남도,합천군,74,74,77
커피음료점,제주특별자치도,제주시,1452,1454,1513
커피음료점,제주특별자치도,서귀포시,662,662,664
커피음료점,강원특별자치도,춘천시,622,623,644
커피음료점,강원특별자치도,원주시,741,737,760
커피음료점,강원특별자치도,강릉시,705,703,696
커피음료점,강원특별자치도,동해시,201,200,184
커피음료점,강원특별자치도,태백시,71,71,67
커피음료점,강원특별자치도,속초시,255,257,251
커피음료점,강원특별자치도,삼척시,155,156,140
커피음료점,강원특별자치도,홍천군,159,158,157
커피음료점,강원특별자치도,횡성군,115,117,109
커피음료점,강원특별자치도,영월군,59,60,60
커피음료점,강원특별자치도,평창군,117,118,113
커피음료점,강원특별자치도,정선군,100,97,97
커피음료점,강원특별자치도,철원군,101,100,96
커피음료점,강원특별자치도,화천군,41,43,42
커피음료점,강원특별자치도,양구군,38,38,37
커피음료점,강원특별자치도,인제군,71,71,55
커피음료점,강원특별자치도,고성군,112,110,109
커피음료점,강원특별자치도,양양군,107,104,107
커피음료점,전북특별자치도,전주시 완산구,878,886,921
커피음료점,전북특별자치도,전주시 덕진구,691,681,669
커피음료점,전북특별자치도,군산시,604,603,600
커피음료점,전북특별자치도,익산시,502,498,513
커피음료점,전북특별자치도,정읍시,197,196,196
커피음료점,전북특별자치도,남원시,204,199,201
커피음료점,전북특별자치도,김제시,134,133,125
커피음료점,전북특별자치도,완주군,246,248,244
커피음료점,전북특별자치도,진안군,49,49,44
커피음료점,전북특별자치도,무주군,53,53,48
커피음료점,전북특별자치도,장수군,36,36,39
커피음료점,전북특별자치도,임실군,49,49,44
커피음료점,전북특별자치도,순창군,55,55,53
커피음료점,전북특별자치도,고창군,106,104,92
커피음료점,전북특별자치도,부안군,111,112,115
패스트푸드점,서울특별시,종로구,208,206,218
패스트푸드점,서울특별시,중구,215,222,212
패스트푸드점,서울특별시,용산구,203,199,194
패스트푸드점,서울특별시,성동구,261,257,269
패스트푸드점,서울특별시,광진구,300,300,294
패스트푸드점,서울특별시,동대문구,274,275,274
패스트푸드점,서울특별시,중랑구,256,251,262
패스트푸드점,서울특별시,성북구,289,288,297
패스트푸드점,서울특별시,강북구,200,200,196
패스트푸드점,서울특별시,도봉구,186,185,184
패스트푸드점,서울특별시,노원구,328,333,332
패스트푸드점,서울특별시,은평구,309,304,321
패스트푸드점,서울특별시,서대문구,226,226,228
패스트푸드점,서울특별시,마포구,375,366,355
패스트푸드점,서울특별시,양천구,293,294,291
패스트푸드점,서울특별시,강서구,386,385,394
패스트푸드점,서울특별시,구로구,309,308,314
패스트푸드점,서울특별시,금천구,211,212,219
패스트푸드점,서울특별시,영등포구,395,396,401
패스트푸드점,서울특별시,동작구,291,289,287
패스트푸드점,서울특별시,관악구,334,336,332
패스트푸드점,서울특별시,서초구,346,345,344
패스트푸드점,서울특별시,강남구,559,557,571
패스트푸드점,서울특별시,송파구,503,497,510
패스트푸드점,서울특별시,강동구,359,356,349
패스트푸드점,부산광역시,중구,62,62,60
패스트푸드점,부산광역시,서구,94,94,87
패스트푸드점,부산광역시,동구,86,85,84
패스트푸드점,부산광역시,영도구,80,82,82
패스트푸드점,부산광역시,부산진구,322,323,325
패스트푸드점,부산광역시,동래구,217,218,233
패스트푸드점,부산광역시,남구,216,215,229
패스트푸드점,부산광역시,북구,220,221,241
패스트푸드점,부산광역시,해운대구,303,307,306
패스트푸드점,부산광역시,사하구,230,233,244
패스트푸드점,부산광역시,금정구,171,172,183
패스트푸드점,부산광역시,강서구,171,172,167
패스트푸드점,부산광역시,연제구,175,172,178
패스트푸드점,부산광역시,수영구,148,145,156
패스트푸드점,부산광역시,사상구,172,175,178
패스트푸드점,부산광역시,기장군,174,174,176
패스트푸드점,대구광역시,중구,109,110,106
패스트푸드점,대구광역시,동구,247,248,234
패스트푸드점,대구광역시,서구,118,116,122
패스트푸드점,대구광역시,남구,120,121,124
패스트푸드점,대구광역시,북구,336,333,356
패스트푸드점,대구광역시,수성구,287,282,298
패스트푸드점,대구광역시,달서구,384,384,396
패스트푸드점,대구광역시,달성군,225,224,232
패스트푸드점,대구광역시,군위군,9,9,9
패스트푸드점,인천광역시,중구,150,150,155
패스트푸드점,인천광역시,동구,38,36,37
패스트푸드점,인천광역시,미추홀구,306,301,295
패스트푸드점,인천광역시,연수구,301,297,300
패스트푸드점,인천광역시,남동구,420,419,420
패스트푸드점,인천광역시,부평구,305,304,319
패스트푸드점,인천광역시,계양구,214,214,213
패스트푸드점,인천광역시,서구,561,558,548
패스트푸드점,인천광역시,강화군,65,66,65
패스트푸드점,인천광역시,옹진군,26,26,24
패스트푸드점,광주광역시,동구,114,115,114
패스트푸드점,광주광역시,서구,277,278,282
패스트푸드점,광주광역시,남구,197,196,190
패스트푸드점,광주광역시,북구,399,401,426
패스트푸드점,광주광역시,광산구,410,411,394
패스트푸드점,대전광역시,동구,189,190,203
패스트푸드점,대전광역시,중구,200,200,188
패스트푸드점,대전광역시,서구,405,400,401
패스트푸드점,대전광역시,유성구,367,363,359
패스트푸드점,대전광역시,대덕구,142,143,143
패스트푸드점,울산광역시,중구,165,164,174
패스트푸드점,울산광역시,남구,346,346,350
패스트푸드점,울산광역시,동구,133,134,140
패스트푸드점,울산광역시,북구,195,201,205
패스트푸드점,울산광역시,울주군,216,218,221
패스트푸드점,세종특별자치시,0,414,410,392
패스트푸드점,경기도,수원시 장안구,208,203,214
패스트푸드점,경기도,수원시 권선구,285,282,281
패스트푸드점,경기도,수원시 팔달구,203,197,197
패스트푸드점,경기도,수원시 영통구,311,309,307
패스트푸드점,경기도,성남시 수정구,190,190,202
패스트푸드점,경기도,성남시 중원구,154,152,154
패스트푸드점,경기도,성남시 분당구,373,378,383
패스트푸드점,경기도,의정부시,370,369,354
패스트푸드점,경기도,안양시 만안구,165,165,157
패스트푸드점,경기도,안양시 동안구,239,237,233
패스트푸드점,경기도,부천시 원미구,335,335,334
패스트푸드점,경기도,부천시 소사구,147,144,152
패스트푸드점,경기도,부천시 오정구,96,96,95
패스트푸드점,경기도,광명시,170,166,166
패스트푸드점,경기도,평택시,603,599,599
패스트푸드점,경기도,동두천시,91,90,96
패스트푸드점,경기도,안산시 상록구,225,225,220
패스트푸드점,경기도,안산시 단원구,268,268,270
패스트푸드점,경기도,고양시 덕양구,382,379,372
패스트푸드점,경기도,고양시 일산동구,241,245,265
패스트푸드점,경기도,고양시 일산서구,199,196,207
패스트푸드점,경기도,과천시,48,49,44
패스트푸드점,경기도,구리시,178,180,191
패스트푸드점,경기도,남양주시,561,561,591
패스트푸드점,경기도,오산시,253,249,246
패스트푸드점,경기도,시흥시,378,376,371
패스트푸드점,경기도,군포시,199,197,195
패스트푸드점,경기도,의왕시,80,82,85
패스트푸드점,경기도,하남시,281,280,279
패스트푸드점,경기도,용인시 처인구,269,268,265
패스트푸드점,경기도,용인시 기흥구,283,285,278
패스트푸드점,경기도,용인시 수지구,219,222,226
패스트푸드점,경기도,파주시,486,489,508
패스트푸드점,경기도,이천시,193,192,180
패스트푸드점,경기도,안성시,184,184,187
패스트푸드점,경기도,김포시,441,438,460
패스트푸드점,경기도,화성시,0,0,0
패스트푸드점,경기도,화성시 만세구,246,246,252
패스트푸드점,경기도,화성시 효행구,142,139,137
패스트푸드점,경기도,화성시 병점구,126,125,149
패스트푸드점,경기도,화성시 동탄구,399,404,370
패스트푸드점,경기도,광주시,355,356,349
패스트푸드점,경기도,양주시,278,272,269
패스트푸드점,경기도,포천시,165,164,150
패스트푸드점,경기도,여주시,134,132,138
패스트푸드점,경기도,연천군,41,41,42
패스트푸드점,경기도,가평군,92,92,96
패스트푸드점,경기도,양평군,107,107,100
패스트푸드점,충청북도,청주시 상당구,175,176,186
패스트푸드점,충청북도,청주시 서원구,189,186,190
패스트푸드점,충청북도,청주시 흥덕구,335,330,330
패스트푸드점,충청북도,청주시 청원구,235,235,230
패스트푸드점,충청북도,충주시,254,250,252
패스트푸드점,충청북도,제천시,175,176,182
패스트푸드점,충청북도,보은군,28,29,29
패스트푸드점,충청북도,옥천군,50,52,55
패스트푸드점,충청북도,영동군,46,48,50
패스트푸드점,충청북도,증평군,56,56,58
패스트푸드점,충청북도,진천군,129,130,123
패스트푸드점,충청북도,괴산군,38,38,40
패스트푸드점,충청북도,음성군,157,155,161
패스트푸드점,충청북도,단양군,26,27,26
패스트푸드점,충청남도,천안시 동남구,299,294,304
패스트푸드점,충청남도,천안시 서북구,488,490,500
패스트푸드점,충청남도,공주시,100,98,104
패스트푸드점,충청남도,보령시,102,104,103
패스트푸드점,충청남도,아산시,465,464,479
패스트푸드점,충청남도,서산시,215,217,218
패스트푸드점,충청남도,논산시,109,112,108
패스트푸드점,충청남도,계룡시,56,58,61
패스트푸드점,충청남도,당진시,165,163,168
패스트푸드점,충청남도,금산군,57,57,59
패스트푸드점,충청남도,부여군,47,46,44
패스트푸드점,충청남도,서천군,42,42,38
패스트푸드점,충청남도,청양군,28,28,28
패스트푸드점,충청남도,홍성군,148,144,138
패스트푸드점,충청남도,예산군,91,91,86
패스트푸드점,충청남도,태안군,78,76,83
패스트푸드점,전라남도,목포시,246,245,253
패스트푸드점,전라남도,여수시,252,247,240
패스트푸드점,전라남도,순천시,299,304,292
패스트푸드점,전라남도,나주시,137,132,138
패스트푸드점,전라남도,광양시,188,190,187
패스트푸드점,전라남도,담양군,34,34,34
패스트푸드점,전라남도,곡성군,23,25,24
패스트푸드점,전라남도,구례군,23,24,23
패스트푸드점,전라남도,고흥군,48,48,44
패스트푸드점,전라남도,보성군,33,33,36
패스트푸드점,전라남도,화순군,51,52,57
패스트푸드점,전라남도,장흥군,30,30,30
패스트푸드점,전라남도,강진군,27,27,28
패스트푸드점,전라남도,해남군,70,67,70
패스트푸드점,전라남도,영암군,63,63,65
패스트푸드점,전라남도,무안군,105,104,109
패스트푸드점,전라남도,함평군,19,19,18
패스트푸드점,전라남도,영광군,55,54,47
패스트푸드점,전라남도,장성군,38,38,39
패스트푸드점,전라남도,완도군,39,38,40
패스트푸드점,전라남도,진도군,25,25,27
패스트푸드점,전라남도,신안군,18,18,15
패스트푸드점,경상북도,포항시 남구,271,270,270
패스트푸드점,경상북도,포항시 북구,290,292,284
패스트푸드점,경상북도,경주시,327,328,326
패스트푸드점,경상북도,김천시,120,119,119
패스트푸드점,경상북도,안동시,173,174,180
패스트푸드점,경상북도,구미시,426,429,439
패스트푸드점,경상북도,영주시,92,94,101
패스트푸드점,경상북도,영천시,55,54,60
패스트푸드점,경상북도,상주시,51,51,52
패스트푸드점,경상북도,문경시,57,57,57
패스트푸드점,경상북도,경산시,262,259,258
패스트푸드점,경상북도,의성군,42,42,44
패스트푸드점,경상북도,청송군,25,24,24
패스트푸드점,경상북도,영양군,10,10,10
패스트푸드점,경상북도,영덕군,33,33,33
패스트푸드점,경상북도,청도군,24,25,27
패스트푸드점,경상북도,고령군,22,22,22
패스트푸드점,경상북도,성주군,39,39,38
패스트푸드점,경상북도,칠곡군,104,109,118
패스트푸드점,경상북도,예천군,70,71,72
패스트푸드점,경상북도,봉화군,25,25,24
패스트푸드점,경상북도,울진군,67,67,70
패스트푸드점,경상북도,울릉군,13,13,13
패스트푸드점,경상남도,창원시 의창구,184,185,187
패스트푸드점,경상남도,창원시 성산구,234,236,239
패스트푸드점,경상남도,창원시 마산합포구,171,169,172
패스트푸드점,경상남도,창원시 마산회원구,155,157,169
패스트푸드점,경상남도,창원시 진해구,212,212,209
패스트푸드점,경상남도,진주시,360,368,387
패스트푸드점,경상남도,통영시,138,141,154
패스트푸드점,경상남도,사천시,111,113,115
패스트푸드점,경상남도,김해시,573,572,581
패스트푸드점,경상남도,밀양시,107,111,109
패스트푸드점,경상남도,거제시,267,267,273
패스트푸드점,경상남도,양산시,398,397,410
패스트푸드점,경상남도,의령군,16,16,18
패스트푸드점,경상남도,함안군,65,63,60
패스트푸드점,경상남도,창녕군,70,70,66
패스트푸드점,경상남도,고성군,33,33,35
패스트푸드점,경상남도,남해군,60,59,61
패스트푸드점,경상남도,하동군,51,51,53
패스트푸드점,경상남도,산청군,26,26,28
패스트푸드점,경상남도,함양군,43,43,47
패스트푸드점,경상남도,거창군,74,74,77
패스트푸드점,경상남도,합천군,41,40,38
패스트푸드점,제주특별자치도,제주시,533,533,550
패스트푸드점,제주특별자치도,서귀포시,262,255,255
패스트푸드점,강원특별자치도,춘천시,374,375,382
패스트푸드점,강원특별자치도,원주시,452,447,452
패스트푸드점,강원특별자치도,강릉시,279,276,279
패스트푸드점,강원특별자치도,동해시,117,116,114
패스트푸드점,강원특별자치도,태백시,55,56,57
패스트푸드점,강원특별자치도,속초시,127,128,120
패스트푸드점,강원특별자치도,삼척시,97,98,100
패스트푸드점,강원특별자치도,홍천군,71,73,76
패스트푸드점,강원특별자치도,횡성군,44,46,46
패스트푸드점,강원특별자치도,영월군,29,29,32
패스트푸드점,강원특별자치도,평창군,92,91,87
패스트푸드점,강원특별자치도,정선군,59,60,57
패스트푸드점,강원특별자치도,철원군,59,59,62
패스트푸드점,강원특별자치도,화천군,52,52,50
패스트푸드점,강원특별자치도,양구군,47,48,49
패스트푸드점,강원특별자치도,인제군,60,61,62
패스트푸드점,강원특별자치도,고성군,46,46,42
패스트푸드점,강원특별자치도,양양군,56,57,51
패스트푸드점,전북특별자치도,전주시 완산구,378,375,385
패스트푸드점,전북특별자치도,전주시 덕진구,362,361,387
패스트푸드점,전북특별자치도,군산시,281,281,271
패스트푸드점,전북특별자치도,익산시,262,261,258
패스트푸드점,전북특별자치도,정읍시,101,103,103
패스트푸드점,전북특별자치도,남원시,78,79,76
패스트푸드점,전북특별자치도,김제시,114,115,119
패스트푸드점,전북특별자치도,완주군,101,99,104
패스트푸드점,전북특별자치도,진안군,16,16,16
패스트푸드점,전북특별자치도,무주군,39,39,40
패스트푸드점,전북특별자치도,장수군,21,21,20
패스트푸드점,전북특별자치도,임실군,18,18,17
패스트푸드점,전북특별자치도,순창군,21,21,22
패스트푸드점,전북특별자치도,고창군,52,52,54
패스트푸드점,전북특별자치도,부안군,62,62,60
펜션ㆍ게스트하우스,서울특별시,종로구,411,391,261
펜션ㆍ게스트하우스,서울특별시,중구,298,289,258
펜션ㆍ게스트하우스,서울특별시,용산구,227,224,176
펜션ㆍ게스트하우스,서울특별시,성동구,67,61,42
펜션ㆍ게스트하우스,서울특별시,광진구,83,76,51
펜션ㆍ게스트하우스,서울특별시,동대문구,57,57,33
펜션ㆍ게스트하우스,서울특별시,중랑구,22,20,7
펜션ㆍ게스트하우스,서울특별시,성북구,61,59,40
펜션ㆍ게스트하우스,서울특별시,강북구,14,14,4
펜션ㆍ게스트하우스,서울특별시,도봉구,11,10,6
펜션ㆍ게스트하우스,서울특별시,노원구,9,9,3
펜션ㆍ게스트하우스,서울특별시,은평구,58,56,40
펜션ㆍ게스트하우스,서울특별시,서대문구,107,107,80
펜션ㆍ게스트하우스,서울특별시,마포구,852,838,655
펜션ㆍ게스트하우스,서울특별시,양천구,26,24,12
펜션ㆍ게스트하우스,서울특별시,강서구,60,59,41
펜션ㆍ게스트하우스,서울특별시,구로구,29,27,23
펜션ㆍ게스트하우스,서울특별시,금천구,10,11,6
펜션ㆍ게스트하우스,서울특별시,영등포구,43,41,54
펜션ㆍ게스트하우스,서울특별시,동작구,29,29,12
펜션ㆍ게스트하우스,서울특별시,관악구,105,100,75
펜션ㆍ게스트하우스,서울특별시,서초구,248,246,241
펜션ㆍ게스트하우스,서울특별시,강남구,131,123,54
펜션ㆍ게스트하우스,서울특별시,송파구,90,86,47
펜션ㆍ게스트하우스,서울특별시,강동구,75,69,37
펜션ㆍ게스트하우스,부산광역시,중구,48,45,25
펜션ㆍ게스트하우스,부산광역시,서구,24,24,20
펜션ㆍ게스트하우스,부산광역시,동구,41,38,23
펜션ㆍ게스트하우스,부산광역시,영도구,42,40,25
펜션ㆍ게스트하우스,부산광역시,부산진구,82,77,42
펜션ㆍ게스트하우스,부산광역시,동래구,8,8,7
펜션ㆍ게스트하우스,부산광역시,남구,13,13,9
펜션ㆍ게스트하우스,부산광역시,북구,0,0,0
펜션ㆍ게스트하우스,부산광역시,해운대구,314,309,287
펜션ㆍ게스트하우스,부산광역시,사하구,12,12,6
펜션ㆍ게스트하우스,부산광역시,금정구,7,7,4
펜션ㆍ게스트하우스,부산광역시,강서구,32,31,29
펜션ㆍ게스트하우스,부산광역시,연제구,13,13,5
펜션ㆍ게스트하우스,부산광역시,수영구,336,327,205
펜션ㆍ게스트하우스,부산광역시,사상구,5,5,4
펜션ㆍ게스트하우스,부산광역시,기장군,127,127,111
펜션ㆍ게스트하우스,대구광역시,중구,77,74,49
펜션ㆍ게스트하우스,대구광역시,동구,31,31,16
펜션ㆍ게스트하우스,대구광역시,서구,9,9,5
펜션ㆍ게스트하우스,대구광역시,남구,27,25,18
펜션ㆍ게스트하우스,대구광역시,북구,12,11,5
펜션ㆍ게스트하우스,대구광역시,수성구,25,24,13
펜션ㆍ게스트하우스,대구광역시,달서구,7,7,3
펜션ㆍ게스트하우스,대구광역시,달성군,13,12,11
펜션ㆍ게스트하우스,대구광역시,군위군,38,38,34
펜션ㆍ게스트하우스,인천광역시,중구,173,168,135
펜션ㆍ게스트하우스,인천광역시,동구,0,0,0
펜션ㆍ게스트하우스,인천광역시,미추홀구,16,16,9
펜션ㆍ게스트하우스,인천광역시,연수구,20,20,20
펜션ㆍ게스트하우스,인천광역시,남동구,6,4,5
펜션ㆍ게스트하우스,인천광역시,부평구,11,10,10
펜션ㆍ게스트하우스,인천광역시,계양구,6,6,3
펜션ㆍ게스트하우스,인천광역시,서구,9,9,9
펜션ㆍ게스트하우스,인천광역시,강화군,659,652,588
펜션ㆍ게스트하우스,인천광역시,옹진군,444,439,421
펜션ㆍ게스트하우스,광주광역시,동구,19,19,12
펜션ㆍ게스트하우스,광주광역시,서구,25,26,15
펜션ㆍ게스트하우스,광주광역시,남구,7,7,5
펜션ㆍ게스트하우스,광주광역시,북구,24,21,13
펜션ㆍ게스트하우스,광주광역시,광산구,13,14,9
펜션ㆍ게스트하우스,대전광역시,동구,24,22,13
펜션ㆍ게스트하우스,대전광역시,중구,54,49,15
펜션ㆍ게스트하우스,대전광역시,서구,85,82,50
펜션ㆍ게스트하우스,대전광역시,유성구,13,10,5
펜션ㆍ게스트하우스,대전광역시,대덕구,0,0,0
펜션ㆍ게스트하우스,울산광역시,중구,7,7,7
펜션ㆍ게스트하우스,울산광역시,남구,12,11,7
펜션ㆍ게스트하우스,울산광역시,동구,16,16,10
펜션ㆍ게스트하우스,울산광역시,북구,77,77,68
펜션ㆍ게스트하우스,울산광역시,울주군,172,171,162
펜션ㆍ게스트하우스,세종특별자치시,0,38,37,27
펜션ㆍ게스트하우스,경기도,수원시 장안구,29,30,23
펜션ㆍ게스트하우스,경기도,수원시 권선구,0,0,0
펜션ㆍ게스트하우스,경기도,수원시 팔달구,224,223,193
펜션ㆍ게스트하우스,경기도,수원시 영통구,6,6,3
펜션ㆍ게스트하우스,경기도,성남시 수정구,3,3,0
펜션ㆍ게스트하우스,경기도,성남시 중원구,0,0,0
펜션ㆍ게스트하우스,경기도,성남시 분당구,11,9,7
펜션ㆍ게스트하우스,경기도,의정부시,16,16,10
펜션ㆍ게스트하우스,경기도,안양시 만안구,4,4,3
펜션ㆍ게스트하우스,경기도,안양시 동안구,4,3,4
펜션ㆍ게스트하우스,경기도,부천시 원미구,7,7,5
펜션ㆍ게스트하우스,경기도,부천시 소사구,0,0,0
펜션ㆍ게스트하우스,경기도,부천시 오정구,4,4,0
펜션ㆍ게스트하우스,경기도,평택시,51,51,33
펜션ㆍ게스트하우스,경기도,동두천시,10,10,10
펜션ㆍ게스트하우스,경기도,안산시 상록구,15,15,14
펜션ㆍ게스트하우스,경기도,안산시 단원구,909,911,943
펜션ㆍ게스트하우스,경기도,고양시 덕양구,10,9,10
펜션ㆍ게스트하우스,경기도,고양시 일산동구,15,14,10
펜션ㆍ게스트하우스,경기도,고양시 일산서구,12,11,5
펜션ㆍ게스트하우스,경기도,과천시,0,0,0
펜션ㆍ게스트하우스,경기도,구리시,6,6,4
펜션ㆍ게스트하우스,경기도,남양주시,135,132,124
펜션ㆍ게스트하우스,경기도,오산시,8,8,5
펜션ㆍ게스트하우스,경기도,시흥시,266,265,271
펜션ㆍ게스트하우스,경기도,의왕시,0,0,0
펜션ㆍ게스트하우스,경기도,하남시,3,3,0
펜션ㆍ게스트하우스,경기도,용인시 처인구,122,122,118
펜션ㆍ게스트하우스,경기도,용인시 기흥구,8,8,5
펜션ㆍ게스트하우스,경기도,용인시 수지구,20,19,17
펜션ㆍ게스트하우스,경기도,파주시,174,175,159
펜션ㆍ게스트하우스,경기도,이천시,36,34,25
펜션ㆍ게스트하우스,경기도,안성시,40,39,32
펜션ㆍ게스트하우스,경기도,김포시,16,14,10
펜션ㆍ게스트하우스,경기도,화성시 만세구,134,134,120
펜션ㆍ게스트하우스,경기도,화성시 효행구,0,0,0
펜션ㆍ게스트하우스,경기도,화성시 병점구,96,96,92
펜션ㆍ게스트하우스,경기도,화성시 동탄구,7,7,3
펜션ㆍ게스트하우스,경기도,광주시,82,81,70
펜션ㆍ게스트하우스,경기도,양주시,53,53,47
펜션ㆍ게스트하우스,경기도,포천시,203,202,177
펜션ㆍ게스트하우스,경기도,여주시,90,89,68
펜션ㆍ게스트하우스,경기도,연천군,66,65,63
펜션ㆍ게스트하우스,경기도,가평군,1247,1245,1218
펜션ㆍ게스트하우스,경기도,양평군,580,579,520
펜션ㆍ게스트하우스,충청북도,청주시 상당구,77,77,70
펜션ㆍ게스트하우스,충청북도,청주시 서원구,10,9,5
펜션ㆍ게스트하우스,충청북도,청주시 흥덕구,22,21,11
펜션ㆍ게스트하우스,충청북도,청주시 청원구,24,24,21
펜션ㆍ게스트하우스,충청북도,충주시,119,120,103
펜션ㆍ게스트하우스,충청북도,제천시,213,212,186
펜션ㆍ게스트하우스,충청북도,보은군,80,79,66
펜션ㆍ게스트하우스,충청북도,옥천군,80,82,66
펜션ㆍ게스트하우스,충청북도,영동군,59,58,55
펜션ㆍ게스트하우스,충청북도,증평군,4,3,0
펜션ㆍ게스트하우스,충청북도,진천군,27,27,26
펜션ㆍ게스트하우스,충청북도,괴산군,149,152,143
펜션ㆍ게스트하우스,충청북도,음성군,21,21,12
펜션ㆍ게스트하우스,충청북도,단양군,257,254,237
펜션ㆍ게스트하우스,충청남도,천안시 동남구,98,99,94
펜션ㆍ게스트하우스,충청남도,천안시 서북구,26,25,21
펜션ㆍ게스트하우스,충청남도,공주시,168,165,140
펜션ㆍ게스트하우스,충청남도,보령시,306,306,301
펜션ㆍ게스트하우스,충청남도,아산시,64,64,51
펜션ㆍ게스트하우스,충청남도,서산시,102,101,93
펜션ㆍ게스트하우스,충청남도,논산시,98,97,91
펜션ㆍ게스트하우스,충청남도,당진시,60,60,53
펜션ㆍ게스트하우스,충청남도,금산군,63,63,55
펜션ㆍ게스트하우스,충청남도,부여군,85,81,66
펜션ㆍ게스트하우스,충청남도,서천군,95,96,90
펜션ㆍ게스트하우스,충청남도,청양군,22,21,18
펜션ㆍ게스트하우스,충청남도,홍성군,51,51,40
펜션ㆍ게스트하우스,충청남도,예산군,54,52,46
펜션ㆍ게스트하우스,충청남도,태안군,1017,1009,1000
펜션ㆍ게스트하우스,전라남도,목포시,98,95,82
펜션ㆍ게스트하우스,전라남도,여수시,692,684,652
펜션ㆍ게스트하우스,전라남도,순천시,165,164,159
펜션ㆍ게스트하우스,전라남도,나주시,59,58,54
펜션ㆍ게스트하우스,전라남도,광양시,65,65,60
펜션ㆍ게스트하우스,전라남도,담양군,223,221,195
펜션ㆍ게스트하우스,전라남도,곡성군,42,41,41
펜션ㆍ게스트하우스,전라남도,구례군,137,137,128
펜션ㆍ게스트하우스,전라남도,고흥군,132,129,115
펜션ㆍ게스트하우스,전라남도,보성군,56,55,55
펜션ㆍ게스트하우스,전라남도,화순군,46,45,42
펜션ㆍ게스트하우스,전라남도,장흥군,39,38,34
펜션ㆍ게스트하우스,전라남도,강진군,108,106,103
펜션ㆍ게스트하우스,전라남도,해남군,81,80,72
펜션ㆍ게스트하우스,전라남도,영암군,38,37,29
펜션ㆍ게스트하우스,전라남도,무안군,63,63,61
펜션ㆍ게스트하우스,전라남도,함평군,42,43,43
펜션ㆍ게스트하우스,전라남도,영광군,60,60,59
펜션ㆍ게스트하우스,전라남도,장성군,75,76,72
펜션ㆍ게스트하우스,전라남도,완도군,144,142,138
펜션ㆍ게스트하우스,전라남도,진도군,68,67,64
펜션ㆍ게스트하우스,전라남도,신안군,170,171,172
펜션ㆍ게스트하우스,경상북도,포항시 남구,266,262,246
펜션ㆍ게스트하우스,경상북도,포항시 북구,327,318,276
펜션ㆍ게스트하우스,경상북도,경주시,1703,1696,1512
펜션ㆍ게스트하우스,경상북도,김천시,37,36,37
펜션ㆍ게스트하우스,경상북도,안동시,180,177,150
펜션ㆍ게스트하우스,경상북도,구미시,25,24,16
펜션ㆍ게스트하우스,경상북도,영주시,79,79,71
펜션ㆍ게스트하우스,경상북도,영천시,34,34,28
펜션ㆍ게스트하우스,경상북도,상주시,49,49,41
펜션ㆍ게스트하우스,경상북도,문경시,130,128,117
펜션ㆍ게스트하우스,경상북도,경산시,22,21,18
펜션ㆍ게스트하우스,경상북도,의성군,12,12,10
펜션ㆍ게스트하우스,경상북도,청송군,37,37,32
펜션ㆍ게스트하우스,경상북도,영양군,9,9,9
펜션ㆍ게스트하우스,경상북도,영덕군,236,235,224
펜션ㆍ게스트하우스,경상북도,청도군,265,262,244
펜션ㆍ게스트하우스,경상북도,고령군,10,10,9
펜션ㆍ게스트하우스,경상북도,성주군,70,69,64
펜션ㆍ게스트하우스,경상북도,칠곡군,47,48,40
펜션ㆍ게스트하우스,경상북도,예천군,39,39,31
펜션ㆍ게스트하우스,경상북도,봉화군,75,75,67
펜션ㆍ게스트하우스,경상북도,울진군,150,151,131
펜션ㆍ게스트하우스,경상북도,울릉군,145,144,136
펜션ㆍ게스트하우스,경상남도,창원시 의창구,8,8,7
펜션ㆍ게스트하우스,경상남도,창원시 성산구,8,8,8
펜션ㆍ게스트하우스,경상남도,창원시 마산합포구,51,51,46
펜션ㆍ게스트하우스,경상남도,창원시 마산회원구,3,3,0
펜션ㆍ게스트하우스,경상남도,창원시 진해구,6,6,4
펜션ㆍ게스트하우스,경상남도,진주시,34,34,25
펜션ㆍ게스트하우스,경상남도,통영시,490,492,447
펜션ㆍ게스트하우스,경상남도,사천시,92,92,89
펜션ㆍ게스트하우스,경상남도,김해시,30,28,23
펜션ㆍ게스트하우스,경상남도,밀양시,233,230,203
펜션ㆍ게스트하우스,경상남도,거제시,680,679,657
펜션ㆍ게스트하우스,경상남도,양산시,86,85,84
펜션ㆍ게스트하우스,경상남도,의령군,9,9,7
펜션ㆍ게스트하우스,경상남도,함안군,17,15,13
펜션ㆍ게스트하우스,경상남도,창녕군,40,40,36
펜션ㆍ게스트하우스,경상남도,고성군,71,71,63
펜션ㆍ게스트하우스,경상남도,남해군,611,606,571
펜션ㆍ게스트하우스,경상남도,하동군,240,236,225
펜션ㆍ게스트하우스,경상남도,산청군,173,173,161
펜션ㆍ게스트하우스,경상남도,함양군,87,86,68
펜션ㆍ게스트하우스,경상남도,거창군,76,76,73
펜션ㆍ게스트하우스,경상남도,합천군,61,60,53
펜션ㆍ게스트하우스,제주특별자치도,제주시,4042,4017,3892
펜션ㆍ게스트하우스,제주특별자치도,서귀포시,1544,1531,1424
펜션ㆍ게스트하우스,강원특별자치도,춘천시,455,452,406
펜션ㆍ게스트하우스,강원특별자치도,원주시,209,208,173
펜션ㆍ게스트하우스,강원특별자치도,강릉시,977,969,864
펜션ㆍ게스트하우스,강원특별자치도,동해시,148,145,134
펜션ㆍ게스트하우스,강원특별자치도,태백시,12,12,13
펜션ㆍ게스트하우스,강원특별자치도,속초시,201,200,179
펜션ㆍ게스트하우스,강원특별자치도,삼척시,317,316,296
펜션ㆍ게스트하우스,강원특별자치도,홍천군,410,411,399
펜션ㆍ게스트하우스,강원특별자치도,횡성군,176,174,160
펜션ㆍ게스트하우스,강원특별자치도,영월군,260,257,244
펜션ㆍ게스트하우스,강원특별자치도,평창군,416,413,413
펜션ㆍ게스트하우스,강원특별자치도,정선군,172,170,159
펜션ㆍ게스트하우스,강원특별자치도,철원군,89,89,79
펜션ㆍ게스트하우스,강원특별자치도,화천군,158,159,150
펜션ㆍ게스트하우스,강원특별자치도,양구군,86,86,86
펜션ㆍ게스트하우스,강원특별자치도,인제군,351,346,303
펜션ㆍ게스트하우스,강원특별자치도,고성군,473,470,442
펜션ㆍ게스트하우스,강원특별자치도,양양군,578,569,531
펜션ㆍ게스트하우스,전북특별자치도,전주시 완산구,321,316,271
펜션ㆍ게스트하우스,전북특별자치도,전주시 덕진구,37,33,27
펜션ㆍ게스트하우스,전북특별자치도,군산시,147,147,125
펜션ㆍ게스트하우스,전북특별자치도,익산시,46,44,42
펜션ㆍ게스트하우스,전북특별자치도,정읍시,46,46,40
펜션ㆍ게스트하우스,전북특별자치도,남원시,103,100,76
펜션ㆍ게스트하우스,전북특별자치도,김제시,23,22,19
펜션ㆍ게스트하우스,전북특별자치도,완주군,112,110,91
펜션ㆍ게스트하우스,전북특별자치도,진안군,76,74,66
펜션ㆍ게스트하우스,전북특별자치도,무주군,126,124,123
펜션ㆍ게스트하우스,전북특별자치도,장수군,28,28,27
펜션ㆍ게스트하우스,전북특별자치도,임실군,20,19,18
펜션ㆍ게스트하우스,전북특별자치도,순창군,37,37,37
펜션ㆍ게스트하우스,전북특별자치도,고창군,95,91,82
펜션ㆍ게스트하우스,전북특별자치도,부안군,153,154,154
한식음식점,서울특별시,종로구,2600,2595,2589
한식음식점,서울특별시,중구,2540,2534,2531
한식음식점,서울특별시,용산구,1637,1634,1615
한식음식점,서울특별시,성동구,1707,1725,1748
한식음식점,서울특별시,광진구,1998,2002,1999
한식음식점,서울특별시,동대문구,2169,2172,2170
한식음식점,서울특별시,중랑구,1934,1948,1989
한식음식점,서울특별시,성북구,1785,1792,1795
한식음식점,서울특별시,강북구,1677,1689,1718
한식음식점,서울특별시,도봉구,1236,1230,1240
한식음식점,서울특별시,노원구,1773,1778,1793
한식음식점,서울특별시,은평구,1883,1871,1921
한식음식점,서울특별시,서대문구,1751,1742,1703
한식음식점,서울특별시,마포구,3024,3030,3079
한식음식점,서울특별시,양천구,1421,1428,1479
한식음식점,서울특별시,강서구,2869,2858,2904
한식음식점,서울특별시,구로구,1987,1990,2008
한식음식점,서울특별시,금천구,1646,1650,1684
한식음식점,서울특별시,영등포구,3118,3107,3115
한식음식점,서울특별시,동작구,1525,1522,1515
한식음식점,서울특별시,관악구,2280,2280,2305
한식음식점,서울특별시,서초구,2481,2478,2518
한식음식점,서울특별시,강남구,4455,4461,4468
한식음식점,서울특별시,송파구,3171,3175,3218
한식음식점,서울특별시,강동구,1967,1959,1972
한식음식점,부산광역시,중구,1050,1054,1058
한식음식점,부산광역시,서구,737,736,726
한식음식점,부산광역시,동구,816,820,837
한식음식점,부산광역시,영도구,727,730,763
한식음식점,부산광역시,부산진구,3053,3038,3118
한식음식점,부산광역시,동래구,1956,1964,1982
한식음식점,부산광역시,남구,1569,1578,1594
한식음식점,부산광역시,북구,1465,1468,1511
한식음식점,부산광역시,해운대구,2342,2336,2384
한식음식점,부산광역시,사하구,1914,1917,1991
한식음식점,부산광역시,금정구,1613,1617,1663
한식음식점,부산광역시,강서구,1358,1357,1385
한식음식점,부산광역시,연제구,1499,1500,1549
한식음식점,부산광역시,수영구,1601,1601,1627
한식음식점,부산광역시,사상구,1598,1600,1628
한식음식점,부산광역시,기장군,1600,1590,1596
한식음식점,대구광역시,중구,1665,1664,1661
한식음식점,대구광역시,동구,2744,2751,2817
한식음식점,대구광역시,서구,1651,1654,1676
한식음식점,대구광역시,남구,1306,1314,1374
한식음식점,대구광역시,북구,3181,3183,3289
한식음식점,대구광역시,수성구,2683,2681,2767
한식음식점,대구광역시,달서구,3980,3991,4100
한식음식점,대구광역시,달성군,1903,1899,1879
한식음식점,대구광역시,군위군,260,257,267
한식음식점,인천광역시,중구,2129,2138,2118
한식음식점,인천광역시,동구,389,391,401
한식음식점,인천광역시,미추홀구,2726,2728,2753
한식음식점,인천광역시,연수구,2345,2334,2334
한식음식점,인천광역시,남동구,3127,3132,3252
한식음식점,인천광역시,부평구,2837,2827,2816
한식음식점,인천광역시,계양구,1508,1511,1548
한식음식점,인천광역시,서구,3398,3398,3436
한식음식점,인천광역시,강화군,968,956,991
한식음식점,인천광역시,옹진군,389,386,401
한식음식점,광주광역시,동구,1227,1228,1277
한식음식점,광주광역시,서구,2223,2226,2280
한식음식점,광주광역시,남구,1197,1200,1253
한식음식점,광주광역시,북구,2854,2850,2901
한식음식점,광주광역시,광산구,2943,2948,2994
한식음식점,대전광역시,동구,1738,1739,1758
한식음식점,대전광역시,중구,1990,1982,2012
한식음식점,대전광역시,서구,3533,3529,3595
한식음식점,대전광역시,유성구,2971,2980,3066
한식음식점,대전광역시,대덕구,1556,1557,1602
한식음식점,울산광역시,중구,1762,1760,1851
한식음식점,울산광역시,남구,3318,3318,3357
한식음식점,울산광역시,동구,1413,1414,1428
한식음식점,울산광역시,북구,1756,1752,1814
한식음식점,울산광역시,울주군,2406,2403,2432
한식음식점,세종특별자치시,0,2312,2324,2383
한식음식점,경기도,수원시 장안구,1407,1411,1434
한식음식점,경기도,수원시 권선구,2027,2022,2048
한식음식점,경기도,수원시 팔달구,1780,1784,1798
한식음식점,경기도,수원시 영통구,1801,1804,1864
한식음식점,경기도,성남시 수정구,1317,1310,1339
한식음식점,경기도,성남시 중원구,1326,1331,1333
한식음식점,경기도,성남시 분당구,2178,2180,2158
한식음식점,경기도,의정부시,3092,3101,3169
한식음식점,경기도,안양시 만안구,1393,1395,1421
한식음식점,경기도,안양시 동안구,1704,1689,1696
한식음식점,경기도,부천시 원미구,2781,2786,2817
한식음식점,경기도,부천시 소사구,940,946,953
한식음식점,경기도,부천시 오정구,892,888,894
한식음식점,경기도,광명시,1305,1302,1309
한식음식점,경기도,평택시,5120,5095,5238
한식음식점,경기도,동두천시,810,815,817
한식음식점,경기도,안산시 상록구,1795,1801,1847
한식음식점,경기도,안산시 단원구,2319,2325,2349
한식음식점,경기도,고양시 덕양구,2521,2524,2542
한식음식점,경기도,고양시 일산동구,1892,1893,1932
한식음식점,경기도,고양시 일산서구,1206,1207,1247
한식음식점,경기도,과천시,298,299,296
한식음식점,경기도,구리시,1206,1208,1176
한식음식점,경기도,남양주시,4118,4128,4197
한식음식점,경기도,오산시,1500,1487,1515
한식음식점,경기도,시흥시,3064,3071,3158
한식음식점,경기도,군포시,1250,1252,1286
한식음식점,경기도,의왕시,647,638,624
한식음식점,경기도,하남시,1587,1597,1635
한식음식점,경기도,용인시 처인구,2256,2243,2186
한식음식점,경기도,용인시 기흥구,1717,1723,1749
한식음식점,경기도,용인시 수지구,1116,1114,1111
한식음식점,경기도,파주시,3604,3605,3660
한식음식점,경기도,이천시,2005,2007,2010
한식음식점,경기도,안성시,2083,2077,2064
한식음식점,경기도,김포시,2985,2982,3031
한식음식점,경기도,화성시,0,0,0
한식음식점,경기도,화성시 만세구,2589,2589,2576
한식음식점,경기도,화성시 효행구,895,888,882
한식음식점,경기도,화성시 병점구,824,833,935
한식음식점,경기도,화성시 동탄구,1917,1918,1700
한식음식점,경기도,광주시,2363,2364,2381
한식음식점,경기도,양주시,2113,2121,2138
한식음식점,경기도,포천시,2049,2040,2062
한식음식점,경기도,여주시,1240,1231,1220
한식음식점,경기도,연천군,621,629,621
한식음식점,경기도,가평군,1191,1193,1190
한식음식점,경기도,양평군,1259,1263,1264
한식음식점,충청북도,청주시 상당구,1669,1656,1646
한식음식점,충청북도,청주시 서원구,1341,1348,1387
한식음식점,충청북도,청주시 흥덕구,2408,2413,2397
한식음식점,충청북도,청주시 청원구,1658,1658,1679
한식음식점,충청북도,충주시,2546,2551,2551
한식음식점,충청북도,제천시,1543,1541,1541
한식음식점,충청북도,보은군,425,427,424
한식음식점,충청북도,옥천군,635,634,628
한식음식점,충청북도,영동군,518,513,521
한식음식점,충청북도,증평군,417,422,424
한식음식점,충청북도,진천군,1019,1018,1040
한식음식점,충청북도,괴산군,491,491,483
한식음식점,충청북도,음성군,1306,1297,1298
한식음식점,충청북도,단양군,442,439,435
한식음식점,충청남도,천안시 동남구,2178,2180,2215
한식음식점,충청남도,천안시 서북구,3298,3288,3335
한식음식점,충청남도,공주시,1219,1215,1218
한식음식점,충청남도,보령시,1475,1478,1481
한식음식점,충청남도,아산시,2710,2705,2768
한식음식점,충청남도,서산시,1907,1901,1940
한식음식점,충청남도,논산시,1105,1101,1122
한식음식점,충청남도,계룡시,324,323,306
한식음식점,충청남도,당진시,2120,2123,2143
한식음식점,충청남도,금산군,590,587,584
한식음식점,충청남도,부여군,612,607,611
한식음식점,충청남도,서천군,546,545,546
한식음식점,충청남도,청양군,338,335,323
한식음식점,충청남도,홍성군,981,978,968
한식음식점,충청남도,예산군,973,966,956
한식음식점,충청남도,태안군,898,891,884
한식음식점,전라남도,목포시,2256,2266,2280
한식음식점,전라남도,여수시,3753,3769,3792
한식음식점,전라남도,순천시,2495,2498,2502
한식음식점,전라남도,나주시,1058,1058,1086
한식음식점,전라남도,광양시,1686,1677,1663
한식음식점,전라남도,담양군,496,487,496
한식음식점,전라남도,곡성군,239,239,237
한식음식점,전라남도,구례군,367,365,355
한식음식점,전라남도,고흥군,597,595,573
한식음식점,전라남도,보성군,423,421,411
한식음식점,전라남도,화순군,521,518,537
한식음식점,전라남도,장흥군,406,407,402
한식음식점,전라남도,강진군,375,375,377
한식음식점,전라남도,해남군,631,624,625
한식음식점,전라남도,영암군,527,523,524
한식음식점,전라남도,무안군,837,833,854
한식음식점,전라남도,함평군,223,221,235
한식음식점,전라남도,영광군,496,494,501
한식음식점,전라남도,장성군,374,376,362
한식음식점,전라남도,완도군,526,530,538
한식음식점,전라남도,진도군,345,344,348
한식음식점,전라남도,신안군,387,386,390
한식음식점,경상북도,포항시 남구,2946,2947,3003
한식음식점,경상북도,포항시 북구,2700,2697,2741
한식음식점,경상북도,경주시,3599,3581,3586
한식음식점,경상북도,김천시,1143,1136,1159
한식음식점,경상북도,안동시,1774,1765,1823
한식음식점,경상북도,구미시,3970,3954,4044
한식음식점,경상북도,영주시,1233,1234,1253
한식음식점,경상북도,영천시,1101,1100,1108
한식음식점,경상북도,상주시,1060,1055,1052
한식음식점,경상북도,문경시,1028,1028,1030
한식음식점,경상북도,경산시,2728,2738,2816
한식음식점,경상북도,의성군,432,436,438
한식음식점,경상북도,청송군,403,403,404
한식음식점,경상북도,영양군,165,164,163
한식음식점,경상북도,영덕군,663,667,665
한식음식점,경상북도,청도군,601,601,586
한식음식점,경상북도,고령군,370,368,368
한식음식점,경상북도,성주군,508,508,504
한식음식점,경상북도,칠곡군,1418,1422,1428
한식음식점,경상북도,예천군,559,554,555
한식음식점,경상북도,봉화군,375,375,381
한식음식점,경상북도,울진군,772,770,768
한식음식점,경상북도,울릉군,208,204,204
한식음식점,경상남도,창원시 의창구,1876,1864,1925
한식음식점,경상남도,창원시 성산구,1992,1991,2033
한식음식점,경상남도,창원시 마산합포구,2079,2070,2094
한식음식점,경상남도,창원시 마산회원구,1476,1484,1533
한식음식점,경상남도,창원시 진해구,1941,1948,2048
한식음식점,경상남도,진주시,3303,3308,3393
한식음식점,경상남도,통영시,1460,1455,1444
한식음식점,경상남도,사천시,1490,1497,1494
한식음식점,경상남도,김해시,4606,4580,4649
한식음식점,경상남도,밀양시,1261,1255,1281
한식음식점,경상남도,거제시,2956,2956,3057
한식음식점,경상남도,양산시,2946,2937,2997
한식음식점,경상남도,의령군,297,296,289
한식음식점,경상남도,함안군,671,673,692
한식음식점,경상남도,창녕군,739,737,743
한식음식점,경상남도,고성군,641,639,642
한식음식점,경상남도,남해군,651,649,629
한식음식점,경상남도,하동군,612,612,620
한식음식점,경상남도,산청군,457,455,455
한식음식점,경상남도,함양군,468,470,476
한식음식점,경상남도,거창군,699,697,709
한식음식점,경상남도,합천군,448,447,460
한식음식점,제주특별자치도,제주시,6938,6924,6930
한식음식점,제주특별자치도,서귀포시,3071,3082,3144
한식음식점,강원특별자치도,춘천시,3050,3033,3041
한식음식점,강원특별자치도,원주시,3969,3971,4033
한식음식점,강원특별자치도,강릉시,2925,2927,2932
한식음식점,강원특별자치도,동해시,1118,1118,1155
한식음식점,강원특별자치도,태백시,526,525,541
한식음식점,강원특별자치도,속초시,1586,1576,1607
한식음식점,강원특별자치도,삼척시,841,841,851
한식음식점,강원특별자치도,홍천군,965,965,968
한식음식점,강원특별자치도,횡성군,687,685,673
한식음식점,강원특별자치도,영월군,601,586,583
한식음식점,강원특별자치도,평창군,819,820,832
한식음식점,강원특별자치도,정선군,646,647,634
한식음식점,강원특별자치도,철원군,655,657,649
한식음식점,강원특별자치도,화천군,358,356,372
한식음식점,강원특별자치도,양구군,310,311,307
한식음식점,강원특별자치도,인제군,601,605,612
한식음식점,강원특별자치도,고성군,492,485,475
한식음식점,강원특별자치도,양양군,599,598,599
한식음식점,전북특별자치도,전주시 완산구,2725,2717,2829
한식음식점,전북특별자치도,전주시 덕진구,2157,2154,2205
한식음식점,전북특별자치도,군산시,2528,2522,2536
한식음식점,전북특별자치도,익산시,2243,2235,2277
한식음식점,전북특별자치도,정읍시,857,854,844
한식음식점,전북특별자치도,남원시,836,830,840
한식음식점,전북특별자치도,김제시,692,688,670
한식음식점,전북특별자치도,완주군,984,982,995
한식음식점,전북특별자치도,진안군,236,239,232
한식음식점,전북특별자치도,무주군,324,323,315
한식음식점,전북특별자치도,장수군,190,192,195
한식음식점,전북특별자치도,임실군,237,237,237
한식음식점,전북특별자치도,순창군,257,256,253
한식음식점,전북특별자치도,고창군,510,506,502
한식음식점,전북특별자치도,부안군,605,595,600
호프주점,서울특별시,종로구,152,152,166
호프주점,서울특별시,중구,113,115,131
호프주점,서울특별시,용산구,95,96,102
호프주점,서울특별시,성동구,100,99,110
호프주점,서울특별시,광진구,215,214,237
호프주점,서울특별시,동대문구,160,161,170
호프주점,서울특별시,중랑구,281,284,306
호프주점,서울특별시,성북구,111,111,121
호프주점,서울특별시,강북구,202,203,221
호프주점,서울특별시,도봉구,146,144,155
호프주점,서울특별시,노원구,181,181,194
호프주점,서울특별시,은평구,166,162,186
호프주점,서울특별시,서대문구,84,86,94
호프주점,서울특별시,마포구,261,264,272
호프주점,서울특별시,양천구,107,107,121
호프주점,서울특별시,강서구,198,199,205
호프주점,서울특별시,구로구,281,280,296
호프주점,서울특별시,금천구,144,142,152
호프주점,서울특별시,영등포구,277,281,293
호프주점,서울특별시,동작구,113,113,126
호프주점,서울특별시,관악구,202,205,225
호프주점,서울특별시,서초구,138,142,147
호프주점,서울특별시,강남구,170,174,197
호프주점,서울특별시,송파구,209,210,226
호프주점,서울특별시,강동구,161,163,178
호프주점,부산광역시,중구,48,48,50
호프주점,부산광역시,서구,27,27,27
호프주점,부산광역시,동구,29,29,43
호프주점,부산광역시,영도구,35,35,39
호프주점,부산광역시,부산진구,115,116,130
호프주점,부산광역시,동래구,76,78,86
호프주점,부산광역시,남구,54,54,65
호프주점,부산광역시,북구,77,77,85
호프주점,부산광역시,해운대구,59,60,60
호프주점,부산광역시,사하구,144,148,167
호프주점,부산광역시,금정구,62,63,69
호프주점,부산광역시,강서구,35,36,36
호프주점,부산광역시,연제구,64,66,76
호프주점,부산광역시,수영구,43,42,47
호프주점,부산광역시,사상구,113,113,126
호프주점,부산광역시,기장군,41,43,41
호프주점,대구광역시,중구,44,45,39
호프주점,대구광역시,동구,37,38,42
호프주점,대구광역시,서구,33,33,30
호프주점,대구광역시,남구,30,30,32
호프주점,대구광역시,북구,79,82,92
호프주점,대구광역시,수성구,74,74,84
호프주점,대구광역시,달서구,83,81,86
호프주점,대구광역시,달성군,30,31,33
호프주점,인천광역시,중구,51,51,62
호프주점,인천광역시,동구,25,25,26
호프주점,인천광역시,미추홀구,185,185,198
호프주점,인천광역시,연수구,176,176,205
호프주점,인천광역시,남동구,270,272,284
호프주점,인천광역시,부평구,215,220,237
호프주점,인천광역시,계양구,137,138,155
호프주점,인천광역시,서구,161,159,183
호프주점,인천광역시,강화군,16,16,19
호프주점,인천광역시,옹진군,13,13,12
호프주점,광주광역시,동구,118,120,127
호프주점,광주광역시,서구,352,355,383
호프주점,광주광역시,남구,148,148,171
호프주점,광주광역시,북구,409,419,468
호프주점,광주광역시,광산구,294,297,348
호프주점,대전광역시,동구,58,58,68
호프주점,대전광역시,중구,85,85,88
호프주점,대전광역시,서구,193,197,227
호프주점,대전광역시,유성구,83,87,98
호프주점,대전광역시,대덕구,85,85,88
호프주점,울산광역시,중구,35,35,38
호프주점,울산광역시,남구,97,98,99
호프주점,울산광역시,동구,24,24,30
호프주점,울산광역시,북구,28,28,26
호프주점,울산광역시,울주군,42,42,41
호프주점,세종특별자치시,0,73,73,87
호프주점,경기도,수원시 장안구,106,107,119
호프주점,경기도,수원시 권선구,108,108,117
호프주점,경기도,수원시 팔달구,101,101,121
호프주점,경기도,수원시 영통구,84,85,93
호프주점,경기도,성남시 수정구,106,108,122
호프주점,경기도,성남시 중원구,136,138,153
호프주점,경기도,성남시 분당구,128,125,131
호프주점,경기도,의정부시,130,131,141
호프주점,경기도,안양시 만안구,152,154,169
호프주점,경기도,안양시 동안구,129,129,142
호프주점,경기도,부천시 원미구,233,233,240
호프주점,경기도,부천시 소사구,101,103,101
호프주점,경기도,부천시 오정구,42,42,49
호프주점,경기도,광명시,50,51,57
호프주점,경기도,평택시,246,248,268
호프주점,경기도,동두천시,49,50,53
호프주점,경기도,안산시 상록구,116,116,119
호프주점,경기도,안산시 단원구,237,234,247
호프주점,경기도,고양시 덕양구,138,140,141
호프주점,경기도,고양시 일산동구,113,114,117
호프주점,경기도,고양시 일산서구,48,50,54
호프주점,경기도,과천시,4,4,5
호프주점,경기도,구리시,110,110,127
호프주점,경기도,남양주시,154,154,167
호프주점,경기도,오산시,73,72,74
호프주점,경기도,시흥시,161,162,172
호프주점,경기도,군포시,157,156,177
호프주점,경기도,의왕시,18,18,20
호프주점,경기도,하남시,65,65,70
호프주점,경기도,용인시 처인구,95,97,102
호프주점,경기도,용인시 기흥구,62,63,68
호프주점,경기도,용인시 수지구,43,43,47
호프주점,경기도,파주시,140,141,152
호프주점,경기도,이천시,52,53,55
호프주점,경기도,안성시,52,53,56
호프주점,경기도,김포시,167,167,173
호프주점,경기도,화성시,0,0,0
호프주점,경기도,화성시 만세구,71,72,86
호프주점,경기도,화성시 효행구,28,28,31
호프주점,경기도,화성시 병점구,42,41,53
호프주점,경기도,화성시 동탄구,81,81,77
호프주점,경기도,광주시,108,104,108
호프주점,경기도,양주시,39,37,45
호프주점,경기도,포천시,63,63,78
호프주점,경기도,여주시,27,27,34
호프주점,경기도,연천군,15,15,18
호프주점,경기도,가평군,9,9,10
호프주점,경기도,양평군,36,36,37
호프주점,충청북도,청주시 상당구,83,82,92
호프주점,충청북도,청주시 서원구,99,100,117
호프주점,충청북도,청주시 흥덕구,124,121,125
호프주점,충청북도,청주시 청원구,118,116,128
호프주점,충청북도,충주시,167,169,183
호프주점,충청북도,제천시,106,108,120
호프주점,충청북도,보은군,6,6,7
호프주점,충청북도,옥천군,15,16,17
호프주점,충청북도,영동군,15,15,15
호프주점,충청북도,증평군,34,35,43
호프주점,충청북도,진천군,73,75,82
호프주점,충청북도,괴산군,12,12,12
호프주점,충청북도,음성군,85,86,90
호프주점,충청북도,단양군,7,7,7
호프주점,충청남도,천안시 동남구,100,101,111
호프주점,충청남도,천안시 서북구,175,175,195
호프주점,충청남도,공주시,51,51,65
호프주점,충청남도,보령시,32,31,45
호프주점,충청남도,아산시,173,170,203
호프주점,충청남도,서산시,66,66,67
호프주점,충청남도,논산시,29,30,32
호프주점,충청남도,계룡시,10,10,10
호프주점,충청남도,당진시,52,53,62
호프주점,충청남도,금산군,6,6,7
호프주점,충청남도,부여군,25,26,27
호프주점,충청남도,서천군,43,43,52
호프주점,충청남도,청양군,18,18,19
호프주점,충청남도,홍성군,50,49,60
호프주점,충청남도,예산군,58,58,60
호프주점,충청남도,태안군,50,51,57
호프주점,전라남도,목포시,366,363,400
호프주점,전라남도,여수시,133,134,151
호프주점,전라남도,순천시,226,227,253
호프주점,전라남도,나주시,44,44,46
호프주점,전라남도,광양시,163,166,183
호프주점,전라남도,담양군,9,9,10
호프주점,전라남도,곡성군,14,14,17
호프주점,전라남도,구례군,5,5,5
호프주점,전라남도,고흥군,66,67,73
호프주점,전라남도,보성군,20,20,23
호프주점,전라남도,화순군,36,36,33
호프주점,전라남도,장흥군,12,12,18
호프주점,전라남도,강진군,23,23,23
호프주점,전라남도,해남군,57,58,61
호프주점,전라남도,영암군,34,34,36
호프주점,전라남도,무안군,29,29,33
호프주점,전라남도,함평군,5,5,5
호프주점,전라남도,영광군,21,21,23
호프주점,전라남도,장성군,4,4,5
호프주점,전라남도,완도군,56,58,62
호프주점,전라남도,진도군,23,23,30
호프주점,전라남도,신안군,8,8,10
호프주점,경상북도,포항시 남구,90,91,103
호프주점,경상북도,포항시 북구,81,82,84
호프주점,경상북도,경주시,79,79,83
호프주점,경상북도,김천시,11,11,10
호프주점,경상북도,안동시,65,64,65
호프주점,경상북도,구미시,108,108,117
호프주점,경상북도,영주시,34,34,36
호프주점,경상북도,영천시,19,19,26
호프주점,경상북도,상주시,14,14,15
호프주점,경상북도,문경시,10,10,9
호프주점,경상북도,경산시,33,32,36
호프주점,경상북도,의성군,3,3,5
호프주점,경상북도,청송군,3,3,4
호프주점,경상북도,영양군,6,6,6
호프주점,경상북도,영덕군,17,17,19
호프주점,경상북도,청도군,0,0,0
호프주점,경상북도,고령군,5,5,5
호프주점,경상북도,성주군,0,0,0
호프주점,경상북도,칠곡군,13,13,16
호프주점,경상북도,예천군,10,10,10
호프주점,경상북도,봉화군,10,10,9
호프주점,경상북도,울진군,25,26,24
호프주점,경상북도,울릉군,5,5,7
호프주점,경상남도,창원시 의창구,46,45,49
호프주점,경상남도,창원시 성산구,66,67,79
호프주점,경상남도,창원시 마산합포구,52,52,61
호프주점,경상남도,창원시 마산회원구,69,70,74
호프주점,경상남도,창원시 진해구,62,61,56
호프주점,경상남도,진주시,76,75,91
호프주점,경상남도,통영시,123,123,140
호프주점,경상남도,사천시,11,10,14
호프주점,경상남도,김해시,134,133,141
호프주점,경상남도,밀양시,5,5,5
호프주점,경상남도,거제시,53,54,58
호프주점,경상남도,양산시,76,77,81
호프주점,경상남도,의령군,3,3,3
호프주점,경상남도,함안군,16,16,21
호프주점,경상남도,창녕군,21,21,21
호프주점,경상남도,고성군,21,21,21
호프주점,경상남도,남해군,3,3,0
호프주점,경상남도,하동군,11,10,12
호프주점,경상남도,산청군,0,0,0
호프주점,경상남도,함양군,5,5,7
호프주점,경상남도,거창군,19,18,12
호프주점,경상남도,합천군,5,5,6
호프주점,제주특별자치도,제주시,301,303,330
호프주점,제주특별자치도,서귀포시,112,117,127
호프주점,강원특별자치도,춘천시,126,130,148
호프주점,강원특별자치도,원주시,128,131,146
호프주점,강원특별자치도,강릉시,129,130,146
호프주점,강원특별자치도,동해시,69,70,78
호프주점,강원특별자치도,태백시,22,21,24
호프주점,강원특별자치도,속초시,51,53,55
호프주점,강원특별자치도,삼척시,72,70,76
호프주점,강원특별자치도,홍천군,27,29,32
호프주점,강원특별자치도,횡성군,7,7,7
호프주점,강원특별자치도,영월군,9,9,8
호프주점,강원특별자치도,평창군,13,12,13
호프주점,강원특별자치도,정선군,11,11,9
호프주점,강원특별자치도,철원군,17,18,17
호프주점,강원특별자치도,화천군,6,7,7
호프주점,강원특별자치도,양구군,8,8,9
호프주점,강원특별자치도,인제군,11,11,9
호프주점,강원특별자치도,고성군,14,14,13
호프주점,강원특별자치도,양양군,13,13,16
호프주점,전북특별자치도,전주시 완산구,76,77,84
호프주점,전북특별자치도,전주시 덕진구,81,84,92
호프주점,전북특별자치도,군산시,211,214,236
호프주점,전북특별자치도,익산시,129,134,151
호프주점,전북특별자치도,정읍시,30,30,41
호프주점,전북특별자치도,남원시,33,35,37
호프주점,전북특별자치도,김제시,7,7,9
호프주점,전북특별자치도,완주군,17,17,18
호프주점,전북특별자치도,진안군,5,5,6
호프주점,전북특별자치도,무주군,13,12,16
호프주점,전북특별자치도,장수군,8,8,12
호프주점,전북특별자치도,임실군,8,8,9
호프주점,전북특별자치도,순창군,7,7,11
호프주점,전북특별자치도,고창군,9,10,14
호프주점,전북특별자치도,부안군,33,34,38
pc방,서울특별시,종로구,24,24,23
pc방,서울특별시,중구,16,15,16
pc방,서울특별시,용산구,12,12,12
pc방,서울특별시,성동구,26,27,30
pc방,서울특별시,광진구,52,53,52
pc방,서울특별시,동대문구,37,36,38
pc방,서울특별시,중랑구,48,48,52
pc방,서울특별시,성북구,33,32,34
pc방,서울특별시,강북구,40,40,42
pc방,서울특별시,도봉구,25,25,30
pc방,서울특별시,노원구,46,44,47
pc방,서울특별시,은평구,39,39,44
pc방,서울특별시,서대문구,33,34,35
pc방,서울특별시,마포구,30,30,30
pc방,서울특별시,양천구,34,35,32
pc방,서울특별시,강서구,54,56,60
pc방,서울특별시,구로구,38,38,42
pc방,서울특별시,금천구,27,28,31
pc방,서울특별시,영등포구,46,45,52
pc방,서울특별시,동작구,39,41,44
pc방,서울특별시,관악구,76,77,80
pc방,서울특별시,서초구,28,28,32
pc방,서울특별시,강남구,53,54,58
pc방,서울특별시,송파구,61,60,61
pc방,서울특별시,강동구,53,54,57
pc방,부산광역시,중구,5,5,4
pc방,부산광역시,서구,11,10,9
pc방,부산광역시,동구,10,10,10
pc방,부산광역시,영도구,9,9,11
pc방,부산광역시,부산진구,38,39,40
pc방,부산광역시,동래구,25,25,23
pc방,부산광역시,남구,36,36,36
pc방,부산광역시,북구,31,32,35
pc방,부산광역시,해운대구,35,34,34
pc방,부산광역시,사하구,36,35,37
pc방,부산광역시,금정구,32,33,35
pc방,부산광역시,강서구,9,10,11
pc방,부산광역시,연제구,16,16,15
pc방,부산광역시,수영구,22,22,22
pc방,부산광역시,사상구,29,29,30
pc방,부산광역시,기장군,16,16,17
pc방,대구광역시,중구,13,14,15
pc방,대구광역시,동구,43,44,48
pc방,대구광역시,서구,21,21,25
pc방,대구광역시,남구,22,22,28
pc방,대구광역시,북구,63,63,68
pc방,대구광역시,수성구,48,47,51
pc방,대구광역시,달서구,69,70,76
pc방,대구광역시,달성군,25,25,24
pc방,인천광역시,중구,18,19,22
pc방,인천광역시,동구,4,4,4
pc방,인천광역시,미추홀구,55,55,69
pc방,인천광역시,연수구,39,38,39
pc방,인천광역시,남동구,66,65,68
pc방,인천광역시,부평구,65,61,58
pc방,인천광역시,계양구,31,30,38
pc방,인천광역시,서구,64,64,59
pc방,인천광역시,강화군,3,3,3
pc방,인천광역시,옹진군,7,8,7
pc방,광주광역시,동구,21,21,24
pc방,광주광역시,서구,49,47,50
pc방,광주광역시,남구,24,26,26
pc방,광주광역시,북구,78,77,83
pc방,광주광역시,광산구,70,68,80
pc방,대전광역시,동구,38,38,47
pc방,대전광역시,중구,32,32,33
pc방,대전광역시,서구,69,67,72
pc방,대전광역시,유성구,45,46,51
pc방,대전광역시,대덕구,24,24,27
pc방,울산광역시,중구,25,25,29
pc방,울산광역시,남구,65,65,73
pc방,울산광역시,동구,19,19,20
pc방,울산광역시,북구,26,27,34
pc방,울산광역시,울주군,25,25,29
pc방,세종특별자치시,0,31,31,29
pc방,경기도,수원시 장안구,38,39,41
pc방,경기도,수원시 권선구,55,59,55
pc방,경기도,수원시 팔달구,35,35,34
pc방,경기도,수원시 영통구,36,35,38
pc방,경기도,성남시 수정구,45,45,41
pc방,경기도,성남시 중원구,22,22,24
pc방,경기도,성남시 분당구,36,37,37
pc방,경기도,의정부시,62,61,60
pc방,경기도,안양시 만안구,35,36,37
pc방,경기도,안양시 동안구,37,37,39
pc방,경기도,부천시 원미구,61,62,66
pc방,경기도,부천시 소사구,21,19,22
pc방,경기도,부천시 오정구,24,23,28
pc방,경기도,광명시,31,32,38
pc방,경기도,평택시,119,122,117
pc방,경기도,동두천시,10,10,10
pc방,경기도,안산시 상록구,65,63,67
pc방,경기도,안산시 단원구,85,84,85
pc방,경기도,고양시 덕양구,47,47,48
pc방,경기도,고양시 일산동구,33,32,34
pc방,경기도,고양시 일산서구,23,24,23
pc방,경기도,과천시,3,3,4
pc방,경기도,구리시,28,30,32
pc방,경기도,남양주시,63,64,66
pc방,경기도,오산시,38,38,34
pc방,경기도,시흥시,89,87,100
pc방,경기도,군포시,41,41,40
pc방,경기도,의왕시,14,14,14
pc방,경기도,하남시,29,29,29
pc방,경기도,용인시 처인구,49,47,40
pc방,경기도,용인시 기흥구,35,35,34
pc방,경기도,용인시 수지구,27,26,27
pc방,경기도,파주시,55,53,57
pc방,경기도,이천시,32,34,33
pc방,경기도,안성시,22,22,23
pc방,경기도,김포시,51,53,48
pc방,경기도,화성시,0,0,0
pc방,경기도,화성시 만세구,47,46,43
pc방,경기도,화성시 효행구,14,14,15
pc방,경기도,화성시 병점구,23,23,26
pc방,경기도,화성시 동탄구,41,40,32
pc방,경기도,광주시,31,31,34
pc방,경기도,양주시,33,32,35
pc방,경기도,포천시,23,23,23
pc방,경기도,여주시,9,10,11
pc방,경기도,연천군,9,9,7
pc방,경기도,가평군,11,11,11
pc방,경기도,양평군,12,12,12
pc방,충청북도,청주시 상당구,27,27,28
pc방,충청북도,청주시 서원구,30,30,26
pc방,충청북도,청주시 흥덕구,50,52,46
pc방,충청북도,청주시 청원구,27,27,31
pc방,충청북도,충주시,36,37,46
pc방,충청북도,제천시,15,16,19
pc방,충청북도,보은군,5,5,3
pc방,충청북도,옥천군,3,3,4
pc방,충청북도,영동군,3,4,5
pc방,충청북도,증평군,7,6,7
pc방,충청북도,진천군,12,12,14
pc방,충청북도,괴산군,3,3,3
pc방,충청북도,음성군,19,20,19
pc방,충청북도,단양군,3,3,3
pc방,충청남도,천안시 동남구,52,52,52
pc방,충청남도,천안시 서북구,97,99,96
pc방,충청남도,공주시,11,11,11
pc방,충청남도,보령시,19,20,18
pc방,충청남도,아산시,62,60,67
pc방,충청남도,서산시,33,34,35
pc방,충청남도,논산시,19,19,19
pc방,충청남도,계룡시,4,4,4
pc방,충청남도,당진시,41,43,45
pc방,충청남도,금산군,5,5,5
pc방,충청남도,부여군,3,3,3
pc방,충청남도,서천군,8,8,9
pc방,충청남도,청양군,4,4,4
pc방,충청남도,홍성군,16,17,14
pc방,충청남도,예산군,15,15,18
pc방,충청남도,태안군,20,19,14
pc방,전라남도,목포시,49,50,60
pc방,전라남도,여수시,41,39,44
pc방,전라남도,순천시,51,51,51
pc방,전라남도,나주시,11,11,15
pc방,전라남도,광양시,31,32,28
pc방,전라남도,담양군,3,3,4
pc방,전라남도,곡성군,0,0,0
pc방,전라남도,구례군,3,3,0
pc방,전라남도,고흥군,4,5,5
pc방,전라남도,보성군,0,0,0
pc방,전라남도,화순군,6,6,7
pc방,전라남도,장흥군,4,4,4
pc방,전라남도,강진군,0,0,0
pc방,전라남도,해남군,6,6,6
pc방,전라남도,영암군,6,6,9
pc방,전라남도,무안군,11,12,13
pc방,전라남도,함평군,0,0,0
pc방,전라남도,영광군,4,4,5
pc방,전라남도,장성군,3,3,3
pc방,전라남도,완도군,5,6,8
pc방,전라남도,진도군,3,3,5
pc방,경상북도,포항시 남구,42,44,42
pc방,경상북도,포항시 북구,32,35,35
pc방,경상북도,경주시,32,33,36
pc방,경상북도,김천시,12,12,13
pc방,경상북도,안동시,26,26,31
pc방,경상북도,구미시,88,95,108
pc방,경상북도,영주시,12,13,13
pc방,경상북도,영천시,11,11,12
pc방,경상북도,상주시,5,5,6
pc방,경상북도,문경시,8,8,7
pc방,경상북도,경산시,51,53,58
pc방,경상북도,의성군,0,0,0
pc방,경상북도,청송군,0,0,0
pc방,경상북도,영양군,3,3,3
pc방,경상북도,영덕군,0,0,0
pc방,경상북도,청도군,0,0,0
pc방,경상북도,고령군,3,3,0
pc방,경상북도,성주군,0,0,0
pc방,경상북도,칠곡군,19,19,26
pc방,경상북도,예천군,5,5,5
pc방,경상북도,봉화군,0,0,0
pc방,경상북도,울진군,6,6,7
pc방,경상북도,울릉군,0,0,0
pc방,경상남도,창원시 의창구,31,31,33
pc방,경상남도,창원시 성산구,35,36,35
pc방,경상남도,창원시 마산합포구,24,24,26
pc방,경상남도,창원시 마산회원구,24,23,24
pc방,경상남도,창원시 진해구,28,28,29
pc방,경상남도,진주시,47,50,56
pc방,경상남도,통영시,12,12,13
pc방,경상남도,사천시,10,10,10
pc방,경상남도,김해시,79,79,84
pc방,경상남도,밀양시,7,7,6
pc방,경상남도,거제시,21,21,21
pc방,경상남도,양산시,39,39,45
pc방,경상남도,의령군,0,0,0
pc방,경상남도,함안군,4,4,5
pc방,경상남도,창녕군,7,7,7
pc방,경상남도,고성군,3,3,3
pc방,경상남도,남해군,0,0,0
pc방,경상남도,하동군,0,0,0
pc방,경상남도,산청군,0,0,0
pc방,경상남도,함양군,3,3,4
pc방,경상남도,거창군,7,7,7
pc방,경상남도,합천군,0,0,0
pc방,제주특별자치도,제주시,83,84,90
pc방,제주특별자치도,서귀포시,33,34,35
pc방,강원특별자치도,춘천시,41,42,47
pc방,강원특별자치도,원주시,57,58,68
pc방,강원특별자치도,강릉시,44,45,51
pc방,강원특별자치도,동해시,17,17,17
pc방,강원특별자치도,태백시,6,6,6
pc방,강원특별자치도,속초시,25,24,24
pc방,강원특별자치도,삼척시,8,8,10
pc방,강원특별자치도,홍천군,9,9,10
pc방,강원특별자치도,횡성군,5,5,4
pc방,강원특별자치도,영월군,0,0,0
pc방,강원특별자치도,평창군,6,6,7
pc방,강원특별자치도,정선군,6,6,5
pc방,강원특별자치도,철원군,14,14,16
pc방,강원특별자치도,화천군,8,8,8
pc방,강원특별자치도,양구군,4,4,5
pc방,강원특별자치도,인제군,17,17,19
pc방,강원특별자치도,고성군,6,6,6
pc방,강원특별자치도,양양군,0,0,0
pc방,전북특별자치도,전주시 완산구,47,47,51
pc방,전북특별자치도,전주시 덕진구,57,58,66
pc방,전북특별자치도,군산시,41,41,39
pc방,전북특별자치도,익산시,47,44,52
pc방,전북특별자치도,정읍시,12,13,15
pc방,전북특별자치도,남원시,9,9,10
pc방,전북특별자치도,김제시,7,7,7
pc방,전북특별자치도,완주군,7,7,7
pc방,전북특별자치도,무주군,4,4,5
pc방,전북특별자치도,장수군,0,0,0
pc방,전북특별자치도,임실군,0,0,0
pc방,전북특별자치도,순창군,0,0,0
pc방,전북특별자치도,고창군,3,3,3
pc방,전북특별자치도,부안군,3,3,4
가전제품수리점,서울특별시,종로구,71,69,63
가전제품수리점,서울특별시,중구,61,62,61
가전제품수리점,서울특별시,용산구,72,69,71
가전제품수리점,서울특별시,성동구,91,89,83
가전제품수리점,서울특별시,광진구,158,156,143
가전제품수리점,서울특별시,동대문구,135,135,130
가전제품수리점,서울특별시,중랑구,272,268,244
가전제품수리점,서울특별시,성북구,200,203,187
가전제품수리점,서울특별시,강북구,177,172,160
가전제품수리점,서울특별시,도봉구,164,162,152
가전제품수리점,서울특별시,노원구,226,222,202
가전제품수리점,서울특별시,은평구,238,236,221
가전제품수리점,서울특별시,서대문구,92,90,88
가전제품수리점,서울특별시,마포구,125,122,108
가전제품수리점,서울특별시,양천구,160,158,149
가전제품수리점,서울특별시,강서구,235,230,205
가전제품수리점,서울특별시,구로구,155,153,152
가전제품수리점,서울특별시,금천구,139,131,112
가전제품수리점,서울특별시,영등포구,150,149,139
가전제품수리점,서울특별시,동작구,120,120,118
가전제품수리점,서울특별시,관악구,184,175,161
가전제품수리점,서울특별시,서초구,102,102,91
가전제품수리점,서울특별시,강남구,134,132,119
가전제품수리점,서울특별시,송파구,190,184,177
가전제품수리점,서울특별시,강동구,197,192,173
가전제품수리점,부산광역시,중구,24,25,22
가전제품수리점,부산광역시,서구,35,34,36
가전제품수리점,부산광역시,동구,36,36,38
가전제품수리점,부산광역시,영도구,31,31,33
가전제품수리점,부산광역시,부산진구,147,150,146
가전제품수리점,부산광역시,동래구,115,113,102
가전제품수리점,부산광역시,남구,89,88,84
가전제품수리점,부산광역시,북구,97,95,95
가전제품수리점,부산광역시,해운대구,131,130,121
가전제품수리점,부산광역시,사하구,114,110,107
가전제품수리점,부산광역시,금정구,83,84,81
가전제품수리점,부산광역시,강서구,47,47,43
가전제품수리점,부산광역시,연제구,109,109,106
가전제품수리점,부산광역시,수영구,62,60,62
가전제품수리점,부산광역시,사상구,79,80,71
가전제품수리점,부산광역시,기장군,80,78,78
가전제품수리점,대구광역시,중구,50,48,54
가전제품수리점,대구광역시,동구,178,175,162
가전제품수리점,대구광역시,서구,105,107,103
가전제품수리점,대구광역시,남구,79,78,74
가전제품수리점,대구광역시,북구,229,224,207
가전제품수리점,대구광역시,수성구,116,114,118
가전제품수리점,대구광역시,달서구,261,256,237
가전제품수리점,대구광역시,달성군,109,108,100
가전제품수리점,대구광역시,군위군,7,7,8
가전제품수리점,인천광역시,중구,67,65,60
가전제품수리점,인천광역시,동구,42,41,38
가전제품수리점,인천광역시,미추홀구,272,261,239
가전제품수리점,인천광역시,연수구,137,133,119
가전제품수리점,인천광역시,남동구,341,338,339
가전제품수리점,인천광역시,부평구,351,344,336
가전제품수리점,인천광역시,계양구,227,223,229
가전제품수리점,인천광역시,서구,376,366,340
가전제품수리점,인천광역시,강화군,17,17,14
가전제품수리점,인천광역시,옹진군,6,6,7
가전제품수리점,광주광역시,동구,41,41,46
가전제품수리점,광주광역시,서구,114,109,100
가전제품수리점,광주광역시,남구,89,87,89
가전제품수리점,광주광역시,북구,201,200,191
가전제품수리점,광주광역시,광산구,188,185,173
가전제품수리점,대전광역시,동구,131,128,118
가전제품수리점,대전광역시,중구,155,156,146
가전제품수리점,대전광역시,서구,247,241,209
가전제품수리점,대전광역시,유성구,113,109,101
가전제품수리점,대전광역시,대덕구,106,105,99
가전제품수리점,울산광역시,중구,105,105,106
가전제품수리점,울산광역시,남구,105,105,89
가전제품수리점,울산광역시,동구,28,26,29
가전제품수리점,울산광역시,북구,54,53,52
가전제품수리점,울산광역시,울주군,67,66,61
가전제품수리점,세종특별자치시,0,123,120,109
가전제품수리점,경기도,수원시 장안구,156,151,147
가전제품수리점,경기도,수원시 권선구,308,312,289
가전제품수리점,경기도,수원시 팔달구,125,123,126
가전제품수리점,경기도,수원시 영통구,134,136,123
가전제품수리점,경기도,성남시 수정구,112,107,99
가전제품수리점,경기도,성남시 중원구,115,119,115
가전제품수리점,경기도,성남시 분당구,125,124,100
가전제품수리점,경기도,의정부시,386,380,351
가전제품수리점,경기도,안양시 만안구,126,124,117
가전제품수리점,경기도,안양시 동안구,129,124,121
가전제품수리점,경기도,부천시 원미구,207,202,195
가전제품수리점,경기도,부천시 소사구,102,99,109
가전제품수리점,경기도,부천시 오정구,142,137,138
가전제품수리점,경기도,광명시,116,109,96
가전제품수리점,경기도,평택시,321,312,275
가전제품수리점,경기도,동두천시,51,48,47
가전제품수리점,경기도,안산시 상록구,270,267,246
가전제품수리점,경기도,안산시 단원구,189,181,183
가전제품수리점,경기도,고양시 덕양구,304,299,279
가전제품수리점,경기도,고양시 일산동구,171,173,164
가전제품수리점,경기도,고양시 일산서구,144,145,149
가전제품수리점,경기도,과천시,10,9,9
가전제품수리점,경기도,구리시,171,168,164
가전제품수리점,경기도,남양주시,676,673,634
가전제품수리점,경기도,오산시,177,169,155
가전제품수리점,경기도,시흥시,320,316,294
가전제품수리점,경기도,군포시,120,117,117
가전제품수리점,경기도,의왕시,70,67,71
가전제품수리점,경기도,하남시,177,175,171
가전제품수리점,경기도,용인시 처인구,165,162,141
가전제품수리점,경기도,용인시 기흥구,158,150,144
가전제품수리점,경기도,용인시 수지구,76,80,66
가전제품수리점,경기도,파주시,360,355,303
가전제품수리점,경기도,이천시,84,82,84
가전제품수리점,경기도,안성시,89,89,92
가전제품수리점,경기도,김포시,261,257,242
가전제품수리점,경기도,화성시,0,0,0
가전제품수리점,경기도,화성시 만세구,115,110,104
가전제품수리점,경기도,화성시 효행구,122,119,101
가전제품수리점,경기도,화성시 병점구,121,117,128
가전제품수리점,경기도,화성시 동탄구,158,146,111
가전제품수리점,경기도,광주시,252,249,241
가전제품수리점,경기도,양주시,224,224,190
가전제품수리점,경기도,포천시,74,70,63
가전제품수리점,경기도,여주시,55,56,53
가전제품수리점,경기도,연천군,19,19,19
가전제품수리점,경기도,가평군,23,22,23
가전제품수리점,경기도,양평군,44,44,48
가전제품수리점,충청북도,청주시 상당구,110,108,98
가전제품수리점,충청북도,청주시 서원구,87,88,76
가전제품수리점,충청북도,청주시 흥덕구,125,126,120
가전제품수리점,충청북도,청주시 청원구,98,97,79
가전제품수리점,충청북도,충주시,108,109,95
가전제품수리점,충청북도,제천시,49,48,44
가전제품수리점,충청북도,보은군,9,9,9
가전제품수리점,충청북도,옥천군,15,14,13
가전제품수리점,충청북도,영동군,11,11,10
가전제품수리점,충청북도,증평군,20,20,16
가전제품수리점,충청북도,진천군,30,29,30
가전제품수리점,충청북도,괴산군,10,10,10
가전제품수리점,충청북도,음성군,35,32,24
가전제품수리점,충청북도,단양군,8,8,6
가전제품수리점,충청남도,천안시 동남구,188,183,174
가전제품수리점,충청남도,천안시 서북구,226,220,209
가전제품수리점,충청남도,공주시,28,27,28
가전제품수리점,충청남도,보령시,27,27,30
가전제품수리점,충청남도,아산시,237,235,208
가전제품수리점,충청남도,서산시,98,98,92
가전제품수리점,충청남도,논산시,44,43,38
가전제품수리점,충청남도,계룡시,12,12,12
가전제품수리점,충청남도,당진시,37,36,33
가전제품수리점,충청남도,금산군,10,10,11
가전제품수리점,충청남도,부여군,9,8,9
가전제품수리점,충청남도,서천군,16,16,17
가전제품수리점,충청남도,청양군,7,7,8
가전제품수리점,충청남도,홍성군,53,53,50
가전제품수리점,충청남도,예산군,24,24,22
가전제품수리점,충청남도,태안군,10,10,9
가전제품수리점,전라남도,목포시,138,130,129
가전제품수리점,전라남도,여수시,104,104,100
가전제품수리점,전라남도,순천시,145,143,134
가전제품수리점,전라남도,나주시,35,35,33
가전제품수리점,전라남도,광양시,43,41,39
가전제품수리점,전라남도,담양군,18,18,17
가전제품수리점,전라남도,곡성군,6,6,6
가전제품수리점,전라남도,구례군,6,6,4
가전제품수리점,전라남도,고흥군,20,20,21
가전제품수리점,전라남도,보성군,12,12,15
가전제품수리점,전라남도,화순군,12,12,11
가전제품수리점,전라남도,장흥군,14,14,14
가전제품수리점,전라남도,강진군,4,4,4
가전제품수리점,전라남도,해남군,18,17,15
가전제품수리점,전라남도,영암군,11,10,10
가전제품수리점,전라남도,무안군,24,25,22
가전제품수리점,전라남도,함평군,6,6,4
가전제품수리점,전라남도,영광군,21,21,20
가전제품수리점,전라남도,장성군,20,20,18
가전제품수리점,전라남도,완도군,15,15,18
가전제품수리점,전라남도,진도군,7,7,6
가전제품수리점,전라남도,신안군,16,16,17
가전제품수리점,경상북도,포항시 남구,80,75,70
가전제품수리점,경상북도,포항시 북구,101,99,93
가전제품수리점,경상북도,경주시,101,100,98
가전제품수리점,경상북도,김천시,32,31,32
가전제품수리점,경상북도,안동시,68,70,64
가전제품수리점,경상북도,구미시,144,141,138
가전제품수리점,경상북도,영주시,25,24,23
가전제품수리점,경상북도,영천시,25,26,23
가전제품수리점,경상북도,상주시,28,28,27
가전제품수리점,경상북도,문경시,13,13,13
가전제품수리점,경상북도,경산시,102,101,102
가전제품수리점,경상북도,의성군,16,17,18
가전제품수리점,경상북도,청송군,5,5,4
가전제품수리점,경상북도,영양군,3,0,3
가전제품수리점,경상북도,영덕군,15,15,15
가전제품수리점,경상북도,청도군,11,11,12
가전제품수리점,경상북도,고령군,9,9,8
가전제품수리점,경상북도,성주군,14,14,14
가전제품수리점,경상북도,칠곡군,33,31,30
가전제품수리점,경상북도,예천군,15,15,14
가전제품수리점,경상북도,봉화군,7,7,7
가전제품수리점,경상북도,울진군,11,11,11
가전제품수리점,경상북도,울릉군,7,6,6
가전제품수리점,경상남도,창원시 의창구,136,136,122
가전제품수리점,경상남도,창원시 성산구,86,86,83
가전제품수리점,경상남도,창원시 마산합포구,67,68,58
가전제품수리점,경상남도,창원시 마산회원구,89,88,87
가전제품수리점,경상남도,창원시 진해구,76,76,75
가전제품수리점,경상남도,진주시,173,168,150
가전제품수리점,경상남도,통영시,82,81,75
가전제품수리점,경상남도,사천시,30,29,29
가전제품수리점,경상남도,김해시,234,228,210
가전제품수리점,경상남도,밀양시,24,24,27
가전제품수리점,경상남도,거제시,78,74,72
가전제품수리점,경상남도,양산시,228,224,198
가전제품수리점,경상남도,의령군,4,4,3
가전제품수리점,경상남도,함안군,26,25,21
가전제품수리점,경상남도,창녕군,11,12,12
가전제품수리점,경상남도,고성군,19,18,18
가전제품수리점,경상남도,남해군,9,9,7
가전제품수리점,경상남도,하동군,11,12,11
가전제품수리점,경상남도,산청군,0,0,0
가전제품수리점,경상남도,함양군,7,7,6
가전제품수리점,경상남도,거창군,12,12,12
가전제품수리점,경상남도,합천군,6,6,5
가전제품수리점,제주특별자치도,제주시,249,242,231
가전제품수리점,제주특별자치도,서귀포시,76,73,62
가전제품수리점,강원특별자치도,춘천시,157,152,133
가전제품수리점,강원특별자치도,원주시,270,263,234
가전제품수리점,강원특별자치도,강릉시,158,149,140
가전제품수리점,강원특별자치도,동해시,51,50,42
가전제품수리점,강원특별자치도,태백시,5,5,6
가전제품수리점,강원특별자치도,속초시,52,53,42
가전제품수리점,강원특별자치도,삼척시,24,25,23
가전제품수리점,강원특별자치도,홍천군,22,21,20
가전제품수리점,강원특별자치도,횡성군,13,13,12
가전제품수리점,강원특별자치도,영월군,16,17,15
가전제품수리점,강원특별자치도,평창군,16,15,14
가전제품수리점,강원특별자치도,정선군,12,12,15
가전제품수리점,강원특별자치도,철원군,8,8,9
가전제품수리점,강원특별자치도,화천군,11,11,10
가전제품수리점,강원특별자치도,양구군,15,16,14
가전제품수리점,강원특별자치도,인제군,0,0,0
가전제품수리점,강원특별자치도,고성군,11,11,11
가전제품수리점,강원특별자치도,양양군,11,11,10
가전제품수리점,전북특별자치도,전주시 완산구,169,169,152
가전제품수리점,전북특별자치도,전주시 덕진구,151,147,133
가전제품수리점,전북특별자치도,군산시,91,90,85
가전제품수리점,전북특별자치도,익산시,113,112,106
가전제품수리점,전북특별자치도,정읍시,43,41,37
가전제품수리점,전북특별자치도,남원시,32,32,34
가전제품수리점,전북특별자치도,김제시,40,38,31
가전제품수리점,전북특별자치도,완주군,35,34,32
가전제품수리점,전북특별자치도,진안군,6,6,6
가전제품수리점,전북특별자치도,무주군,4,4,3
가전제품수리점,전북특별자치도,임실군,12,12,14
가전제품수리점,전북특별자치도,순창군,9,9,9
가전제품수리점,전북특별자치도,고창군,15,15,13
가전제품수리점,전북특별자치도,부안군,12,12,10
결혼상담소,서울특별시,종로구,23,23,23
결혼상담소,서울특별시,중구,21,21,21
결혼상담소,서울특별시,용산구,6,6,10
결혼상담소,서울특별시,성동구,13,14,13
결혼상담소,서울특별시,광진구,13,12,14
결혼상담소,서울특별시,동대문구,4,3,3
결혼상담소,서울특별시,중랑구,15,15,11
결혼상담소,서울특별시,성북구,5,5,4
결혼상담소,서울특별시,강북구,9,9,5
결혼상담소,서울특별시,도봉구,4,5,4
결혼상담소,서울특별시,노원구,8,10,9
결혼상담소,서울특별시,은평구,11,10,8
결혼상담소,서울특별시,서대문구,4,4,5
결혼상담소,서울특별시,마포구,24,24,19
결혼상담소,서울특별시,양천구,9,9,9
결혼상담소,서울특별시,강서구,24,23,19
결혼상담소,서울특별시,구로구,23,20,22
결혼상담소,서울특별시,금천구,17,17,12
결혼상담소,서울특별시,영등포구,25,25,25
결혼상담소,서울특별시,동작구,3,3,4
결혼상담소,서울특별시,관악구,13,12,11
결혼상담소,서울특별시,서초구,58,58,58
결혼상담소,서울특별시,강남구,172,172,170
결혼상담소,서울특별시,송파구,30,31,23
결혼상담소,서울특별시,강동구,15,15,15
결혼상담소,부산광역시,중구,0,0,0
결혼상담소,부산광역시,서구,3,0,0
결혼상담소,부산광역시,동구,10,10,8
결혼상담소,부산광역시,부산진구,27,26,26
결혼상담소,부산광역시,동래구,9,10,11
결혼상담소,부산광역시,남구,6,6,8
결혼상담소,부산광역시,북구,0,0,0
결혼상담소,부산광역시,해운대구,24,24,21
결혼상담소,부산광역시,사하구,3,3,3
결혼상담소,부산광역시,금정구,6,6,6
결혼상담소,부산광역시,강서구,0,0,0
결혼상담소,부산광역시,연제구,9,10,7
결혼상담소,부산광역시,수영구,12,12,15
결혼상담소,부산광역시,사상구,5,5,6
결혼상담소,부산광역시,기장군,6,7,6
결혼상담소,대구광역시,중구,59,59,51
결혼상담소,대구광역시,동구,22,23,20
결혼상담소,대구광역시,서구,6,6,6
결혼상담소,대구광역시,남구,19,18,20
결혼상담소,대구광역시,북구,11,11,7
결혼상담소,대구광역시,수성구,25,25,23
결혼상담소,대구광역시,달서구,13,15,11
결혼상담소,대구광역시,달성군,3,3,0
결혼상담소,인천광역시,중구,0,0,0
결혼상담소,인천광역시,미추홀구,12,11,9
결혼상담소,인천광역시,연수구,15,14,14
결혼상담소,인천광역시,남동구,30,29,24
결혼상담소,인천광역시,부평구,15,16,19
결혼상담소,인천광역시,계양구,5,5,5
결혼상담소,인천광역시,서구,17,17,12
결혼상담소,인천광역시,강화군,0,0,0
결혼상담소,광주광역시,동구,44,44,41
결혼상담소,광주광역시,서구,32,33,31
결혼상담소,광주광역시,남구,19,19,20
결혼상담소,광주광역시,북구,15,16,15
결혼상담소,광주광역시,광산구,12,11,10
결혼상담소,대전광역시,동구,10,10,13
결혼상담소,대전광역시,중구,22,21,18
결혼상담소,대전광역시,서구,39,38,40
결혼상담소,대전광역시,유성구,14,14,13
결혼상담소,대전광역시,대덕구,8,8,8
결혼상담소,울산광역시,중구,3,3,0
결혼상담소,울산광역시,남구,17,17,19
결혼상담소,울산광역시,동구,0,0,0
결혼상담소,울산광역시,북구,0,0,0
결혼상담소,울산광역시,울주군,4,4,5
결혼상담소,세종특별자치시,0,14,14,13
결혼상담소,경기도,수원시 장안구,7,7,7
결혼상담소,경기도,수원시 권선구,6,6,0
결혼상담소,경기도,수원시 팔달구,26,26,25
결혼상담소,경기도,수원시 영통구,10,10,7
결혼상담소,경기도,성남시 수정구,8,9,7
결혼상담소,경기도,성남시 중원구,5,5,6
결혼상담소,경기도,성남시 분당구,18,18,15
결혼상담소,경기도,의정부시,13,14,13
결혼상담소,경기도,안양시 만안구,3,3,4
결혼상담소,경기도,안양시 동안구,4,4,0
결혼상담소,경기도,부천시 원미구,23,22,21
결혼상담소,경기도,부천시 소사구,0,0,0
결혼상담소,경기도,광명시,11,10,11
결혼상담소,경기도,평택시,24,24,20
결혼상담소,경기도,동두천시,0,0,0
결혼상담소,경기도,안산시 상록구,6,6,6
결혼상담소,경기도,안산시 단원구,12,12,12
결혼상담소,경기도,고양시 덕양구,17,17,12
결혼상담소,경기도,고양시 일산동구,10,11,10
결혼상담소,경기도,고양시 일산서구,5,5,3
결혼상담소,경기도,과천시,0,0,0
결혼상담소,경기도,구리시,4,4,3
결혼상담소,경기도,남양주시,15,15,16
결혼상담소,경기도,오산시,6,6,6
결혼상담소,경기도,시흥시,12,10,9
결혼상담소,경기도,군포시,10,10,12
결혼상담소,경기도,의왕시,4,4,3
결혼상담소,경기도,하남시,16,16,10
결혼상담소,경기도,용인시 처인구,4,4,3
결혼상담소,경기도,용인시 기흥구,18,15,14
결혼상담소,경기도,용인시 수지구,5,4,5
결혼상담소,경기도,파주시,9,9,6
결혼상담소,경기도,이천시,6,6,6
결혼상담소,경기도,안성시,7,7,5
결혼상담소,경기도,김포시,13,13,10
결혼상담소,경기도,화성시 만세구,4,4,4
결혼상담소,경기도,화성시 효행구,0,0,0
결혼상담소,경기도,화성시 병점구,3,0,0
결혼상담소,경기도,화성시 동탄구,7,7,5
결혼상담소,경기도,광주시,10,10,9
결혼상담소,경기도,양주시,8,8,7
결혼상담소,경기도,포천시,3,3,4
결혼상담소,경기도,여주시,3,3,4
결혼상담소,경기도,연천군,3,3,0
결혼상담소,경기도,가평군,0,0,0
결혼상담소,경기도,양평군,3,3,0
결혼상담소,충청북도,청주시 상당구,13,14,14
결혼상담소,충청북도,청주시 서원구,18,18,16
결혼상담소,충청북도,청주시 흥덕구,11,10,8
결혼상담소,충청북도,청주시 청원구,4,4,0
결혼상담소,충청북도,충주시,6,5,5
결혼상담소,충청북도,제천시,4,4,4
결혼상담소,충청북도,옥천군,0,0,0
결혼상담소,충청북도,영동군,0,0,0
결혼상담소,충청북도,증평군,0,0,0
결혼상담소,충청북도,진천군,0,0,0
결혼상담소,충청북도,괴산군,0,0,0
결혼상담소,충청북도,음성군,3,3,0
결혼상담소,충청남도,천안시 동남구,20,20,19
결혼상담소,충청남도,천안시 서북구,29,28,22
결혼상담소,충청남도,공주시,4,4,3
결혼상담소,충청남도,보령시,4,4,3
결혼상담소,충청남도,아산시,8,8,9
결혼상담소,충청남도,서산시,7,7,6
결혼상담소,충청남도,논산시,10,10,6
결혼상담소,충청남도,계룡시,0,0,0
결혼상담소,충청남도,당진시,9,8,7
결혼상담소,충청남도,금산군,0,0,0
결혼상담소,충청남도,부여군,0,0,0
결혼상담소,충청남도,서천군,3,3,4
결혼상담소,충청남도,청양군,0,0,0
결혼상담소,충청남도,홍성군,3,3,4
결혼상담소,충청남도,태안군,0,0,0
결혼상담소,전라남도,목포시,6,6,9
결혼상담소,전라남도,여수시,10,10,9
결혼상담소,전라남도,순천시,12,12,12
결혼상담소,전라남도,나주시,6,7,6
결혼상담소,전라남도,광양시,4,4,5
결혼상담소,전라남도,화순군,0,0,0
결혼상담소,전라남도,장흥군,0,0,0
결혼상담소,전라남도,해남군,0,0,0
결혼상담소,전라남도,영암군,0,0,0
결혼상담소,전라남도,무안군,0,0,0
결혼상담소,전라남도,함평군,0,0,0
결혼상담소,전라남도,영광군,0,0,0
결혼상담소,전라남도,장성군,0,0,0
결혼상담소,전라남도,완도군,0,0,0
결혼상담소,전라남도,진도군,0,0,0
결혼상담소,경상북도,포항시 남구,5,7,4
결혼상담소,경상북도,포항시 북구,12,12,12
결혼상담소,경상북도,경주시,10,9,8
결혼상담소,경상북도,김천시,0,0,0
결혼상담소,경상북도,안동시,3,3,6
결혼상담소,경상북도,구미시,7,7,8
결혼상담소,경상북도,영주시,6,6,7
결혼상담소,경상북도,영천시,0,0,0
결혼상담소,경상북도,상주시,4,4,4
결혼상담소,경상북도,문경시,0,0,0
결혼상담소,경상북도,경산시,6,5,3
결혼상담소,경상북도,의성군,0,0,0
결혼상담소,경상북도,영양군,0,0,0
결혼상담소,경상북도,청도군,0,0,0
결혼상담소,경상북도,성주군,0,0,0
결혼상담소,경상북도,칠곡군,0,0,0
결혼상담소,경상북도,예천군,3,3,3
결혼상담소,경상북도,봉화군,0,0,0
결혼상담소,경상북도,울진군,0,0,0
결혼상담소,경상남도,창원시 의창구,10,10,11
결혼상담소,경상남도,창원시 성산구,23,23,18
결혼상담소,경상남도,창원시 마산합포구,6,6,5
결혼상담소,경상남도,창원시 마산회원구,5,5,8
결혼상담소,경상남도,창원시 진해구,3,3,0
결혼상담소,경상남도,진주시,15,15,12
결혼상담소,경상남도,통영시,4,4,5
결혼상담소,경상남도,사천시,4,4,3
결혼상담소,경상남도,김해시,19,19,18
결혼상담소,경상남도,거제시,5,4,5
결혼상담소,경상남도,양산시,7,7,8
결혼상담소,경상남도,창녕군,3,3,3
결혼상담소,경상남도,고성군,0,0,0
결혼상담소,경상남도,남해군,0,0,0
결혼상담소,경상남도,하동군,0,0,0
결혼상담소,경상남도,함양군,0,0,0
결혼상담소,경상남도,거창군,0,0,0
결혼상담소,제주특별자치도,제주시,26,26,23
결혼상담소,제주특별자치도,서귀포시,8,8,6
결혼상담소,강원특별자치도,춘천시,8,8,8
결혼상담소,강원특별자치도,원주시,12,11,7
결혼상담소,강원특별자치도,강릉시,6,6,7
결혼상담소,강원특별자치도,동해시,0,0,0
결혼상담소,강원특별자치도,속초시,0,0,0
결혼상담소,강원특별자치도,삼척시,0,0,0
결혼상담소,강원특별자치도,홍천군,0,0,0
결혼상담소,강원특별자치도,평창군,0,0,0
결혼상담소,강원특별자치도,철원군,0,0,0
결혼상담소,강원특별자치도,양구군,0,0,0
결혼상담소,전북특별자치도,전주시 완산구,34,33,32
결혼상담소,전북특별자치도,전주시 덕진구,18,17,15
결혼상담소,전북특별자치도,군산시,11,11,14
결혼상담소,전북특별자치도,익산시,13,13,12
결혼상담소,전북특별자치도,정읍시,5,4,4
결혼상담소,전북특별자치도,남원시,4,4,4
결혼상담소,전북특별자치도,김제시,5,4,3
결혼상담소,전북특별자치도,완주군,0,0,0
결혼상담소,전북특별자치도,진안군,3,3,3
결혼상담소,전북특별자치도,임실군,0,0,0
결혼상담소,전북특별자치도,순창군,0,0,0
결혼상담소,전북특별자치도,고창군,0,0,0
결혼상담소,전북특별자치도,부안군,0,0,0
노래방,서울특별시,종로구,63,61,61
노래방,서울특별시,중구,58,58,61
노래방,서울특별시,용산구,59,60,66
노래방,서울특별시,성동구,118,118,124
노래방,서울특별시,광진구,281,284,291
노래방,서울특별시,동대문구,154,155,163
노래방,서울특별시,중랑구,308,311,311
노래방,서울특별시,성북구,119,120,127
노래방,서울특별시,강북구,246,245,250
노래방,서울특별시,도봉구,150,150,157
노래방,서울특별시,노원구,217,217,228
노래방,서울특별시,은평구,159,160,169
노래방,서울특별시,서대문구,86,86,92
노래방,서울특별시,마포구,175,173,181
노래방,서울특별시,양천구,187,187,194
노래방,서울특별시,강서구,276,276,281
노래방,서울특별시,구로구,243,243,256
노래방,서울특별시,금천구,157,159,161
노래방,서울특별시,영등포구,271,272,280
노래방,서울특별시,동작구,122,122,132
노래방,서울특별시,관악구,230,232,245
노래방,서울특별시,서초구,163,163,173
노래방,서울특별시,강남구,184,184,191
노래방,서울특별시,송파구,367,370,385
노래방,서울특별시,강동구,208,208,216
노래방,부산광역시,중구,18,17,19
노래방,부산광역시,서구,16,16,15
노래방,부산광역시,동구,12,12,14
노래방,부산광역시,영도구,21,20,22
노래방,부산광역시,부산진구,113,114,118
노래방,부산광역시,동래구,121,123,134
노래방,부산광역시,남구,64,64,67
노래방,부산광역시,북구,136,136,147
노래방,부산광역시,해운대구,116,117,127
노래방,부산광역시,사하구,99,101,108
노래방,부산광역시,금정구,104,106,110
노래방,부산광역시,강서구,33,33,35
노래방,부산광역시,연제구,77,78,79
노래방,부산광역시,수영구,70,71,76
노래방,부산광역시,사상구,110,111,119
노래방,부산광역시,기장군,56,57,57
노래방,대구광역시,중구,52,53,53
노래방,대구광역시,동구,132,132,141
노래방,대구광역시,서구,107,108,114
노래방,대구광역시,남구,83,83,92
노래방,대구광역시,북구,199,201,218
노래방,대구광역시,수성구,171,172,177
노래방,대구광역시,달서구,371,374,392
노래방,대구광역시,달성군,92,91,98
노래방,대구광역시,군위군,7,7,9
노래방,인천광역시,중구,56,57,58
노래방,인천광역시,동구,30,30,30
노래방,인천광역시,미추홀구,286,286,286
노래방,인천광역시,연수구,230,232,245
노래방,인천광역시,남동구,422,423,431
노래방,인천광역시,부평구,323,323,336
노래방,인천광역시,계양구,223,223,230
노래방,인천광역시,서구,389,390,397
노래방,인천광역시,강화군,22,22,24
노래방,인천광역시,옹진군,14,14,17
노래방,광주광역시,동구,56,55,58
노래방,광주광역시,서구,193,195,196
노래방,광주광역시,남구,73,73,75
노래방,광주광역시,북구,261,263,268
노래방,광주광역시,광산구,231,231,236
노래방,대전광역시,동구,137,137,148
노래방,대전광역시,중구,188,189,190
노래방,대전광역시,서구,372,372,395
노래방,대전광역시,유성구,177,180,187
노래방,대전광역시,대덕구,169,170,175
노래방,울산광역시,중구,98,99,113
노래방,울산광역시,남구,182,183,198
노래방,울산광역시,동구,66,67,68
노래방,울산광역시,북구,89,89,94
노래방,울산광역시,울주군,90,91,92
노래방,세종특별자치시,0,140,140,145
노래방,경기도,수원시 장안구,138,140,139
노래방,경기도,수원시 권선구,228,230,233
노래방,경기도,수원시 팔달구,127,127,138
노래방,경기도,수원시 영통구,133,134,140
노래방,경기도,성남시 수정구,108,109,115
노래방,경기도,성남시 중원구,184,183,191
노래방,경기도,성남시 분당구,152,153,157
노래방,경기도,의정부시,223,223,231
노래방,경기도,안양시 만안구,138,137,143
노래방,경기도,안양시 동안구,131,132,137
노래방,경기도,부천시 원미구,268,271,285
노래방,경기도,부천시 소사구,78,79,81
노래방,경기도,부천시 오정구,134,134,138
노래방,경기도,광명시,85,85,94
노래방,경기도,평택시,270,272,276
노래방,경기도,동두천시,19,19,20
노래방,경기도,안산시 상록구,254,256,263
노래방,경기도,안산시 단원구,297,298,303
노래방,경기도,고양시 덕양구,197,197,204
노래방,경기도,고양시 일산동구,195,198,209
노래방,경기도,고양시 일산서구,111,112,113
노래방,경기도,과천시,6,6,6
노래방,경기도,구리시,78,78,78
노래방,경기도,남양주시,178,179,184
노래방,경기도,오산시,137,137,137
노래방,경기도,시흥시,346,348,349
노래방,경기도,군포시,102,102,104
노래방,경기도,의왕시,36,36,37
노래방,경기도,하남시,69,70,72
노래방,경기도,용인시 처인구,147,146,150
노래방,경기도,용인시 기흥구,108,110,113
노래방,경기도,용인시 수지구,55,57,56
노래방,경기도,파주시,215,215,219
노래방,경기도,이천시,109,109,113
노래방,경기도,안성시,105,105,105
노래방,경기도,김포시,175,173,185
노래방,경기도,화성시,0,0,0
노래방,경기도,화성시 만세구,135,136,145
노래방,경기도,화성시 효행구,62,63,64
노래방,경기도,화성시 병점구,81,81,85
노래방,경기도,화성시 동탄구,79,79,75
노래방,경기도,광주시,202,201,202
노래방,경기도,양주시,66,67,72
노래방,경기도,포천시,74,76,80
노래방,경기도,여주시,74,74,77
노래방,경기도,연천군,8,8,10
노래방,경기도,가평군,16,16,19
노래방,경기도,양평군,31,32,31
노래방,충청북도,청주시 상당구,114,114,114
노래방,충청북도,청주시 서원구,123,121,128
노래방,충청북도,청주시 흥덕구,216,216,223
노래방,충청북도,청주시 청원구,124,124,130
노래방,충청북도,충주시,116,115,121
노래방,충청북도,제천시,81,81,85
노래방,충청북도,보은군,10,10,9
노래방,충청북도,옥천군,11,11,11
노래방,충청북도,영동군,20,21,23
노래방,충청북도,증평군,19,18,20
노래방,충청북도,진천군,32,32,33
노래방,충청북도,괴산군,12,12,13
노래방,충청북도,음성군,69,70,70
노래방,충청북도,단양군,15,16,15
노래방,충청남도,천안시 동남구,130,130,136
노래방,충청남도,천안시 서북구,234,236,241
노래방,충청남도,공주시,38,37,41
노래방,충청남도,보령시,76,76,80
노래방,충청남도,아산시,117,117,123
노래방,충청남도,서산시,81,81,78
노래방,충청남도,논산시,70,70,75
노래방,충청남도,계룡시,11,11,11
노래방,충청남도,당진시,122,122,123
노래방,충청남도,금산군,15,15,16
노래방,충청남도,부여군,10,10,12
노래방,충청남도,서천군,14,14,14
노래방,충청남도,청양군,13,12,12
노래방,충청남도,홍성군,38,39,41
노래방,충청남도,예산군,42,42,41
노래방,충청남도,태안군,30,32,36
노래방,전라남도,목포시,133,133,141
노래방,전라남도,여수시,97,97,103
노래방,전라남도,순천시,122,123,130
노래방,전라남도,나주시,31,31,30
노래방,전라남도,광양시,69,69,67
노래방,전라남도,담양군,9,9,9
노래방,전라남도,곡성군,6,6,6
노래방,전라남도,구례군,6,6,5
노래방,전라남도,고흥군,10,10,11
노래방,전라남도,보성군,10,10,11
노래방,전라남도,화순군,14,14,14
노래방,전라남도,장흥군,8,8,9
노래방,전라남도,강진군,8,8,8
노래방,전라남도,해남군,5,5,5
노래방,전라남도,영암군,7,7,7
노래방,전라남도,무안군,23,23,24
노래방,전라남도,함평군,4,4,4
노래방,전라남도,영광군,6,6,6
노래방,전라남도,장성군,7,7,6
노래방,전라남도,완도군,6,6,8
노래방,전라남도,진도군,7,7,6
노래방,전라남도,신안군,12,12,14
노래방,경상북도,포항시 남구,177,180,187
노래방,경상북도,포항시 북구,121,121,129
노래방,경상북도,경주시,136,138,149
노래방,경상북도,김천시,56,58,63
노래방,경상북도,안동시,67,68,69
노래방,경상북도,구미시,258,258,264
노래방,경상북도,영주시,29,29,30
노래방,경상북도,영천시,41,41,43
노래방,경상북도,상주시,18,20,20
노래방,경상북도,문경시,21,21,20
노래방,경상북도,경산시,100,101,105
노래방,경상북도,의성군,10,11,11
노래방,경상북도,청송군,10,10,10
노래방,경상북도,영양군,0,0,0
노래방,경상북도,영덕군,16,16,18
노래방,경상북도,청도군,9,9,9
노래방,경상북도,고령군,12,12,13
노래방,경상북도,성주군,16,17,19
노래방,경상북도,칠곡군,53,53,55
노래방,경상북도,예천군,15,15,15
노래방,경상북도,봉화군,7,7,7
노래방,경상북도,울진군,24,24,24
노래방,경상남도,창원시 의창구,124,124,135
노래방,경상남도,창원시 성산구,73,75,81
노래방,경상남도,창원시 마산합포구,41,40,44
노래방,경상남도,창원시 마산회원구,59,61,58
노래방,경상남도,창원시 진해구,62,62,66
노래방,경상남도,진주시,198,199,209
노래방,경상남도,통영시,38,38,40
노래방,경상남도,사천시,37,37,38
노래방,경상남도,김해시,168,171,185
노래방,경상남도,밀양시,31,31,32
노래방,경상남도,거제시,116,116,119
노래방,경상남도,양산시,111,112,116
노래방,경상남도,의령군,3,3,3
노래방,경상남도,함안군,17,17,18
노래방,경상남도,창녕군,15,15,16
노래방,경상남도,고성군,12,12,13
노래방,경상남도,남해군,15,15,14
노래방,경상남도,하동군,9,9,9
노래방,경상남도,산청군,6,6,7
노래방,경상남도,함양군,6,6,7
노래방,경상남도,거창군,15,15,14
노래방,경상남도,합천군,4,3,3
노래방,제주특별자치도,제주시,196,197,206
노래방,제주특별자치도,서귀포시,68,68,73
노래방,강원특별자치도,춘천시,157,155,161
노래방,강원특별자치도,원주시,181,180,186
노래방,강원특별자치도,강릉시,96,100,107
노래방,강원특별자치도,동해시,30,31,33
노래방,강원특별자치도,태백시,13,13,14
노래방,강원특별자치도,속초시,58,62,62
노래방,강원특별자치도,삼척시,25,25,24
노래방,강원특별자치도,홍천군,24,24,23
노래방,강원특별자치도,횡성군,22,22,25
노래방,강원특별자치도,영월군,10,10,10
노래방,강원특별자치도,평창군,17,16,18
노래방,강원특별자치도,정선군,9,9,10
노래방,강원특별자치도,철원군,13,13,14
노래방,강원특별자치도,화천군,6,5,5
노래방,강원특별자치도,양구군,7,7,6
노래방,강원특별자치도,인제군,10,10,9
노래방,강원특별자치도,고성군,6,6,6
노래방,강원특별자치도,양양군,12,12,13
노래방,전북특별자치도,전주시 완산구,217,217,226
노래방,전북특별자치도,전주시 덕진구,125,126,132
노래방,전북특별자치도,군산시,93,93,96
노래방,전북특별자치도,익산시,152,152,155
노래방,전북특별자치도,정읍시,13,13,13
노래방,전북특별자치도,남원시,22,22,22
노래방,전북특별자치도,김제시,14,14,14
노래방,전북특별자치도,완주군,19,19,20
노래방,전북특별자치도,진안군,0,0,0
노래방,전북특별자치도,무주군,9,9,10
노래방,전북특별자치도,장수군,0,0,0
노래방,전북특별자치도,임실군,5,5,5
노래방,전북특별자치도,순창군,3,3,3
노래방,전북특별자치도,고창군,7,7,7
노래방,전북특별자치도,부안군,9,9,10
당구장,서울특별시,종로구,79,79,88
당구장,서울특별시,중구,76,77,85
당구장,서울특별시,용산구,43,44,45
당구장,서울특별시,성동구,72,72,75
당구장,서울특별시,광진구,137,138,139
당구장,서울특별시,동대문구,109,110,112
당구장,서울특별시,중랑구,116,118,121
당구장,서울특별시,성북구,92,93,93
당구장,서울특별시,강북구,100,100,103
당구장,서울특별시,도봉구,101,100,101
당구장,서울특별시,노원구,121,122,121
당구장,서울특별시,은평구,109,110,112
당구장,서울특별시,서대문구,75,74,78
당구장,서울특별시,마포구,116,114,120
당구장,서울특별시,양천구,102,102,104
당구장,서울특별시,강서구,159,162,156
당구장,서울특별시,구로구,98,98,106
당구장,서울특별시,금천구,75,75,75
당구장,서울특별시,영등포구,133,130,130
당구장,서울특별시,동작구,80,80,81
당구장,서울특별시,관악구,105,105,110
당구장,서울특별시,서초구,150,150,155
당구장,서울특별시,강남구,181,181,190
당구장,서울특별시,송파구,195,197,199
당구장,서울특별시,강동구,128,130,133
당구장,부산광역시,중구,25,24,25
당구장,부산광역시,서구,22,23,23
당구장,부산광역시,동구,28,29,31
당구장,부산광역시,영도구,23,25,29
당구장,부산광역시,부산진구,107,106,98
당구장,부산광역시,동래구,69,69,67
당구장,부산광역시,남구,52,52,56
당구장,부산광역시,북구,55,54,54
당구장,부산광역시,해운대구,76,75,75
당구장,부산광역시,사하구,90,90,95
당구장,부산광역시,금정구,66,67,70
당구장,부산광역시,강서구,52,53,51
당구장,부산광역시,연제구,48,47,51
당구장,부산광역시,수영구,37,37,35
당구장,부산광역시,사상구,79,78,80
당구장,부산광역시,기장군,48,49,50
당구장,대구광역시,중구,32,32,33
당구장,대구광역시,동구,82,83,88
당구장,대구광역시,서구,41,40,41
당구장,대구광역시,남구,30,30,30
당구장,대구광역시,북구,105,104,105
당구장,대구광역시,수성구,95,95,92
당구장,대구광역시,달서구,162,163,169
당구장,대구광역시,달성군,67,69,67
당구장,대구광역시,군위군,7,8,6
당구장,인천광역시,중구,67,65,64
당구장,인천광역시,동구,15,16,17
당구장,인천광역시,미추홀구,137,136,143
당구장,인천광역시,연수구,120,120,127
당구장,인천광역시,남동구,176,178,177
당구장,인천광역시,부평구,170,172,171
당구장,인천광역시,계양구,124,124,119
당구장,인천광역시,서구,229,227,219
당구장,인천광역시,강화군,21,22,23
당구장,인천광역시,옹진군,10,10,10
당구장,광주광역시,동구,47,46,45
당구장,광주광역시,서구,116,115,118
당구장,광주광역시,남구,71,71,72
당구장,광주광역시,북구,159,163,160
당구장,광주광역시,광산구,191,190,193
당구장,대전광역시,동구,77,77,75
당구장,대전광역시,중구,69,70,71
당구장,대전광역시,서구,154,153,149
당구장,대전광역시,유성구,104,105,109
당구장,대전광역시,대덕구,70,69,66
당구장,울산광역시,중구,70,70,72
당구장,울산광역시,남구,126,124,125
당구장,울산광역시,동구,71,71,77
당구장,울산광역시,북구,92,91,96
당구장,울산광역시,울주군,81,80,80
당구장,세종특별자치시,0,105,105,106
당구장,경기도,수원시 장안구,85,86,90
당구장,경기도,수원시 권선구,110,108,103
당구장,경기도,수원시 팔달구,74,73,73
당구장,경기도,수원시 영통구,87,90,90
당구장,경기도,성남시 수정구,82,80,85
당구장,경기도,성남시 중원구,75,74,82
당구장,경기도,성남시 분당구,97,98,94
당구장,경기도,의정부시,157,158,164
당구장,경기도,안양시 만안구,90,90,90
당구장,경기도,안양시 동안구,94,92,91
당구장,경기도,부천시 원미구,167,165,166
당구장,경기도,부천시 소사구,66,65,67
당구장,경기도,부천시 오정구,60,61,62
당구장,경기도,광명시,79,78,85
당구장,경기도,평택시,198,198,196
당구장,경기도,동두천시,45,44,47
당구장,경기도,안산시 상록구,143,142,148
당구장,경기도,안산시 단원구,148,148,146
당구장,경기도,고양시 덕양구,170,170,163
당구장,경기도,고양시 일산동구,111,110,108
당구장,경기도,고양시 일산서구,77,79,82
당구장,경기도,과천시,6,6,8
당구장,경기도,구리시,64,64,67
당구장,경기도,남양주시,214,215,222
당구장,경기도,오산시,80,80,84
당구장,경기도,시흥시,233,235,236
당구장,경기도,군포시,72,71,71
당구장,경기도,의왕시,46,46,45
당구장,경기도,하남시,84,86,81
당구장,경기도,용인시 처인구,118,118,123
당구장,경기도,용인시 기흥구,77,77,79
당구장,경기도,용인시 수지구,66,68,67
당구장,경기도,파주시,160,159,150
당구장,경기도,이천시,84,84,80
당구장,경기도,안성시,69,67,73
당구장,경기도,김포시,141,142,136
당구장,경기도,화성시,0,0,0
당구장,경기도,화성시 만세구,124,121,120
당구장,경기도,화성시 효행구,46,46,55
당구장,경기도,화성시 병점구,55,54,61
당구장,경기도,화성시 동탄구,83,82,68
당구장,경기도,광주시,138,136,131
당구장,경기도,양주시,106,106,109
당구장,경기도,포천시,79,77,79
당구장,경기도,여주시,35,35,35
당구장,경기도,연천군,16,16,17
당구장,경기도,가평군,38,39,41
당구장,경기도,양평군,38,37,39
당구장,충청북도,청주시 상당구,65,65,67
당구장,충청북도,청주시 서원구,71,72,73
당구장,충청북도,청주시 흥덕구,123,123,117
당구장,충청북도,청주시 청원구,89,88,90
당구장,충청북도,충주시,105,106,103
당구장,충청북도,제천시,52,53,54
당구장,충청북도,보은군,12,12,12
당구장,충청북도,옥천군,13,13,14
당구장,충청북도,영동군,14,14,15
당구장,충청북도,증평군,16,16,19
당구장,충청북도,진천군,36,36,37
당구장,충청북도,괴산군,8,8,7
당구장,충청북도,음성군,48,47,50
당구장,충청북도,단양군,18,17,15
당구장,충청남도,천안시 동남구,109,108,110
당구장,충청남도,천안시 서북구,158,158,165
당구장,충청남도,공주시,31,31,29
당구장,충청남도,보령시,35,35,33
당구장,충청남도,아산시,118,120,123
당구장,충청남도,서산시,66,66,65
당구장,충청남도,논산시,45,46,38
당구장,충청남도,계룡시,10,9,11
당구장,충청남도,당진시,72,71,68
당구장,충청남도,금산군,13,13,15
당구장,충청남도,부여군,16,16,16
당구장,충청남도,서천군,11,11,13
당구장,충청남도,청양군,6,6,6
당구장,충청남도,홍성군,33,32,33
당구장,충청남도,예산군,36,36,30
당구장,충청남도,태안군,23,22,22
당구장,전라남도,목포시,111,110,113
당구장,전라남도,여수시,117,117,113
당구장,전라남도,순천시,122,121,116
당구장,전라남도,나주시,44,44,48
당구장,전라남도,광양시,77,76,71
당구장,전라남도,담양군,10,10,12
당구장,전라남도,곡성군,10,10,9
당구장,전라남도,구례군,9,9,8
당구장,전라남도,고흥군,26,26,24
당구장,전라남도,보성군,14,14,14
당구장,전라남도,화순군,10,10,10
당구장,전라남도,장흥군,21,22,20
당구장,전라남도,강진군,17,17,17
당구장,전라남도,해남군,18,18,20
당구장,전라남도,영암군,20,19,19
당구장,전라남도,무안군,32,32,33
당구장,전라남도,함평군,6,6,6
당구장,전라남도,영광군,18,19,22
당구장,전라남도,장성군,15,15,13
당구장,전라남도,완도군,26,26,27
당구장,전라남도,진도군,9,9,9
당구장,전라남도,신안군,10,10,11
당구장,경상북도,포항시 남구,101,103,99
당구장,경상북도,포항시 북구,106,105,104
당구장,경상북도,경주시,80,80,74
당구장,경상북도,김천시,48,49,42
당구장,경상북도,안동시,44,45,45
당구장,경상북도,구미시,142,140,147
당구장,경상북도,영주시,40,40,37
당구장,경상북도,영천시,21,19,19
당구장,경상북도,상주시,17,17,18
당구장,경상북도,문경시,28,27,25
당구장,경상북도,경산시,96,95,98
당구장,경상북도,의성군,10,10,10
당구장,경상북도,청송군,5,5,5
당구장,경상북도,영양군,4,4,4
당구장,경상북도,영덕군,9,9,8
당구장,경상북도,청도군,9,9,11
당구장,경상북도,고령군,4,4,4
당구장,경상북도,성주군,6,6,6
당구장,경상북도,칠곡군,50,50,49
당구장,경상북도,예천군,12,13,13
당구장,경상북도,봉화군,13,13,16
당구장,경상북도,울진군,18,17,18
당구장,경상북도,울릉군,5,5,4
당구장,경상남도,창원시 의창구,67,68,69
당구장,경상남도,창원시 성산구,71,71,74
당구장,경상남도,창원시 마산합포구,45,45,42
당구장,경상남도,창원시 마산회원구,42,42,39
당구장,경상남도,창원시 진해구,64,65,65
당구장,경상남도,진주시,101,100,96
당구장,경상남도,통영시,49,47,49
당구장,경상남도,사천시,31,31,30
당구장,경상남도,김해시,151,151,159
당구장,경상남도,밀양시,27,27,27
당구장,경상남도,거제시,101,99,100
당구장,경상남도,양산시,106,105,99
당구장,경상남도,의령군,3,3,4
당구장,경상남도,함안군,9,9,10
당구장,경상남도,창녕군,11,11,10
당구장,경상남도,고성군,12,11,12
당구장,경상남도,남해군,15,15,14
당구장,경상남도,하동군,7,7,9
당구장,경상남도,산청군,14,13,14
당구장,경상남도,함양군,12,12,12
당구장,경상남도,거창군,16,16,17
당구장,경상남도,합천군,9,9,9
당구장,제주특별자치도,제주시,243,247,246
당구장,제주특별자치도,서귀포시,90,91,93
당구장,강원특별자치도,춘천시,122,125,120
당구장,강원특별자치도,원주시,124,123,128
당구장,강원특별자치도,강릉시,81,83,89
당구장,강원특별자치도,동해시,35,36,42
당구장,강원특별자치도,태백시,18,18,21
당구장,강원특별자치도,속초시,44,45,43
당구장,강원특별자치도,삼척시,25,24,27
당구장,강원특별자치도,홍천군,30,30,32
당구장,강원특별자치도,횡성군,23,23,21
당구장,강원특별자치도,영월군,36,36,38
당구장,강원특별자치도,평창군,22,22,21
당구장,강원특별자치도,정선군,18,18,19
당구장,강원특별자치도,철원군,26,26,26
당구장,강원특별자치도,화천군,12,12,12
당구장,강원특별자치도,양구군,8,9,9
당구장,강원특별자치도,인제군,29,29,32
당구장,강원특별자치도,고성군,10,10,10
당구장,강원특별자치도,양양군,20,19,17
당구장,전북특별자치도,전주시 완산구,116,115,119
당구장,전북특별자치도,전주시 덕진구,112,111,113
당구장,전북특별자치도,군산시,91,91,90
당구장,전북특별자치도,익산시,91,91,93
당구장,전북특별자치도,정읍시,31,32,36
당구장,전북특별자치도,남원시,26,27,29
당구장,전북특별자치도,김제시,28,27,29
당구장,전북특별자치도,완주군,25,26,24
당구장,전북특별자치도,진안군,3,3,3
당구장,전북특별자치도,무주군,13,13,12
당구장,전북특별자치도,장수군,7,8,8
당구장,전북특별자치도,임실군,8,8,9
당구장,전북특별자치도,순창군,8,8,7
당구장,전북특별자치도,고창군,20,20,20
당구장,전북특별자치도,부안군,16,16,18
독서실,서울특별시,종로구,29,29,33
독서실,서울특별시,중구,43,42,46
독서실,서울특별시,용산구,20,20,20
독서실,서울특별시,성동구,33,33,36
독서실,서울특별시,광진구,57,58,60
독서실,서울특별시,동대문구,67,67,77
독서실,서울특별시,중랑구,36,34,34
독서실,서울특별시,성북구,78,80,86
독서실,서울특별시,강북구,24,25,28
독서실,서울특별시,도봉구,33,33,33
독서실,서울특별시,노원구,69,68,69
독서실,서울특별시,은평구,49,49,50
독서실,서울특별시,서대문구,61,61,72
독서실,서울특별시,마포구,56,55,58
독서실,서울특별시,양천구,58,58,65
독서실,서울특별시,강서구,45,45,44
독서실,서울특별시,구로구,45,45,48
독서실,서울특별시,금천구,29,28,33
독서실,서울특별시,영등포구,66,66,70
독서실,서울특별시,동작구,124,126,141
독서실,서울특별시,관악구,278,279,292
독서실,서울특별시,서초구,49,49,56
독서실,서울특별시,강남구,130,132,150
독서실,서울특별시,송파구,98,100,112
독서실,서울특별시,강동구,62,63,63
독서실,부산광역시,중구,0,0,0
독서실,부산광역시,서구,10,10,11
독서실,부산광역시,동구,6,7,5
독서실,부산광역시,영도구,10,10,10
독서실,부산광역시,부산진구,21,21,22
독서실,부산광역시,동래구,23,22,25
독서실,부산광역시,남구,17,17,19
독서실,부산광역시,북구,21,21,24
독서실,부산광역시,해운대구,25,26,31
독서실,부산광역시,사하구,35,35,36
독서실,부산광역시,금정구,21,21,25
독서실,부산광역시,강서구,6,6,5
독서실,부산광역시,연제구,15,15,16
독서실,부산광역시,수영구,14,14,14
독서실,부산광역시,사상구,16,16,16
독서실,부산광역시,기장군,9,9,10
독서실,대구광역시,중구,19,19,21
독서실,대구광역시,동구,25,24,28
독서실,대구광역시,서구,6,6,8
독서실,대구광역시,남구,4,5,6
독서실,대구광역시,북구,54,54,56
독서실,대구광역시,수성구,61,61,69
독서실,대구광역시,달서구,54,54,68
독서실,대구광역시,달성군,22,22,25
독서실,대구광역시,군위군,0,0,0
독서실,인천광역시,중구,14,15,15
독서실,인천광역시,동구,4,4,5
독서실,인천광역시,미추홀구,40,41,47
독서실,인천광역시,연수구,48,48,53
독서실,인천광역시,남동구,30,30,32
독서실,인천광역시,부평구,45,47,53
독서실,인천광역시,계양구,34,34,38
독서실,인천광역시,서구,32,32,37
독서실,인천광역시,강화군,0,0,0
독서실,인천광역시,옹진군,0,0,0
독서실,광주광역시,동구,23,23,26
독서실,광주광역시,서구,39,39,42
독서실,광주광역시,남구,32,32,33
독서실,광주광역시,북구,81,81,85
독서실,광주광역시,광산구,36,36,38
독서실,대전광역시,동구,16,16,18
독서실,대전광역시,중구,21,21,26
독서실,대전광역시,서구,64,65,71
독서실,대전광역시,유성구,68,68,76
독서실,대전광역시,대덕구,22,22,22
독서실,울산광역시,중구,17,17,17
독서실,울산광역시,남구,62,62,67
독서실,울산광역시,동구,17,18,21
독서실,울산광역시,북구,20,20,24
독서실,울산광역시,울주군,26,26,26
독서실,세종특별자치시,0,39,39,42
독서실,경기도,수원시 장안구,32,33,34
독서실,경기도,수원시 권선구,20,20,21
독서실,경기도,수원시 팔달구,35,35,37
독서실,경기도,수원시 영통구,60,61,63
독서실,경기도,성남시 수정구,26,26,28
독서실,경기도,성남시 중원구,23,23,28
독서실,경기도,성남시 분당구,70,69,76
독서실,경기도,의정부시,33,34,40
독서실,경기도,안양시 만안구,21,21,21
독서실,경기도,안양시 동안구,34,35,35
독서실,경기도,부천시 원미구,59,58,61
독서실,경기도,부천시 소사구,18,18,18
독서실,경기도,부천시 오정구,3,3,4
독서실,경기도,광명시,26,25,28
독서실,경기도,평택시,33,34,34
독서실,경기도,동두천시,6,6,6
독서실,경기도,안산시 상록구,40,41,42
독서실,경기도,안산시 단원구,54,55,59
독서실,경기도,고양시 덕양구,42,41,43
독서실,경기도,고양시 일산동구,34,34,39
독서실,경기도,고양시 일산서구,37,38,40
독서실,경기도,과천시,3,3,3
독서실,경기도,구리시,20,20,21
독서실,경기도,남양주시,48,47,48
독서실,경기도,오산시,45,45,45
독서실,경기도,시흥시,38,38,42
독서실,경기도,군포시,27,27,31
독서실,경기도,의왕시,7,7,8
독서실,경기도,하남시,18,19,19
독서실,경기도,용인시 처인구,30,29,27
독서실,경기도,용인시 기흥구,54,53,57
독서실,경기도,용인시 수지구,55,55,61
독서실,경기도,파주시,51,50,53
독서실,경기도,이천시,23,23,23
독서실,경기도,안성시,9,9,9
독서실,경기도,김포시,33,34,33
독서실,경기도,화성시 만세구,34,33,35
독서실,경기도,화성시 효행구,7,7,10
독서실,경기도,화성시 병점구,12,12,16
독서실,경기도,화성시 동탄구,19,20,22
독서실,경기도,광주시,22,22,23
독서실,경기도,양주시,17,15,19
독서실,경기도,포천시,10,10,9
독서실,경기도,여주시,9,9,10
독서실,경기도,연천군,0,0,0
독서실,경기도,가평군,0,0,0
독서실,경기도,양평군,3,3,3
독서실,충청북도,청주시 상당구,20,20,21
독서실,충청북도,청주시 서원구,22,23,28
독서실,충청북도,청주시 흥덕구,17,17,19
독서실,충청북도,청주시 청원구,18,18,18
독서실,충청북도,충주시,18,18,18
독서실,충청북도,제천시,5,5,8
독서실,충청북도,보은군,0,0,0
독서실,충청북도,옥천군,0,0,0
독서실,충청북도,영동군,4,4,4
독서실,충청북도,증평군,0,0,0
독서실,충청북도,진천군,4,4,4
독서실,충청북도,괴산군,0,0,0
독서실,충청북도,음성군,9,9,9
독서실,충청남도,천안시 동남구,30,30,32
독서실,충청남도,천안시 서북구,33,32,35
독서실,충청남도,공주시,9,9,9
독서실,충청남도,보령시,10,10,10
독서실,충청남도,아산시,19,20,22
독서실,충청남도,서산시,24,24,29
독서실,충청남도,논산시,5,5,4
독서실,충청남도,계룡시,5,5,5
독서실,충청남도,당진시,6,6,7
독서실,충청남도,금산군,0,0,0
독서실,충청남도,부여군,4,4,4
독서실,충청남도,서천군,6,6,5
독서실,충청남도,청양군,0,0,0
독서실,충청남도,홍성군,6,7,6
독서실,충청남도,예산군,0,0,0
독서실,충청남도,태안군,0,0,0
독서실,전라남도,목포시,14,14,18
독서실,전라남도,여수시,23,23,23
독서실,전라남도,순천시,23,23,27
독서실,전라남도,나주시,8,8,8
독서실,전라남도,광양시,15,15,16
독서실,전라남도,담양군,0,0,0
독서실,전라남도,고흥군,0,0,0
독서실,전라남도,화순군,0,0,0
독서실,전라남도,해남군,0,0,0
독서실,전라남도,영암군,0,0,0
독서실,전라남도,무안군,9,9,9
독서실,전라남도,영광군,4,4,4
독서실,전라남도,진도군,0,0,0
독서실,경상북도,포항시 남구,13,13,14
독서실,경상북도,포항시 북구,22,22,25
독서실,경상북도,경주시,16,16,15
독서실,경상북도,김천시,6,6,7
독서실,경상북도,안동시,18,18,22
독서실,경상북도,구미시,29,29,31
독서실,경상북도,영주시,10,10,10
독서실,경상북도,영천시,3,3,3
독서실,경상북도,상주시,7,7,7
독서실,경상북도,문경시,0,0,0
독서실,경상북도,경산시,31,32,35
독서실,경상북도,영덕군,0,0,0
독서실,경상북도,청도군,0,0,0
독서실,경상북도,칠곡군,0,0,0
독서실,경상북도,예천군,0,0,0
독서실,경상북도,울진군,3,3,3
독서실,경상남도,창원시 의창구,13,13,14
독서실,경상남도,창원시 성산구,23,23,24
독서실,경상남도,창원시 마산합포구,11,11,12
독서실,경상남도,창원시 마산회원구,12,12,13
독서실,경상남도,창원시 진해구,6,6,7
독서실,경상남도,진주시,42,43,47
독서실,경상남도,통영시,5,5,5
독서실,경상남도,사천시,9,9,10
독서실,경상남도,김해시,28,28,30
독서실,경상남도,밀양시,6,6,6
독서실,경상남도,거제시,15,15,18
독서실,경상남도,양산시,22,23,25
독서실,경상남도,의령군,0,0,0
독서실,경상남도,함안군,4,5,5
독서실,경상남도,창녕군,0,0,0
독서실,경상남도,고성군,0,0,0
독서실,경상남도,남해군,0,0,0
독서실,경상남도,함양군,0,0,0
독서실,경상남도,거창군,7,7,8
독서실,제주특별자치도,제주시,56,57,61
독서실,제주특별자치도,서귀포시,8,8,10
독서실,강원특별자치도,춘천시,25,25,26
독서실,강원특별자치도,원주시,23,23,31
독서실,강원특별자치도,강릉시,17,17,21
독서실,강원특별자치도,동해시,7,7,8
독서실,강원특별자치도,태백시,0,0,0
독서실,강원특별자치도,속초시,9,9,10
독서실,강원특별자치도,삼척시,7,7,7
독서실,강원특별자치도,홍천군,3,3,3
독서실,강원특별자치도,횡성군,0,0,0
독서실,강원특별자치도,영월군,0,0,0
독서실,강원특별자치도,평창군,0,0,0
독서실,강원특별자치도,정선군,0,0,0
독서실,강원특별자치도,철원군,3,3,4
독서실,강원특별자치도,인제군,0,0,0
독서실,강원특별자치도,고성군,0,0,0
독서실,강원특별자치도,양양군,3,3,3
독서실,전북특별자치도,전주시 완산구,45,45,47
독서실,전북특별자치도,전주시 덕진구,70,70,73
독서실,전북특별자치도,군산시,22,22,25
독서실,전북특별자치도,익산시,22,22,24
독서실,전북특별자치도,정읍시,5,5,7
독서실,전북특별자치도,남원시,8,8,9
독서실,전북특별자치도,김제시,3,3,3
독서실,전북특별자치도,완주군,6,6,6
독서실,전북특별자치도,무주군,0,0,0
독서실,전북특별자치도,순창군,0,0,0
독서실,전북특별자치도,고창군,0,0,0
독서실,전북특별자치도,부안군,4,4,4
목욕탕,서울특별시,종로구,16,16,19
목욕탕,서울특별시,중구,21,20,18
목욕탕,서울특별시,용산구,17,17,18
목욕탕,서울특별시,성동구,10,10,10
목욕탕,서울특별시,광진구,20,20,19
목욕탕,서울특별시,동대문구,18,18,20
목욕탕,서울특별시,중랑구,21,22,23
목욕탕,서울특별시,성북구,21,21,20
목욕탕,서울특별시,강북구,24,24,23
목욕탕,서울특별시,도봉구,18,18,18
목욕탕,서울특별시,노원구,15,15,16
목욕탕,서울특별시,은평구,21,22,24
목욕탕,서울특별시,서대문구,16,16,17
목욕탕,서울특별시,마포구,17,17,18
목욕탕,서울특별시,양천구,22,22,23
목욕탕,서울특별시,강서구,36,36,35
목욕탕,서울특별시,구로구,18,18,20
목욕탕,서울특별시,금천구,15,15,15
목욕탕,서울특별시,영등포구,25,25,27
목욕탕,서울특별시,동작구,13,13,16
목욕탕,서울특별시,관악구,18,17,18
목욕탕,서울특별시,서초구,22,22,23
목욕탕,서울특별시,강남구,36,36,36
목욕탕,서울특별시,송파구,24,25,25
목욕탕,서울특별시,강동구,20,20,20
목욕탕,부산광역시,중구,20,20,20
목욕탕,부산광역시,서구,31,31,33
목욕탕,부산광역시,동구,32,31,32
목욕탕,부산광역시,영도구,27,27,28
목욕탕,부산광역시,부산진구,56,56,60
목욕탕,부산광역시,동래구,48,48,50
목욕탕,부산광역시,남구,38,38,39
목욕탕,부산광역시,북구,35,35,37
목욕탕,부산광역시,해운대구,53,52,52
목욕탕,부산광역시,사하구,69,69,71
목욕탕,부산광역시,금정구,39,39,41
목욕탕,부산광역시,강서구,11,11,10
목욕탕,부산광역시,연제구,35,35,37
목욕탕,부산광역시,수영구,33,33,36
목욕탕,부산광역시,사상구,32,32,36
목욕탕,부산광역시,기장군,22,22,20
목욕탕,대구광역시,중구,11,11,11
목욕탕,대구광역시,동구,31,31,31
목욕탕,대구광역시,서구,23,23,22
목욕탕,대구광역시,남구,16,16,16
목욕탕,대구광역시,북구,25,25,26
목욕탕,대구광역시,수성구,27,28,28
목욕탕,대구광역시,달서구,35,35,35
목욕탕,대구광역시,달성군,13,13,14
목욕탕,대구광역시,군위군,0,0,0
목욕탕,인천광역시,중구,11,12,12
목욕탕,인천광역시,동구,4,4,4
목욕탕,인천광역시,미추홀구,28,29,29
목욕탕,인천광역시,연수구,18,17,19
목욕탕,인천광역시,남동구,35,36,35
목욕탕,인천광역시,부평구,24,24,22
목욕탕,인천광역시,계양구,18,18,19
목욕탕,인천광역시,서구,24,24,25
목욕탕,인천광역시,강화군,14,14,13
목욕탕,인천광역시,옹진군,0,0,0
목욕탕,광주광역시,동구,15,14,14
목욕탕,광주광역시,서구,31,31,32
목욕탕,광주광역시,남구,31,31,31
목욕탕,광주광역시,북구,45,46,48
목욕탕,광주광역시,광산구,19,20,21
목욕탕,대전광역시,동구,24,24,23
목욕탕,대전광역시,중구,16,16,17
목욕탕,대전광역시,서구,18,17,15
목욕탕,대전광역시,유성구,7,7,9
목욕탕,대전광역시,대덕구,9,10,12
목욕탕,울산광역시,중구,36,37,37
목욕탕,울산광역시,남구,44,44,47
목욕탕,울산광역시,동구,18,18,18
목욕탕,울산광역시,북구,17,17,17
목욕탕,울산광역시,울주군,40,39,40
목욕탕,세종특별자치시,0,12,12,15
목욕탕,경기도,수원시 장안구,12,12,13
목욕탕,경기도,수원시 권선구,16,16,16
목욕탕,경기도,수원시 팔달구,12,12,12
목욕탕,경기도,수원시 영통구,6,6,6
목욕탕,경기도,성남시 수정구,14,14,13
목욕탕,경기도,성남시 중원구,10,10,10
목욕탕,경기도,성남시 분당구,16,16,16
목욕탕,경기도,의정부시,32,31,32
목욕탕,경기도,안양시 만안구,12,12,14
목욕탕,경기도,안양시 동안구,12,12,12
목욕탕,경기도,부천시 원미구,25,25,23
목욕탕,경기도,부천시 소사구,10,10,10
목욕탕,경기도,부천시 오정구,10,10,10
목욕탕,경기도,광명시,9,9,10
목욕탕,경기도,평택시,31,30,31
목욕탕,경기도,동두천시,7,7,7
목욕탕,경기도,안산시 상록구,20,20,20
목욕탕,경기도,안산시 단원구,10,10,9
목욕탕,경기도,고양시 덕양구,20,21,22
목욕탕,경기도,고양시 일산동구,14,14,14
목욕탕,경기도,고양시 일산서구,13,12,14
목욕탕,경기도,과천시,0,0,0
목욕탕,경기도,구리시,9,9,10
목욕탕,경기도,남양주시,22,23,23
목욕탕,경기도,오산시,7,7,6
목욕탕,경기도,시흥시,25,25,26
목욕탕,경기도,군포시,8,8,7
목욕탕,경기도,의왕시,4,4,4
목욕탕,경기도,하남시,10,10,11
목욕탕,경기도,용인시 처인구,21,21,21
목욕탕,경기도,용인시 기흥구,13,13,13
목욕탕,경기도,용인시 수지구,6,6,8
목욕탕,경기도,파주시,24,23,25
목욕탕,경기도,이천시,13,13,14
목욕탕,경기도,안성시,17,17,16
목욕탕,경기도,김포시,22,22,20
목욕탕,경기도,화성시 만세구,11,11,11
목욕탕,경기도,화성시 효행구,4,4,4
목욕탕,경기도,화성시 병점구,4,4,4
목욕탕,경기도,화성시 동탄구,12,12,10
목욕탕,경기도,광주시,15,15,14
목욕탕,경기도,양주시,15,15,13
목욕탕,경기도,포천시,12,12,11
목욕탕,경기도,여주시,11,11,10
목욕탕,경기도,연천군,3,3,3
목욕탕,경기도,가평군,6,6,8
목욕탕,경기도,양평군,10,10,11
목욕탕,충청북도,청주시 상당구,15,15,15
목욕탕,충청북도,청주시 서원구,6,7,7
목욕탕,충청북도,청주시 흥덕구,9,9,9
목욕탕,충청북도,청주시 청원구,13,13,14
목욕탕,충청북도,충주시,31,31,32
목욕탕,충청북도,제천시,19,19,19
목욕탕,충청북도,보은군,3,3,3
목욕탕,충청북도,옥천군,4,4,4
목욕탕,충청북도,영동군,0,0,0
목욕탕,충청북도,증평군,6,6,6
목욕탕,충청북도,진천군,5,5,5
목욕탕,충청북도,괴산군,0,0,0
목욕탕,충청북도,음성군,7,7,6
목욕탕,충청북도,단양군,0,0,0
목욕탕,충청남도,천안시 동남구,17,16,17
목욕탕,충청남도,천안시 서북구,21,21,20
목욕탕,충청남도,공주시,11,11,11
목욕탕,충청남도,보령시,13,13,13
목욕탕,충청남도,아산시,18,18,17
목욕탕,충청남도,서산시,12,12,14
목욕탕,충청남도,논산시,15,15,15
목욕탕,충청남도,계룡시,4,4,4
목욕탕,충청남도,당진시,17,18,18
목욕탕,충청남도,금산군,8,8,8
목욕탕,충청남도,부여군,8,8,8
목욕탕,충청남도,서천군,5,5,5
목욕탕,충청남도,청양군,4,4,4
목욕탕,충청남도,홍성군,8,8,8
목욕탕,충청남도,예산군,10,10,9
목욕탕,충청남도,태안군,9,9,9
목욕탕,전라남도,목포시,36,36,37
목욕탕,전라남도,여수시,76,75,78
목욕탕,전라남도,순천시,29,29,30
목욕탕,전라남도,나주시,22,22,23
목욕탕,전라남도,광양시,17,17,18
목욕탕,전라남도,담양군,6,6,6
목욕탕,전라남도,곡성군,3,3,3
목욕탕,전라남도,구례군,4,4,4
목욕탕,전라남도,고흥군,11,11,11
목욕탕,전라남도,보성군,5,5,5
목욕탕,전라남도,화순군,8,8,8
목욕탕,전라남도,장흥군,4,4,4
목욕탕,전라남도,강진군,5,5,5
목욕탕,전라남도,해남군,6,6,6
목욕탕,전라남도,영암군,5,5,5
목욕탕,전라남도,무안군,7,7,7
목욕탕,전라남도,함평군,5,5,5
목욕탕,전라남도,영광군,10,11,11
목욕탕,전라남도,장성군,4,4,4
목욕탕,전라남도,완도군,9,9,9
목욕탕,전라남도,진도군,3,3,3
목욕탕,전라남도,신안군,0,0,0
목욕탕,경상북도,포항시 남구,38,38,40
목욕탕,경상북도,포항시 북구,37,37,39
목욕탕,경상북도,경주시,53,52,54
목욕탕,경상북도,김천시,9,9,10
목욕탕,경상북도,안동시,14,14,15
목욕탕,경상북도,구미시,31,31,32
목욕탕,경상북도,영주시,14,14,14
목욕탕,경상북도,영천시,12,12,11
목욕탕,경상북도,상주시,9,9,9
목욕탕,경상북도,문경시,9,9,9
목욕탕,경상북도,경산시,23,23,25
목욕탕,경상북도,의성군,6,6,6
목욕탕,경상북도,청송군,4,4,4
목욕탕,경상북도,영양군,4,4,5
목욕탕,경상북도,영덕군,17,17,17
목욕탕,경상북도,청도군,11,11,11
목욕탕,경상북도,고령군,5,5,5
목욕탕,경상북도,성주군,12,12,10
목욕탕,경상북도,칠곡군,18,18,19
목욕탕,경상북도,예천군,5,5,4
목욕탕,경상북도,봉화군,6,6,6
목욕탕,경상북도,울진군,10,10,10
목욕탕,경상북도,울릉군,3,3,3
목욕탕,경상남도,창원시 의창구,34,34,34
목욕탕,경상남도,창원시 성산구,24,24,24
목욕탕,경상남도,창원시 마산합포구,62,62,64
목욕탕,경상남도,창원시 마산회원구,45,45,45
목욕탕,경상남도,창원시 진해구,37,37,37
목욕탕,경상남도,진주시,81,82,83
목욕탕,경상남도,통영시,29,29,33
목욕탕,경상남도,사천시,34,33,34
목욕탕,경상남도,김해시,73,72,74
목욕탕,경상남도,밀양시,23,23,23
목욕탕,경상남도,거제시,30,30,30
목욕탕,경상남도,양산시,47,49,47
목욕탕,경상남도,의령군,9,9,10
목욕탕,경상남도,함안군,12,12,13
목욕탕,경상남도,창녕군,15,15,15
목욕탕,경상남도,고성군,16,16,16
목욕탕,경상남도,남해군,15,15,16
목욕탕,경상남도,하동군,18,18,18
목욕탕,경상남도,산청군,12,12,13
목욕탕,경상남도,함양군,10,10,10
목욕탕,경상남도,거창군,17,17,18
목욕탕,경상남도,합천군,17,17,17
목욕탕,제주특별자치도,제주시,78,78,75
목욕탕,제주특별자치도,서귀포시,38,38,39
목욕탕,강원특별자치도,춘천시,17,17,17
목욕탕,강원특별자치도,원주시,24,24,25
목욕탕,강원특별자치도,강릉시,23,23,23
목욕탕,강원특별자치도,동해시,11,11,11
목욕탕,강원특별자치도,태백시,9,10,11
목욕탕,강원특별자치도,속초시,12,12,12
목욕탕,강원특별자치도,삼척시,10,10,9
목욕탕,강원특별자치도,홍천군,8,8,8
목욕탕,강원특별자치도,횡성군,5,5,6
목욕탕,강원특별자치도,영월군,4,4,5
목욕탕,강원특별자치도,평창군,7,7,8
목욕탕,강원특별자치도,정선군,6,6,6
목욕탕,강원특별자치도,철원군,3,3,3
목욕탕,강원특별자치도,화천군,3,3,3
목욕탕,강원특별자치도,양구군,0,0,0
목욕탕,강원특별자치도,인제군,6,6,7
목욕탕,강원특별자치도,고성군,3,3,3
목욕탕,강원특별자치도,양양군,6,5,5
목욕탕,전북특별자치도,전주시 완산구,21,22,21
목욕탕,전북특별자치도,전주시 덕진구,16,16,16
목욕탕,전북특별자치도,군산시,37,37,40
목욕탕,전북특별자치도,익산시,31,31,33
목욕탕,전북특별자치도,정읍시,17,17,18
목욕탕,전북특별자치도,남원시,13,13,13
목욕탕,전북특별자치도,김제시,9,9,8
목욕탕,전북특별자치도,완주군,9,9,10
목욕탕,전북특별자치도,진안군,0,0,0
목욕탕,전북특별자치도,무주군,0,0,0
목욕탕,전북특별자치도,장수군,0,0,0
목욕탕,전북특별자치도,임실군,0,0,0
목욕탕,전북특별자치도,순창군,3,3,3
목욕탕,전북특별자치도,고창군,6,6,6
목욕탕,전북특별자치도,부안군,11,11,10
미용실,서울특별시,종로구,265,265,265
미용실,서울특별시,중구,328,325,325
미용실,서울특별시,용산구,396,395,387
미용실,서울특별시,성동구,592,592,571
미용실,서울특별시,광진구,783,782,771
미용실,서울특별시,동대문구,666,661,647
미용실,서울특별시,중랑구,813,814,808
미용실,서울특별시,성북구,800,803,788
미용실,서울특별시,강북구,694,690,674
미용실,서울특별시,도봉구,600,601,598
미용실,서울특별시,노원구,825,823,817
미용실,서울특별시,은평구,946,941,946
미용실,서울특별시,서대문구,578,579,580
미용실,서울특별시,마포구,1132,1133,1086
미용실,서울특별시,양천구,856,851,850
미용실,서울특별시,강서구,1144,1138,1124
미용실,서울특별시,구로구,748,751,752
미용실,서울특별시,금천구,487,487,486
미용실,서울특별시,영등포구,776,777,777
미용실,서울특별시,동작구,656,653,648
미용실,서울특별시,관악구,915,911,898
미용실,서울특별시,서초구,731,732,723
미용실,서울특별시,강남구,1547,1543,1504
미용실,서울특별시,송파구,1264,1262,1265
미용실,서울특별시,강동구,1009,1006,976
미용실,부산광역시,중구,209,207,211
미용실,부산광역시,서구,260,262,258
미용실,부산광역시,동구,209,209,209
미용실,부산광역시,영도구,263,263,263
미용실,부산광역시,부산진구,1029,1028,977
미용실,부산광역시,동래구,716,716,713
미용실,부산광역시,남구,605,605,599
미용실,부산광역시,북구,597,598,585
미용실,부산광역시,해운대구,831,832,826
미용실,부산광역시,사하구,735,738,729
미용실,부산광역시,금정구,594,592,591
미용실,부산광역시,강서구,228,229,228
미용실,부산광역시,연제구,552,550,556
미용실,부산광역시,수영구,527,528,523
미용실,부산광역시,사상구,428,427,420
미용실,부산광역시,기장군,363,362,350
미용실,대구광역시,중구,457,454,438
미용실,대구광역시,동구,882,874,860
미용실,대구광역시,서구,489,488,477
미용실,대구광역시,남구,465,463,458
미용실,대구광역시,북구,1077,1078,1073
미용실,대구광역시,수성구,1189,1190,1163
미용실,대구광역시,달서구,1434,1436,1422
미용실,대구광역시,달성군,552,551,535
미용실,대구광역시,군위군,30,30,30
미용실,인천광역시,중구,287,287,283
미용실,인천광역시,동구,147,147,147
미용실,인천광역시,미추홀구,996,992,967
미용실,인천광역시,연수구,739,733,704
미용실,인천광역시,남동구,1178,1173,1194
미용실,인천광역시,부평구,1113,1111,1090
미용실,인천광역시,계양구,628,623,606
미용실,인천광역시,서구,1285,1276,1213
미용실,인천광역시,강화군,133,133,126
미용실,인천광역시,옹진군,22,22,22
미용실,광주광역시,동구,323,324,328
미용실,광주광역시,서구,801,800,789
미용실,광주광역시,남구,495,495,496
미용실,광주광역시,북구,1133,1128,1105
미용실,광주광역시,광산구,1063,1059,1022
미용실,대전광역시,동구,578,579,581
미용실,대전광역시,중구,595,593,590
미용실,대전광역시,서구,1382,1370,1322
미용실,대전광역시,유성구,832,830,806
미용실,대전광역시,대덕구,455,456,453
미용실,울산광역시,중구,622,618,620
미용실,울산광역시,남구,1042,1039,1013
미용실,울산광역시,동구,393,394,402
미용실,울산광역시,북구,439,439,433
미용실,울산광역시,울주군,469,467,458
미용실,세종특별자치시,0,602,597,585
미용실,경기도,수원시 장안구,625,625,620
미용실,경기도,수원시 권선구,832,826,803
미용실,경기도,수원시 팔달구,597,595,582
미용실,경기도,수원시 영통구,744,740,722
미용실,경기도,성남시 수정구,531,534,540
미용실,경기도,성남시 중원구,492,492,495
미용실,경기도,성남시 분당구,942,937,912
미용실,경기도,의정부시,1111,1110,1108
미용실,경기도,안양시 만안구,500,501,497
미용실,경기도,안양시 동안구,705,704,680
미용실,경기도,부천시 원미구,1095,1093,1071
미용실,경기도,부천시 소사구,511,507,501
미용실,경기도,부천시 오정구,345,344,348
미용실,경기도,광명시,548,548,531
미용실,경기도,평택시,1366,1362,1334
미용실,경기도,동두천시,247,246,248
미용실,경기도,안산시 상록구,716,716,711
미용실,경기도,안산시 단원구,776,770,763
미용실,경기도,고양시 덕양구,881,881,860
미용실,경기도,고양시 일산동구,602,598,586
미용실,경기도,고양시 일산서구,526,527,519
미용실,경기도,과천시,98,95,85
미용실,경기도,구리시,444,443,447
미용실,경기도,남양주시,1394,1391,1371
미용실,경기도,오산시,489,493,480
미용실,경기도,시흥시,1091,1092,1064
미용실,경기도,군포시,490,490,499
미용실,경기도,의왕시,226,223,221
미용실,경기도,하남시,540,539,529
미용실,경기도,용인시 처인구,556,552,539
미용실,경기도,용인시 기흥구,662,657,646
미용실,경기도,용인시 수지구,508,510,485
미용실,경기도,파주시,890,887,845
미용실,경기도,이천시,512,515,498
미용실,경기도,안성시,425,423,415
미용실,경기도,김포시,873,877,862
미용실,경기도,화성시,0,0,0
미용실,경기도,화성시 만세구,452,449,437
미용실,경기도,화성시 효행구,236,233,215
미용실,경기도,화성시 병점구,319,319,369
미용실,경기도,화성시 동탄구,719,717,595
미용실,경기도,광주시,681,678,674
미용실,경기도,양주시,538,538,515
미용실,경기도,포천시,294,295,292
미용실,경기도,여주시,250,248,244
미용실,경기도,연천군,83,83,82
미용실,경기도,가평군,127,127,124
미용실,경기도,양평군,207,207,202
미용실,충청북도,청주시 상당구,521,521,511
미용실,충청북도,청주시 서원구,461,462,466
미용실,충청북도,청주시 흥덕구,753,751,712
미용실,충청북도,청주시 청원구,445,443,436
미용실,충청북도,충주시,588,588,574
미용실,충청북도,제천시,405,405,402
미용실,충청북도,보은군,69,70,68
미용실,충청북도,옥천군,101,101,98
미용실,충청북도,영동군,106,107,104
미용실,충청북도,증평군,122,122,118
미용실,충청북도,진천군,173,170,164
미용실,충청북도,괴산군,51,50,49
미용실,충청북도,음성군,211,209,205
미용실,충청북도,단양군,55,55,57
미용실,충청남도,천안시 동남구,590,591,579
미용실,충청남도,천안시 서북구,1018,1015,990
미용실,충청남도,공주시,214,210,211
미용실,충청남도,보령시,242,242,237
미용실,충청남도,아산시,736,734,707
미용실,충청남도,서산시,464,466,461
미용실,충청남도,논산시,296,297,292
미용실,충청남도,계룡시,74,72,75
미용실,충청남도,당진시,428,428,422
미용실,충청남도,금산군,104,104,104
미용실,충청남도,부여군,130,131,128
미용실,충청남도,서천군,91,93,95
미용실,충청남도,청양군,54,54,53
미용실,충청남도,홍성군,271,271,265
미용실,충청남도,예산군,190,189,177
미용실,충청남도,태안군,136,135,137
미용실,전라남도,목포시,658,657,655
미용실,전라남도,여수시,725,722,715
미용실,전라남도,순천시,729,731,703
미용실,전라남도,나주시,244,240,236
미용실,전라남도,광양시,353,351,342
미용실,전라남도,담양군,59,60,61
미용실,전라남도,곡성군,38,38,38
미용실,전라남도,구례군,48,47,43
미용실,전라남도,고흥군,121,122,115
미용실,전라남도,보성군,66,67,67
미용실,전라남도,화순군,137,136,132
미용실,전라남도,장흥군,73,72,70
미용실,전라남도,강진군,71,70,67
미용실,전라남도,해남군,128,128,123
미용실,전라남도,영암군,108,108,102
미용실,전라남도,무안군,210,209,203
미용실,전라남도,함평군,46,46,45
미용실,전라남도,영광군,121,121,114
미용실,전라남도,장성군,83,84,80
미용실,전라남도,완도군,96,98,98
미용실,전라남도,진도군,60,61,60
미용실,전라남도,신안군,32,32,32
미용실,경상북도,포항시 남구,696,696,691
미용실,경상북도,포항시 북구,798,793,769
미용실,경상북도,경주시,651,648,641
미용실,경상북도,김천시,346,345,345
미용실,경상북도,안동시,405,404,402
미용실,경상북도,구미시,1236,1236,1228
미용실,경상북도,영주시,332,331,334
미용실,경상북도,영천시,218,215,211
미용실,경상북도,상주시,215,216,211
미용실,경상북도,문경시,180,181,185
미용실,경상북도,경산시,687,684,672
미용실,경상북도,의성군,95,96,97
미용실,경상북도,청송군,40,41,42
미용실,경상북도,영양군,24,24,23
미용실,경상북도,영덕군,80,81,78
미용실,경상북도,청도군,66,66,67
미용실,경상북도,고령군,50,50,49
미용실,경상북도,성주군,65,63,63
미용실,경상북도,칠곡군,301,300,299
미용실,경상북도,예천군,95,95,97
미용실,경상북도,봉화군,48,48,47
미용실,경상북도,울진군,111,112,109
미용실,경상북도,울릉군,18,18,18
미용실,경상남도,창원시 의창구,542,542,538
미용실,경상남도,창원시 성산구,665,663,661
미용실,경상남도,창원시 마산합포구,477,479,479
미용실,경상남도,창원시 마산회원구,508,506,504
미용실,경상남도,창원시 진해구,452,451,455
미용실,경상남도,진주시,958,955,962
미용실,경상남도,통영시,334,332,327
미용실,경상남도,사천시,297,299,296
미용실,경상남도,김해시,1356,1353,1336
미용실,경상남도,밀양시,240,238,234
미용실,경상남도,거제시,569,566,567
미용실,경상남도,양산시,880,875,872
미용실,경상남도,의령군,28,28,29
미용실,경상남도,함안군,99,100,106
미용실,경상남도,창녕군,130,130,128
미용실,경상남도,고성군,90,91,93
미용실,경상남도,남해군,85,84,83
미용실,경상남도,하동군,78,78,82
미용실,경상남도,산청군,38,38,34
미용실,경상남도,함양군,58,58,55
미용실,경상남도,거창군,157,156,160
미용실,경상남도,합천군,68,67,66
미용실,제주특별자치도,제주시,1292,1288,1268
미용실,제주특별자치도,서귀포시,391,390,388
미용실,강원특별자치도,춘천시,842,842,833
미용실,강원특별자치도,원주시,1015,1010,1004
미용실,강원특별자치도,강릉시,638,640,627
미용실,강원특별자치도,동해시,244,244,236
미용실,강원특별자치도,태백시,118,119,123
미용실,강원특별자치도,속초시,225,225,221
미용실,강원특별자치도,삼척시,167,166,159
미용실,강원특별자치도,홍천군,149,151,153
미용실,강원특별자치도,횡성군,72,72,71
미용실,강원특별자치도,영월군,71,71,70
미용실,강원특별자치도,평창군,74,74,79
미용실,강원특별자치도,정선군,67,67,66
미용실,강원특별자치도,철원군,95,94,94
미용실,강원특별자치도,화천군,41,41,41
미용실,강원특별자치도,양구군,52,52,55
미용실,강원특별자치도,인제군,58,58,58
미용실,강원특별자치도,고성군,47,45,45
미용실,강원특별자치도,양양군,46,46,45
미용실,전북특별자치도,전주시 완산구,1053,1048,1026
미용실,전북특별자치도,전주시 덕진구,797,801,795
미용실,전북특별자치도,군산시,690,693,689
미용실,전북특별자치도,익산시,749,749,739
미용실,전북특별자치도,정읍시,274,273,275
미용실,전북특별자치도,남원시,177,177,181
미용실,전북특별자치도,김제시,163,161,157
미용실,전북특별자치도,완주군,151,151,144
미용실,전북특별자치도,진안군,39,37,38
미용실,전북특별자치도,무주군,50,50,49
미용실,전북특별자치도,장수군,41,41,40
미용실,전북특별자치도,임실군,39,39,42
미용실,전북특별자치도,순창군,48,48,47
미용실,전북특별자치도,고창군,111,111,113
미용실,전북특별자치도,부안군,94,96,99
부동산중개업,서울특별시,종로구,708,712,744
부동산중개업,서울특별시,중구,838,835,841
부동산중개업,서울특별시,용산구,1078,1081,1089
부동산중개업,서울특별시,성동구,1100,1099,1093
부동산중개업,서울특별시,광진구,1077,1077,1094
부동산중개업,서울특별시,동대문구,1139,1139,1127
부동산중개업,서울특별시,중랑구,812,819,848
부동산중개업,서울특별시,성북구,924,924,938
부동산중개업,서울특별시,강북구,625,624,654
부동산중개업,서울특별시,도봉구,524,525,553
부동산중개업,서울특별시,노원구,802,803,825
부동산중개업,서울특별시,은평구,1180,1180,1244
부동산중개업,서울특별시,서대문구,775,777,788
부동산중개업,서울특별시,마포구,1510,1525,1528
부동산중개업,서울특별시,양천구,1002,997,1015
부동산중개업,서울특별시,강서구,1626,1627,1669
부동산중개업,서울특별시,구로구,974,972,1004
부동산중개업,서울특별시,금천구,954,956,987
부동산중개업,서울특별시,영등포구,1688,1690,1749
부동산중개업,서울특별시,동작구,976,977,993
부동산중개업,서울특별시,관악구,1149,1155,1128
부동산중개업,서울특별시,서초구,3007,2951,2928
부동산중개업,서울특별시,강남구,5131,5133,5170
부동산중개업,서울특별시,송파구,2425,2447,2376
부동산중개업,서울특별시,강동구,1530,1518,1565
부동산중개업,부산광역시,중구,151,151,157
부동산중개업,부산광역시,서구,172,172,178
부동산중개업,부산광역시,동구,228,227,228
부동산중개업,부산광역시,영도구,143,144,146
부동산중개업,부산광역시,부산진구,1005,1010,1076
부동산중개업,부산광역시,동래구,770,774,806
부동산중개업,부산광역시,남구,701,698,679
부동산중개업,부산광역시,북구,381,382,411
부동산중개업,부산광역시,해운대구,1269,1279,1302
부동산중개업,부산광역시,사하구,465,465,499
부동산중개업,부산광역시,금정구,492,487,513
부동산중개업,부산광역시,강서구,686,678,681
부동산중개업,부산광역시,연제구,691,695,725
부동산중개업,부산광역시,수영구,652,650,640
부동산중개업,부산광역시,사상구,347,347,351
부동산중개업,부산광역시,기장군,465,463,481
부동산중개업,대구광역시,중구,442,446,488
부동산중개업,대구광역시,동구,793,795,828
부동산중개업,대구광역시,서구,313,320,332
부동산중개업,대구광역시,남구,417,406,403
부동산중개업,대구광역시,북구,756,755,793
부동산중개업,대구광역시,수성구,1444,1450,1494
부동산중개업,대구광역시,달서구,1108,1107,1143
부동산중개업,대구광역시,달성군,532,531,551
부동산중개업,대구광역시,군위군,43,43,53
부동산중개업,인천광역시,중구,529,531,550
부동산중개업,인천광역시,동구,117,116,114
부동산중개업,인천광역시,미추홀구,912,911,960
부동산중개업,인천광역시,연수구,1395,1392,1366
부동산중개업,인천광역시,남동구,1019,1031,1057
부동산중개업,인천광역시,부평구,1053,1059,1100
부동산중개업,인천광역시,계양구,540,534,561
부동산중개업,인천광역시,서구,1831,1830,1866
부동산중개업,인천광역시,강화군,332,334,357
부동산중개업,인천광역시,옹진군,47,49,53
부동산중개업,광주광역시,동구,463,460,492
부동산중개업,광주광역시,서구,1108,1113,1151
부동산중개업,광주광역시,남구,508,514,544
부동산중개업,광주광역시,북구,1120,1106,1099
부동산중개업,광주광역시,광산구,1174,1181,1215
부동산중개업,대전광역시,동구,462,462,460
부동산중개업,대전광역시,중구,452,448,474
부동산중개업,대전광역시,서구,1280,1283,1306
부동산중개업,대전광역시,유성구,1115,1116,1126
부동산중개업,대전광역시,대덕구,275,273,288
부동산중개업,울산광역시,중구,362,364,379
부동산중개업,울산광역시,남구,1062,1046,1029
부동산중개업,울산광역시,동구,164,164,164
부동산중개업,울산광역시,북구,322,322,325
부동산중개업,울산광역시,울주군,453,455,467
부동산중개업,세종특별자치시,0,1388,1400,1464
부동산중개업,경기도,수원시 장안구,550,552,557
부동산중개업,경기도,수원시 권선구,799,798,827
부동산중개업,경기도,수원시 팔달구,712,710,725
부동산중개업,경기도,수원시 영통구,1070,1077,1127
부동산중개업,경기도,성남시 수정구,758,761,765
부동산중개업,경기도,성남시 중원구,600,602,628
부동산중개업,경기도,성남시 분당구,1560,1558,1572
부동산중개업,경기도,의정부시,923,921,967
부동산중개업,경기도,안양시 만안구,539,537,562
부동산중개업,경기도,안양시 동안구,1056,1065,1065
부동산중개업,경기도,부천시 원미구,1169,1169,1178
부동산중개업,경기도,부천시 소사구,510,511,500
부동산중개업,경기도,부천시 오정구,356,355,366
부동산중개업,경기도,광명시,841,841,826
부동산중개업,경기도,평택시,2410,2420,2490
부동산중개업,경기도,동두천시,184,185,192
부동산중개업,경기도,안산시 상록구,619,624,633
부동산중개업,경기도,안산시 단원구,932,941,968
부동산중개업,경기도,고양시 덕양구,1266,1273,1296
부동산중개업,경기도,고양시 일산동구,961,972,1006
부동산중개업,경기도,고양시 일산서구,603,612,637
부동산중개업,경기도,과천시,289,290,272
부동산중개업,경기도,구리시,552,550,560
부동산중개업,경기도,남양주시,1996,1996,2045
부동산중개업,경기도,오산시,545,545,539
부동산중개업,경기도,시흥시,1510,1505,1561
부동산중개업,경기도,군포시,511,512,520
부동산중개업,경기도,의왕시,387,379,362
부동산중개업,경기도,하남시,1160,1159,1173
부동산중개업,경기도,용인시 처인구,1148,1147,1169
부동산중개업,경기도,용인시 기흥구,1498,1498,1547
부동산중개업,경기도,용인시 수지구,1028,1031,1056
부동산중개업,경기도,파주시,1519,1520,1551
부동산중개업,경기도,이천시,668,668,682
부동산중개업,경기도,안성시,574,575,584
부동산중개업,경기도,김포시,1751,1744,1799
부동산중개업,경기도,화성시,0,0,0
부동산중개업,경기도,화성시 만세구,1132,1129,1197
부동산중개업,경기도,화성시 효행구,497,494,505
부동산중개업,경기도,화성시 병점구,449,445,511
부동산중개업,경기도,화성시 동탄구,1566,1569,1450
부동산중개업,경기도,광주시,1175,1170,1181
부동산중개업,경기도,양주시,763,773,791
부동산중개업,경기도,포천시,448,443,457
부동산중개업,경기도,여주시,352,353,368
부동산중개업,경기도,연천군,116,115,118
부동산중개업,경기도,가평군,238,239,246
부동산중개업,경기도,양평군,644,648,679
부동산중개업,충청북도,청주시 상당구,365,372,388
부동산중개업,충청북도,청주시 서원구,424,424,406
부동산중개업,충청북도,청주시 흥덕구,864,864,866
부동산중개업,충청북도,청주시 청원구,396,397,409
부동산중개업,충청북도,충주시,433,436,447
부동산중개업,충청북도,제천시,179,182,187
부동산중개업,충청북도,보은군,32,33,31
부동산중개업,충청북도,옥천군,51,51,50
부동산중개업,충청북도,영동군,47,47,49
부동산중개업,충청북도,증평군,54,54,54
부동산중개업,충청북도,진천군,148,147,148
부동산중개업,충청북도,괴산군,65,64,57
부동산중개업,충청북도,음성군,318,321,310
부동산중개업,충청북도,단양군,34,34,35
부동산중개업,충청남도,천안시 동남구,676,677,689
부동산중개업,충청남도,천안시 서북구,1376,1381,1389
부동산중개업,충청남도,공주시,204,202,203
부동산중개업,충청남도,보령시,120,120,128
부동산중개업,충청남도,아산시,1035,1037,1047
부동산중개업,충청남도,서산시,342,345,353
부동산중개업,충청남도,논산시,174,174,182
부동산중개업,충청남도,계룡시,60,60,59
부동산중개업,충청남도,당진시,375,377,389
부동산중개업,충청남도,금산군,78,77,82
부동산중개업,충청남도,부여군,53,54,54
부동산중개업,충청남도,서천군,65,64,67
부동산중개업,충청남도,청양군,25,25,27
부동산중개업,충청남도,홍성군,173,171,171
부동산중개업,충청남도,예산군,137,138,147
부동산중개업,충청남도,태안군,88,91,99
부동산중개업,전라남도,목포시,354,354,361
부동산중개업,전라남도,여수시,368,366,385
부동산중개업,전라남도,순천시,546,544,564
부동산중개업,전라남도,나주시,248,249,270
부동산중개업,전라남도,광양시,253,252,259
부동산중개업,전라남도,담양군,66,66,73
부동산중개업,전라남도,곡성군,19,19,17
부동산중개업,전라남도,구례군,18,18,21
부동산중개업,전라남도,고흥군,27,26,30
부동산중개업,전라남도,보성군,19,19,18
부동산중개업,전라남도,화순군,90,93,96
부동산중개업,전라남도,장흥군,33,33,30
부동산중개업,전라남도,강진군,15,15,17
부동산중개업,전라남도,해남군,54,54,54
부동산중개업,전라남도,영암군,51,51,50
부동산중개업,전라남도,무안군,235,237,229
부동산중개업,전라남도,함평군,27,27,27
부동산중개업,전라남도,영광군,35,35,37
부동산중개업,전라남도,장성군,79,81,83
부동산중개업,전라남도,완도군,13,13,15
부동산중개업,전라남도,진도군,18,18,17
부동산중개업,전라남도,신안군,14,14,14
부동산중개업,경상북도,포항시 남구,355,350,365
부동산중개업,경상북도,포항시 북구,650,651,640
부동산중개업,경상북도,경주시,402,407,409
부동산중개업,경상북도,김천시,212,210,216
부동산중개업,경상북도,안동시,173,174,183
부동산중개업,경상북도,구미시,802,810,830
부동산중개업,경상북도,영주시,124,124,130
부동산중개업,경상북도,영천시,152,153,158
부동산중개업,경상북도,상주시,93,93,94
부동산중개업,경상북도,문경시,89,90,98
부동산중개업,경상북도,경산시,615,618,650
부동산중개업,경상북도,의성군,38,38,41
부동산중개업,경상북도,청송군,24,24,24
부동산중개업,경상북도,영양군,0,0,0
부동산중개업,경상북도,영덕군,38,38,40
부동산중개업,경상북도,청도군,80,82,97
부동산중개업,경상북도,고령군,41,40,43
부동산중개업,경상북도,성주군,60,60,67
부동산중개업,경상북도,칠곡군,220,221,230
부동산중개업,경상북도,예천군,70,69,73
부동산중개업,경상북도,봉화군,23,23,24
부동산중개업,경상북도,울진군,30,30,29
부동산중개업,경상북도,울릉군,8,7,6
부동산중개업,경상남도,창원시 의창구,493,495,489
부동산중개업,경상남도,창원시 성산구,681,684,696
부동산중개업,경상남도,창원시 마산합포구,346,347,355
부동산중개업,경상남도,창원시 마산회원구,276,279,308
부동산중개업,경상남도,창원시 진해구,307,309,318
부동산중개업,경상남도,진주시,820,817,842
부동산중개업,경상남도,통영시,147,148,151
부동산중개업,경상남도,사천시,196,196,197
부동산중개업,경상남도,김해시,1299,1307,1366
부동산중개업,경상남도,밀양시,218,220,226
부동산중개업,경상남도,거제시,357,360,378
부동산중개업,경상남도,양산시,850,857,891
부동산중개업,경상남도,의령군,26,26,25
부동산중개업,경상남도,함안군,120,122,126
부동산중개업,경상남도,창녕군,114,115,114
부동산중개업,경상남도,고성군,59,59,63
부동산중개업,경상남도,남해군,56,55,63
부동산중개업,경상남도,하동군,54,54,56
부동산중개업,경상남도,산청군,38,39,41
부동산중개업,경상남도,함양군,33,33,35
부동산중개업,경상남도,거창군,53,53,58
부동산중개업,경상남도,합천군,39,39,42
부동산중개업,제주특별자치도,제주시,1672,1669,1739
부동산중개업,제주특별자치도,서귀포시,463,470,513
부동산중개업,강원특별자치도,춘천시,569,567,571
부동산중개업,강원특별자치도,원주시,925,930,952
부동산중개업,강원특별자치도,강릉시,402,403,408
부동산중개업,강원특별자치도,동해시,80,78,79
부동산중개업,강원특별자치도,태백시,13,13,12
부동산중개업,강원특별자치도,속초시,229,229,242
부동산중개업,강원특별자치도,삼척시,49,49,44
부동산중개업,강원특별자치도,홍천군,143,146,151
부동산중개업,강원특별자치도,횡성군,110,110,117
부동산중개업,강원특별자치도,영월군,37,37,38
부동산중개업,강원특별자치도,평창군,89,86,91
부동산중개업,강원특별자치도,정선군,27,27,28
부동산중개업,강원특별자치도,철원군,60,60,62
부동산중개업,강원특별자치도,화천군,21,20,19
부동산중개업,강원특별자치도,양구군,13,13,14
부동산중개업,강원특별자치도,인제군,36,36,34
부동산중개업,강원특별자치도,고성군,60,61,65
부동산중개업,강원특별자치도,양양군,56,55,57
부동산중개업,전북특별자치도,전주시 완산구,912,910,936
부동산중개업,전북특별자치도,전주시 덕진구,877,873,902
부동산중개업,전북특별자치도,군산시,601,606,618
부동산중개업,전북특별자치도,익산시,449,453,464
부동산중개업,전북특별자치도,정읍시,97,97,94
부동산중개업,전북특별자치도,남원시,62,62,69
부동산중개업,전북특별자치도,김제시,89,89,89
부동산중개업,전북특별자치도,완주군,166,165,170
부동산중개업,전북특별자치도,진안군,13,13,15
부동산중개업,전북특별자치도,무주군,16,16,16
부동산중개업,전북특별자치도,장수군,15,15,16
부동산중개업,전북특별자치도,임실군,13,13,12
부동산중개업,전북특별자치도,순창군,13,13,13
부동산중개업,전북특별자치도,고창군,57,57,56
부동산중개업,전북특별자치도,부안군,72,72,78
사진촬영업,서울특별시,종로구,268,270,254
사진촬영업,서울특별시,중구,244,242,221
사진촬영업,서울특별시,용산구,278,278,275
사진촬영업,서울특별시,성동구,340,338,320
사진촬영업,서울특별시,광진구,295,292,270
사진촬영업,서울특별시,동대문구,180,178,164
사진촬영업,서울특별시,중랑구,180,177,174
사진촬영업,서울특별시,성북구,203,204,219
사진촬영업,서울특별시,강북구,123,123,120
사진촬영업,서울특별시,도봉구,88,89,87
사진촬영업,서울특별시,노원구,183,182,177
사진촬영업,서울특별시,은평구,186,183,168
사진촬영업,서울특별시,서대문구,236,236,226
사진촬영업,서울특별시,마포구,581,587,598
사진촬영업,서울특별시,양천구,140,143,131
사진촬영업,서울특별시,강서구,289,288,288
사진촬영업,서울특별시,구로구,140,137,131
사진촬영업,서울특별시,금천구,128,127,123
사진촬영업,서울특별시,영등포구,262,254,241
사진촬영업,서울특별시,동작구,156,156,158
사진촬영업,서울특별시,관악구,216,214,201
사진촬영업,서울특별시,서초구,441,441,442
사진촬영업,서울특별시,강남구,1209,1214,1209
사진촬영업,서울특별시,송파구,382,384,370
사진촬영업,서울특별시,강동구,202,198,184
사진촬영업,부산광역시,중구,34,35,37
사진촬영업,부산광역시,서구,27,27,24
사진촬영업,부산광역시,동구,28,28,31
사진촬영업,부산광역시,영도구,38,38,34
사진촬영업,부산광역시,부산진구,192,187,196
사진촬영업,부산광역시,동래구,81,80,76
사진촬영업,부산광역시,남구,104,104,103
사진촬영업,부산광역시,북구,60,60,58
사진촬영업,부산광역시,해운대구,165,163,155
사진촬영업,부산광역시,사하구,77,80,82
사진촬영업,부산광역시,금정구,69,70,58
사진촬영업,부산광역시,강서구,42,41,29
사진촬영업,부산광역시,연제구,59,59,57
사진촬영업,부산광역시,수영구,127,127,113
사진촬영업,부산광역시,사상구,47,47,42
사진촬영업,부산광역시,기장군,51,51,56
사진촬영업,대구광역시,중구,204,205,199
사진촬영업,대구광역시,동구,88,88,87
사진촬영업,대구광역시,서구,40,40,39
사진촬영업,대구광역시,남구,117,118,112
사진촬영업,대구광역시,북구,119,117,118
사진촬영업,대구광역시,수성구,158,159,146
사진촬영업,대구광역시,달서구,160,158,143
사진촬영업,대구광역시,달성군,60,59,56
사진촬영업,대구광역시,군위군,4,4,3
사진촬영업,인천광역시,중구,77,76,69
사진촬영업,인천광역시,동구,22,22,16
사진촬영업,인천광역시,미추홀구,152,152,144
사진촬영업,인천광역시,연수구,136,136,150
사진촬영업,인천광역시,남동구,164,166,168
사진촬영업,인천광역시,부평구,182,183,179
사진촬영업,인천광역시,계양구,98,98,95
사진촬영업,인천광역시,서구,253,252,228
사진촬영업,인천광역시,강화군,16,17,14
사진촬영업,인천광역시,옹진군,0,0,0
사진촬영업,광주광역시,동구,133,132,130
사진촬영업,광주광역시,서구,90,92,80
사진촬영업,광주광역시,남구,71,71,61
사진촬영업,광주광역시,북구,136,136,141
사진촬영업,광주광역시,광산구,119,119,110
사진촬영업,대전광역시,동구,62,61,53
사진촬영업,대전광역시,중구,112,110,94
사진촬영업,대전광역시,서구,226,222,220
사진촬영업,대전광역시,유성구,149,148,139
사진촬영업,대전광역시,대덕구,46,45,42
사진촬영업,울산광역시,중구,85,86,86
사진촬영업,울산광역시,남구,115,111,108
사진촬영업,울산광역시,동구,27,27,29
사진촬영업,울산광역시,북구,50,51,46
사진촬영업,울산광역시,울주군,38,37,37
사진촬영업,세종특별자치시,0,146,145,139
사진촬영업,경기도,수원시 장안구,92,92,87
사진촬영업,경기도,수원시 권선구,106,105,108
사진촬영업,경기도,수원시 팔달구,168,171,167
사진촬영업,경기도,수원시 영통구,144,141,130
사진촬영업,경기도,성남시 수정구,97,92,97
사진촬영업,경기도,성남시 중원구,91,91,89
사진촬영업,경기도,성남시 분당구,200,197,190
사진촬영업,경기도,의정부시,175,171,154
사진촬영업,경기도,안양시 만안구,83,82,77
사진촬영업,경기도,안양시 동안구,125,128,120
사진촬영업,경기도,부천시 원미구,183,184,186
사진촬영업,경기도,부천시 소사구,73,75,67
사진촬영업,경기도,부천시 오정구,31,31,31
사진촬영업,경기도,광명시,87,88,85
사진촬영업,경기도,평택시,171,172,170
사진촬영업,경기도,동두천시,22,22,26
사진촬영업,경기도,안산시 상록구,88,88,96
사진촬영업,경기도,안산시 단원구,125,126,133
사진촬영업,경기도,고양시 덕양구,321,322,285
사진촬영업,경기도,고양시 일산동구,195,190,181
사진촬영업,경기도,고양시 일산서구,112,113,113
사진촬영업,경기도,과천시,29,29,23
사진촬영업,경기도,구리시,112,108,106
사진촬영업,경기도,남양주시,315,320,297
사진촬영업,경기도,오산시,58,61,65
사진촬영업,경기도,시흥시,184,184,175
사진촬영업,경기도,군포시,68,66,69
사진촬영업,경기도,의왕시,49,49,46
사진촬영업,경기도,하남시,256,258,231
사진촬영업,경기도,용인시 처인구,104,98,85
사진촬영업,경기도,용인시 기흥구,180,175,183
사진촬영업,경기도,용인시 수지구,144,145,141
사진촬영업,경기도,파주시,283,279,260
사진촬영업,경기도,이천시,56,55,60
사진촬영업,경기도,안성시,65,63,59
사진촬영업,경기도,김포시,224,223,219
사진촬영업,경기도,화성시 만세구,51,51,49
사진촬영업,경기도,화성시 효행구,39,39,36
사진촬영업,경기도,화성시 병점구,39,39,44
사진촬영업,경기도,화성시 동탄구,189,191,168
사진촬영업,경기도,광주시,134,132,126
사진촬영업,경기도,양주시,110,110,110
사진촬영업,경기도,포천시,48,46,48
사진촬영업,경기도,여주시,30,30,28
사진촬영업,경기도,연천군,8,8,8
사진촬영업,경기도,가평군,16,16,15
사진촬영업,경기도,양평군,57,56,54
사진촬영업,충청북도,청주시 상당구,97,98,94
사진촬영업,충청북도,청주시 서원구,70,71,64
사진촬영업,충청북도,청주시 흥덕구,79,79,72
사진촬영업,충청북도,청주시 청원구,53,53,50
사진촬영업,충청북도,충주시,65,63,62
사진촬영업,충청북도,제천시,33,32,32
사진촬영업,충청북도,보은군,5,5,5
사진촬영업,충청북도,옥천군,10,10,9
사진촬영업,충청북도,영동군,11,11,11
사진촬영업,충청북도,증평군,8,9,8
사진촬영업,충청북도,진천군,14,14,11
사진촬영업,충청북도,괴산군,5,5,5
사진촬영업,충청북도,음성군,17,17,15
사진촬영업,충청북도,단양군,8,8,8
사진촬영업,충청남도,천안시 동남구,126,125,117
사진촬영업,충청남도,천안시 서북구,125,125,122
사진촬영업,충청남도,공주시,20,21,21
사진촬영업,충청남도,보령시,24,23,22
사진촬영업,충청남도,아산시,104,102,95
사진촬영업,충청남도,서산시,49,48,47
사진촬영업,충청남도,논산시,27,28,26
사진촬영업,충청남도,계룡시,9,9,10
사진촬영업,충청남도,당진시,32,32,34
사진촬영업,충청남도,금산군,8,8,8
사진촬영업,충청남도,부여군,10,10,10
사진촬영업,충청남도,서천군,12,12,13
사진촬영업,충청남도,청양군,6,7,6
사진촬영업,충청남도,홍성군,34,34,33
사진촬영업,충청남도,예산군,20,20,18
사진촬영업,충청남도,태안군,17,17,14
사진촬영업,전라남도,목포시,75,76,76
사진촬영업,전라남도,여수시,79,80,81
사진촬영업,전라남도,순천시,100,99,99
사진촬영업,전라남도,나주시,24,24,26
사진촬영업,전라남도,광양시,30,30,24
사진촬영업,전라남도,담양군,15,15,15
사진촬영업,전라남도,곡성군,8,8,9
사진촬영업,전라남도,구례군,4,4,4
사진촬영업,전라남도,고흥군,11,11,10
사진촬영업,전라남도,보성군,6,6,6
사진촬영업,전라남도,화순군,10,11,12
사진촬영업,전라남도,장흥군,7,6,8
사진촬영업,전라남도,강진군,5,5,5
사진촬영업,전라남도,해남군,13,13,11
사진촬영업,전라남도,영암군,0,0,0
사진촬영업,전라남도,무안군,19,20,24
사진촬영업,전라남도,함평군,4,4,5
사진촬영업,전라남도,영광군,9,8,9
사진촬영업,전라남도,장성군,16,16,13
사진촬영업,전라남도,완도군,8,8,8
사진촬영업,전라남도,진도군,5,5,4
사진촬영업,경상북도,포항시 남구,69,69,62
사진촬영업,경상북도,포항시 북구,103,100,103
사진촬영업,경상북도,경주시,101,101,96
사진촬영업,경상북도,김천시,31,31,29
사진촬영업,경상북도,안동시,61,60,55
사진촬영업,경상북도,구미시,116,116,115
사진촬영업,경상북도,영주시,30,30,30
사진촬영업,경상북도,영천시,12,13,12
사진촬영업,경상북도,상주시,25,25,21
사진촬영업,경상북도,문경시,17,17,15
사진촬영업,경상북도,경산시,76,73,66
사진촬영업,경상북도,의성군,7,7,8
사진촬영업,경상북도,청송군,0,0,0
사진촬영업,경상북도,영양군,5,5,6
사진촬영업,경상북도,영덕군,6,6,6
사진촬영업,경상북도,청도군,7,8,7
사진촬영업,경상북도,고령군,3,3,3
사진촬영업,경상북도,성주군,4,4,4
사진촬영업,경상북도,칠곡군,20,20,22
사진촬영업,경상북도,예천군,15,15,14
사진촬영업,경상북도,봉화군,5,5,6
사진촬영업,경상북도,울진군,8,8,8
사진촬영업,경상북도,울릉군,0,0,0
사진촬영업,경상남도,창원시 의창구,73,71,70
사진촬영업,경상남도,창원시 성산구,79,80,75
사진촬영업,경상남도,창원시 마산합포구,48,48,45
사진촬영업,경상남도,창원시 마산회원구,45,45,43
사진촬영업,경상남도,창원시 진해구,35,35,37
사진촬영업,경상남도,진주시,112,110,107
사진촬영업,경상남도,통영시,36,36,33
사진촬영업,경상남도,사천시,17,17,16
사진촬영업,경상남도,김해시,128,127,126
사진촬영업,경상남도,밀양시,22,22,20
사진촬영업,경상남도,거제시,53,54,48
사진촬영업,경상남도,양산시,82,80,77
사진촬영업,경상남도,의령군,3,3,3
사진촬영업,경상남도,함안군,7,7,6
사진촬영업,경상남도,창녕군,11,11,10
사진촬영업,경상남도,고성군,5,5,5
사진촬영업,경상남도,남해군,8,7,7
사진촬영업,경상남도,하동군,7,8,6
사진촬영업,경상남도,산청군,3,3,3
사진촬영업,경상남도,함양군,9,9,8
사진촬영업,경상남도,거창군,9,8,8
사진촬영업,경상남도,합천군,7,7,7
사진촬영업,제주특별자치도,제주시,554,547,504
사진촬영업,제주특별자치도,서귀포시,131,129,132
사진촬영업,강원특별자치도,춘천시,122,122,119
사진촬영업,강원특별자치도,원주시,120,120,123
사진촬영업,강원특별자치도,강릉시,98,98,94
사진촬영업,강원특별자치도,동해시,25,25,25
사진촬영업,강원특별자치도,태백시,14,14,15
사진촬영업,강원특별자치도,속초시,48,48,50
사진촬영업,강원특별자치도,삼척시,15,15,13
사진촬영업,강원특별자치도,홍천군,15,15,17
사진촬영업,강원특별자치도,횡성군,12,11,7
사진촬영업,강원특별자치도,영월군,7,7,7
사진촬영업,강원특별자치도,평창군,13,12,12
사진촬영업,강원특별자치도,정선군,14,13,10
사진촬영업,강원특별자치도,철원군,11,11,10
사진촬영업,강원특별자치도,화천군,6,6,6
사진촬영업,강원특별자치도,양구군,5,5,7
사진촬영업,강원특별자치도,인제군,10,10,10
사진촬영업,강원특별자치도,고성군,9,9,11
사진촬영업,강원특별자치도,양양군,7,7,9
사진촬영업,전북특별자치도,전주시 완산구,179,178,181
사진촬영업,전북특별자치도,전주시 덕진구,105,103,99
사진촬영업,전북특별자치도,군산시,79,77,73
사진촬영업,전북특별자치도,익산시,65,65,64
사진촬영업,전북특별자치도,정읍시,27,27,26
사진촬영업,전북특별자치도,남원시,22,21,22
사진촬영업,전북특별자치도,김제시,16,16,16
사진촬영업,전북특별자치도,완주군,19,19,22
사진촬영업,전북특별자치도,진안군,3,3,4
사진촬영업,전북특별자치도,무주군,4,4,5
사진촬영업,전북특별자치도,장수군,5,5,5
사진촬영업,전북특별자치도,임실군,3,3,3
사진촬영업,전북특별자치도,순창군,0,0,0
사진촬영업,전북특별자치도,고창군,7,8,8
사진촬영업,전북특별자치도,부안군,10,10,10
세탁소,서울특별시,종로구,96,93,95
세탁소,서울특별시,중구,82,84,86
세탁소,서울특별시,용산구,123,124,127
세탁소,서울특별시,성동구,147,146,145
세탁소,서울특별시,광진구,207,206,207
세탁소,서울특별시,동대문구,212,212,202
세탁소,서울특별시,중랑구,211,212,209
세탁소,서울특별시,성북구,202,202,207
세탁소,서울특별시,강북구,121,120,118
세탁소,서울특별시,도봉구,122,123,121
세탁소,서울특별시,노원구,163,163,166
세탁소,서울특별시,은평구,206,205,214
세탁소,서울특별시,서대문구,145,144,144
세탁소,서울특별시,마포구,211,210,202
세탁소,서울특별시,양천구,190,192,194
세탁소,서울특별시,강서구,298,299,297
세탁소,서울특별시,구로구,172,171,166
세탁소,서울특별시,금천구,136,136,132
세탁소,서울특별시,영등포구,202,201,193
세탁소,서울특별시,동작구,195,195,194
세탁소,서울특별시,관악구,373,376,366
세탁소,서울특별시,서초구,225,225,218
세탁소,서울특별시,강남구,370,368,375
세탁소,서울특별시,송파구,299,299,298
세탁소,서울특별시,강동구,213,211,209
세탁소,부산광역시,중구,38,38,37
세탁소,부산광역시,서구,54,54,56
세탁소,부산광역시,동구,35,36,33
세탁소,부산광역시,영도구,52,52,54
세탁소,부산광역시,부산진구,158,160,163
세탁소,부산광역시,동래구,108,112,112
세탁소,부산광역시,남구,98,97,95
세탁소,부산광역시,북구,78,77,83
세탁소,부산광역시,해운대구,159,158,155
세탁소,부산광역시,사하구,149,150,151
세탁소,부산광역시,금정구,113,113,116
세탁소,부산광역시,강서구,51,52,47
세탁소,부산광역시,연제구,97,97,98
세탁소,부산광역시,수영구,88,88,87
세탁소,부산광역시,사상구,96,95,98
세탁소,부산광역시,기장군,70,70,72
세탁소,대구광역시,중구,52,51,52
세탁소,대구광역시,동구,146,146,149
세탁소,대구광역시,서구,52,52,47
세탁소,대구광역시,남구,73,73,72
세탁소,대구광역시,북구,200,199,195
세탁소,대구광역시,수성구,194,193,190
세탁소,대구광역시,달서구,211,210,212
세탁소,대구광역시,달성군,110,109,111
세탁소,대구광역시,군위군,5,5,5
세탁소,인천광역시,중구,77,77,72
세탁소,인천광역시,동구,32,32,34
세탁소,인천광역시,미추홀구,229,229,227
세탁소,인천광역시,연수구,174,174,171
세탁소,인천광역시,남동구,259,261,254
세탁소,인천광역시,부평구,235,236,231
세탁소,인천광역시,계양구,151,148,149
세탁소,인천광역시,서구,318,319,317
세탁소,인천광역시,강화군,22,22,21
세탁소,인천광역시,옹진군,7,7,6
세탁소,광주광역시,동구,79,78,77
세탁소,광주광역시,서구,199,200,195
세탁소,광주광역시,남구,116,117,118
세탁소,광주광역시,북구,317,317,314
세탁소,광주광역시,광산구,232,230,237
세탁소,대전광역시,동구,137,134,138
세탁소,대전광역시,중구,158,158,158
세탁소,대전광역시,서구,300,300,303
세탁소,대전광역시,유성구,231,232,229
세탁소,대전광역시,대덕구,112,111,111
세탁소,울산광역시,중구,76,77,78
세탁소,울산광역시,남구,173,173,169
세탁소,울산광역시,동구,60,60,60
세탁소,울산광역시,북구,78,78,80
세탁소,울산광역시,울주군,107,108,108
세탁소,세종특별자치시,0,146,147,151
세탁소,경기도,수원시 장안구,140,139,140
세탁소,경기도,수원시 권선구,180,182,179
세탁소,경기도,수원시 팔달구,113,113,115
세탁소,경기도,수원시 영통구,169,168,166
세탁소,경기도,성남시 수정구,115,114,108
세탁소,경기도,성남시 중원구,131,131,124
세탁소,경기도,성남시 분당구,230,230,231
세탁소,경기도,의정부시,214,214,211
세탁소,경기도,안양시 만안구,103,102,103
세탁소,경기도,안양시 동안구,130,128,125
세탁소,경기도,부천시 원미구,204,204,202
세탁소,경기도,부천시 소사구,93,90,90
세탁소,경기도,부천시 오정구,86,85,85
세탁소,경기도,광명시,106,106,103
세탁소,경기도,평택시,310,307,308
세탁소,경기도,동두천시,39,39,41
세탁소,경기도,안산시 상록구,190,191,183
세탁소,경기도,안산시 단원구,173,170,169
세탁소,경기도,고양시 덕양구,220,217,211
세탁소,경기도,고양시 일산동구,157,156,154
세탁소,경기도,고양시 일산서구,97,96,97
세탁소,경기도,과천시,19,18,17
세탁소,경기도,구리시,79,78,79
세탁소,경기도,남양주시,294,295,297
세탁소,경기도,오산시,122,120,114
세탁소,경기도,시흥시,267,266,261
세탁소,경기도,군포시,121,121,122
세탁소,경기도,의왕시,52,52,49
세탁소,경기도,하남시,136,134,135
세탁소,경기도,용인시 처인구,138,135,134
세탁소,경기도,용인시 기흥구,182,182,177
세탁소,경기도,용인시 수지구,123,124,121
세탁소,경기도,파주시,243,243,237
세탁소,경기도,이천시,110,111,114
세탁소,경기도,안성시,109,108,104
세탁소,경기도,김포시,230,229,213
세탁소,경기도,화성시,0,0,0
세탁소,경기도,화성시 만세구,94,92,93
세탁소,경기도,화성시 효행구,79,78,73
세탁소,경기도,화성시 병점구,71,70,82
세탁소,경기도,화성시 동탄구,140,140,113
세탁소,경기도,광주시,179,180,174
세탁소,경기도,양주시,106,104,94
세탁소,경기도,포천시,67,66,68
세탁소,경기도,여주시,55,55,59
세탁소,경기도,연천군,15,15,14
세탁소,경기도,가평군,26,26,27
세탁소,경기도,양평군,40,40,39
세탁소,충청북도,청주시 상당구,110,110,106
세탁소,충청북도,청주시 서원구,114,114,114
세탁소,충청북도,청주시 흥덕구,191,193,195
세탁소,충청북도,청주시 청원구,103,103,96
세탁소,충청북도,충주시,165,165,165
세탁소,충청북도,제천시,95,95,95
세탁소,충청북도,보은군,14,14,14
세탁소,충청북도,옥천군,20,20,20
세탁소,충청북도,영동군,24,24,23
세탁소,충청북도,증평군,23,23,25
세탁소,충청북도,진천군,38,39,42
세탁소,충청북도,괴산군,11,11,10
세탁소,충청북도,음성군,61,59,61
세탁소,충청북도,단양군,15,15,13
세탁소,충청남도,천안시 동남구,154,155,153
세탁소,충청남도,천안시 서북구,242,240,234
세탁소,충청남도,공주시,60,60,60
세탁소,충청남도,보령시,67,67,64
세탁소,충청남도,아산시,172,171,161
세탁소,충청남도,서산시,114,115,117
세탁소,충청남도,논산시,72,72,72
세탁소,충청남도,계룡시,27,27,28
세탁소,충청남도,당진시,76,76,78
세탁소,충청남도,금산군,23,23,24
세탁소,충청남도,부여군,29,29,28
세탁소,충청남도,서천군,23,23,21
세탁소,충청남도,청양군,13,13,12
세탁소,충청남도,홍성군,68,68,67
세탁소,충청남도,예산군,49,48,47
세탁소,충청남도,태안군,31,31,30
세탁소,전라남도,목포시,167,167,168
세탁소,전라남도,여수시,161,162,158
세탁소,전라남도,순천시,144,145,148
세탁소,전라남도,나주시,56,56,55
세탁소,전라남도,광양시,81,81,77
세탁소,전라남도,담양군,13,13,13
세탁소,전라남도,곡성군,8,8,8
세탁소,전라남도,구례군,16,16,17
세탁소,전라남도,고흥군,19,19,19
세탁소,전라남도,보성군,18,19,20
세탁소,전라남도,화순군,33,33,31
세탁소,전라남도,장흥군,24,24,22
세탁소,전라남도,강진군,18,19,19
세탁소,전라남도,해남군,36,35,34
세탁소,전라남도,영암군,37,37,38
세탁소,전라남도,무안군,51,52,46
세탁소,전라남도,함평군,12,12,9
세탁소,전라남도,영광군,24,24,25
세탁소,전라남도,장성군,15,15,14
세탁소,전라남도,완도군,22,22,21
세탁소,전라남도,진도군,8,8,8
세탁소,전라남도,신안군,3,3,3
세탁소,경상북도,포항시 남구,140,140,139
세탁소,경상북도,포항시 북구,130,129,129
세탁소,경상북도,경주시,156,154,152
세탁소,경상북도,김천시,64,65,62
세탁소,경상북도,안동시,110,110,108
세탁소,경상북도,구미시,241,240,234
세탁소,경상북도,영주시,79,79,79
세탁소,경상북도,영천시,48,47,47
세탁소,경상북도,상주시,54,53,52
세탁소,경상북도,문경시,43,43,43
세탁소,경상북도,경산시,144,142,149
세탁소,경상북도,의성군,20,20,20
세탁소,경상북도,청송군,15,15,15
세탁소,경상북도,영양군,8,8,8
세탁소,경상북도,영덕군,25,25,26
세탁소,경상북도,청도군,12,12,12
세탁소,경상북도,고령군,11,11,10
세탁소,경상북도,성주군,11,11,12
세탁소,경상북도,칠곡군,58,57,55
세탁소,경상북도,예천군,18,18,17
세탁소,경상북도,봉화군,14,14,14
세탁소,경상북도,울진군,25,24,24
세탁소,경상북도,울릉군,0,0,0
세탁소,경상남도,창원시 의창구,117,117,114
세탁소,경상남도,창원시 성산구,114,114,116
세탁소,경상남도,창원시 마산합포구,72,70,66
세탁소,경상남도,창원시 마산회원구,65,66,64
세탁소,경상남도,창원시 진해구,72,72,71
세탁소,경상남도,진주시,183,182,177
세탁소,경상남도,통영시,55,54,56
세탁소,경상남도,사천시,62,62,62
세탁소,경상남도,김해시,229,230,231
세탁소,경상남도,밀양시,39,40,40
세탁소,경상남도,거제시,103,102,102
세탁소,경상남도,양산시,146,148,145
세탁소,경상남도,의령군,6,6,7
세탁소,경상남도,함안군,16,16,17
세탁소,경상남도,창녕군,17,18,19
세탁소,경상남도,고성군,12,11,10
세탁소,경상남도,남해군,19,19,17
세탁소,경상남도,하동군,14,14,13
세탁소,경상남도,산청군,8,8,8
세탁소,경상남도,함양군,16,16,17
세탁소,경상남도,거창군,43,43,42
세탁소,경상남도,합천군,11,11,12
세탁소,제주특별자치도,제주시,422,423,426
세탁소,제주특별자치도,서귀포시,148,148,148
세탁소,강원특별자치도,춘천시,181,180,176
세탁소,강원특별자치도,원주시,222,222,221
세탁소,강원특별자치도,강릉시,154,154,158
세탁소,강원특별자치도,동해시,76,76,78
세탁소,강원특별자치도,태백시,34,34,35
세탁소,강원특별자치도,속초시,62,62,65
세탁소,강원특별자치도,삼척시,34,35,36
세탁소,강원특별자치도,홍천군,32,33,34
세탁소,강원특별자치도,횡성군,21,22,21
세탁소,강원특별자치도,영월군,21,21,22
세탁소,강원특별자치도,평창군,28,29,33
세탁소,강원특별자치도,정선군,23,23,23
세탁소,강원특별자치도,철원군,22,22,20
세탁소,강원특별자치도,화천군,21,21,21
세탁소,강원특별자치도,양구군,13,13,13
세탁소,강원특별자치도,인제군,20,20,21
세탁소,강원특별자치도,고성군,11,11,12
세탁소,강원특별자치도,양양군,14,14,13
세탁소,전북특별자치도,전주시 완산구,219,221,224
세탁소,전북특별자치도,전주시 덕진구,204,205,200
세탁소,전북특별자치도,군산시,168,168,166
세탁소,전북특별자치도,익산시,161,158,155
세탁소,전북특별자치도,정읍시,65,65,66
세탁소,전북특별자치도,남원시,49,48,48
세탁소,전북특별자치도,김제시,33,34,34
세탁소,전북특별자치도,완주군,35,35,37
세탁소,전북특별자치도,진안군,4,4,5
세탁소,전북특별자치도,무주군,5,6,6
세탁소,전북특별자치도,장수군,8,8,6
세탁소,전북특별자치도,임실군,12,12,12
세탁소,전북특별자치도,순창군,13,13,13
세탁소,전북특별자치도,고창군,22,22,23
세탁소,전북특별자치도,부안군,25,25,24
스포츠시설운영업,서울특별시,종로구,56,56,52
스포츠시설운영업,서울특별시,중구,52,53,55
스포츠시설운영업,서울특별시,용산구,64,64,72
스포츠시설운영업,서울특별시,성동구,74,74,72
스포츠시설운영업,서울특별시,광진구,72,72,77
스포츠시설운영업,서울특별시,동대문구,63,64,63
스포츠시설운영업,서울특별시,중랑구,50,51,52
스포츠시설운영업,서울특별시,성북구,76,79,84
스포츠시설운영업,서울특별시,강북구,53,53,57
스포츠시설운영업,서울특별시,도봉구,51,51,51
스포츠시설운영업,서울특별시,노원구,110,111,115
스포츠시설운영업,서울특별시,은평구,99,98,103
스포츠시설운영업,서울특별시,서대문구,59,59,66
스포츠시설운영업,서울특별시,마포구,128,132,136
스포츠시설운영업,서울특별시,양천구,82,81,87
스포츠시설운영업,서울특별시,강서구,139,134,139
스포츠시설운영업,서울특별시,구로구,109,108,110
스포츠시설운영업,서울특별시,금천구,48,50,53
스포츠시설운영업,서울특별시,영등포구,99,97,109
스포츠시설운영업,서울특별시,동작구,77,76,81
스포츠시설운영업,서울특별시,관악구,87,87,94
스포츠시설운영업,서울특별시,서초구,211,212,218
스포츠시설운영업,서울특별시,강남구,268,267,275
스포츠시설운영업,서울특별시,송파구,252,252,263
스포츠시설운영업,서울특별시,강동구,109,109,118
스포츠시설운영업,부산광역시,중구,14,13,12
스포츠시설운영업,부산광역시,서구,12,11,11
스포츠시설운영업,부산광역시,동구,15,14,15
스포츠시설운영업,부산광역시,영도구,9,9,10
스포츠시설운영업,부산광역시,부산진구,79,76,76
스포츠시설운영업,부산광역시,동래구,55,56,55
스포츠시설운영업,부산광역시,남구,34,36,37
스포츠시설운영업,부산광역시,북구,37,37,36
스포츠시설운영업,부산광역시,해운대구,90,90,95
스포츠시설운영업,부산광역시,사하구,28,30,35
스포츠시설운영업,부산광역시,금정구,34,33,35
스포츠시설운영업,부산광역시,강서구,35,35,34
스포츠시설운영업,부산광역시,연제구,41,40,41
스포츠시설운영업,부산광역시,수영구,44,45,46
스포츠시설운영업,부산광역시,사상구,22,23,25
스포츠시설운영업,부산광역시,기장군,35,35,35
스포츠시설운영업,대구광역시,중구,27,27,29
스포츠시설운영업,대구광역시,동구,51,51,56
스포츠시설운영업,대구광역시,서구,18,15,11
스포츠시설운영업,대구광역시,남구,17,17,17
스포츠시설운영업,대구광역시,북구,73,73,74
스포츠시설운영업,대구광역시,수성구,89,88,91
스포츠시설운영업,대구광역시,달서구,97,96,95
스포츠시설운영업,대구광역시,달성군,46,46,50
스포츠시설운영업,인천광역시,중구,44,43,41
스포츠시설운영업,인천광역시,동구,5,5,6
스포츠시설운영업,인천광역시,미추홀구,63,65,56
스포츠시설운영업,인천광역시,연수구,87,87,88
스포츠시설운영업,인천광역시,남동구,67,67,74
스포츠시설운영업,인천광역시,부평구,94,92,99
스포츠시설운영업,인천광역시,계양구,45,46,47
스포츠시설운영업,인천광역시,서구,118,115,118
스포츠시설운영업,인천광역시,강화군,5,6,5
스포츠시설운영업,광주광역시,동구,29,29,28
스포츠시설운영업,광주광역시,서구,64,65,68
스포츠시설운영업,광주광역시,남구,44,46,48
스포츠시설운영업,광주광역시,북구,75,75,73
스포츠시설운영업,광주광역시,광산구,70,69,75
스포츠시설운영업,대전광역시,동구,25,26,25
스포츠시설운영업,대전광역시,중구,25,25,25
스포츠시설운영업,대전광역시,서구,88,90,92
스포츠시설운영업,대전광역시,유성구,105,105,109
스포츠시설운영업,대전광역시,대덕구,11,11,16
스포츠시설운영업,울산광역시,중구,35,35,37
스포츠시설운영업,울산광역시,남구,80,80,79
스포츠시설운영업,울산광역시,동구,19,21,20
스포츠시설운영업,울산광역시,북구,33,33,32
스포츠시설운영업,울산광역시,울주군,33,32,30
스포츠시설운영업,세종특별자치시,0,92,94,95
스포츠시설운영업,경기도,수원시 장안구,45,47,48
스포츠시설운영업,경기도,수원시 권선구,69,67,64
스포츠시설운영업,경기도,수원시 팔달구,57,56,54
스포츠시설운영업,경기도,수원시 영통구,90,90,94
스포츠시설운영업,경기도,성남시 수정구,32,32,36
스포츠시설운영업,경기도,성남시 중원구,22,23,22
스포츠시설운영업,경기도,성남시 분당구,149,148,162
스포츠시설운영업,경기도,의정부시,90,91,100
스포츠시설운영업,경기도,안양시 만안구,31,31,32
스포츠시설운영업,경기도,안양시 동안구,96,95,97
스포츠시설운영업,경기도,부천시 원미구,103,106,108
스포츠시설운영업,경기도,부천시 소사구,46,46,46
스포츠시설운영업,경기도,부천시 오정구,9,9,13
스포츠시설운영업,경기도,광명시,63,62,63
스포츠시설운영업,경기도,평택시,122,123,122
스포츠시설운영업,경기도,동두천시,14,14,13
스포츠시설운영업,경기도,안산시 상록구,33,34,43
스포츠시설운영업,경기도,안산시 단원구,64,64,63
스포츠시설운영업,경기도,고양시 덕양구,110,109,117
스포츠시설운영업,경기도,고양시 일산동구,78,78,76
스포츠시설운영업,경기도,고양시 일산서구,60,61,66
스포츠시설운영업,경기도,과천시,14,14,13
스포츠시설운영업,경기도,구리시,37,37,37
스포츠시설운영업,경기도,남양주시,158,155,162
스포츠시설운영업,경기도,오산시,59,59,62
스포츠시설운영업,경기도,시흥시,160,162,157
스포츠시설운영업,경기도,군포시,58,56,58
스포츠시설운영업,경기도,의왕시,23,25,26
스포츠시설운영업,경기도,하남시,87,90,94
스포츠시설운영업,경기도,용인시 처인구,52,51,49
스포츠시설운영업,경기도,용인시 기흥구,100,104,101
스포츠시설운영업,경기도,용인시 수지구,72,72,77
스포츠시설운영업,경기도,파주시,80,78,81
스포츠시설운영업,경기도,이천시,34,34,36
스포츠시설운영업,경기도,안성시,32,31,33
스포츠시설운영업,경기도,김포시,94,95,106
스포츠시설운영업,경기도,화성시 만세구,67,67,67
스포츠시설운영업,경기도,화성시 효행구,25,25,25
스포츠시설운영업,경기도,화성시 병점구,51,51,54
스포츠시설운영업,경기도,화성시 동탄구,133,135,121
스포츠시설운영업,경기도,광주시,79,79,81
스포츠시설운영업,경기도,양주시,36,36,36
스포츠시설운영업,경기도,포천시,31,30,28
스포츠시설운영업,경기도,여주시,16,16,16
스포츠시설운영업,경기도,연천군,4,4,4
스포츠시설운영업,경기도,가평군,12,11,10
스포츠시설운영업,경기도,양평군,15,15,14
스포츠시설운영업,충청북도,청주시 상당구,32,32,39
스포츠시설운영업,충청북도,청주시 서원구,39,39,34
스포츠시설운영업,충청북도,청주시 흥덕구,50,48,48
스포츠시설운영업,충청북도,청주시 청원구,44,44,48
스포츠시설운영업,충청북도,충주시,40,40,39
스포츠시설운영업,충청북도,제천시,18,19,23
스포츠시설운영업,충청북도,보은군,0,0,0
스포츠시설운영업,충청북도,옥천군,6,6,7
스포츠시설운영업,충청북도,영동군,4,4,4
스포츠시설운영업,충청북도,증평군,4,5,4
스포츠시설운영업,충청북도,진천군,12,11,11
스포츠시설운영업,충청북도,괴산군,3,3,3
스포츠시설운영업,충청북도,음성군,20,19,19
스포츠시설운영업,충청북도,단양군,3,3,4
스포츠시설운영업,충청남도,천안시 동남구,38,36,37
스포츠시설운영업,충청남도,천안시 서북구,79,77,83
스포츠시설운영업,충청남도,공주시,19,19,22
스포츠시설운영업,충청남도,보령시,13,12,8
스포츠시설운영업,충청남도,아산시,44,45,42
스포츠시설운영업,충청남도,서산시,19,18,18
스포츠시설운영업,충청남도,논산시,11,11,11
스포츠시설운영업,충청남도,계룡시,7,7,8
스포츠시설운영업,충청남도,당진시,24,24,27
스포츠시설운영업,충청남도,금산군,5,5,5
스포츠시설운영업,충청남도,부여군,0,0,0
스포츠시설운영업,충청남도,서천군,4,4,4
스포츠시설운영업,충청남도,홍성군,8,9,8
스포츠시설운영업,충청남도,예산군,12,12,14
스포츠시설운영업,충청남도,태안군,7,7,6
스포츠시설운영업,전라남도,목포시,26,27,26
스포츠시설운영업,전라남도,여수시,32,32,35
스포츠시설운영업,전라남도,순천시,61,60,61
스포츠시설운영업,전라남도,나주시,14,14,12
스포츠시설운영업,전라남도,광양시,25,26,28
스포츠시설운영업,전라남도,담양군,0,0,0
스포츠시설운영업,전라남도,곡성군,3,3,3
스포츠시설운영업,전라남도,구례군,4,4,0
스포츠시설운영업,전라남도,고흥군,3,3,3
스포츠시설운영업,전라남도,보성군,0,0,0
스포츠시설운영업,전라남도,화순군,12,12,12
스포츠시설운영업,전라남도,장흥군,0,0,0
스포츠시설운영업,전라남도,해남군,0,0,0
스포츠시설운영업,전라남도,영암군,0,0,0
스포츠시설운영업,전라남도,무안군,10,10,10
스포츠시설운영업,전라남도,함평군,0,0,0
스포츠시설운영업,전라남도,영광군,0,0,0
스포츠시설운영업,전라남도,장성군,5,5,4
스포츠시설운영업,전라남도,진도군,3,3,0
스포츠시설운영업,경상북도,포항시 남구,35,36,37
스포츠시설운영업,경상북도,포항시 북구,51,51,52
스포츠시설운영업,경상북도,경주시,32,31,30
스포츠시설운영업,경상북도,김천시,29,29,30
스포츠시설운영업,경상북도,안동시,19,19,20
스포츠시설운영업,경상북도,구미시,72,72,73
스포츠시설운영업,경상북도,영주시,26,26,27
스포츠시설운영업,경상북도,영천시,17,17,16
스포츠시설운영업,경상북도,상주시,12,12,11
스포츠시설운영업,경상북도,문경시,12,12,10
스포츠시설운영업,경상북도,경산시,48,49,50
스포츠시설운영업,경상북도,의성군,0,0,0
스포츠시설운영업,경상북도,청송군,0,0,0
스포츠시설운영업,경상북도,영덕군,0,0,0
스포츠시설운영업,경상북도,청도군,0,0,0
스포츠시설운영업,경상북도,고령군,0,0,0
스포츠시설운영업,경상북도,성주군,0,0,0
스포츠시설운영업,경상북도,칠곡군,20,20,17
스포츠시설운영업,경상북도,예천군,9,9,8
스포츠시설운영업,경상북도,봉화군,3,3,3
스포츠시설운영업,경상북도,울진군,6,6,7
스포츠시설운영업,경상북도,울릉군,0,0,0
스포츠시설운영업,경상남도,창원시 의창구,32,32,37
스포츠시설운영업,경상남도,창원시 성산구,56,54,58
스포츠시설운영업,경상남도,창원시 마산합포구,27,27,24
스포츠시설운영업,경상남도,창원시 마산회원구,17,17,19
스포츠시설운영업,경상남도,창원시 진해구,21,22,24
스포츠시설운영업,경상남도,진주시,69,68,64
스포츠시설운영업,경상남도,통영시,19,20,20
스포츠시설운영업,경상남도,사천시,18,18,19
스포츠시설운영업,경상남도,김해시,111,111,119
스포츠시설운영업,경상남도,밀양시,8,8,7
스포츠시설운영업,경상남도,거제시,48,48,48
스포츠시설운영업,경상남도,양산시,63,64,67
스포츠시설운영업,경상남도,의령군,0,0,0
스포츠시설운영업,경상남도,함안군,4,4,4
스포츠시설운영업,경상남도,창녕군,4,4,3
스포츠시설운영업,경상남도,고성군,6,6,5
스포츠시설운영업,경상남도,남해군,3,3,5
스포츠시설운영업,경상남도,하동군,3,3,5
스포츠시설운영업,경상남도,산청군,0,0,0
스포츠시설운영업,경상남도,함양군,3,3,4
스포츠시설운영업,경상남도,거창군,10,10,11
스포츠시설운영업,경상남도,합천군,0,0,0
스포츠시설운영업,제주특별자치도,제주시,95,96,103
스포츠시설운영업,제주특별자치도,서귀포시,39,38,45
스포츠시설운영업,강원특별자치도,춘천시,61,60,61
스포츠시설운영업,강원특별자치도,원주시,77,75,79
스포츠시설운영업,강원특별자치도,강릉시,50,51,44
스포츠시설운영업,강원특별자치도,동해시,15,16,16
스포츠시설운영업,강원특별자치도,태백시,11,11,15
스포츠시설운영업,강원특별자치도,속초시,21,21,20
스포츠시설운영업,강원특별자치도,삼척시,8,8,9
스포츠시설운영업,강원특별자치도,홍천군,5,5,4
스포츠시설운영업,강원특별자치도,횡성군,0,0,0
스포츠시설운영업,강원특별자치도,영월군,5,5,5
스포츠시설운영업,강원특별자치도,평창군,3,3,4
스포츠시설운영업,강원특별자치도,정선군,5,5,4
스포츠시설운영업,강원특별자치도,철원군,3,3,4
스포츠시설운영업,강원특별자치도,화천군,0,0,0
스포츠시설운영업,강원특별자치도,양구군,7,7,7
스포츠시설운영업,강원특별자치도,인제군,0,0,0
스포츠시설운영업,강원특별자치도,고성군,0,0,0
스포츠시설운영업,강원특별자치도,양양군,0,0,0
스포츠시설운영업,전북특별자치도,전주시 완산구,82,83,85
스포츠시설운영업,전북특별자치도,전주시 덕진구,85,85,85
스포츠시설운영업,전북특별자치도,군산시,35,36,40
스포츠시설운영업,전북특별자치도,익산시,38,38,36
스포츠시설운영업,전북특별자치도,정읍시,7,7,7
스포츠시설운영업,전북특별자치도,남원시,11,11,10
스포츠시설운영업,전북특별자치도,김제시,11,11,12
스포츠시설운영업,전북특별자치도,완주군,17,18,17
스포츠시설운영업,전북특별자치도,진안군,0,0,0
스포츠시설운영업,전북특별자치도,무주군,0,0,0
스포츠시설운영업,전북특별자치도,장수군,0,0,0
스포츠시설운영업,전북특별자치도,임실군,0,0,0
스포츠시설운영업,전북특별자치도,고창군,3,3,0
스포츠시설운영업,전북특별자치도,부안군,3,3,5
실내스크린골프점,서울특별시,종로구,19,19,19
실내스크린골프점,서울특별시,중구,30,30,32
실내스크린골프점,서울특별시,용산구,14,14,14
실내스크린골프점,서울특별시,성동구,27,26,27
실내스크린골프점,서울특별시,광진구,34,33,30
실내스크린골프점,서울특별시,동대문구,35,35,34
실내스크린골프점,서울특별시,중랑구,24,25,22
실내스크린골프점,서울특별시,성북구,27,27,26
실내스크린골프점,서울특별시,강북구,22,22,22
실내스크린골프점,서울특별시,도봉구,26,25,25
실내스크린골프점,서울특별시,노원구,60,59,55
실내스크린골프점,서울특별시,은평구,23,23,25
실내스크린골프점,서울특별시,서대문구,16,16,18
실내스크린골프점,서울특별시,마포구,32,33,35
실내스크린골프점,서울특별시,양천구,62,62,61
실내스크린골프점,서울특별시,강서구,90,90,89
실내스크린골프점,서울특별시,구로구,52,52,52
실내스크린골프점,서울특별시,금천구,34,34,34
실내스크린골프점,서울특별시,영등포구,77,76,73
실내스크린골프점,서울특별시,동작구,26,26,25
실내스크린골프점,서울특별시,관악구,30,30,28
실내스크린골프점,서울특별시,서초구,73,73,73
실내스크린골프점,서울특별시,강남구,162,164,176
실내스크린골프점,서울특별시,송파구,123,123,125
실내스크린골프점,서울특별시,강동구,64,64,63
실내스크린골프점,부산광역시,중구,3,3,4
실내스크린골프점,부산광역시,서구,10,10,9
실내스크린골프점,부산광역시,동구,10,10,9
실내스크린골프점,부산광역시,영도구,8,8,8
실내스크린골프점,부산광역시,부산진구,40,41,39
실내스크린골프점,부산광역시,동래구,31,31,31
실내스크린골프점,부산광역시,남구,22,22,24
실내스크린골프점,부산광역시,북구,24,24,23
실내스크린골프점,부산광역시,해운대구,59,60,59
실내스크린골프점,부산광역시,사하구,35,35,34
실내스크린골프점,부산광역시,금정구,35,36,36
실내스크린골프점,부산광역시,강서구,63,64,66
실내스크린골프점,부산광역시,연제구,24,24,26
실내스크린골프점,부산광역시,수영구,17,17,18
실내스크린골프점,부산광역시,사상구,27,27,27
실내스크린골프점,부산광역시,기장군,35,35,35
실내스크린골프점,대구광역시,중구,13,12,11
실내스크린골프점,대구광역시,동구,72,72,69
실내스크린골프점,대구광역시,서구,23,23,25
실내스크린골프점,대구광역시,남구,11,11,10
실내스크린골프점,대구광역시,북구,87,86,85
실내스크린골프점,대구광역시,수성구,107,109,98
실내스크린골프점,대구광역시,달서구,116,116,107
실내스크린골프점,대구광역시,달성군,58,57,51
실내스크린골프점,대구광역시,군위군,0,0,0
실내스크린골프점,인천광역시,중구,28,27,29
실내스크린골프점,인천광역시,동구,0,0,0
실내스크린골프점,인천광역시,미추홀구,40,41,43
실내스크린골프점,인천광역시,연수구,56,57,59
실내스크린골프점,인천광역시,남동구,74,73,75
실내스크린골프점,인천광역시,부평구,37,37,39
실내스크린골프점,인천광역시,계양구,37,36,36
실내스크린골프점,인천광역시,서구,103,103,96
실내스크린골프점,인천광역시,강화군,0,0,0
실내스크린골프점,인천광역시,옹진군,0,0,0
실내스크린골프점,광주광역시,동구,5,5,6
실내스크린골프점,광주광역시,서구,51,52,51
실내스크린골프점,광주광역시,남구,27,29,28
실내스크린골프점,광주광역시,북구,57,57,54
실내스크린골프점,광주광역시,광산구,66,65,65
실내스크린골프점,대전광역시,동구,26,26,26
실내스크린골프점,대전광역시,중구,26,26,25
실내스크린골프점,대전광역시,서구,92,95,98
실내스크린골프점,대전광역시,유성구,97,97,101
실내스크린골프점,대전광역시,대덕구,32,33,34
실내스크린골프점,울산광역시,중구,36,35,35
실내스크린골프점,울산광역시,남구,94,93,89
실내스크린골프점,울산광역시,동구,16,16,16
실내스크린골프점,울산광역시,북구,52,52,47
실내스크린골프점,울산광역시,울주군,54,54,55
실내스크린골프점,세종특별자치시,0,66,67,61
실내스크린골프점,경기도,수원시 장안구,42,42,42
실내스크린골프점,경기도,수원시 권선구,79,80,78
실내스크린골프점,경기도,수원시 팔달구,20,20,19
실내스크린골프점,경기도,수원시 영통구,61,61,67
실내스크린골프점,경기도,성남시 수정구,38,38,40
실내스크린골프점,경기도,성남시 중원구,16,16,17
실내스크린골프점,경기도,성남시 분당구,117,121,116
실내스크린골프점,경기도,의정부시,63,64,65
실내스크린골프점,경기도,안양시 만안구,24,23,21
실내스크린골프점,경기도,안양시 동안구,68,68,68
실내스크린골프점,경기도,부천시 원미구,60,60,65
실내스크린골프점,경기도,부천시 소사구,21,21,20
실내스크린골프점,경기도,부천시 오정구,16,16,15
실내스크린골프점,경기도,광명시,46,46,47
실내스크린골프점,경기도,평택시,105,106,103
실내스크린골프점,경기도,동두천시,6,6,6
실내스크린골프점,경기도,안산시 상록구,40,40,40
실내스크린골프점,경기도,안산시 단원구,80,80,79
실내스크린골프점,경기도,고양시 덕양구,85,85,80
실내스크린골프점,경기도,고양시 일산동구,71,71,72
실내스크린골프점,경기도,고양시 일산서구,48,48,49
실내스크린골프점,경기도,과천시,13,13,13
실내스크린골프점,경기도,구리시,44,44,42
실내스크린골프점,경기도,남양주시,166,165,153
실내스크린골프점,경기도,오산시,70,71,73
실내스크린골프점,경기도,시흥시,125,124,122
실내스크린골프점,경기도,군포시,46,49,47
실내스크린골프점,경기도,의왕시,29,29,29
실내스크린골프점,경기도,하남시,105,105,103
실내스크린골프점,경기도,용인시 처인구,78,79,73
실내스크린골프점,경기도,용인시 기흥구,95,96,100
실내스크린골프점,경기도,용인시 수지구,78,76,79
실내스크린골프점,경기도,파주시,86,87,87
실내스크린골프점,경기도,이천시,49,50,43
실내스크린골프점,경기도,안성시,41,41,39
실내스크린골프점,경기도,김포시,77,77,80
실내스크린골프점,경기도,화성시,0,0,0
실내스크린골프점,경기도,화성시 만세구,86,83,85
실내스크린골프점,경기도,화성시 효행구,32,32,30
실내스크린골프점,경기도,화성시 병점구,44,44,46
실내스크린골프점,경기도,화성시 동탄구,79,77,70
실내스크린골프점,경기도,광주시,96,95,95
실내스크린골프점,경기도,양주시,55,54,51
실내스크린골프점,경기도,포천시,51,52,48
실내스크린골프점,경기도,여주시,34,34,33
실내스크린골프점,경기도,연천군,5,5,4
실내스크린골프점,경기도,가평군,15,15,15
실내스크린골프점,경기도,양평군,21,21,21
실내스크린골프점,충청북도,청주시 상당구,30,30,29
실내스크린골프점,충청북도,청주시 서원구,42,42,45
실내스크린골프점,충청북도,청주시 흥덕구,64,64,60
실내스크린골프점,충청북도,청주시 청원구,58,59,57
실내스크린골프점,충청북도,충주시,46,47,40
실내스크린골프점,충청북도,제천시,36,37,36
실내스크린골프점,충청북도,보은군,0,0,0
실내스크린골프점,충청북도,옥천군,4,4,3
실내스크린골프점,충청북도,영동군,4,3,0
실내스크린골프점,충청북도,증평군,8,8,8
실내스크린골프점,충청북도,진천군,22,22,22
실내스크린골프점,충청북도,괴산군,0,0,0
실내스크린골프점,충청북도,음성군,31,31,31
실내스크린골프점,충청북도,단양군,6,6,5
실내스크린골프점,충청남도,천안시 동남구,43,44,43
실내스크린골프점,충청남도,천안시 서북구,96,97,94
실내스크린골프점,충청남도,공주시,15,15,15
실내스크린골프점,충청남도,보령시,27,27,28
실내스크린골프점,충청남도,아산시,73,74,75
실내스크린골프점,충청남도,서산시,32,31,31
실내스크린골프점,충청남도,논산시,21,21,19
실내스크린골프점,충청남도,계룡시,12,12,11
실내스크린골프점,충청남도,당진시,40,40,38
실내스크린골프점,충청남도,금산군,5,5,5
실내스크린골프점,충청남도,부여군,6,6,7
실내스크린골프점,충청남도,서천군,7,7,8
실내스크린골프점,충청남도,청양군,0,0,0
실내스크린골프점,충청남도,홍성군,19,20,17
실내스크린골프점,충청남도,예산군,11,11,6
실내스크린골프점,충청남도,태안군,5,5,6
실내스크린골프점,전라남도,목포시,23,23,22
실내스크린골프점,전라남도,여수시,54,52,51
실내스크린골프점,전라남도,순천시,50,52,52
실내스크린골프점,전라남도,나주시,31,31,29
실내스크린골프점,전라남도,광양시,40,39,37
실내스크린골프점,전라남도,담양군,3,3,4
실내스크린골프점,전라남도,곡성군,5,5,5
실내스크린골프점,전라남도,구례군,3,3,3
실내스크린골프점,전라남도,고흥군,9,9,9
실내스크린골프점,전라남도,보성군,4,4,4
실내스크린골프점,전라남도,화순군,5,5,5
실내스크린골프점,전라남도,장흥군,5,5,5
실내스크린골프점,전라남도,강진군,0,0,0
실내스크린골프점,전라남도,해남군,8,8,8
실내스크린골프점,전라남도,영암군,6,6,8
실내스크린골프점,전라남도,무안군,22,22,22
실내스크린골프점,전라남도,함평군,4,4,4
실내스크린골프점,전라남도,영광군,8,8,8
실내스크린골프점,전라남도,장성군,5,5,4
실내스크린골프점,전라남도,완도군,7,7,8
실내스크린골프점,전라남도,진도군,0,0,0
실내스크린골프점,전라남도,신안군,0,0,0
실내스크린골프점,경상북도,포항시 남구,44,46,46
실내스크린골프점,경상북도,포항시 북구,62,63,59
실내스크린골프점,경상북도,경주시,56,55,43
실내스크린골프점,경상북도,김천시,21,20,20
실내스크린골프점,경상북도,안동시,38,38,31
실내스크린골프점,경상북도,구미시,90,89,86
실내스크린골프점,경상북도,영주시,13,13,11
실내스크린골프점,경상북도,영천시,8,8,11
실내스크린골프점,경상북도,상주시,14,13,14
실내스크린골프점,경상북도,문경시,7,7,7
실내스크린골프점,경상북도,경산시,62,59,55
실내스크린골프점,경상북도,의성군,6,6,5
실내스크린골프점,경상북도,청송군,7,7,5
실내스크린골프점,경상북도,영양군,5,5,5
실내스크린골프점,경상북도,영덕군,8,8,8
실내스크린골프점,경상북도,청도군,0,0,0
실내스크린골프점,경상북도,고령군,3,3,3
실내스크린골프점,경상북도,성주군,6,6,6
실내스크린골프점,경상북도,칠곡군,32,32,30
실내스크린골프점,경상북도,예천군,4,4,4
실내스크린골프점,경상북도,봉화군,5,5,5
실내스크린골프점,경상북도,울진군,13,13,13
실내스크린골프점,경상북도,울릉군,0,0,0
실내스크린골프점,경상남도,창원시 의창구,57,55,54
실내스크린골프점,경상남도,창원시 성산구,54,51,55
실내스크린골프점,경상남도,창원시 마산합포구,32,32,35
실내스크린골프점,경상남도,창원시 마산회원구,27,27,28
실내스크린골프점,경상남도,창원시 진해구,42,42,43
실내스크린골프점,경상남도,진주시,64,63,58
실내스크린골프점,경상남도,통영시,26,26,26
실내스크린골프점,경상남도,사천시,13,14,14
실내스크린골프점,경상남도,김해시,142,143,145
실내스크린골프점,경상남도,밀양시,16,16,16
실내스크린골프점,경상남도,거제시,28,28,24
실내스크린골프점,경상남도,양산시,68,68,68
실내스크린골프점,경상남도,의령군,4,4,3
실내스크린골프점,경상남도,함안군,16,16,15
실내스크린골프점,경상남도,창녕군,11,11,10
실내스크린골프점,경상남도,고성군,5,5,4
실내스크린골프점,경상남도,남해군,4,4,4
실내스크린골프점,경상남도,하동군,6,6,6
실내스크린골프점,경상남도,산청군,5,6,7
실내스크린골프점,경상남도,함양군,4,4,4
실내스크린골프점,경상남도,거창군,10,10,8
실내스크린골프점,경상남도,합천군,5,5,5
실내스크린골프점,제주특별자치도,제주시,153,150,155
실내스크린골프점,제주특별자치도,서귀포시,36,36,35
실내스크린골프점,강원특별자치도,춘천시,47,48,48
실내스크린골프점,강원특별자치도,원주시,78,78,80
실내스크린골프점,강원특별자치도,강릉시,47,47,45
실내스크린골프점,강원특별자치도,동해시,22,22,19
실내스크린골프점,강원특별자치도,태백시,12,12,12
실내스크린골프점,강원특별자치도,속초시,29,29,28
실내스크린골프점,강원특별자치도,삼척시,14,14,14
실내스크린골프점,강원특별자치도,홍천군,11,11,13
실내스크린골프점,강원특별자치도,횡성군,5,5,4
실내스크린골프점,강원특별자치도,영월군,6,6,5
실내스크린골프점,강원특별자치도,평창군,18,18,18
실내스크린골프점,강원특별자치도,정선군,11,11,11
실내스크린골프점,강원특별자치도,철원군,10,10,11
실내스크린골프점,강원특별자치도,화천군,5,4,3
실내스크린골프점,강원특별자치도,양구군,6,6,7
실내스크린골프점,강원특별자치도,인제군,6,6,6
실내스크린골프점,강원특별자치도,고성군,4,4,3
실내스크린골프점,강원특별자치도,양양군,4,4,4
실내스크린골프점,전북특별자치도,전주시 완산구,76,76,81
실내스크린골프점,전북특별자치도,전주시 덕진구,71,73,73
실내스크린골프점,전북특별자치도,군산시,52,51,52
실내스크린골프점,전북특별자치도,익산시,55,55,54
실내스크린골프점,전북특별자치도,정읍시,11,11,10
실내스크린골프점,전북특별자치도,남원시,15,15,18
실내스크린골프점,전북특별자치도,김제시,9,9,9
실내스크린골프점,전북특별자치도,완주군,25,25,24
실내스크린골프점,전북특별자치도,진안군,0,0,0
실내스크린골프점,전북특별자치도,무주군,5,5,5
실내스크린골프점,전북특별자치도,장수군,3,3,3
실내스크린골프점,전북특별자치도,임실군,0,0,0
실내스크린골프점,전북특별자치도,순창군,0,0,0
실내스크린골프점,전북특별자치도,고창군,9,10,10
실내스크린골프점,전북특별자치도,부안군,9,9,7
실외골프연습장,서울특별시,종로구,0,0,0
실외골프연습장,서울특별시,중구,5,5,6
실외골프연습장,서울특별시,용산구,9,9,9
실외골프연습장,서울특별시,성동구,7,7,8
실외골프연습장,서울특별시,광진구,6,6,7
실외골프연습장,서울특별시,동대문구,0,0,0
실외골프연습장,서울특별시,중랑구,4,4,4
실외골프연습장,서울특별시,성북구,3,3,4
실외골프연습장,서울특별시,강북구,0,0,0
실외골프연습장,서울특별시,도봉구,4,4,5
실외골프연습장,서울특별시,노원구,21,21,25
실외골프연습장,서울특별시,은평구,5,5,6
실외골프연습장,서울특별시,서대문구,6,6,6
실외골프연습장,서울특별시,마포구,12,12,11
실외골프연습장,서울특별시,양천구,13,13,13
실외골프연습장,서울특별시,강서구,11,11,12
실외골프연습장,서울특별시,구로구,11,11,13
실외골프연습장,서울특별시,금천구,3,3,4
실외골프연습장,서울특별시,영등포구,13,14,15
실외골프연습장,서울특별시,동작구,5,5,6
실외골프연습장,서울특별시,관악구,14,14,14
실외골프연습장,서울특별시,서초구,18,19,20
실외골프연습장,서울특별시,강남구,31,31,34
실외골프연습장,서울특별시,송파구,29,29,29
실외골프연습장,서울특별시,강동구,14,14,16
실외골프연습장,부산광역시,중구,3,4,3
실외골프연습장,부산광역시,서구,0,0,0
실외골프연습장,부산광역시,동구,0,0,0
실외골프연습장,부산광역시,영도구,0,0,0
실외골프연습장,부산광역시,부산진구,6,6,7
실외골프연습장,부산광역시,동래구,10,11,11
실외골프연습장,부산광역시,남구,9,9,9
실외골프연습장,부산광역시,북구,5,5,6
실외골프연습장,부산광역시,해운대구,15,15,17
실외골프연습장,부산광역시,사하구,6,6,5
실외골프연습장,부산광역시,금정구,5,5,5
실외골프연습장,부산광역시,강서구,5,5,5
실외골프연습장,부산광역시,연제구,11,11,11
실외골프연습장,부산광역시,수영구,5,5,6
실외골프연습장,부산광역시,사상구,9,9,10
실외골프연습장,부산광역시,기장군,10,10,7
실외골프연습장,대구광역시,중구,0,0,0
실외골프연습장,대구광역시,동구,12,11,10
실외골프연습장,대구광역시,서구,4,4,4
실외골프연습장,대구광역시,남구,3,3,3
실외골프연습장,대구광역시,북구,8,8,8
실외골프연습장,대구광역시,수성구,16,17,23
실외골프연습장,대구광역시,달서구,14,14,14
실외골프연습장,대구광역시,달성군,14,14,14
실외골프연습장,인천광역시,중구,4,4,4
실외골프연습장,인천광역시,미추홀구,5,6,7
실외골프연습장,인천광역시,연수구,9,9,8
실외골프연습장,인천광역시,남동구,8,8,9
실외골프연습장,인천광역시,부평구,8,8,9
실외골프연습장,인천광역시,계양구,6,6,6
실외골프연습장,인천광역시,서구,13,13,17
실외골프연습장,인천광역시,강화군,0,0,0
실외골프연습장,광주광역시,동구,5,5,4
실외골프연습장,광주광역시,서구,8,8,8
실외골프연습장,광주광역시,남구,3,3,3
실외골프연습장,광주광역시,북구,12,12,14
실외골프연습장,광주광역시,광산구,11,11,14
실외골프연습장,대전광역시,동구,0,0,0
실외골프연습장,대전광역시,중구,8,7,8
실외골프연습장,대전광역시,서구,15,14,15
실외골프연습장,대전광역시,유성구,17,17,17
실외골프연습장,대전광역시,대덕구,3,3,4
실외골프연습장,울산광역시,중구,6,6,5
실외골프연습장,울산광역시,남구,18,18,15
실외골프연습장,울산광역시,동구,3,3,4
실외골프연습장,울산광역시,북구,10,10,11
실외골프연습장,울산광역시,울주군,12,12,12
실외골프연습장,세종특별자치시,0,10,10,10
실외골프연습장,경기도,수원시 장안구,0,0,0
실외골프연습장,경기도,수원시 권선구,13,11,11
실외골프연습장,경기도,수원시 팔달구,3,3,3
실외골프연습장,경기도,수원시 영통구,6,6,7
실외골프연습장,경기도,성남시 수정구,3,3,4
실외골프연습장,경기도,성남시 중원구,0,0,0
실외골프연습장,경기도,성남시 분당구,19,19,20
실외골프연습장,경기도,의정부시,8,8,9
실외골프연습장,경기도,안양시 만안구,5,5,5
실외골프연습장,경기도,안양시 동안구,12,12,12
실외골프연습장,경기도,부천시 원미구,14,14,14
실외골프연습장,경기도,부천시 소사구,0,0,0
실외골프연습장,경기도,광명시,5,5,5
실외골프연습장,경기도,평택시,20,20,23
실외골프연습장,경기도,동두천시,0,0,0
실외골프연습장,경기도,안산시 상록구,6,6,6
실외골프연습장,경기도,안산시 단원구,7,7,6
실외골프연습장,경기도,고양시 덕양구,8,8,9
실외골프연습장,경기도,고양시 일산동구,16,16,19
실외골프연습장,경기도,고양시 일산서구,9,9,11
실외골프연습장,경기도,과천시,0,0,0
실외골프연습장,경기도,구리시,6,6,6
실외골프연습장,경기도,남양주시,18,18,20
실외골프연습장,경기도,오산시,8,8,9
실외골프연습장,경기도,시흥시,15,15,15
실외골프연습장,경기도,군포시,11,11,13
실외골프연습장,경기도,의왕시,3,3,3
실외골프연습장,경기도,하남시,9,9,9
실외골프연습장,경기도,용인시 처인구,9,9,10
실외골프연습장,경기도,용인시 기흥구,21,21,21
실외골프연습장,경기도,용인시 수지구,13,13,16
실외골프연습장,경기도,파주시,12,12,12
실외골프연습장,경기도,이천시,10,10,10
실외골프연습장,경기도,안성시,12,12,12
실외골프연습장,경기도,김포시,11,11,12
실외골프연습장,경기도,화성시 만세구,17,17,17
실외골프연습장,경기도,화성시 효행구,5,5,5
실외골프연습장,경기도,화성시 병점구,7,7,5
실외골프연습장,경기도,화성시 동탄구,8,8,8
실외골프연습장,경기도,광주시,24,24,23
실외골프연습장,경기도,양주시,11,11,10
실외골프연습장,경기도,포천시,8,8,10
실외골프연습장,경기도,여주시,7,7,6
실외골프연습장,경기도,연천군,0,0,0
실외골프연습장,경기도,가평군,3,3,3
실외골프연습장,경기도,양평군,5,5,5
실외골프연습장,충청북도,청주시 상당구,6,6,7
실외골프연습장,충청북도,청주시 서원구,9,9,10
실외골프연습장,충청북도,청주시 흥덕구,12,12,15
실외골프연습장,충청북도,청주시 청원구,13,13,14
실외골프연습장,충청북도,충주시,13,13,13
실외골프연습장,충청북도,제천시,11,11,10
실외골프연습장,충청북도,보은군,3,3,3
실외골프연습장,충청북도,옥천군,3,3,3
실외골프연습장,충청북도,영동군,0,0,0
실외골프연습장,충청북도,증평군,0,0,0
실외골프연습장,충청북도,진천군,7,8,8
실외골프연습장,충청북도,음성군,6,6,6
실외골프연습장,충청남도,천안시 동남구,9,9,9
실외골프연습장,충청남도,천안시 서북구,14,14,16
실외골프연습장,충청남도,공주시,5,5,6
실외골프연습장,충청남도,보령시,4,4,4
실외골프연습장,충청남도,아산시,11,11,11
실외골프연습장,충청남도,서산시,11,11,11
실외골프연습장,충청남도,논산시,7,7,6
실외골프연습장,충청남도,계룡시,3,3,4
실외골프연습장,충청남도,당진시,5,5,6
실외골프연습장,충청남도,금산군,5,5,5
실외골프연습장,충청남도,서천군,0,0,0
실외골프연습장,충청남도,홍성군,5,5,6
실외골프연습장,충청남도,예산군,3,3,4
실외골프연습장,충청남도,태안군,4,4,4
실외골프연습장,전라남도,목포시,11,11,12
실외골프연습장,전라남도,여수시,16,16,17
실외골프연습장,전라남도,순천시,14,14,15
실외골프연습장,전라남도,나주시,0,0,0
실외골프연습장,전라남도,광양시,12,12,14
실외골프연습장,전라남도,담양군,3,3,3
실외골프연습장,전라남도,곡성군,0,0,0
실외골프연습장,전라남도,구례군,0,0,0
실외골프연습장,전라남도,고흥군,4,4,4
실외골프연습장,전라남도,보성군,3,3,3
실외골프연습장,전라남도,화순군,3,3,3
실외골프연습장,전라남도,장흥군,0,0,0
실외골프연습장,전라남도,강진군,0,0,0
실외골프연습장,전라남도,해남군,0,0,0
실외골프연습장,전라남도,영암군,4,4,4
실외골프연습장,전라남도,무안군,3,3,0
실외골프연습장,전라남도,함평군,0,0,0
실외골프연습장,전라남도,완도군,0,0,0
실외골프연습장,전라남도,진도군,0,0,0
실외골프연습장,경상북도,포항시 남구,18,18,18
실외골프연습장,경상북도,포항시 북구,17,17,17
실외골프연습장,경상북도,경주시,21,21,21
실외골프연습장,경상북도,김천시,8,8,8
실외골프연습장,경상북도,안동시,12,12,15
실외골프연습장,경상북도,구미시,19,19,20
실외골프연습장,경상북도,영주시,5,5,4
실외골프연습장,경상북도,영천시,10,10,10
실외골프연습장,경상북도,상주시,5,5,5
실외골프연습장,경상북도,문경시,0,0,0
실외골프연습장,경상북도,경산시,16,16,16
실외골프연습장,경상북도,의성군,0,0,0
실외골프연습장,경상북도,청송군,0,0,0
실외골프연습장,경상북도,영양군,0,0,0
실외골프연습장,경상북도,영덕군,4,4,4
실외골프연습장,경상북도,청도군,5,5,5
실외골프연습장,경상북도,고령군,0,0,0
실외골프연습장,경상북도,성주군,0,0,0
실외골프연습장,경상북도,칠곡군,11,11,12
실외골프연습장,경상북도,예천군,4,4,4
실외골프연습장,경상북도,봉화군,0,0,0
실외골프연습장,경상북도,울진군,3,3,3
실외골프연습장,경상남도,창원시 의창구,6,6,4
실외골프연습장,경상남도,창원시 성산구,12,12,12
실외골프연습장,경상남도,창원시 마산합포구,12,13,13
실외골프연습장,경상남도,창원시 마산회원구,4,4,4
실외골프연습장,경상남도,창원시 진해구,13,13,13
실외골프연습장,경상남도,진주시,13,13,15
실외골프연습장,경상남도,통영시,3,3,0
실외골프연습장,경상남도,사천시,8,8,7
실외골프연습장,경상남도,김해시,25,24,26
실외골프연습장,경상남도,밀양시,4,4,4
실외골프연습장,경상남도,거제시,10,10,10
실외골프연습장,경상남도,양산시,13,13,13
실외골프연습장,경상남도,의령군,3,3,3
실외골프연습장,경상남도,함안군,0,0,0
실외골프연습장,경상남도,창녕군,3,3,3
실외골프연습장,경상남도,고성군,3,3,3
실외골프연습장,경상남도,남해군,0,0,0
실외골프연습장,경상남도,하동군,0,0,0
실외골프연습장,경상남도,산청군,0,0,0
실외골프연습장,경상남도,함양군,0,0,0
실외골프연습장,경상남도,거창군,5,5,5
실외골프연습장,경상남도,합천군,5,4,5
실외골프연습장,제주특별자치도,제주시,35,35,36
실외골프연습장,제주특별자치도,서귀포시,17,18,18
실외골프연습장,강원특별자치도,춘천시,13,14,16
실외골프연습장,강원특별자치도,원주시,20,20,21
실외골프연습장,강원특별자치도,강릉시,17,17,18
실외골프연습장,강원특별자치도,동해시,8,8,8
실외골프연습장,강원특별자치도,태백시,0,0,0
실외골프연습장,강원특별자치도,속초시,3,3,4
실외골프연습장,강원특별자치도,삼척시,4,4,4
실외골프연습장,강원특별자치도,홍천군,5,5,4
실외골프연습장,강원특별자치도,횡성군,4,4,4
실외골프연습장,강원특별자치도,영월군,0,0,0
실외골프연습장,강원특별자치도,평창군,4,4,5
실외골프연습장,강원특별자치도,정선군,0,0,0
실외골프연습장,강원특별자치도,철원군,0,0,0
실외골프연습장,강원특별자치도,화천군,0,0,0
실외골프연습장,강원특별자치도,양구군,0,0,0
실외골프연습장,강원특별자치도,인제군,0,0,0
실외골프연습장,강원특별자치도,고성군,0,0,0
실외골프연습장,강원특별자치도,양양군,0,0,0
실외골프연습장,전북특별자치도,전주시 완산구,19,19,17
실외골프연습장,전북특별자치도,전주시 덕진구,18,18,16
실외골프연습장,전북특별자치도,군산시,7,7,7
실외골프연습장,전북특별자치도,익산시,19,20,21
실외골프연습장,전북특별자치도,정읍시,6,6,6
실외골프연습장,전북특별자치도,남원시,4,4,4
실외골프연습장,전북특별자치도,김제시,0,0,0
실외골프연습장,전북특별자치도,완주군,6,6,8
실외골프연습장,전북특별자치도,무주군,0,0,0
실외골프연습장,전북특별자치도,장수군,0,0,0
실외골프연습장,전북특별자치도,임실군,0,0,0
실외골프연습장,전북특별자치도,순창군,0,0,0
실외골프연습장,전북특별자치도,고창군,3,3,3
실외골프연습장,전북특별자치도,부안군,5,5,5
여행사,서울특별시,종로구,859,864,851
여행사,서울특별시,중구,836,843,887
여행사,서울특별시,용산구,130,131,124
여행사,서울특별시,성동구,91,92,88
여행사,서울특별시,광진구,136,135,124
여행사,서울특별시,동대문구,92,90,90
여행사,서울특별시,중랑구,55,56,63
여행사,서울특별시,성북구,78,77,70
여행사,서울특별시,강북구,56,56,46
여행사,서울특별시,도봉구,41,41,40
여행사,서울특별시,노원구,71,71,68
여행사,서울특별시,은평구,101,100,100
여행사,서울특별시,서대문구,160,161,167
여행사,서울특별시,마포구,627,630,620
여행사,서울특별시,양천구,78,79,77
여행사,서울특별시,강서구,381,375,342
여행사,서울특별시,구로구,181,181,176
여행사,서울특별시,금천구,169,169,165
여행사,서울특별시,영등포구,377,379,366
여행사,서울특별시,동작구,58,58,63
여행사,서울특별시,관악구,75,73,70
여행사,서울특별시,서초구,355,354,342
여행사,서울특별시,강남구,518,520,511
여행사,서울특별시,송파구,217,214,204
여행사,서울특별시,강동구,109,110,97
여행사,부산광역시,중구,139,140,145
여행사,부산광역시,서구,15,15,15
여행사,부산광역시,동구,180,180,172
여행사,부산광역시,영도구,41,41,38
여행사,부산광역시,부산진구,209,212,216
여행사,부산광역시,동래구,88,84,82
여행사,부산광역시,남구,93,94,86
여행사,부산광역시,북구,39,39,35
여행사,부산광역시,해운대구,131,131,130
여행사,부산광역시,사하구,23,23,23
여행사,부산광역시,금정구,47,47,42
여행사,부산광역시,강서구,36,36,32
여행사,부산광역시,연제구,79,78,75
여행사,부산광역시,수영구,54,53,51
여행사,부산광역시,사상구,25,25,19
여행사,부산광역시,기장군,28,28,27
여행사,대구광역시,중구,220,220,219
여행사,대구광역시,동구,75,74,67
여행사,대구광역시,서구,24,25,25
여행사,대구광역시,남구,27,28,25
여행사,대구광역시,북구,52,53,60
여행사,대구광역시,수성구,96,95,89
여행사,대구광역시,달서구,101,99,84
여행사,대구광역시,달성군,19,17,17
여행사,대구광역시,군위군,0,0,0
여행사,인천광역시,중구,113,109,103
여행사,인천광역시,동구,11,11,9
여행사,인천광역시,미추홀구,44,41,43
여행사,인천광역시,연수구,138,130,121
여행사,인천광역시,남동구,85,85,90
여행사,인천광역시,부평구,89,87,87
여행사,인천광역시,계양구,35,33,30
여행사,인천광역시,서구,105,98,93
여행사,인천광역시,강화군,11,11,10
여행사,인천광역시,옹진군,22,22,21
여행사,광주광역시,동구,102,99,98
여행사,광주광역시,서구,156,156,155
여행사,광주광역시,남구,41,43,43
여행사,광주광역시,북구,107,105,101
여행사,광주광역시,광산구,71,70,63
여행사,대전광역시,동구,31,29,29
여행사,대전광역시,중구,69,71,68
여행사,대전광역시,서구,125,126,128
여행사,대전광역시,유성구,94,93,88
여행사,대전광역시,대덕구,25,25,22
여행사,울산광역시,중구,36,35,36
여행사,울산광역시,남구,114,114,112
여행사,울산광역시,동구,16,16,15
여행사,울산광역시,북구,15,16,16
여행사,울산광역시,울주군,26,26,26
여행사,세종특별자치시,0,61,61,58
여행사,경기도,수원시 장안구,32,32,32
여행사,경기도,수원시 권선구,39,39,34
여행사,경기도,수원시 팔달구,94,94,101
여행사,경기도,수원시 영통구,68,68,63
여행사,경기도,성남시 수정구,34,34,35
여행사,경기도,성남시 중원구,30,30,26
여행사,경기도,성남시 분당구,133,134,140
여행사,경기도,의정부시,59,60,55
여행사,경기도,안양시 만안구,37,37,39
여행사,경기도,안양시 동안구,80,78,73
여행사,경기도,부천시 원미구,128,125,109
여행사,경기도,부천시 소사구,52,52,45
여행사,경기도,부천시 오정구,14,15,12
여행사,경기도,광명시,43,43,40
여행사,경기도,평택시,82,80,87
여행사,경기도,동두천시,12,12,11
여행사,경기도,안산시 상록구,26,27,23
여행사,경기도,안산시 단원구,97,99,101
여행사,경기도,고양시 덕양구,159,157,120
여행사,경기도,고양시 일산동구,113,112,111
여행사,경기도,고양시 일산서구,88,86,85
여행사,경기도,과천시,11,11,9
여행사,경기도,구리시,38,37,36
여행사,경기도,남양주시,101,101,86
여행사,경기도,오산시,35,35,31
여행사,경기도,시흥시,72,71,68
여행사,경기도,군포시,34,34,30
여행사,경기도,의왕시,11,11,10
여행사,경기도,하남시,49,48,51
여행사,경기도,용인시 처인구,37,38,34
여행사,경기도,용인시 기흥구,80,82,71
여행사,경기도,용인시 수지구,37,36,36
여행사,경기도,파주시,101,98,88
여행사,경기도,이천시,30,31,32
여행사,경기도,안성시,42,42,39
여행사,경기도,김포시,132,136,130
여행사,경기도,화성시,0,0,0
여행사,경기도,화성시 만세구,39,38,32
여행사,경기도,화성시 효행구,13,12,12
여행사,경기도,화성시 병점구,24,23,16
여행사,경기도,화성시 동탄구,71,72,58
여행사,경기도,광주시,45,45,39
여행사,경기도,양주시,34,34,32
여행사,경기도,포천시,30,31,30
여행사,경기도,여주시,10,10,11
여행사,경기도,연천군,11,11,10
여행사,경기도,가평군,28,27,24
여행사,경기도,양평군,36,36,35
여행사,충청북도,청주시 상당구,69,70,72
여행사,충청북도,청주시 서원구,42,40,40
여행사,충청북도,청주시 흥덕구,63,64,54
여행사,충청북도,청주시 청원구,39,40,43
여행사,충청북도,충주시,29,29,25
여행사,충청북도,제천시,24,24,22
여행사,충청북도,보은군,4,4,4
여행사,충청북도,옥천군,6,6,6
여행사,충청북도,영동군,11,9,8
여행사,충청북도,증평군,6,6,6
여행사,충청북도,진천군,11,11,11
여행사,충청북도,괴산군,5,6,5
여행사,충청북도,음성군,18,18,17
여행사,충청북도,단양군,7,6,7
여행사,충청남도,천안시 동남구,37,37,39
여행사,충청남도,천안시 서북구,76,75,69
여행사,충청남도,공주시,28,26,24
여행사,충청남도,보령시,16,15,13
여행사,충청남도,아산시,38,37,36
여행사,충청남도,서산시,21,21,23
여행사,충청남도,논산시,23,22,20
여행사,충청남도,계룡시,11,11,9
여행사,충청남도,당진시,29,29,27
여행사,충청남도,금산군,13,13,14
여행사,충청남도,부여군,16,16,17
여행사,충청남도,서천군,8,8,10
여행사,충청남도,청양군,13,13,12
여행사,충청남도,홍성군,28,28,28
여행사,충청남도,예산군,10,10,12
여행사,충청남도,태안군,12,12,11
여행사,전라남도,목포시,90,91,90
여행사,전라남도,여수시,92,92,87
여행사,전라남도,순천시,83,83,79
여행사,전라남도,나주시,27,27,27
여행사,전라남도,광양시,46,46,41
여행사,전라남도,담양군,8,8,10
여행사,전라남도,곡성군,9,9,7
여행사,전라남도,구례군,7,7,6
여행사,전라남도,고흥군,18,18,17
여행사,전라남도,보성군,7,7,9
여행사,전라남도,화순군,11,10,10
여행사,전라남도,장흥군,13,13,12
여행사,전라남도,강진군,15,16,16
여행사,전라남도,해남군,16,16,15
여행사,전라남도,영암군,10,10,10
여행사,전라남도,무안군,20,20,18
여행사,전라남도,함평군,12,12,12
여행사,전라남도,영광군,15,15,14
여행사,전라남도,장성군,8,8,8
여행사,전라남도,완도군,9,9,10
여행사,전라남도,진도군,4,4,5
여행사,전라남도,신안군,6,6,6
여행사,경상북도,포항시 남구,38,39,36
여행사,경상북도,포항시 북구,81,78,82
여행사,경상북도,경주시,82,82,77
여행사,경상북도,김천시,15,15,13
여행사,경상북도,안동시,51,51,49
여행사,경상북도,구미시,53,53,54
여행사,경상북도,영주시,22,22,20
여행사,경상북도,영천시,14,13,14
여행사,경상북도,상주시,21,21,20
여행사,경상북도,문경시,10,10,10
여행사,경상북도,경산시,28,26,27
여행사,경상북도,의성군,14,14,14
여행사,경상북도,청송군,4,4,4
여행사,경상북도,영양군,4,4,3
여행사,경상북도,영덕군,9,9,9
여행사,경상북도,청도군,5,5,5
여행사,경상북도,고령군,5,5,4
여행사,경상북도,성주군,13,13,15
여행사,경상북도,칠곡군,16,16,15
여행사,경상북도,예천군,6,6,5
여행사,경상북도,봉화군,3,3,3
여행사,경상북도,울진군,7,7,7
여행사,경상북도,울릉군,45,43,39
여행사,경상남도,창원시 의창구,46,46,48
여행사,경상남도,창원시 성산구,99,98,99
여행사,경상남도,창원시 마산합포구,40,40,39
여행사,경상남도,창원시 마산회원구,47,47,43
여행사,경상남도,창원시 진해구,12,11,12
여행사,경상남도,진주시,86,85,85
여행사,경상남도,통영시,39,38,36
여행사,경상남도,사천시,19,18,19
여행사,경상남도,김해시,92,91,92
여행사,경상남도,밀양시,13,12,14
여행사,경상남도,거제시,55,55,55
여행사,경상남도,양산시,41,40,42
여행사,경상남도,의령군,4,4,5
여행사,경상남도,함안군,10,11,8
여행사,경상남도,창녕군,7,7,9
여행사,경상남도,고성군,4,4,4
여행사,경상남도,남해군,16,16,13
여행사,경상남도,하동군,8,9,8
여행사,경상남도,산청군,8,7,7
여행사,경상남도,함양군,7,7,5
여행사,경상남도,거창군,6,6,6
여행사,경상남도,합천군,10,10,10
여행사,제주특별자치도,제주시,916,917,918
여행사,제주특별자치도,서귀포시,63,63,60
여행사,강원특별자치도,춘천시,68,69,63
여행사,강원특별자치도,원주시,96,95,96
여행사,강원특별자치도,강릉시,70,70,69
여행사,강원특별자치도,동해시,23,24,23
여행사,강원특별자치도,태백시,4,4,4
여행사,강원특별자치도,속초시,15,15,14
여행사,강원특별자치도,삼척시,7,7,5
여행사,강원특별자치도,홍천군,15,14,12
여행사,강원특별자치도,횡성군,11,11,10
여행사,강원특별자치도,영월군,12,12,13
여행사,강원특별자치도,평창군,25,25,24
여행사,강원특별자치도,정선군,13,13,13
여행사,강원특별자치도,철원군,10,10,9
여행사,강원특별자치도,화천군,3,3,3
여행사,강원특별자치도,양구군,4,4,4
여행사,강원특별자치도,인제군,11,11,11
여행사,강원특별자치도,고성군,4,4,5
여행사,강원특별자치도,양양군,9,9,7
여행사,전북특별자치도,전주시 완산구,131,131,126
여행사,전북특별자치도,전주시 덕진구,91,91,90
여행사,전북특별자치도,군산시,51,51,50
여행사,전북특별자치도,익산시,49,47,46
여행사,전북특별자치도,정읍시,33,33,32
여행사,전북특별자치도,남원시,9,9,10
여행사,전북특별자치도,김제시,14,14,15
여행사,전북특별자치도,완주군,22,22,19
여행사,전북특별자치도,진안군,11,11,10
여행사,전북특별자치도,무주군,6,6,6
여행사,전북특별자치도,장수군,8,8,9
여행사,전북특별자치도,임실군,8,7,7
여행사,전북특별자치도,순창군,7,7,7
여행사,전북특별자치도,고창군,11,11,12
여행사,전북특별자치도,부안군,6,6,7
예식장,서울특별시,종로구,3,3,3
예식장,서울특별시,중구,5,5,3
예식장,서울특별시,용산구,6,6,6
예식장,서울특별시,성동구,3,3,4
예식장,서울특별시,광진구,10,10,10
예식장,서울특별시,동대문구,4,5,3
예식장,서울특별시,성북구,3,4,5
예식장,서울특별시,강북구,0,0,0
예식장,서울특별시,도봉구,0,0,0
예식장,서울특별시,노원구,3,3,3
예식장,서울특별시,서대문구,0,0,0
예식장,서울특별시,마포구,7,8,8
예식장,서울특별시,양천구,0,0,0
예식장,서울특별시,강서구,5,5,4
예식장,서울특별시,구로구,6,6,6
예식장,서울특별시,금천구,0,0,0
예식장,서울특별시,영등포구,16,15,15
예식장,서울특별시,동작구,0,0,0
예식장,서울특별시,관악구,3,3,3
예식장,서울특별시,서초구,10,10,10
예식장,서울특별시,강남구,50,49,43
예식장,서울특별시,송파구,10,11,8
예식장,서울특별시,강동구,0,0,0
예식장,부산광역시,중구,0,0,0
예식장,부산광역시,동구,4,4,4
예식장,부산광역시,영도구,0,0,0
예식장,부산광역시,부산진구,10,10,11
예식장,부산광역시,동래구,0,0,0
예식장,부산광역시,남구,0,0,0
예식장,부산광역시,해운대구,9,9,10
예식장,부산광역시,사하구,5,5,5
예식장,부산광역시,금정구,0,0,0
예식장,부산광역시,강서구,0,0,0
예식장,부산광역시,연제구,5,5,3
예식장,부산광역시,수영구,4,4,4
예식장,부산광역시,사상구,0,0,0
예식장,부산광역시,기장군,4,4,3
예식장,대구광역시,중구,0,0,0
예식장,대구광역시,동구,6,6,6
예식장,대구광역시,북구,6,6,6
예식장,대구광역시,수성구,6,7,7
예식장,대구광역시,달서구,7,7,6
예식장,대구광역시,달성군,3,3,3
예식장,인천광역시,중구,0,0,0
예식장,인천광역시,미추홀구,0,0,0
예식장,인천광역시,연수구,4,4,6
예식장,인천광역시,남동구,0,0,0
예식장,인천광역시,부평구,9,7,6
예식장,인천광역시,계양구,0,0,0
예식장,인천광역시,서구,0,0,0
예식장,인천광역시,강화군,0,0,0
예식장,광주광역시,동구,3,3,0
예식장,광주광역시,서구,9,9,9
예식장,광주광역시,남구,0,0,0
예식장,광주광역시,북구,3,3,3
예식장,광주광역시,광산구,0,0,0
예식장,대전광역시,중구,3,3,4
예식장,대전광역시,서구,10,10,7
예식장,대전광역시,유성구,9,9,9
예식장,대전광역시,대덕구,0,0,0
예식장,울산광역시,중구,0,0,0
예식장,울산광역시,남구,9,9,9
예식장,울산광역시,북구,5,5,4
예식장,울산광역시,울주군,3,3,3
예식장,세종특별자치시,0,0,0,0
예식장,경기도,수원시 장안구,0,0,0
예식장,경기도,수원시 권선구,5,5,5
예식장,경기도,수원시 팔달구,7,7,7
예식장,경기도,수원시 영통구,0,0,0
예식장,경기도,성남시 수정구,4,4,4
예식장,경기도,성남시 중원구,0,0,0
예식장,경기도,성남시 분당구,5,6,6
예식장,경기도,의정부시,3,3,0
예식장,경기도,안양시 만안구,0,0,0
예식장,경기도,안양시 동안구,4,4,3
예식장,경기도,부천시 원미구,4,4,3
예식장,경기도,부천시 소사구,0,0,0
예식장,경기도,광명시,3,3,0
예식장,경기도,평택시,8,8,8
예식장,경기도,동두천시,0,0,0
예식장,경기도,안산시 상록구,0,0,0
예식장,경기도,안산시 단원구,10,10,9
예식장,경기도,고양시 덕양구,3,3,0
예식장,경기도,고양시 일산동구,4,4,5
예식장,경기도,고양시 일산서구,0,0,0
예식장,경기도,과천시,0,0,0
예식장,경기도,남양주시,7,7,3
예식장,경기도,오산시,4,4,4
예식장,경기도,시흥시,3,3,3
예식장,경기도,하남시,0,0,0
예식장,경기도,용인시 처인구,0,0,0
예식장,경기도,용인시 기흥구,4,4,4
예식장,경기도,용인시 수지구,0,0,0
예식장,경기도,파주시,5,5,5
예식장,경기도,이천시,3,3,3
예식장,경기도,안성시,5,5,5
예식장,경기도,김포시,3,3,3
예식장,경기도,화성시 만세구,0,0,0
예식장,경기도,화성시 효행구,0,0,0
예식장,경기도,화성시 병점구,0,0,0
예식장,경기도,화성시 동탄구,0,0,0
예식장,경기도,광주시,3,3,0
예식장,경기도,양주시,0,0,0
예식장,경기도,포천시,4,4,3
예식장,경기도,여주시,5,5,4
예식장,경기도,가평군,0,0,0
예식장,경기도,양평군,0,0,0
예식장,충청북도,청주시 상당구,5,5,4
예식장,충청북도,청주시 서원구,8,7,7
예식장,충청북도,청주시 흥덕구,9,9,6
예식장,충청북도,청주시 청원구,3,3,3
예식장,충청북도,충주시,4,4,4
예식장,충청북도,제천시,7,7,7
예식장,충청북도,보은군,0,0,0
예식장,충청북도,영동군,0,0,0
예식장,충청북도,진천군,0,0,0
예식장,충청북도,괴산군,0,0,0
예식장,충청북도,음성군,0,0,0
예식장,충청남도,천안시 동남구,9,9,9
예식장,충청남도,천안시 서북구,4,3,3
예식장,충청남도,공주시,0,0,0
예식장,충청남도,보령시,0,0,0
예식장,충청남도,아산시,5,5,5
예식장,충청남도,서산시,6,6,6
예식장,충청남도,논산시,0,0,0
예식장,충청남도,당진시,3,3,0
예식장,충청남도,부여군,3,3,3
예식장,충청남도,서천군,4,4,4
예식장,충청남도,청양군,0,0,0
예식장,충청남도,홍성군,5,5,4
예식장,충청남도,예산군,5,5,6
예식장,충청남도,태안군,0,0,0
예식장,전라남도,목포시,3,3,3
예식장,전라남도,여수시,7,7,8
예식장,전라남도,순천시,7,7,7
예식장,전라남도,광양시,0,0,0
예식장,전라남도,곡성군,0,0,0
예식장,전라남도,고흥군,0,0,0
예식장,전라남도,보성군,0,0,0
예식장,전라남도,강진군,0,0,0
예식장,전라남도,해남군,3,3,4
예식장,전라남도,영암군,0,0,0
예식장,전라남도,무안군,0,0,0
예식장,전라남도,영광군,0,0,0
예식장,경상북도,포항시 남구,5,6,6
예식장,경상북도,포항시 북구,4,4,4
예식장,경상북도,경주시,5,5,5
예식장,경상북도,김천시,0,0,0
예식장,경상북도,안동시,5,5,6
예식장,경상북도,구미시,9,9,9
예식장,경상북도,영주시,3,3,3
예식장,경상북도,영천시,3,3,3
예식장,경상북도,상주시,3,3,3
예식장,경상북도,문경시,3,3,0
예식장,경상북도,경산시,0,0,0
예식장,경상북도,의성군,0,0,0
예식장,경상북도,칠곡군,4,4,3
예식장,경상북도,예천군,0,0,0
예식장,경상남도,창원시 의창구,5,5,5
예식장,경상남도,창원시 성산구,0,0,0
예식장,경상남도,창원시 마산합포구,3,3,3
예식장,경상남도,창원시 마산회원구,4,4,4
예식장,경상남도,창원시 진해구,0,0,0
예식장,경상남도,진주시,6,6,7
예식장,경상남도,통영시,3,3,3
예식장,경상남도,사천시,0,0,0
예식장,경상남도,김해시,6,6,6
예식장,경상남도,밀양시,0,0,0
예식장,경상남도,거제시,0,0,0
예식장,경상남도,양산시,3,3,4
예식장,경상남도,창녕군,0,0,0
예식장,경상남도,고성군,0,0,0
예식장,경상남도,남해군,0,0,0
예식장,경상남도,산청군,0,0,0
예식장,경상남도,거창군,0,0,0
예식장,제주특별자치도,제주시,19,19,20
예식장,제주특별자치도,서귀포시,5,5,5
예식장,강원특별자치도,춘천시,5,5,4
예식장,강원특별자치도,원주시,7,7,7
예식장,강원특별자치도,강릉시,6,6,8
예식장,강원특별자치도,동해시,3,3,3
예식장,강원특별자치도,태백시,0,0,0
예식장,강원특별자치도,속초시,0,0,0
예식장,강원특별자치도,삼척시,0,0,0
예식장,강원특별자치도,홍천군,3,3,3
예식장,강원특별자치도,횡성군,0,0,0
예식장,강원특별자치도,영월군,0,0,0
예식장,강원특별자치도,정선군,0,0,0
예식장,강원특별자치도,철원군,0,0,0
예식장,강원특별자치도,인제군,0,0,0
예식장,전북특별자치도,전주시 완산구,7,6,6
예식장,전북특별자치도,전주시 덕진구,9,10,9
예식장,전북특별자치도,군산시,7,7,5
예식장,전북특별자치도,익산시,0,0,0
예식장,전북특별자치도,정읍시,0,0,0
예식장,전북특별자치도,남원시,0,0,0
예식장,전북특별자치도,김제시,4,4,4
예식장,전북특별자치도,완주군,0,0,0
예식장,전북특별자치도,장수군,0,0,0
예식장,전북특별자치도,순창군,0,0,0
예식장,전북특별자치도,고창군,0,0,0
예식장,전북특별자치도,부안군,0,0,0
이발소,서울특별시,종로구,65,65,67
이발소,서울특별시,중구,52,52,57
이발소,서울특별시,용산구,54,55,57
이발소,서울특별시,성동구,74,76,77
이발소,서울특별시,광진구,105,104,109
이발소,서울특별시,동대문구,81,83,84
이발소,서울특별시,중랑구,108,108,107
이발소,서울특별시,성북구,87,86,84
이발소,서울특별시,강북구,66,68,72
이발소,서울특별시,도봉구,65,66,68
이발소,서울특별시,노원구,96,95,95
이발소,서울특별시,은평구,109,111,110
이발소,서울특별시,서대문구,53,53,58
이발소,서울특별시,마포구,101,100,101
이발소,서울특별시,양천구,79,79,77
이발소,서울특별시,강서구,99,98,95
이발소,서울특별시,구로구,80,80,75
이발소,서울특별시,금천구,56,57,59
이발소,서울특별시,영등포구,108,109,115
이발소,서울특별시,동작구,54,53,56
이발소,서울특별시,관악구,117,117,113
이발소,서울특별시,서초구,71,71,69
이발소,서울특별시,강남구,106,106,102
이발소,서울특별시,송파구,116,115,109
이발소,서울특별시,강동구,104,103,105
이발소,부산광역시,중구,38,38,38
이발소,부산광역시,서구,30,30,33
이발소,부산광역시,동구,37,37,38
이발소,부산광역시,영도구,45,45,47
이발소,부산광역시,부산진구,114,114,116
이발소,부산광역시,동래구,78,77,77
이발소,부산광역시,남구,59,59,58
이발소,부산광역시,북구,62,63,63
이발소,부산광역시,해운대구,95,96,97
이발소,부산광역시,사하구,102,101,99
이발소,부산광역시,금정구,77,77,74
이발소,부산광역시,강서구,20,20,21
이발소,부산광역시,연제구,52,52,51
이발소,부산광역시,수영구,34,34,32
이발소,부산광역시,사상구,79,79,78
이발소,부산광역시,기장군,38,39,41
이발소,대구광역시,중구,47,46,45
이발소,대구광역시,동구,107,107,103
이발소,대구광역시,서구,44,45,42
이발소,대구광역시,남구,49,49,51
이발소,대구광역시,북구,89,88,88
이발소,대구광역시,수성구,83,83,83
이발소,대구광역시,달서구,88,87,83
이발소,대구광역시,달성군,54,53,50
이발소,대구광역시,군위군,9,9,8
이발소,인천광역시,중구,29,28,26
이발소,인천광역시,동구,22,22,22
이발소,인천광역시,미추홀구,86,82,81
이발소,인천광역시,연수구,51,51,41
이발소,인천광역시,남동구,61,62,64
이발소,인천광역시,부평구,88,88,82
이발소,인천광역시,계양구,39,40,37
이발소,인천광역시,서구,80,79,78
이발소,인천광역시,강화군,13,13,13
이발소,인천광역시,옹진군,3,3,3
이발소,광주광역시,동구,33,33,32
이발소,광주광역시,서구,51,51,46
이발소,광주광역시,남구,36,37,34
이발소,광주광역시,북구,66,65,71
이발소,광주광역시,광산구,56,56,57
이발소,대전광역시,동구,78,79,80
이발소,대전광역시,중구,88,87,90
이발소,대전광역시,서구,129,128,123
이발소,대전광역시,유성구,66,64,62
이발소,대전광역시,대덕구,46,47,50
이발소,울산광역시,중구,83,83,84
이발소,울산광역시,남구,124,123,123
이발소,울산광역시,동구,65,64,66
이발소,울산광역시,북구,52,52,52
이발소,울산광역시,울주군,44,44,47
이발소,세종특별자치시,0,47,47,47
이발소,경기도,수원시 장안구,64,64,65
이발소,경기도,수원시 권선구,54,54,53
이발소,경기도,수원시 팔달구,51,50,49
이발소,경기도,수원시 영통구,44,44,44
이발소,경기도,성남시 수정구,51,51,52
이발소,경기도,성남시 중원구,42,43,44
이발소,경기도,성남시 분당구,61,61,53
이발소,경기도,의정부시,87,87,89
이발소,경기도,안양시 만안구,48,48,49
이발소,경기도,안양시 동안구,53,53,50
이발소,경기도,부천시 원미구,83,82,78
이발소,경기도,부천시 소사구,36,36,36
이발소,경기도,부천시 오정구,31,31,29
이발소,경기도,광명시,48,49,50
이발소,경기도,평택시,171,171,162
이발소,경기도,동두천시,35,35,35
이발소,경기도,안산시 상록구,52,53,55
이발소,경기도,안산시 단원구,62,63,63
이발소,경기도,고양시 덕양구,56,56,58
이발소,경기도,고양시 일산동구,49,49,49
이발소,경기도,고양시 일산서구,36,38,39
이발소,경기도,과천시,6,6,5
이발소,경기도,구리시,37,36,35
이발소,경기도,남양주시,99,101,100
이발소,경기도,오산시,48,48,46
이발소,경기도,시흥시,88,87,81
이발소,경기도,군포시,61,61,61
이발소,경기도,의왕시,18,18,17
이발소,경기도,하남시,34,35,31
이발소,경기도,용인시 처인구,42,40,41
이발소,경기도,용인시 기흥구,60,58,55
이발소,경기도,용인시 수지구,23,23,23
이발소,경기도,파주시,90,90,95
이발소,경기도,이천시,53,52,55
이발소,경기도,안성시,47,47,47
이발소,경기도,김포시,62,63,58
이발소,경기도,화성시 만세구,36,36,37
이발소,경기도,화성시 효행구,19,19,18
이발소,경기도,화성시 병점구,16,16,18
이발소,경기도,화성시 동탄구,42,41,38
이발소,경기도,광주시,59,60,59
이발소,경기도,양주시,41,41,38
이발소,경기도,포천시,44,44,48
이발소,경기도,여주시,31,31,31
이발소,경기도,연천군,24,23,21
이발소,경기도,가평군,20,20,20
이발소,경기도,양평군,36,37,36
이발소,충청북도,청주시 상당구,53,51,48
이발소,충청북도,청주시 서원구,50,50,48
이발소,충청북도,청주시 흥덕구,61,60,54
이발소,충청북도,청주시 청원구,35,34,34
이발소,충청북도,충주시,70,71,73
이발소,충청북도,제천시,51,51,53
이발소,충청북도,보은군,12,12,12
이발소,충청북도,옥천군,19,19,20
이발소,충청북도,영동군,21,21,22
이발소,충청북도,증평군,18,19,18
이발소,충청북도,진천군,24,24,24
이발소,충청북도,괴산군,4,4,4
이발소,충청북도,음성군,39,37,37
이발소,충청북도,단양군,15,16,16
이발소,충청남도,천안시 동남구,65,65,68
이발소,충청남도,천안시 서북구,83,84,78
이발소,충청남도,공주시,42,42,42
이발소,충청남도,보령시,38,38,37
이발소,충청남도,아산시,56,56,60
이발소,충청남도,서산시,39,38,40
이발소,충청남도,논산시,49,50,49
이발소,충청남도,계룡시,12,12,12
이발소,충청남도,당진시,55,56,56
이발소,충청남도,금산군,28,28,28
이발소,충청남도,부여군,22,22,23
이발소,충청남도,서천군,27,25,26
이발소,충청남도,청양군,15,15,15
이발소,충청남도,홍성군,42,42,43
이발소,충청남도,예산군,43,43,44
이발소,충청남도,태안군,22,23,21
이발소,전라남도,목포시,90,90,95
이발소,전라남도,여수시,79,79,80
이발소,전라남도,순천시,85,85,87
이발소,전라남도,나주시,22,22,22
이발소,전라남도,광양시,46,46,49
이발소,전라남도,담양군,15,15,14
이발소,전라남도,곡성군,0,0,0
이발소,전라남도,구례군,14,14,14
이발소,전라남도,고흥군,21,21,20
이발소,전라남도,보성군,20,20,20
이발소,전라남도,화순군,18,18,18
이발소,전라남도,장흥군,20,20,20
이발소,전라남도,강진군,20,20,20
이발소,전라남도,해남군,33,33,33
이발소,전라남도,영암군,32,32,32
이발소,전라남도,무안군,15,15,13
이발소,전라남도,함평군,8,8,9
이발소,전라남도,영광군,15,15,13
이발소,전라남도,장성군,17,17,18
이발소,전라남도,완도군,22,22,21
이발소,전라남도,진도군,7,7,7
이발소,전라남도,신안군,6,6,8
이발소,경상북도,포항시 남구,74,74,78
이발소,경상북도,포항시 북구,63,64,64
이발소,경상북도,경주시,61,61,63
이발소,경상북도,김천시,65,64,63
이발소,경상북도,안동시,64,64,64
이발소,경상북도,구미시,109,109,105
이발소,경상북도,영주시,59,59,62
이발소,경상북도,영천시,27,27,26
이발소,경상북도,상주시,51,51,54
이발소,경상북도,문경시,44,43,45
이발소,경상북도,경산시,69,68,66
이발소,경상북도,의성군,27,27,27
이발소,경상북도,청송군,11,12,12
이발소,경상북도,영양군,7,7,7
이발소,경상북도,영덕군,20,20,20
이발소,경상북도,청도군,13,13,13
이발소,경상북도,고령군,6,6,7
이발소,경상북도,성주군,12,12,11
이발소,경상북도,칠곡군,18,18,21
이발소,경상북도,예천군,28,28,31
이발소,경상북도,봉화군,17,17,18
이발소,경상북도,울진군,28,28,26
이발소,경상북도,울릉군,3,3,3
이발소,경상남도,창원시 의창구,49,50,51
이발소,경상남도,창원시 성산구,61,60,60
이발소,경상남도,창원시 마산합포구,44,44,47
이발소,경상남도,창원시 마산회원구,42,42,44
이발소,경상남도,창원시 진해구,43,43,46
이발소,경상남도,진주시,73,74,73
이발소,경상남도,통영시,47,47,48
이발소,경상남도,사천시,51,50,53
이발소,경상남도,김해시,112,111,107
이발소,경상남도,밀양시,33,33,38
이발소,경상남도,거제시,55,55,54
이발소,경상남도,양산시,65,64,67
이발소,경상남도,의령군,4,4,4
이발소,경상남도,함안군,14,14,14
이발소,경상남도,창녕군,19,19,19
이발소,경상남도,고성군,12,12,11
이발소,경상남도,남해군,18,18,18
이발소,경상남도,하동군,12,12,15
이발소,경상남도,산청군,10,10,9
이발소,경상남도,함양군,12,12,13
이발소,경상남도,거창군,34,33,36
이발소,경상남도,합천군,12,12,12
이발소,제주특별자치도,제주시,122,122,124
이발소,제주특별자치도,서귀포시,47,47,48
이발소,강원특별자치도,춘천시,86,85,86
이발소,강원특별자치도,원주시,102,101,99
이발소,강원특별자치도,강릉시,95,95,96
이발소,강원특별자치도,동해시,64,64,66
이발소,강원특별자치도,태백시,23,23,23
이발소,강원특별자치도,속초시,37,37,43
이발소,강원특별자치도,삼척시,25,25,27
이발소,강원특별자치도,홍천군,18,18,18
이발소,강원특별자치도,횡성군,22,22,22
이발소,강원특별자치도,영월군,21,21,22
이발소,강원특별자치도,평창군,15,15,15
이발소,강원특별자치도,정선군,20,20,21
이발소,강원특별자치도,철원군,24,24,26
이발소,강원특별자치도,화천군,12,12,12
이발소,강원특별자치도,양구군,8,8,7
이발소,강원특별자치도,인제군,19,19,19
이발소,강원특별자치도,고성군,16,16,19
이발소,강원특별자치도,양양군,10,10,11
이발소,전북특별자치도,전주시 완산구,75,75,72
이발소,전북특별자치도,전주시 덕진구,57,58,57
이발소,전북특별자치도,군산시,112,111,105
이발소,전북특별자치도,익산시,46,46,49
이발소,전북특별자치도,정읍시,45,44,44
이발소,전북특별자치도,남원시,37,37,38
이발소,전북특별자치도,김제시,24,24,25
이발소,전북특별자치도,완주군,13,13,12
이발소,전북특별자치도,진안군,5,5,5
이발소,전북특별자치도,무주군,11,11,11
이발소,전북특별자치도,장수군,13,13,14
이발소,전북특별자치도,임실군,13,13,13
이발소,전북특별자치도,순창군,9,9,9
이발소,전북특별자치도,고창군,23,23,24
이발소,전북특별자치도,부안군,21,21,20
자동차수리점,서울특별시,종로구,44,43,41
자동차수리점,서울특별시,중구,60,58,53
자동차수리점,서울특별시,용산구,111,111,116
자동차수리점,서울특별시,성동구,285,289,299
자동차수리점,서울특별시,광진구,150,149,148
자동차수리점,서울특별시,동대문구,248,246,244
자동차수리점,서울특별시,중랑구,240,237,240
자동차수리점,서울특별시,성북구,164,161,166
자동차수리점,서울특별시,강북구,170,170,163
자동차수리점,서울특별시,도봉구,163,162,158
자동차수리점,서울특별시,노원구,185,182,183
자동차수리점,서울특별시,은평구,168,166,176
자동차수리점,서울특별시,서대문구,120,119,124
자동차수리점,서울특별시,마포구,155,154,153
자동차수리점,서울특별시,양천구,239,236,236
자동차수리점,서울특별시,강서구,373,373,373
자동차수리점,서울특별시,구로구,229,233,230
자동차수리점,서울특별시,금천구,196,198,198
자동차수리점,서울특별시,영등포구,287,288,287
자동차수리점,서울특별시,동작구,100,99,101
자동차수리점,서울특별시,관악구,226,228,216
자동차수리점,서울특별시,서초구,292,293,295
자동차수리점,서울특별시,강남구,301,303,298
자동차수리점,서울특별시,송파구,339,338,329
자동차수리점,서울특별시,강동구,254,253,241
자동차수리점,부산광역시,중구,23,23,25
자동차수리점,부산광역시,서구,42,42,39
자동차수리점,부산광역시,동구,55,56,54
자동차수리점,부산광역시,영도구,62,62,62
자동차수리점,부산광역시,부산진구,188,186,188
자동차수리점,부산광역시,동래구,167,164,164
자동차수리점,부산광역시,남구,193,196,196
자동차수리점,부산광역시,북구,141,143,146
자동차수리점,부산광역시,해운대구,289,291,292
자동차수리점,부산광역시,사하구,227,230,232
자동차수리점,부산광역시,금정구,210,211,204
자동차수리점,부산광역시,강서구,249,244,227
자동차수리점,부산광역시,연제구,174,175,169
자동차수리점,부산광역시,수영구,143,139,148
자동차수리점,부산광역시,사상구,344,343,343
자동차수리점,부산광역시,기장군,197,196,193
자동차수리점,대구광역시,중구,69,67,64
자동차수리점,대구광역시,동구,409,410,394
자동차수리점,대구광역시,서구,282,282,270
자동차수리점,대구광역시,남구,141,140,142
자동차수리점,대구광역시,북구,403,404,404
자동차수리점,대구광역시,수성구,319,319,309
자동차수리점,대구광역시,달서구,540,540,541
자동차수리점,대구광역시,달성군,283,286,285
자동차수리점,대구광역시,군위군,22,21,24
자동차수리점,인천광역시,중구,187,189,180
자동차수리점,인천광역시,동구,76,78,77
자동차수리점,인천광역시,미추홀구,370,371,364
자동차수리점,인천광역시,연수구,231,231,223
자동차수리점,인천광역시,남동구,457,457,439
자동차수리점,인천광역시,부평구,325,326,324
자동차수리점,인천광역시,계양구,249,249,243
자동차수리점,인천광역시,서구,734,729,703
자동차수리점,인천광역시,강화군,72,73,71
자동차수리점,인천광역시,옹진군,13,13,15
자동차수리점,광주광역시,동구,61,61,64
자동차수리점,광주광역시,서구,343,345,347
자동차수리점,광주광역시,남구,205,205,205
자동차수리점,광주광역시,북구,552,553,554
자동차수리점,광주광역시,광산구,531,531,517
자동차수리점,대전광역시,동구,205,204,202
자동차수리점,대전광역시,중구,251,250,256
자동차수리점,대전광역시,서구,359,355,358
자동차수리점,대전광역시,유성구,400,399,384
자동차수리점,대전광역시,대덕구,314,313,301
자동차수리점,울산광역시,중구,152,152,156
자동차수리점,울산광역시,남구,363,362,356
자동차수리점,울산광역시,동구,99,98,96
자동차수리점,울산광역시,북구,301,300,296
자동차수리점,울산광역시,울주군,254,255,257
자동차수리점,세종특별자치시,0,258,254,243
자동차수리점,경기도,수원시 장안구,187,187,186
자동차수리점,경기도,수원시 권선구,570,565,545
자동차수리점,경기도,수원시 팔달구,115,115,111
자동차수리점,경기도,수원시 영통구,255,256,249
자동차수리점,경기도,성남시 수정구,156,157,147
자동차수리점,경기도,성남시 중원구,142,142,138
자동차수리점,경기도,성남시 분당구,268,270,265
자동차수리점,경기도,의정부시,332,328,333
자동차수리점,경기도,안양시 만안구,150,150,146
자동차수리점,경기도,안양시 동안구,199,198,195
자동차수리점,경기도,부천시 원미구,356,357,348
자동차수리점,경기도,부천시 소사구,147,147,147
자동차수리점,경기도,부천시 오정구,218,216,208
자동차수리점,경기도,광명시,168,169,174
자동차수리점,경기도,평택시,790,785,750
자동차수리점,경기도,동두천시,90,90,91
자동차수리점,경기도,안산시 상록구,354,353,353
자동차수리점,경기도,안산시 단원구,357,355,360
자동차수리점,경기도,고양시 덕양구,408,407,406
자동차수리점,경기도,고양시 일산동구,407,409,418
자동차수리점,경기도,고양시 일산서구,321,322,314
자동차수리점,경기도,과천시,52,52,45
자동차수리점,경기도,구리시,150,147,153
자동차수리점,경기도,남양주시,654,654,645
자동차수리점,경기도,오산시,256,252,248
자동차수리점,경기도,시흥시,530,533,513
자동차수리점,경기도,군포시,182,185,181
자동차수리점,경기도,의왕시,91,93,90
자동차수리점,경기도,하남시,345,344,335
자동차수리점,경기도,용인시 처인구,427,424,420
자동차수리점,경기도,용인시 기흥구,421,422,428
자동차수리점,경기도,용인시 수지구,173,171,165
자동차수리점,경기도,파주시,550,548,538
자동차수리점,경기도,이천시,269,267,267
자동차수리점,경기도,안성시,280,277,273
자동차수리점,경기도,김포시,644,637,630
자동차수리점,경기도,화성시,0,0,0
자동차수리점,경기도,화성시 만세구,442,441,424
자동차수리점,경기도,화성시 효행구,193,192,177
자동차수리점,경기도,화성시 병점구,171,170,183
자동차수리점,경기도,화성시 동탄구,290,289,235
자동차수리점,경기도,광주시,484,482,473
자동차수리점,경기도,양주시,374,368,348
자동차수리점,경기도,포천시,313,311,312
자동차수리점,경기도,여주시,156,156,153
자동차수리점,경기도,연천군,66,68,63
자동차수리점,경기도,가평군,80,80,78
자동차수리점,경기도,양평군,95,95,94
자동차수리점,충청북도,청주시 상당구,183,184,179
자동차수리점,충청북도,청주시 서원구,237,234,236
자동차수리점,충청북도,청주시 흥덕구,312,315,311
자동차수리점,충청북도,청주시 청원구,275,273,265
자동차수리점,충청북도,충주시,247,248,249
자동차수리점,충청북도,제천시,211,211,216
자동차수리점,충청북도,보은군,30,30,30
자동차수리점,충청북도,옥천군,61,61,59
자동차수리점,충청북도,영동군,40,41,42
자동차수리점,충청북도,증평군,61,61,57
자동차수리점,충청북도,진천군,92,92,96
자동차수리점,충청북도,괴산군,28,28,29
자동차수리점,충청북도,음성군,173,172,171
자동차수리점,충청북도,단양군,33,33,33
자동차수리점,충청남도,천안시 동남구,384,380,380
자동차수리점,충청남도,천안시 서북구,456,454,444
자동차수리점,충청남도,공주시,134,135,133
자동차수리점,충청남도,보령시,112,112,111
자동차수리점,충청남도,아산시,392,392,396
자동차수리점,충청남도,서산시,227,228,231
자동차수리점,충청남도,논산시,159,160,158
자동차수리점,충청남도,계룡시,35,35,32
자동차수리점,충청남도,당진시,263,260,264
자동차수리점,충청남도,금산군,60,60,60
자동차수리점,충청남도,부여군,68,68,68
자동차수리점,충청남도,서천군,55,56,55
자동차수리점,충청남도,청양군,31,31,33
자동차수리점,충청남도,홍성군,120,121,117
자동차수리점,충청남도,예산군,104,103,103
자동차수리점,충청남도,태안군,66,66,66
자동차수리점,전라남도,목포시,295,294,299
자동차수리점,전라남도,여수시,293,292,286
자동차수리점,전라남도,순천시,365,365,363
자동차수리점,전라남도,나주시,147,146,143
자동차수리점,전라남도,광양시,220,218,210
자동차수리점,전라남도,담양군,44,44,44
자동차수리점,전라남도,곡성군,27,27,28
자동차수리점,전라남도,구례군,20,20,20
자동차수리점,전라남도,고흥군,61,61,61
자동차수리점,전라남도,보성군,43,43,43
자동차수리점,전라남도,화순군,66,65,64
자동차수리점,전라남도,장흥군,45,45,45
자동차수리점,전라남도,강진군,40,40,39
자동차수리점,전라남도,해남군,76,76,75
자동차수리점,전라남도,영암군,73,73,73
자동차수리점,전라남도,무안군,84,84,82
자동차수리점,전라남도,함평군,34,34,33
자동차수리점,전라남도,영광군,57,56,59
자동차수리점,전라남도,장성군,46,46,45
자동차수리점,전라남도,완도군,49,50,50
자동차수리점,전라남도,진도군,33,33,32
자동차수리점,전라남도,신안군,24,24,24
자동차수리점,경상북도,포항시 남구,334,331,322
자동차수리점,경상북도,포항시 북구,290,289,287
자동차수리점,경상북도,경주시,310,309,308
자동차수리점,경상북도,김천시,173,173,166
자동차수리점,경상북도,안동시,203,203,200
자동차수리점,경상북도,구미시,532,530,527
자동차수리점,경상북도,영주시,148,149,150
자동차수리점,경상북도,영천시,133,134,136
자동차수리점,경상북도,상주시,129,129,128
자동차수리점,경상북도,문경시,75,75,75
자동차수리점,경상북도,경산시,314,317,314
자동차수리점,경상북도,의성군,57,58,60
자동차수리점,경상북도,청송군,28,28,31
자동차수리점,경상북도,영양군,16,16,16
자동차수리점,경상북도,영덕군,45,45,45
자동차수리점,경상북도,청도군,41,41,42
자동차수리점,경상북도,고령군,39,39,38
자동차수리점,경상북도,성주군,36,36,37
자동차수리점,경상북도,칠곡군,202,200,187
자동차수리점,경상북도,예천군,49,49,48
자동차수리점,경상북도,봉화군,30,30,29
자동차수리점,경상북도,울진군,68,68,66
자동차수리점,경상북도,울릉군,11,11,11
자동차수리점,경상남도,창원시 의창구,314,312,316
자동차수리점,경상남도,창원시 성산구,171,174,168
자동차수리점,경상남도,창원시 마산합포구,169,168,167
자동차수리점,경상남도,창원시 마산회원구,236,232,232
자동차수리점,경상남도,창원시 진해구,183,185,180
자동차수리점,경상남도,진주시,360,360,350
자동차수리점,경상남도,통영시,117,117,121
자동차수리점,경상남도,사천시,122,122,121
자동차수리점,경상남도,김해시,657,654,653
자동차수리점,경상남도,밀양시,110,109,114
자동차수리점,경상남도,거제시,167,168,168
자동차수리점,경상남도,양산시,454,455,450
자동차수리점,경상남도,의령군,16,16,16
자동차수리점,경상남도,함안군,95,94,93
자동차수리점,경상남도,창녕군,74,75,76
자동차수리점,경상남도,고성군,55,56,53
자동차수리점,경상남도,남해군,30,30,31
자동차수리점,경상남도,하동군,52,52,51
자동차수리점,경상남도,산청군,21,21,19
자동차수리점,경상남도,함양군,36,36,36
자동차수리점,경상남도,거창군,54,53,54
자동차수리점,경상남도,합천군,29,29,29
자동차수리점,제주특별자치도,제주시,501,501,492
자동차수리점,제주특별자치도,서귀포시,182,181,174
자동차수리점,강원특별자치도,춘천시,262,262,258
자동차수리점,강원특별자치도,원주시,479,472,466
자동차수리점,강원특별자치도,강릉시,282,282,287
자동차수리점,강원특별자치도,동해시,120,118,121
자동차수리점,강원특별자치도,태백시,82,82,79
자동차수리점,강원특별자치도,속초시,104,104,101
자동차수리점,강원특별자치도,삼척시,76,75,75
자동차수리점,강원특별자치도,홍천군,102,103,100
자동차수리점,강원특별자치도,횡성군,49,49,48
자동차수리점,강원특별자치도,영월군,45,45,44
자동차수리점,강원특별자치도,평창군,55,55,57
자동차수리점,강원특별자치도,정선군,51,50,49
자동차수리점,강원특별자치도,철원군,58,58,57
자동차수리점,강원특별자치도,화천군,25,26,26
자동차수리점,강원특별자치도,양구군,29,29,29
자동차수리점,강원특별자치도,인제군,44,44,43
자동차수리점,강원특별자치도,고성군,28,28,26
자동차수리점,강원특별자치도,양양군,35,35,30
자동차수리점,전북특별자치도,전주시 완산구,242,242,243
자동차수리점,전북특별자치도,전주시 덕진구,514,516,500
자동차수리점,전북특별자치도,군산시,322,321,310
자동차수리점,전북특별자치도,익산시,331,329,334
자동차수리점,전북특별자치도,정읍시,132,131,131
자동차수리점,전북특별자치도,남원시,98,98,100
자동차수리점,전북특별자치도,김제시,90,90,93
자동차수리점,전북특별자치도,완주군,93,91,92
자동차수리점,전북특별자치도,진안군,22,22,21
자동차수리점,전북특별자치도,무주군,24,24,23
자동차수리점,전북특별자치도,장수군,23,23,23
자동차수리점,전북특별자치도,임실군,27,27,30
자동차수리점,전북특별자치도,순창군,22,22,23
자동차수리점,전북특별자치도,고창군,56,55,54
자동차수리점,전북특별자치도,부안군,64,64,68
LPG 충전소,서울특별시,종로구,0,0,0
LPG 충전소,서울특별시,성동구,0,0,0
LPG 충전소,서울특별시,광진구,0,0,0
LPG 충전소,서울특별시,동대문구,3,3,4
LPG 충전소,서울특별시,중랑구,4,4,4
LPG 충전소,서울특별시,성북구,0,0,0
LPG 충전소,서울특별시,강북구,3,3,3
LPG 충전소,서울특별시,도봉구,3,3,5
LPG 충전소,서울특별시,노원구,4,4,6
LPG 충전소,서울특별시,은평구,0,0,0
LPG 충전소,서울특별시,양천구,4,4,5
LPG 충전소,서울특별시,강서구,11,11,15
LPG 충전소,서울특별시,구로구,4,4,4
LPG 충전소,서울특별시,영등포구,0,0,0
LPG 충전소,서울특별시,관악구,3,3,3
LPG 충전소,서울특별시,서초구,3,3,3
LPG 충전소,서울특별시,강남구,6,6,7
LPG 충전소,서울특별시,송파구,0,0,0
LPG 충전소,서울특별시,강동구,0,0,0
LPG 충전소,부산광역시,서구,0,0,0
LPG 충전소,부산광역시,동구,6,6,6
LPG 충전소,부산광역시,영도구,3,3,3
LPG 충전소,부산광역시,부산진구,0,0,0
LPG 충전소,부산광역시,남구,0,0,0
LPG 충전소,부산광역시,북구,3,3,3
LPG 충전소,부산광역시,해운대구,0,0,0
LPG 충전소,부산광역시,사하구,4,4,5
LPG 충전소,부산광역시,금정구,3,3,3
LPG 충전소,부산광역시,강서구,11,11,12
LPG 충전소,부산광역시,연제구,0,0,0
LPG 충전소,부산광역시,수영구,0,0,0
LPG 충전소,부산광역시,사상구,4,4,5
LPG 충전소,부산광역시,기장군,14,14,13
LPG 충전소,대구광역시,중구,0,0,0
LPG 충전소,대구광역시,동구,6,6,6
LPG 충전소,대구광역시,서구,4,4,4
LPG 충전소,대구광역시,남구,0,0,0
LPG 충전소,대구광역시,북구,12,12,13
LPG 충전소,대구광역시,수성구,4,4,4
LPG 충전소,대구광역시,달서구,8,8,8
LPG 충전소,대구광역시,달성군,7,7,7
LPG 충전소,대구광역시,군위군,6,6,7
LPG 충전소,인천광역시,중구,3,3,0
LPG 충전소,인천광역시,동구,0,0,0
LPG 충전소,인천광역시,미추홀구,6,7,7
LPG 충전소,인천광역시,연수구,0,0,0
LPG 충전소,인천광역시,남동구,11,13,13
LPG 충전소,인천광역시,부평구,12,12,14
LPG 충전소,인천광역시,계양구,5,5,6
LPG 충전소,인천광역시,서구,21,21,20
LPG 충전소,인천광역시,강화군,3,3,3
LPG 충전소,인천광역시,옹진군,4,4,3
LPG 충전소,광주광역시,동구,0,0,0
LPG 충전소,광주광역시,서구,0,0,0
LPG 충전소,광주광역시,남구,0,0,0
LPG 충전소,광주광역시,북구,9,10,9
LPG 충전소,광주광역시,광산구,23,24,23
LPG 충전소,대전광역시,동구,4,4,4
LPG 충전소,대전광역시,중구,3,3,4
LPG 충전소,대전광역시,서구,5,5,5
LPG 충전소,대전광역시,유성구,11,11,9
LPG 충전소,대전광역시,대덕구,13,13,13
LPG 충전소,울산광역시,중구,0,0,0
LPG 충전소,울산광역시,남구,10,12,10
LPG 충전소,울산광역시,동구,0,0,0
LPG 충전소,울산광역시,북구,7,7,7
LPG 충전소,울산광역시,울주군,8,8,8
LPG 충전소,세종특별자치시,0,4,4,4
LPG 충전소,경기도,수원시 장안구,4,4,3
LPG 충전소,경기도,수원시 권선구,10,12,11
LPG 충전소,경기도,수원시 팔달구,0,0,0
LPG 충전소,경기도,수원시 영통구,3,4,3
LPG 충전소,경기도,성남시 수정구,4,4,4
LPG 충전소,경기도,성남시 중원구,0,0,0
LPG 충전소,경기도,성남시 분당구,3,3,3
LPG 충전소,경기도,의정부시,6,7,6
LPG 충전소,경기도,안양시 동안구,0,0,0
LPG 충전소,경기도,부천시 원미구,4,4,4
LPG 충전소,경기도,부천시 소사구,0,0,0
LPG 충전소,경기도,부천시 오정구,5,5,5
LPG 충전소,경기도,광명시,3,3,3
LPG 충전소,경기도,평택시,21,21,22
LPG 충전소,경기도,동두천시,3,3,3
LPG 충전소,경기도,안산시 상록구,8,9,11
LPG 충전소,경기도,안산시 단원구,7,7,8
LPG 충전소,경기도,고양시 덕양구,13,13,11
LPG 충전소,경기도,고양시 일산동구,8,8,8
LPG 충전소,경기도,고양시 일산서구,5,5,6
LPG 충전소,경기도,과천시,3,3,3
LPG 충전소,경기도,구리시,0,0,0
LPG 충전소,경기도,남양주시,11,12,11
LPG 충전소,경기도,오산시,8,8,7
LPG 충전소,경기도,시흥시,13,14,13
LPG 충전소,경기도,군포시,3,3,3
LPG 충전소,경기도,의왕시,6,6,6
LPG 충전소,경기도,하남시,4,4,3
LPG 충전소,경기도,용인시 처인구,18,18,17
LPG 충전소,경기도,용인시 기흥구,11,12,13
LPG 충전소,경기도,파주시,17,17,19
LPG 충전소,경기도,이천시,10,11,10
LPG 충전소,경기도,안성시,14,14,14
LPG 충전소,경기도,김포시,12,12,12
LPG 충전소,경기도,화성시 만세구,13,14,12
LPG 충전소,경기도,화성시 효행구,9,9,10
LPG 충전소,경기도,화성시 동탄구,3,3,4
LPG 충전소,경기도,광주시,8,8,8
LPG 충전소,경기도,양주시,12,14,13
LPG 충전소,경기도,포천시,19,20,19
LPG 충전소,경기도,여주시,8,8,8
LPG 충전소,경기도,연천군,3,3,4
LPG 충전소,경기도,가평군,11,11,11
LPG 충전소,경기도,양평군,7,8,7
LPG 충전소,충청북도,청주시 상당구,6,6,6
LPG 충전소,충청북도,청주시 서원구,5,5,6
LPG 충전소,충청북도,청주시 흥덕구,8,8,8
LPG 충전소,충청북도,청주시 청원구,8,8,8
LPG 충전소,충청북도,충주시,14,14,14
LPG 충전소,충청북도,제천시,12,12,12
LPG 충전소,충청북도,보은군,0,0,0
LPG 충전소,충청북도,옥천군,0,0,0
LPG 충전소,충청북도,영동군,0,0,0
LPG 충전소,충청북도,증평군,0,0,0
LPG 충전소,충청북도,진천군,5,5,5
LPG 충전소,충청북도,괴산군,0,0,0
LPG 충전소,충청북도,음성군,10,10,11
LPG 충전소,충청북도,단양군,0,0,0
LPG 충전소,충청남도,천안시 동남구,11,11,11
LPG 충전소,충청남도,천안시 서북구,14,14,16
LPG 충전소,충청남도,공주시,9,9,8
LPG 충전소,충청남도,보령시,8,8,8
LPG 충전소,충청남도,아산시,10,10,10
LPG 충전소,충청남도,서산시,6,6,6
LPG 충전소,충청남도,논산시,12,12,12
LPG 충전소,충청남도,계룡시,3,3,4
LPG 충전소,충청남도,당진시,11,12,11
LPG 충전소,충청남도,금산군,4,4,4
LPG 충전소,충청남도,부여군,4,4,4
LPG 충전소,충청남도,서천군,6,6,6
LPG 충전소,충청남도,홍성군,10,10,12
LPG 충전소,충청남도,예산군,7,7,7
LPG 충전소,충청남도,태안군,0,0,0
LPG 충전소,전라남도,목포시,11,11,11
LPG 충전소,전라남도,여수시,13,13,18
LPG 충전소,전라남도,순천시,12,12,12
LPG 충전소,전라남도,나주시,11,11,11
LPG 충전소,전라남도,광양시,12,12,12
LPG 충전소,전라남도,담양군,4,4,3
LPG 충전소,전라남도,곡성군,0,0,0
LPG 충전소,전라남도,구례군,3,3,3
LPG 충전소,전라남도,고흥군,5,5,5
LPG 충전소,전라남도,보성군,6,6,5
LPG 충전소,전라남도,화순군,6,6,7
LPG 충전소,전라남도,장흥군,3,3,3
LPG 충전소,전라남도,강진군,5,5,5
LPG 충전소,전라남도,해남군,0,0,0
LPG 충전소,전라남도,영암군,7,7,7
LPG 충전소,전라남도,무안군,3,3,3
LPG 충전소,전라남도,함평군,4,4,4
LPG 충전소,전라남도,영광군,5,5,5
LPG 충전소,전라남도,장성군,3,3,3
LPG 충전소,전라남도,진도군,0,0,0
LPG 충전소,경상북도,포항시 남구,13,12,12
LPG 충전소,경상북도,포항시 북구,12,12,12
LPG 충전소,경상북도,경주시,21,21,17
LPG 충전소,경상북도,김천시,12,12,14
LPG 충전소,경상북도,안동시,8,8,9
LPG 충전소,경상북도,구미시,17,18,17
LPG 충전소,경상북도,영주시,6,6,6
LPG 충전소,경상북도,영천시,10,10,10
LPG 충전소,경상북도,상주시,5,5,5
LPG 충전소,경상북도,문경시,4,5,4
LPG 충전소,경상북도,경산시,13,13,13
LPG 충전소,경상북도,의성군,4,4,4
LPG 충전소,경상북도,청송군,0,0,0
LPG 충전소,경상북도,영양군,0,0,0
LPG 충전소,경상북도,영덕군,4,4,4
LPG 충전소,경상북도,청도군,0,0,0
LPG 충전소,경상북도,성주군,4,4,4
LPG 충전소,경상북도,칠곡군,15,16,15
LPG 충전소,경상북도,예천군,5,5,4
LPG 충전소,경상북도,봉화군,0,0,0
LPG 충전소,경상북도,울진군,5,5,5
LPG 충전소,경상남도,창원시 의창구,11,11,11
LPG 충전소,경상남도,창원시 성산구,3,3,3
LPG 충전소,경상남도,창원시 마산합포구,10,10,10
LPG 충전소,경상남도,창원시 마산회원구,5,5,6
LPG 충전소,경상남도,창원시 진해구,6,6,6
LPG 충전소,경상남도,진주시,14,15,14
LPG 충전소,경상남도,통영시,6,6,7
LPG 충전소,경상남도,사천시,10,10,10
LPG 충전소,경상남도,김해시,24,24,23
LPG 충전소,경상남도,밀양시,7,7,9
LPG 충전소,경상남도,거제시,9,9,9
LPG 충전소,경상남도,양산시,15,17,14
LPG 충전소,경상남도,의령군,0,0,0
LPG 충전소,경상남도,함안군,14,14,14
LPG 충전소,경상남도,창녕군,4,4,0
LPG 충전소,경상남도,고성군,4,4,4
LPG 충전소,경상남도,남해군,3,3,4
LPG 충전소,경상남도,하동군,4,4,4
LPG 충전소,경상남도,함양군,3,3,3
LPG 충전소,경상남도,거창군,0,0,0
LPG 충전소,경상남도,합천군,0,0,0
LPG 충전소,제주특별자치도,제주시,22,21,21
LPG 충전소,제주특별자치도,서귀포시,13,13,13
LPG 충전소,강원특별자치도,춘천시,17,17,18
LPG 충전소,강원특별자치도,원주시,16,15,13
LPG 충전소,강원특별자치도,강릉시,15,15,15
LPG 충전소,강원특별자치도,동해시,9,9,8
LPG 충전소,강원특별자치도,태백시,0,0,0
LPG 충전소,강원특별자치도,속초시,5,5,5
LPG 충전소,강원특별자치도,삼척시,4,4,3
LPG 충전소,강원특별자치도,홍천군,4,4,4
LPG 충전소,강원특별자치도,횡성군,5,5,5
LPG 충전소,강원특별자치도,영월군,4,4,4
LPG 충전소,강원특별자치도,평창군,5,5,5
LPG 충전소,강원특별자치도,정선군,0,0,0
LPG 충전소,강원특별자치도,철원군,3,3,3
LPG 충전소,강원특별자치도,화천군,0,0,0
LPG 충전소,강원특별자치도,양구군,0,0,0
LPG 충전소,강원특별자치도,인제군,7,7,7
LPG 충전소,강원특별자치도,고성군,0,0,0
LPG 충전소,강원특별자치도,양양군,3,3,4
LPG 충전소,전북특별자치도,전주시 완산구,14,14,13
LPG 충전소,전북특별자치도,전주시 덕진구,14,14,13
LPG 충전소,전북특별자치도,군산시,15,15,12
LPG 충전소,전북특별자치도,익산시,20,19,19
LPG 충전소,전북특별자치도,정읍시,11,11,10
LPG 충전소,전북특별자치도,남원시,8,8,8
LPG 충전소,전북특별자치도,김제시,4,4,3
LPG 충전소,전북특별자치도,완주군,11,11,12
LPG 충전소,전북특별자치도,진안군,0,0,0
LPG 충전소,전북특별자치도,무주군,0,0,0
LPG 충전소,전북특별자치도,임실군,0,0,0
LPG 충전소,전북특별자치도,순창군,0,0,0
LPG 충전소,전북특별자치도,고창군,4,4,4
LPG 충전소,전북특별자치도,부안군,7,7,5
피부관리업,서울특별시,종로구,190,193,194
피부관리업,서울특별시,중구,273,270,241
피부관리업,서울특별시,용산구,261,257,237
피부관리업,서울특별시,성동구,393,387,368
피부관리업,서울특별시,광진구,544,542,505
피부관리업,서울특별시,동대문구,397,392,376
피부관리업,서울특별시,중랑구,453,452,419
피부관리업,서울특별시,성북구,395,396,381
피부관리업,서울특별시,강북구,365,366,360
피부관리업,서울특별시,도봉구,285,285,275
피부관리업,서울특별시,노원구,485,485,478
피부관리업,서울특별시,은평구,423,421,408
피부관리업,서울특별시,서대문구,239,238,238
피부관리업,서울특별시,마포구,881,867,800
피부관리업,서울특별시,양천구,422,416,409
피부관리업,서울특별시,강서구,965,953,921
피부관리업,서울특별시,구로구,454,456,433
피부관리업,서울특별시,금천구,273,273,259
피부관리업,서울특별시,영등포구,600,587,569
피부관리업,서울특별시,동작구,359,357,338
피부관리업,서울특별시,관악구,543,544,527
피부관리업,서울특별시,서초구,702,707,684
피부관리업,서울특별시,강남구,1499,1480,1421
피부관리업,서울특별시,송파구,1011,1007,929
피부관리업,서울특별시,강동구,543,536,513
피부관리업,부산광역시,중구,163,161,156
피부관리업,부산광역시,서구,80,81,74
피부관리업,부산광역시,동구,118,119,119
피부관리업,부산광역시,영도구,69,69,72
피부관리업,부산광역시,부산진구,1010,1000,947
피부관리업,부산광역시,동래구,489,489,457
피부관리업,부산광역시,남구,321,320,304
피부관리업,부산광역시,북구,298,300,295
피부관리업,부산광역시,해운대구,545,545,516
피부관리업,부산광역시,사하구,377,371,376
피부관리업,부산광역시,금정구,254,253,249
피부관리업,부산광역시,강서구,239,233,212
피부관리업,부산광역시,연제구,353,351,331
피부관리업,부산광역시,수영구,360,356,347
피부관리업,부산광역시,사상구,219,217,214
피부관리업,부산광역시,기장군,220,218,211
피부관리업,대구광역시,중구,440,438,395
피부관리업,대구광역시,동구,328,329,303
피부관리업,대구광역시,서구,146,144,142
피부관리업,대구광역시,남구,206,202,197
피부관리업,대구광역시,북구,429,425,415
피부관리업,대구광역시,수성구,713,708,665
피부관리업,대구광역시,달서구,834,833,779
피부관리업,대구광역시,달성군,229,228,226
피부관리업,대구광역시,군위군,7,7,6
피부관리업,인천광역시,중구,191,192,191
피부관리업,인천광역시,동구,30,31,31
피부관리업,인천광역시,미추홀구,539,535,528
피부관리업,인천광역시,연수구,595,589,539
피부관리업,인천광역시,남동구,732,720,727
피부관리업,인천광역시,부평구,824,817,782
피부관리업,인천광역시,계양구,341,340,325
피부관리업,인천광역시,서구,929,927,892
피부관리업,인천광역시,강화군,47,46,46
피부관리업,인천광역시,옹진군,3,3,5
피부관리업,광주광역시,동구,190,189,185
피부관리업,광주광역시,서구,805,796,783
피부관리업,광주광역시,남구,328,325,319
피부관리업,광주광역시,북구,629,620,607
피부관리업,광주광역시,광산구,877,872,832
피부관리업,대전광역시,동구,192,190,181
피부관리업,대전광역시,중구,239,236,232
피부관리업,대전광역시,서구,1059,1052,1004
피부관리업,대전광역시,유성구,555,552,530
피부관리업,대전광역시,대덕구,192,187,177
피부관리업,울산광역시,중구,232,230,215
피부관리업,울산광역시,남구,765,759,717
피부관리업,울산광역시,동구,165,167,157
피부관리업,울산광역시,북구,247,249,227
피부관리업,울산광역시,울주군,191,194,186
피부관리업,세종특별자치시,0,452,450,430
피부관리업,경기도,수원시 장안구,258,253,261
피부관리업,경기도,수원시 권선구,469,467,453
피부관리업,경기도,수원시 팔달구,569,569,520
피부관리업,경기도,수원시 영통구,626,625,597
피부관리업,경기도,성남시 수정구,285,283,281
피부관리업,경기도,성남시 중원구,241,242,215
피부관리업,경기도,성남시 분당구,792,792,772
피부관리업,경기도,의정부시,687,679,655
피부관리업,경기도,안양시 만안구,244,246,244
피부관리업,경기도,안양시 동안구,535,530,506
피부관리업,경기도,부천시 원미구,1020,1008,974
피부관리업,경기도,부천시 소사구,257,255,244
피부관리업,경기도,부천시 오정구,121,121,110
피부관리업,경기도,광명시,381,378,360
피부관리업,경기도,평택시,990,986,945
피부관리업,경기도,동두천시,103,104,105
피부관리업,경기도,안산시 상록구,288,285,269
피부관리업,경기도,안산시 단원구,710,704,684
피부관리업,경기도,고양시 덕양구,590,586,551
피부관리업,경기도,고양시 일산동구,590,581,554
피부관리업,경기도,고양시 일산서구,337,337,332
피부관리업,경기도,과천시,62,60,62
피부관리업,경기도,구리시,311,313,304
피부관리업,경기도,남양주시,863,859,841
피부관리업,경기도,오산시,309,307,294
피부관리업,경기도,시흥시,813,808,813
피부관리업,경기도,군포시,332,336,330
피부관리업,경기도,의왕시,103,100,104
피부관리업,경기도,하남시,500,505,473
피부관리업,경기도,용인시 처인구,260,258,251
피부관리업,경기도,용인시 기흥구,388,386,355
피부관리업,경기도,용인시 수지구,304,297,289
피부관리업,경기도,파주시,686,679,617
피부관리업,경기도,이천시,321,318,307
피부관리업,경기도,안성시,183,181,179
피부관리업,경기도,김포시,729,723,701
피부관리업,경기도,화성시,0,0,0
피부관리업,경기도,화성시 만세구,333,333,304
피부관리업,경기도,화성시 효행구,159,160,141
피부관리업,경기도,화성시 병점구,247,246,249
피부관리업,경기도,화성시 동탄구,709,696,661
피부관리업,경기도,광주시,430,429,401
피부관리업,경기도,양주시,376,367,349
피부관리업,경기도,포천시,141,141,135
피부관리업,경기도,여주시,138,137,122
피부관리업,경기도,연천군,21,21,17
피부관리업,경기도,가평군,38,38,39
피부관리업,경기도,양평군,106,104,100
피부관리업,충청북도,청주시 상당구,325,327,319
피부관리업,충청북도,청주시 서원구,249,250,247
피부관리업,충청북도,청주시 흥덕구,576,578,548
피부관리업,충청북도,청주시 청원구,281,276,242
피부관리업,충청북도,충주시,282,280,261
피부관리업,충청북도,제천시,154,153,144
피부관리업,충청북도,보은군,9,9,8
피부관리업,충청북도,옥천군,27,29,33
피부관리업,충청북도,영동군,23,23,24
피부관리업,충청북도,증평군,42,41,43
피부관리업,충청북도,진천군,95,97,95
피부관리업,충청북도,괴산군,9,9,9
피부관리업,충청북도,음성군,108,110,106
피부관리업,충청북도,단양군,9,9,7
피부관리업,충청남도,천안시 동남구,324,320,292
피부관리업,충청남도,천안시 서북구,919,909,828
피부관리업,충청남도,공주시,72,72,71
피부관리업,충청남도,보령시,79,80,79
피부관리업,충청남도,아산시,462,454,422
피부관리업,충청남도,서산시,257,255,246
피부관리업,충청남도,논산시,104,105,101
피부관리업,충청남도,계룡시,51,50,44
피부관리업,충청남도,당진시,257,255,238
피부관리업,충청남도,금산군,29,30,30
피부관리업,충청남도,부여군,34,34,35
피부관리업,충청남도,서천군,36,35,32
피부관리업,충청남도,청양군,14,14,15
피부관리업,충청남도,홍성군,139,137,127
피부관리업,충청남도,예산군,65,66,63
피부관리업,충청남도,태안군,35,34,33
피부관리업,전라남도,목포시,465,461,459
피부관리업,전라남도,여수시,505,503,501
피부관리업,전라남도,순천시,522,516,501
피부관리업,전라남도,나주시,149,149,139
피부관리업,전라남도,광양시,266,268,254
피부관리업,전라남도,담양군,23,23,24
피부관리업,전라남도,곡성군,9,9,11
피부관리업,전라남도,구례군,12,12,12
피부관리업,전라남도,고흥군,34,33,33
피부관리업,전라남도,보성군,17,16,16
피부관리업,전라남도,화순군,49,48,40
피부관리업,전라남도,장흥군,34,34,33
피부관리업,전라남도,강진군,26,26,24
피부관리업,전라남도,해남군,73,71,74
피부관리업,전라남도,영암군,27,27,28
피부관리업,전라남도,무안군,146,144,135
피부관리업,전라남도,함평군,11,11,8
피부관리업,전라남도,영광군,40,39,35
피부관리업,전라남도,장성군,22,21,19
피부관리업,전라남도,완도군,52,52,52
피부관리업,전라남도,진도군,20,19,18
피부관리업,전라남도,신안군,0,0,0
피부관리업,경상북도,포항시 남구,332,333,307
피부관리업,경상북도,포항시 북구,446,439,417
피부관리업,경상북도,경주시,263,262,248
피부관리업,경상북도,김천시,140,140,135
피부관리업,경상북도,안동시,175,175,169
피부관리업,경상북도,구미시,650,643,610
피부관리업,경상북도,영주시,122,122,120
피부관리업,경상북도,영천시,82,82,76
피부관리업,경상북도,상주시,67,66,62
피부관리업,경상북도,문경시,67,66,67
피부관리업,경상북도,경산시,354,350,343
피부관리업,경상북도,의성군,11,11,11
피부관리업,경상북도,청송군,9,9,8
피부관리업,경상북도,영양군,4,4,5
피부관리업,경상북도,영덕군,23,23,19
피부관리업,경상북도,청도군,9,10,11
피부관리업,경상북도,고령군,9,8,6
피부관리업,경상북도,성주군,22,22,22
피부관리업,경상북도,칠곡군,98,97,101
피부관리업,경상북도,예천군,35,34,35
피부관리업,경상북도,봉화군,7,7,5
피부관리업,경상북도,울진군,35,35,36
피부관리업,경상북도,울릉군,3,3,3
피부관리업,경상남도,창원시 의창구,377,378,384
피부관리업,경상남도,창원시 성산구,550,544,533
피부관리업,경상남도,창원시 마산합포구,255,253,260
피부관리업,경상남도,창원시 마산회원구,315,317,297
피부관리업,경상남도,창원시 진해구,293,289,283
피부관리업,경상남도,진주시,529,521,509
피부관리업,경상남도,통영시,170,170,161
피부관리업,경상남도,사천시,142,138,133
피부관리업,경상남도,김해시,961,961,941
피부관리업,경상남도,밀양시,101,100,102
피부관리업,경상남도,거제시,355,357,328
피부관리업,경상남도,양산시,594,585,562
피부관리업,경상남도,의령군,12,12,11
피부관리업,경상남도,함안군,41,40,37
피부관리업,경상남도,창녕군,28,28,32
피부관리업,경상남도,고성군,33,33,31
피부관리업,경상남도,남해군,26,26,23
피부관리업,경상남도,하동군,23,23,23
피부관리업,경상남도,산청군,16,16,17
피부관리업,경상남도,함양군,23,23,21
피부관리업,경상남도,거창군,64,62,57
피부관리업,경상남도,합천군,14,14,13
피부관리업,제주특별자치도,제주시,949,944,930
피부관리업,제주특별자치도,서귀포시,297,293,291
피부관리업,강원특별자치도,춘천시,404,401,387
피부관리업,강원특별자치도,원주시,635,633,583
피부관리업,강원특별자치도,강릉시,347,347,326
피부관리업,강원특별자치도,동해시,159,157,142
피부관리업,강원특별자치도,태백시,43,43,44
피부관리업,강원특별자치도,속초시,145,145,146
피부관리업,강원특별자치도,삼척시,54,53,51
피부관리업,강원특별자치도,홍천군,60,60,47
피부관리업,강원특별자치도,횡성군,23,23,20
피부관리업,강원특별자치도,영월군,16,17,16
피부관리업,강원특별자치도,평창군,30,33,29
피부관리업,강원특별자치도,정선군,21,21,18
피부관리업,강원특별자치도,철원군,44,44,41
피부관리업,강원특별자치도,화천군,10,10,14
피부관리업,강원특별자치도,양구군,14,14,14
피부관리업,강원특별자치도,인제군,28,27,27
피부관리업,강원특별자치도,고성군,12,12,10
피부관리업,강원특별자치도,양양군,15,15,14
피부관리업,전북특별자치도,전주시 완산구,678,670,660
피부관리업,전북특별자치도,전주시 덕진구,492,489,467
피부관리업,전북특별자치도,군산시,396,397,382
피부관리업,전북특별자치도,익산시,347,346,331
피부관리업,전북특별자치도,정읍시,89,86,85
피부관리업,전북특별자치도,남원시,88,88,79
피부관리업,전북특별자치도,김제시,50,49,46
피부관리업,전북특별자치도,완주군,53,54,53
피부관리업,전북특별자치도,진안군,7,8,7
피부관리업,전북특별자치도,무주군,13,13,10
피부관리업,전북특별자치도,장수군,11,11,11
피부관리업,전북특별자치도,임실군,7,7,7
피부관리업,전북특별자치도,순창군,12,12,11
피부관리업,전북특별자치도,고창군,34,34,31
피부관리업,전북특별자치도,부안군,38,36,35
헬스클럽,서울특별시,종로구,74,75,72
헬스클럽,서울특별시,중구,60,59,61
헬스클럽,서울특별시,용산구,77,76,68
헬스클럽,서울특별시,성동구,106,104,99
헬스클럽,서울특별시,광진구,125,126,129
헬스클럽,서울특별시,동대문구,116,113,112
헬스클럽,서울특별시,중랑구,89,87,87
헬스클럽,서울특별시,성북구,104,104,92
헬스클럽,서울특별시,강북구,70,70,64
헬스클럽,서울특별시,도봉구,78,78,76
헬스클럽,서울특별시,노원구,122,124,124
헬스클럽,서울특별시,은평구,108,107,109
헬스클럽,서울특별시,서대문구,92,93,92
헬스클럽,서울특별시,마포구,164,166,161
헬스클럽,서울특별시,양천구,139,140,132
헬스클럽,서울특별시,강서구,229,234,225
헬스클럽,서울특별시,구로구,102,106,105
헬스클럽,서울특별시,금천구,77,75,70
헬스클럽,서울특별시,영등포구,168,168,153
헬스클럽,서울특별시,동작구,100,102,95
헬스클럽,서울특별시,관악구,158,154,147
헬스클럽,서울특별시,서초구,257,256,243
헬스클럽,서울특별시,강남구,409,411,425
헬스클럽,서울특별시,송파구,304,304,298
헬스클럽,서울특별시,강동구,153,150,143
헬스클럽,부산광역시,중구,22,22,22
헬스클럽,부산광역시,서구,17,18,19
헬스클럽,부산광역시,동구,22,22,17
헬스클럽,부산광역시,영도구,14,13,13
헬스클럽,부산광역시,부산진구,118,119,113
헬스클럽,부산광역시,동래구,82,82,84
헬스클럽,부산광역시,남구,71,71,71
헬스클럽,부산광역시,북구,58,57,57
헬스클럽,부산광역시,해운대구,125,128,122
헬스클럽,부산광역시,사하구,66,68,69
헬스클럽,부산광역시,금정구,69,69,68
헬스클럽,부산광역시,강서구,46,49,49
헬스클럽,부산광역시,연제구,63,62,55
헬스클럽,부산광역시,수영구,71,71,73
헬스클럽,부산광역시,사상구,44,42,40
헬스클럽,부산광역시,기장군,43,42,41
헬스클럽,대구광역시,중구,37,38,34
헬스클럽,대구광역시,동구,81,79,75
헬스클럽,대구광역시,서구,22,22,22
헬스클럽,대구광역시,남구,33,33,34
헬스클럽,대구광역시,북구,107,107,110
헬스클럽,대구광역시,수성구,185,189,183
헬스클럽,대구광역시,달서구,151,151,152
헬스클럽,대구광역시,달성군,62,61,57
헬스클럽,대구광역시,군위군,4,4,3
헬스클럽,인천광역시,중구,34,34,38
헬스클럽,인천광역시,동구,3,3,3
헬스클럽,인천광역시,미추홀구,90,90,81
헬스클럽,인천광역시,연수구,130,128,125
헬스클럽,인천광역시,남동구,138,137,136
헬스클럽,인천광역시,부평구,120,122,118
헬스클럽,인천광역시,계양구,69,69,68
헬스클럽,인천광역시,서구,154,156,149
헬스클럽,인천광역시,강화군,12,12,11
헬스클럽,광주광역시,동구,36,36,33
헬스클럽,광주광역시,서구,85,87,92
헬스클럽,광주광역시,남구,51,51,48
헬스클럽,광주광역시,북구,104,105,99
헬스클럽,광주광역시,광산구,109,108,108
헬스클럽,대전광역시,동구,43,43,35
헬스클럽,대전광역시,중구,55,55,52
헬스클럽,대전광역시,서구,182,180,176
헬스클럽,대전광역시,유성구,143,141,140
헬스클럽,대전광역시,대덕구,37,37,37
헬스클럽,울산광역시,중구,45,46,42
헬스클럽,울산광역시,남구,99,97,93
헬스클럽,울산광역시,동구,29,29,28
헬스클럽,울산광역시,북구,51,50,50
헬스클럽,울산광역시,울주군,38,38,36
헬스클럽,세종특별자치시,0,94,94,89
헬스클럽,경기도,수원시 장안구,72,70,68
헬스클럽,경기도,수원시 권선구,104,104,107
헬스클럽,경기도,수원시 팔달구,89,88,87
헬스클럽,경기도,수원시 영통구,132,131,125
헬스클럽,경기도,성남시 수정구,62,62,62
헬스클럽,경기도,성남시 중원구,59,58,55
헬스클럽,경기도,성남시 분당구,226,225,211
헬스클럽,경기도,의정부시,128,126,127
헬스클럽,경기도,안양시 만안구,36,35,36
헬스클럽,경기도,안양시 동안구,120,122,123
헬스클럽,경기도,부천시 원미구,137,137,140
헬스클럽,경기도,부천시 소사구,49,50,54
헬스클럽,경기도,부천시 오정구,24,25,24
헬스클럽,경기도,광명시,69,69,72
헬스클럽,경기도,평택시,161,162,153
헬스클럽,경기도,동두천시,18,18,17
헬스클럽,경기도,안산시 상록구,62,62,63
헬스클럽,경기도,안산시 단원구,87,89,91
헬스클럽,경기도,고양시 덕양구,125,127,124
헬스클럽,경기도,고양시 일산동구,106,107,105
헬스클럽,경기도,고양시 일산서구,82,82,82
헬스클럽,경기도,과천시,24,24,22
헬스클럽,경기도,구리시,57,56,54
헬스클럽,경기도,남양주시,177,178,166
헬스클럽,경기도,오산시,55,54,54
헬스클럽,경기도,시흥시,133,134,132
헬스클럽,경기도,군포시,64,64,67
헬스클럽,경기도,의왕시,35,34,35
헬스클럽,경기도,하남시,101,103,94
헬스클럽,경기도,용인시 처인구,45,48,44
헬스클럽,경기도,용인시 기흥구,117,117,115
헬스클럽,경기도,용인시 수지구,112,111,98
헬스클럽,경기도,파주시,107,103,99
헬스클럽,경기도,이천시,56,57,57
헬스클럽,경기도,안성시,42,41,43
헬스클럽,경기도,김포시,133,134,135
헬스클럽,경기도,화성시,0,0,0
헬스클럽,경기도,화성시 만세구,54,54,52
헬스클럽,경기도,화성시 효행구,28,28,25
헬스클럽,경기도,화성시 병점구,43,43,51
헬스클럽,경기도,화성시 동탄구,129,129,112
헬스클럽,경기도,광주시,81,78,73
헬스클럽,경기도,양주시,52,53,53
헬스클럽,경기도,포천시,22,22,23
헬스클럽,경기도,여주시,19,18,17
헬스클럽,경기도,연천군,10,10,8
헬스클럽,경기도,가평군,11,11,9
헬스클럽,경기도,양평군,17,17,17
헬스클럽,충청북도,청주시 상당구,55,57,56
헬스클럽,충청북도,청주시 서원구,49,49,43
헬스클럽,충청북도,청주시 흥덕구,106,105,102
헬스클럽,충청북도,청주시 청원구,66,66,63
헬스클럽,충청북도,충주시,37,39,35
헬스클럽,충청북도,제천시,36,35,34
헬스클럽,충청북도,보은군,0,0,0
헬스클럽,충청북도,옥천군,9,9,8
헬스클럽,충청북도,영동군,6,6,6
헬스클럽,충청북도,증평군,10,10,10
헬스클럽,충청북도,진천군,17,18,16
헬스클럽,충청북도,괴산군,0,0,0
헬스클럽,충청북도,음성군,22,22,22
헬스클럽,충청북도,단양군,0,0,0
헬스클럽,충청남도,천안시 동남구,65,65,61
헬스클럽,충청남도,천안시 서북구,134,133,136
헬스클럽,충청남도,공주시,11,11,12
헬스클럽,충청남도,보령시,18,18,17
헬스클럽,충청남도,아산시,90,90,85
헬스클럽,충청남도,서산시,31,31,33
헬스클럽,충청남도,논산시,13,13,12
헬스클럽,충청남도,계룡시,7,7,7
헬스클럽,충청남도,당진시,25,26,20
헬스클럽,충청남도,금산군,4,4,3
헬스클럽,충청남도,부여군,4,4,5
헬스클럽,충청남도,서천군,4,4,4
헬스클럽,충청남도,청양군,0,0,0
헬스클럽,충청남도,홍성군,26,26,22
헬스클럽,충청남도,예산군,10,10,10
헬스클럽,충청남도,태안군,11,11,10
헬스클럽,전라남도,목포시,40,40,42
헬스클럽,전라남도,여수시,49,48,48
헬스클럽,전라남도,순천시,71,69,64
헬스클럽,전라남도,나주시,24,24,23
헬스클럽,전라남도,광양시,30,30,28
헬스클럽,전라남도,담양군,0,0,0
헬스클럽,전라남도,곡성군,0,0,0
헬스클럽,전라남도,구례군,3,3,0
헬스클럽,전라남도,고흥군,7,7,7
헬스클럽,전라남도,보성군,6,6,6
헬스클럽,전라남도,화순군,9,9,10
헬스클럽,전라남도,장흥군,4,4,4
헬스클럽,전라남도,강진군,0,0,0
헬스클럽,전라남도,해남군,4,4,3
헬스클럽,전라남도,영암군,4,4,3
헬스클럽,전라남도,무안군,15,15,13
헬스클럽,전라남도,함평군,0,0,0
헬스클럽,전라남도,영광군,5,5,5
헬스클럽,전라남도,장성군,0,0,0
헬스클럽,전라남도,완도군,9,9,9
헬스클럽,전라남도,진도군,4,4,3
헬스클럽,경상북도,포항시 남구,53,54,55
헬스클럽,경상북도,포항시 북구,67,66,62
헬스클럽,경상북도,경주시,42,42,41
헬스클럽,경상북도,김천시,29,29,25
헬스클럽,경상북도,안동시,41,42,39
헬스클럽,경상북도,구미시,116,115,112
헬스클럽,경상북도,영주시,14,14,16
헬스클럽,경상북도,영천시,15,15,14
헬스클럽,경상북도,상주시,16,17,15
헬스클럽,경상북도,문경시,9,9,6
헬스클럽,경상북도,경산시,75,75,73
헬스클럽,경상북도,의성군,0,0,0
헬스클럽,경상북도,영덕군,5,5,4
헬스클럽,경상북도,청도군,0,0,0
헬스클럽,경상북도,고령군,0,0,0
헬스클럽,경상북도,성주군,6,6,5
헬스클럽,경상북도,칠곡군,20,20,20
헬스클럽,경상북도,예천군,12,12,13
헬스클럽,경상북도,봉화군,0,0,0
헬스클럽,경상북도,울진군,8,8,7
헬스클럽,경상남도,창원시 의창구,47,47,46
헬스클럽,경상남도,창원시 성산구,88,87,88
헬스클럽,경상남도,창원시 마산합포구,34,35,34
헬스클럽,경상남도,창원시 마산회원구,39,42,43
헬스클럽,경상남도,창원시 진해구,37,38,38
헬스클럽,경상남도,진주시,93,93,91
헬스클럽,경상남도,통영시,21,21,23
헬스클럽,경상남도,사천시,23,23,23
헬스클럽,경상남도,김해시,124,124,125
헬스클럽,경상남도,밀양시,14,14,15
헬스클럽,경상남도,거제시,36,37,41
헬스클럽,경상남도,양산시,80,80,86
헬스클럽,경상남도,의령군,0,0,0
헬스클럽,경상남도,함안군,11,11,10
헬스클럽,경상남도,창녕군,3,3,3
헬스클럽,경상남도,고성군,3,3,3
헬스클럽,경상남도,남해군,5,5,5
헬스클럽,경상남도,하동군,0,0,0
헬스클럽,경상남도,산청군,0,0,0
헬스클럽,경상남도,함양군,0,0,0
헬스클럽,경상남도,거창군,12,12,9
헬스클럽,경상남도,합천군,0,0,0
헬스클럽,제주특별자치도,제주시,169,166,161
헬스클럽,제주특별자치도,서귀포시,60,59,55
헬스클럽,강원특별자치도,춘천시,116,113,112
헬스클럽,강원특별자치도,원주시,89,88,89
헬스클럽,강원특별자치도,강릉시,61,62,61
헬스클럽,강원특별자치도,동해시,23,24,22
헬스클럽,강원특별자치도,태백시,10,9,12
헬스클럽,강원특별자치도,속초시,15,15,14
헬스클럽,강원특별자치도,삼척시,13,13,12
헬스클럽,강원특별자치도,홍천군,14,14,14
헬스클럽,강원특별자치도,횡성군,5,5,4
헬스클럽,강원특별자치도,영월군,10,10,11
헬스클럽,강원특별자치도,평창군,6,6,6
헬스클럽,강원특별자치도,정선군,5,5,5
헬스클럽,강원특별자치도,철원군,14,14,14
헬스클럽,강원특별자치도,화천군,0,0,0
헬스클럽,강원특별자치도,양구군,3,3,3
헬스클럽,강원특별자치도,인제군,3,3,0
헬스클럽,강원특별자치도,고성군,0,0,0
헬스클럽,강원특별자치도,양양군,4,4,4
헬스클럽,전북특별자치도,전주시 완산구,90,93,90
헬스클럽,전북특별자치도,전주시 덕진구,111,112,108
헬스클럽,전북특별자치도,군산시,50,51,49
헬스클럽,전북특별자치도,익산시,49,50,50
헬스클럽,전북특별자치도,정읍시,16,16,16
헬스클럽,전북특별자치도,남원시,14,14,13
헬스클럽,전북특별자치도,김제시,9,9,7
헬스클럽,전북특별자치도,완주군,17,17,16
헬스클럽,전북특별자치도,무주군,0,0,0
헬스클럽,전북특별자치도,장수군,0,0,0
헬스클럽,전북특별자치도,임실군,0,0,0
헬스클럽,전북특별자치도,고창군,5,5,5
헬스클럽,전북특별자치도,부안군,7,8,5
교습학원,서울특별시,종로구,130,132,137
교습학원,서울특별시,중구,81,81,77
교습학원,서울특별시,용산구,129,130,125
교습학원,서울특별시,성동구,264,261,248
교습학원,서울특별시,광진구,344,343,344
교습학원,서울특별시,동대문구,343,344,320
교습학원,서울특별시,중랑구,232,234,230
교습학원,서울특별시,성북구,367,369,363
교습학원,서울특별시,강북구,155,152,155
교습학원,서울특별시,도봉구,249,251,248
교습학원,서울특별시,노원구,591,594,615
교습학원,서울특별시,은평구,470,467,461
교습학원,서울특별시,서대문구,330,331,319
교습학원,서울특별시,마포구,467,463,483
교습학원,서울특별시,양천구,958,961,961
교습학원,서울특별시,강서구,621,613,613
교습학원,서울특별시,구로구,336,338,333
교습학원,서울특별시,금천구,169,170,172
교습학원,서울특별시,영등포구,361,358,352
교습학원,서울특별시,동작구,355,356,336
교습학원,서울특별시,관악구,312,313,313
교습학원,서울특별시,서초구,896,896,877
교습학원,서울특별시,강남구,1872,1867,1843
교습학원,서울특별시,송파구,920,914,888
교습학원,서울특별시,강동구,671,678,652
교습학원,부산광역시,중구,14,14,12
교습학원,부산광역시,서구,91,91,89
교습학원,부산광역시,동구,46,46,39
교습학원,부산광역시,영도구,43,45,48
교습학원,부산광역시,부산진구,386,384,388
교습학원,부산광역시,동래구,564,562,525
교습학원,부산광역시,남구,299,300,292
교습학원,부산광역시,북구,287,287,282
교습학원,부산광역시,해운대구,708,713,706
교습학원,부산광역시,사하구,296,297,291
교습학원,부산광역시,금정구,258,260,261
교습학원,부산광역시,강서구,309,306,268
교습학원,부산광역시,연제구,294,287,277
교습학원,부산광역시,수영구,253,253,245
교습학원,부산광역시,사상구,115,115,108
교습학원,부산광역시,기장군,301,301,285
교습학원,대구광역시,중구,131,132,121
교습학원,대구광역시,동구,330,331,310
교습학원,대구광역시,서구,85,83,78
교습학원,대구광역시,남구,68,68,70
교습학원,대구광역시,북구,514,515,510
교습학원,대구광역시,수성구,1145,1147,1098
교습학원,대구광역시,달서구,819,814,811
교습학원,대구광역시,달성군,399,396,385
교습학원,대구광역시,군위군,4,4,4
교습학원,인천광역시,중구,169,173,164
교습학원,인천광역시,동구,28,28,28
교습학원,인천광역시,미추홀구,303,302,287
교습학원,인천광역시,연수구,760,754,702
교습학원,인천광역시,남동구,559,560,550
교습학원,인천광역시,부평구,425,424,421
교습학원,인천광역시,계양구,244,244,236
교습학원,인천광역시,서구,1012,1015,926
교습학원,인천광역시,강화군,44,43,37
교습학원,인천광역시,옹진군,0,0,0
교습학원,광주광역시,동구,174,174,171
교습학원,광주광역시,서구,519,519,526
교습학원,광주광역시,남구,537,539,539
교습학원,광주광역시,북구,678,673,666
교습학원,광주광역시,광산구,738,740,722
교습학원,대전광역시,동구,154,154,153
교습학원,대전광역시,중구,198,199,190
교습학원,대전광역시,서구,664,667,651
교습학원,대전광역시,유성구,516,515,474
교습학원,대전광역시,대덕구,140,140,133
교습학원,울산광역시,중구,299,297,291
교습학원,울산광역시,남구,709,710,697
교습학원,울산광역시,동구,185,184,176
교습학원,울산광역시,북구,375,375,373
교습학원,울산광역시,울주군,303,304,291
교습학원,세종특별자치시,0,875,871,811
교습학원,경기도,수원시 장안구,356,353,352
교습학원,경기도,수원시 권선구,378,378,371
교습학원,경기도,수원시 팔달구,188,181,182
교습학원,경기도,수원시 영통구,797,796,790
교습학원,경기도,성남시 수정구,348,349,341
교습학원,경기도,성남시 중원구,175,176,174
교습학원,경기도,성남시 분당구,1130,1137,1150
교습학원,경기도,의정부시,536,535,530
교습학원,경기도,안양시 만안구,193,193,177
교습학원,경기도,안양시 동안구,702,699,695
교습학원,경기도,부천시 원미구,579,581,571
교습학원,경기도,부천시 소사구,285,286,279
교습학원,경기도,부천시 오정구,84,84,86
교습학원,경기도,광명시,470,469,458
교습학원,경기도,평택시,739,737,682
교습학원,경기도,동두천시,63,63,63
교습학원,경기도,안산시 상록구,249,252,257
교습학원,경기도,안산시 단원구,389,394,377
교습학원,경기도,고양시 덕양구,718,713,682
교습학원,경기도,고양시 일산동구,493,494,489
교습학원,경기도,고양시 일산서구,512,510,516
교습학원,경기도,과천시,139,140,137
교습학원,경기도,구리시,305,305,299
교습학원,경기도,남양주시,1085,1091,1031
교습학원,경기도,오산시,279,281,255
교습학원,경기도,시흥시,747,744,711
교습학원,경기도,군포시,346,344,350
교습학원,경기도,의왕시,162,160,157
교습학원,경기도,하남시,580,586,562
교습학원,경기도,용인시 처인구,294,290,284
교습학원,경기도,용인시 기흥구,734,736,727
교습학원,경기도,용인시 수지구,756,757,752
교습학원,경기도,파주시,743,738,688
교습학원,경기도,이천시,283,280,278
교습학원,경기도,안성시,183,183,180
교습학원,경기도,김포시,932,930,878
교습학원,경기도,화성시,0,0,0
교습학원,경기도,화성시 만세구,293,294,283
교습학원,경기도,화성시 효행구,196,196,177
교습학원,경기도,화성시 병점구,226,226,277
교습학원,경기도,화성시 동탄구,1160,1149,1018
교습학원,경기도,광주시,468,464,436
교습학원,경기도,양주시,308,307,292
교습학원,경기도,포천시,75,76,70
교습학원,경기도,여주시,88,89,84
교습학원,경기도,연천군,20,20,21
교습학원,경기도,가평군,40,39,34
교습학원,경기도,양평군,114,112,105
교습학원,충청북도,청주시 상당구,263,263,245
교습학원,충청북도,청주시 서원구,254,254,253
교습학원,충청북도,청주시 흥덕구,409,409,385
교습학원,충청북도,청주시 청원구,242,243,233
교습학원,충청북도,충주시,243,245,239
교습학원,충청북도,제천시,119,118,116
교습학원,충청북도,보은군,17,17,17
교습학원,충청북도,옥천군,21,21,24
교습학원,충청북도,영동군,28,27,27
교습학원,충청북도,증평군,35,35,34
교습학원,충청북도,진천군,88,85,87
교습학원,충청북도,괴산군,12,12,10
교습학원,충청북도,음성군,55,55,50
교습학원,충청북도,단양군,9,9,7
교습학원,충청남도,천안시 동남구,271,267,262
교습학원,충청남도,천안시 서북구,733,727,701
교습학원,충청남도,공주시,72,72,70
교습학원,충청남도,보령시,80,80,79
교습학원,충청남도,아산시,410,411,389
교습학원,충청남도,서산시,170,170,171
교습학원,충청남도,논산시,62,63,58
교습학원,충청남도,계룡시,58,58,53
교습학원,충청남도,당진시,227,228,215
교습학원,충청남도,금산군,25,25,25
교습학원,충청남도,부여군,25,25,24
교습학원,충청남도,서천군,31,31,29
교습학원,충청남도,청양군,5,5,6
교습학원,충청남도,홍성군,96,95,95
교습학원,충청남도,예산군,58,58,48
교습학원,충청남도,태안군,23,23,27
교습학원,전라남도,목포시,286,288,286
교습학원,전라남도,여수시,366,366,364
교습학원,전라남도,순천시,393,392,395
교습학원,전라남도,나주시,162,164,153
교습학원,전라남도,광양시,181,182,179
교습학원,전라남도,담양군,14,14,13
교습학원,전라남도,곡성군,15,15,14
교습학원,전라남도,구례군,13,13,13
교습학원,전라남도,고흥군,25,25,27
교습학원,전라남도,보성군,19,19,19
교습학원,전라남도,화순군,47,45,43
교습학원,전라남도,장흥군,18,18,17
교습학원,전라남도,강진군,16,16,18
교습학원,전라남도,해남군,42,40,42
교습학원,전라남도,영암군,31,31,33
교습학원,전라남도,무안군,212,211,187
교습학원,전라남도,함평군,6,6,6
교습학원,전라남도,영광군,38,38,41
교습학원,전라남도,장성군,25,25,25
교습학원,전라남도,완도군,27,27,28
교습학원,전라남도,진도군,14,14,13
교습학원,전라남도,신안군,0,0,0
교습학원,경상북도,포항시 남구,320,321,324
교습학원,경상북도,포항시 북구,395,395,378
교습학원,경상북도,경주시,266,265,268
교습학원,경상북도,김천시,114,113,116
교습학원,경상북도,안동시,196,196,197
교습학원,경상북도,구미시,746,741,720
교습학원,경상북도,영주시,119,120,119
교습학원,경상북도,영천시,61,61,66
교습학원,경상북도,상주시,69,68,66
교습학원,경상북도,문경시,51,51,53
교습학원,경상북도,경산시,334,331,338
교습학원,경상북도,의성군,11,11,13
교습학원,경상북도,청송군,8,8,7
교습학원,경상북도,영양군,8,9,8
교습학원,경상북도,영덕군,15,15,19
교습학원,경상북도,청도군,18,17,20
교습학원,경상북도,고령군,17,17,16
교습학원,경상북도,성주군,16,16,18
교습학원,경상북도,칠곡군,113,113,119
교습학원,경상북도,예천군,58,58,58
교습학원,경상북도,봉화군,8,8,9
교습학원,경상북도,울진군,41,41,39
교습학원,경상북도,울릉군,0,0,0
교습학원,경상남도,창원시 의창구,306,305,298
교습학원,경상남도,창원시 성산구,437,437,432
교습학원,경상남도,창원시 마산합포구,236,235,233
교습학원,경상남도,창원시 마산회원구,247,247,247
교습학원,경상남도,창원시 진해구,277,279,275
교습학원,경상남도,진주시,656,660,654
교습학원,경상남도,통영시,150,149,156
교습학원,경상남도,사천시,137,138,140
교습학원,경상남도,김해시,846,850,849
교습학원,경상남도,밀양시,77,79,80
교습학원,경상남도,거제시,287,289,283
교습학원,경상남도,양산시,513,510,498
교습학원,경상남도,의령군,8,8,8
교습학원,경상남도,함안군,50,51,55
교습학원,경상남도,창녕군,41,41,41
교습학원,경상남도,고성군,48,48,50
교습학원,경상남도,남해군,19,19,24
교습학원,경상남도,하동군,25,25,26
교습학원,경상남도,산청군,16,16,17
교습학원,경상남도,함양군,29,29,33
교습학원,경상남도,거창군,66,66,67
교습학원,경상남도,합천군,20,19,21
교습학원,제주특별자치도,제주시,715,715,703
교습학원,제주특별자치도,서귀포시,227,228,223
교습학원,강원특별자치도,춘천시,365,365,358
교습학원,강원특별자치도,원주시,483,481,450
교습학원,강원특별자치도,강릉시,316,320,330
교습학원,강원특별자치도,동해시,85,85,89
교습학원,강원특별자치도,태백시,20,21,22
교습학원,강원특별자치도,속초시,82,83,79
교습학원,강원특별자치도,삼척시,37,37,39
교습학원,강원특별자치도,홍천군,41,42,38
교습학원,강원특별자치도,횡성군,32,32,35
교습학원,강원특별자치도,영월군,24,24,24
교습학원,강원특별자치도,평창군,18,18,18
교습학원,강원특별자치도,정선군,6,7,8
교습학원,강원특별자치도,철원군,28,28,30
교습학원,강원특별자치도,화천군,12,12,12
교습학원,강원특별자치도,양구군,11,11,11
교습학원,강원특별자치도,인제군,14,14,13
교습학원,강원특별자치도,고성군,10,10,8
교습학원,강원특별자치도,양양군,17,17,14
교습학원,전북특별자치도,전주시 완산구,670,670,663
교습학원,전북특별자치도,전주시 덕진구,705,704,699
교습학원,전북특별자치도,군산시,353,351,338
교습학원,전북특별자치도,익산시,384,384,386
교습학원,전북특별자치도,정읍시,96,97,98
교습학원,전북특별자치도,남원시,59,59,60
교습학원,전북특별자치도,김제시,41,42,40
교습학원,전북특별자치도,완주군,134,134,127
교습학원,전북특별자치도,진안군,8,8,8
교습학원,전북특별자치도,무주군,18,18,18
교습학원,전북특별자치도,장수군,16,17,17
교습학원,전북특별자치도,임실군,9,9,9
교습학원,전북특별자치도,순창군,17,17,16
교습학원,전북특별자치도,고창군,33,33,34
교습학원,전북특별자치도,부안군,31,31,32
교습소ㆍ공부방,서울특별시,종로구,122,121,121
교습소ㆍ공부방,서울특별시,중구,73,75,73
교습소ㆍ공부방,서울특별시,용산구,167,169,167
교습소ㆍ공부방,서울특별시,성동구,235,233,229
교습소ㆍ공부방,서울특별시,광진구,294,294,275
교습소ㆍ공부방,서울특별시,동대문구,294,298,277
교습소ㆍ공부방,서울특별시,중랑구,271,274,259
교습소ㆍ공부방,서울특별시,성북구,547,542,528
교습소ㆍ공부방,서울특별시,강북구,252,253,244
교습소ㆍ공부방,서울특별시,도봉구,348,345,335
교습소ㆍ공부방,서울특별시,노원구,822,824,798
교습소ㆍ공부방,서울특별시,은평구,504,502,498
교습소ㆍ공부방,서울특별시,서대문구,341,341,319
교습소ㆍ공부방,서울특별시,마포구,461,467,445
교습소ㆍ공부방,서울특별시,양천구,865,860,866
교습소ㆍ공부방,서울특별시,강서구,616,610,575
교습소ㆍ공부방,서울특별시,구로구,354,358,348
교습소ㆍ공부방,서울특별시,금천구,139,140,140
교습소ㆍ공부방,서울특별시,영등포구,351,353,355
교습소ㆍ공부방,서울특별시,동작구,447,446,432
교습소ㆍ공부방,서울특별시,관악구,289,286,299
교습소ㆍ공부방,서울특별시,서초구,672,662,637
교습소ㆍ공부방,서울특별시,강남구,891,892,849
교습소ㆍ공부방,서울특별시,송파구,766,766,750
교습소ㆍ공부방,서울특별시,강동구,668,657,619
교습소ㆍ공부방,부산광역시,중구,13,13,18
교습소ㆍ공부방,부산광역시,서구,115,114,107
교습소ㆍ공부방,부산광역시,동구,55,53,52
교습소ㆍ공부방,부산광역시,영도구,84,84,77
교습소ㆍ공부방,부산광역시,부산진구,332,331,318
교습소ㆍ공부방,부산광역시,동래구,458,455,430
교습소ㆍ공부방,부산광역시,남구,335,330,310
교습소ㆍ공부방,부산광역시,북구,299,301,305
교습소ㆍ공부방,부산광역시,해운대구,624,620,604
교습소ㆍ공부방,부산광역시,사하구,358,358,346
교습소ㆍ공부방,부산광역시,금정구,275,276,268
교습소ㆍ공부방,부산광역시,강서구,444,443,359
교습소ㆍ공부방,부산광역시,연제구,260,260,259
교습소ㆍ공부방,부산광역시,수영구,226,225,220
교습소ㆍ공부방,부산광역시,사상구,153,154,144
교습소ㆍ공부방,부산광역시,기장군,303,305,285
교습소ㆍ공부방,대구광역시,중구,190,190,173
교습소ㆍ공부방,대구광역시,동구,471,468,461
교습소ㆍ공부방,대구광역시,서구,132,132,121
교습소ㆍ공부방,대구광역시,남구,150,147,138
교습소ㆍ공부방,대구광역시,북구,552,553,560
교습소ㆍ공부방,대구광역시,수성구,1273,1262,1257
교습소ㆍ공부방,대구광역시,달서구,727,724,721
교습소ㆍ공부방,대구광역시,달성군,319,321,316
교습소ㆍ공부방,대구광역시,군위군,13,13,13
교습소ㆍ공부방,인천광역시,중구,353,349,298
교습소ㆍ공부방,인천광역시,동구,27,26,32
교습소ㆍ공부방,인천광역시,미추홀구,344,342,320
교습소ㆍ공부방,인천광역시,연수구,937,930,888
교습소ㆍ공부방,인천광역시,남동구,473,470,482
교습소ㆍ공부방,인천광역시,부평구,374,380,367
교습소ㆍ공부방,인천광역시,계양구,196,198,195
교습소ㆍ공부방,인천광역시,서구,1045,1045,938
교습소ㆍ공부방,인천광역시,강화군,42,41,46
교습소ㆍ공부방,인천광역시,옹진군,5,5,4
교습소ㆍ공부방,광주광역시,동구,104,102,104
교습소ㆍ공부방,광주광역시,서구,239,238,229
교습소ㆍ공부방,광주광역시,남구,264,265,250
교습소ㆍ공부방,광주광역시,북구,380,376,360
교습소ㆍ공부방,광주광역시,광산구,364,369,360
교습소ㆍ공부방,대전광역시,동구,188,189,184
교습소ㆍ공부방,대전광역시,중구,220,216,199
교습소ㆍ공부방,대전광역시,서구,822,825,807
교습소ㆍ공부방,대전광역시,유성구,635,627,600
교습소ㆍ공부방,대전광역시,대덕구,141,141,144
교습소ㆍ공부방,울산광역시,중구,213,216,215
교습소ㆍ공부방,울산광역시,남구,421,420,406
교습소ㆍ공부방,울산광역시,동구,190,192,186
교습소ㆍ공부방,울산광역시,북구,341,341,326
교습소ㆍ공부방,울산광역시,울주군,235,236,223
교습소ㆍ공부방,세종특별자치시,0,873,882,840
교습소ㆍ공부방,경기도,수원시 장안구,338,336,317
교습소ㆍ공부방,경기도,수원시 권선구,427,417,409
교습소ㆍ공부방,경기도,수원시 팔달구,222,224,221
교습소ㆍ공부방,경기도,수원시 영통구,614,618,590
교습소ㆍ공부방,경기도,성남시 수정구,192,196,176
교습소ㆍ공부방,경기도,성남시 중원구,143,141,129
교습소ㆍ공부방,경기도,성남시 분당구,686,685,675
교습소ㆍ공부방,경기도,의정부시,566,572,551
교습소ㆍ공부방,경기도,안양시 만안구,178,175,172
교습소ㆍ공부방,경기도,안양시 동안구,615,614,601
교습소ㆍ공부방,경기도,부천시 원미구,415,415,380
교습소ㆍ공부방,경기도,부천시 소사구,245,249,229
교습소ㆍ공부방,경기도,부천시 오정구,55,55,52
교습소ㆍ공부방,경기도,광명시,349,345,321
교습소ㆍ공부방,경기도,평택시,813,806,760
교습소ㆍ공부방,경기도,동두천시,52,52,46
교습소ㆍ공부방,경기도,안산시 상록구,283,284,278
교습소ㆍ공부방,경기도,안산시 단원구,256,256,253
교습소ㆍ공부방,경기도,고양시 덕양구,603,607,608
교습소ㆍ공부방,경기도,고양시 일산동구,436,436,408
교습소ㆍ공부방,경기도,고양시 일산서구,504,510,514
교습소ㆍ공부방,경기도,과천시,192,195,167
교습소ㆍ공부방,경기도,구리시,231,232,234
교습소ㆍ공부방,경기도,남양주시,1047,1040,1027
교습소ㆍ공부방,경기도,오산시,308,304,285
교습소ㆍ공부방,경기도,시흥시,629,628,565
교습소ㆍ공부방,경기도,군포시,235,237,249
교습소ㆍ공부방,경기도,의왕시,199,194,191
교습소ㆍ공부방,경기도,하남시,472,470,414
교습소ㆍ공부방,경기도,용인시 처인구,359,364,342
교습소ㆍ공부방,경기도,용인시 기흥구,670,664,619
교습소ㆍ공부방,경기도,용인시 수지구,604,602,581
교습소ㆍ공부방,경기도,파주시,858,846,758
교습소ㆍ공부방,경기도,이천시,216,217,205
교습소ㆍ공부방,경기도,안성시,226,228,227
교습소ㆍ공부방,경기도,김포시,942,936,892
교습소ㆍ공부방,경기도,화성시,0,0,0
교습소ㆍ공부방,경기도,화성시 만세구,254,256,258
교습소ㆍ공부방,경기도,화성시 효행구,206,204,202
교습소ㆍ공부방,경기도,화성시 병점구,243,242,264
교습소ㆍ공부방,경기도,화성시 동탄구,996,995,825
교습소ㆍ공부방,경기도,광주시,385,390,392
교습소ㆍ공부방,경기도,양주시,405,400,384
교습소ㆍ공부방,경기도,포천시,60,62,59
교습소ㆍ공부방,경기도,여주시,108,108,99
교습소ㆍ공부방,경기도,연천군,13,12,11
교습소ㆍ공부방,경기도,가평군,41,41,39
교습소ㆍ공부방,경기도,양평군,143,144,125
교습소ㆍ공부방,충청북도,청주시 상당구,243,243,247
교습소ㆍ공부방,충청북도,청주시 서원구,213,212,195
교습소ㆍ공부방,충청북도,청주시 흥덕구,412,411,377
교습소ㆍ공부방,충청북도,청주시 청원구,230,232,238
교습소ㆍ공부방,충청북도,충주시,245,241,225
교습소ㆍ공부방,충청북도,제천시,113,114,103
교습소ㆍ공부방,충청북도,보은군,10,10,12
교습소ㆍ공부방,충청북도,옥천군,22,22,17
교습소ㆍ공부방,충청북도,영동군,21,21,23
교습소ㆍ공부방,충청북도,증평군,20,20,19
교습소ㆍ공부방,충청북도,진천군,64,65,64
교습소ㆍ공부방,충청북도,괴산군,15,15,13
교습소ㆍ공부방,충청북도,음성군,40,40,33
교습소ㆍ공부방,충청북도,단양군,11,11,14
교습소ㆍ공부방,충청남도,천안시 동남구,241,242,227
교습소ㆍ공부방,충청남도,천안시 서북구,461,459,443
교습소ㆍ공부방,충청남도,공주시,72,72,70
교습소ㆍ공부방,충청남도,보령시,89,89,91
교습소ㆍ공부방,충청남도,아산시,471,464,430
교습소ㆍ공부방,충청남도,서산시,260,260,261
교습소ㆍ공부방,충청남도,논산시,96,95,92
교습소ㆍ공부방,충청남도,계룡시,103,104,99
교습소ㆍ공부방,충청남도,당진시,194,192,181
교습소ㆍ공부방,충청남도,금산군,20,21,18
교습소ㆍ공부방,충청남도,부여군,24,24,26
교습소ㆍ공부방,충청남도,서천군,20,20,21
교습소ㆍ공부방,충청남도,청양군,11,12,11
교습소ㆍ공부방,충청남도,홍성군,162,161,136
교습소ㆍ공부방,충청남도,예산군,63,62,60
교습소ㆍ공부방,충청남도,태안군,28,28,30
교습소ㆍ공부방,전라남도,목포시,178,177,178
교습소ㆍ공부방,전라남도,여수시,216,215,210
교습소ㆍ공부방,전라남도,순천시,373,370,350
교습소ㆍ공부방,전라남도,나주시,120,123,127
교습소ㆍ공부방,전라남도,광양시,164,164,141
교습소ㆍ공부방,전라남도,담양군,18,18,18
교습소ㆍ공부방,전라남도,곡성군,11,11,12
교습소ㆍ공부방,전라남도,구례군,10,10,9
교습소ㆍ공부방,전라남도,고흥군,14,14,11
교습소ㆍ공부방,전라남도,보성군,18,18,15
교습소ㆍ공부방,전라남도,화순군,17,18,21
교습소ㆍ공부방,전라남도,장흥군,11,11,10
교습소ㆍ공부방,전라남도,강진군,14,14,7
교습소ㆍ공부방,전라남도,해남군,34,34,33
교습소ㆍ공부방,전라남도,영암군,16,16,19
교습소ㆍ공부방,전라남도,무안군,109,107,90
교습소ㆍ공부방,전라남도,함평군,8,9,10
교습소ㆍ공부방,전라남도,영광군,38,37,35
교습소ㆍ공부방,전라남도,장성군,23,23,21
교습소ㆍ공부방,전라남도,완도군,32,32,27
교습소ㆍ공부방,전라남도,진도군,20,20,20
교습소ㆍ공부방,전라남도,신안군,6,6,5
교습소ㆍ공부방,경상북도,포항시 남구,274,272,249
교습소ㆍ공부방,경상북도,포항시 북구,475,471,453
교습소ㆍ공부방,경상북도,경주시,341,342,339
교습소ㆍ공부방,경상북도,김천시,171,172,165
교습소ㆍ공부방,경상북도,안동시,175,179,181
교습소ㆍ공부방,경상북도,구미시,552,552,514
교습소ㆍ공부방,경상북도,영주시,77,75,81
교습소ㆍ공부방,경상북도,영천시,71,69,69
교습소ㆍ공부방,경상북도,상주시,86,87,91
교습소ㆍ공부방,경상북도,문경시,48,49,51
교습소ㆍ공부방,경상북도,경산시,348,345,332
교습소ㆍ공부방,경상북도,의성군,18,19,16
교습소ㆍ공부방,경상북도,청송군,7,7,6
교습소ㆍ공부방,경상북도,영양군,10,10,9
교습소ㆍ공부방,경상북도,영덕군,20,20,22
교습소ㆍ공부방,경상북도,청도군,17,17,15
교습소ㆍ공부방,경상북도,고령군,14,14,13
교습소ㆍ공부방,경상북도,성주군,15,15,13
교습소ㆍ공부방,경상북도,칠곡군,108,110,105
교습소ㆍ공부방,경상북도,예천군,89,89,78
교습소ㆍ공부방,경상북도,봉화군,7,7,8
교습소ㆍ공부방,경상북도,울진군,54,53,54
교습소ㆍ공부방,경상북도,울릉군,0,0,0
교습소ㆍ공부방,경상남도,창원시 의창구,298,297,278
교습소ㆍ공부방,경상남도,창원시 성산구,423,419,386
교습소ㆍ공부방,경상남도,창원시 마산합포구,254,253,234
교습소ㆍ공부방,경상남도,창원시 마산회원구,179,179,177
교습소ㆍ공부방,경상남도,창원시 진해구,275,276,256
교습소ㆍ공부방,경상남도,진주시,389,394,400
교습소ㆍ공부방,경상남도,통영시,141,139,136
교습소ㆍ공부방,경상남도,사천시,114,114,104
교습소ㆍ공부방,경상남도,김해시,879,868,788
교습소ㆍ공부방,경상남도,밀양시,103,105,113
교습소ㆍ공부방,경상남도,거제시,367,362,345
교습소ㆍ공부방,경상남도,양산시,459,455,410
교습소ㆍ공부방,경상남도,의령군,10,10,11
교습소ㆍ공부방,경상남도,함안군,53,52,59
교습소ㆍ공부방,경상남도,창녕군,43,41,39
교습소ㆍ공부방,경상남도,고성군,23,23,24
교습소ㆍ공부방,경상남도,남해군,25,24,24
교습소ㆍ공부방,경상남도,하동군,19,19,18
교습소ㆍ공부방,경상남도,산청군,13,13,13
교습소ㆍ공부방,경상남도,함양군,17,17,17
교습소ㆍ공부방,경상남도,거창군,84,83,81
교습소ㆍ공부방,경상남도,합천군,13,14,14
교습소ㆍ공부방,제주특별자치도,제주시,762,761,728
교습소ㆍ공부방,제주특별자치도,서귀포시,346,341,313
교습소ㆍ공부방,강원특별자치도,춘천시,365,368,366
교습소ㆍ공부방,강원특별자치도,원주시,516,514,500
교습소ㆍ공부방,강원특별자치도,강릉시,223,223,215
교습소ㆍ공부방,강원특별자치도,동해시,108,107,108
교습소ㆍ공부방,강원특별자치도,태백시,26,27,27
교습소ㆍ공부방,강원특별자치도,속초시,93,91,82
교습소ㆍ공부방,강원특별자치도,삼척시,47,47,49
교습소ㆍ공부방,강원특별자치도,홍천군,22,22,22
교습소ㆍ공부방,강원특별자치도,횡성군,18,18,16
교습소ㆍ공부방,강원특별자치도,영월군,31,30,26
교습소ㆍ공부방,강원특별자치도,평창군,29,29,27
교습소ㆍ공부방,강원특별자치도,정선군,17,17,16
교습소ㆍ공부방,강원특별자치도,철원군,34,34,31
교습소ㆍ공부방,강원특별자치도,화천군,16,15,12
교습소ㆍ공부방,강원특별자치도,양구군,10,9,9
교습소ㆍ공부방,강원특별자치도,인제군,33,33,29
교습소ㆍ공부방,강원특별자치도,고성군,14,13,11
교습소ㆍ공부방,강원특별자치도,양양군,29,29,28
교습소ㆍ공부방,전북특별자치도,전주시 완산구,339,339,326
교습소ㆍ공부방,전북특별자치도,전주시 덕진구,306,307,301
교습소ㆍ공부방,전북특별자치도,군산시,274,271,250
교습소ㆍ공부방,전북특별자치도,익산시,154,154,153
교습소ㆍ공부방,전북특별자치도,정읍시,41,41,39
교습소ㆍ공부방,전북특별자치도,남원시,39,39,36
교습소ㆍ공부방,전북특별자치도,김제시,43,43,43
교습소ㆍ공부방,전북특별자치도,완주군,61,60,62
교습소ㆍ공부방,전북특별자치도,진안군,9,9,7
교습소ㆍ공부방,전북특별자치도,무주군,5,5,5
교습소ㆍ공부방,전북특별자치도,장수군,6,6,7
교습소ㆍ공부방,전북특별자치도,임실군,6,6,6
교습소ㆍ공부방,전북특별자치도,순창군,8,8,8
교습소ㆍ공부방,전북특별자치도,고창군,32,30,26
교습소ㆍ공부방,전북특별자치도,부안군,11,11,10
기술ㆍ직업훈련학원,서울특별시,종로구,233,230,243
기술ㆍ직업훈련학원,서울특별시,중구,110,109,109
기술ㆍ직업훈련학원,서울특별시,용산구,151,150,134
기술ㆍ직업훈련학원,서울특별시,성동구,158,155,151
기술ㆍ직업훈련학원,서울특별시,광진구,166,165,157
기술ㆍ직업훈련학원,서울특별시,동대문구,130,133,124
기술ㆍ직업훈련학원,서울특별시,중랑구,127,124,113
기술ㆍ직업훈련학원,서울특별시,성북구,157,156,153
기술ㆍ직업훈련학원,서울특별시,강북구,90,89,87
기술ㆍ직업훈련학원,서울특별시,도봉구,108,106,102
기술ㆍ직업훈련학원,서울특별시,노원구,157,155,143
기술ㆍ직업훈련학원,서울특별시,은평구,162,162,158
기술ㆍ직업훈련학원,서울특별시,서대문구,140,139,132
기술ㆍ직업훈련학원,서울특별시,마포구,400,392,399
기술ㆍ직업훈련학원,서울특별시,양천구,145,144,137
기술ㆍ직업훈련학원,서울특별시,강서구,236,236,241
기술ㆍ직업훈련학원,서울특별시,구로구,141,136,141
기술ㆍ직업훈련학원,서울특별시,금천구,123,125,129
기술ㆍ직업훈련학원,서울특별시,영등포구,295,296,284
기술ㆍ직업훈련학원,서울특별시,동작구,154,152,150
기술ㆍ직업훈련학원,서울특별시,관악구,170,175,182
기술ㆍ직업훈련학원,서울특별시,서초구,431,432,428
기술ㆍ직업훈련학원,서울특별시,강남구,621,623,620
기술ㆍ직업훈련학원,서울특별시,송파구,330,329,307
기술ㆍ직업훈련학원,서울특별시,강동구,173,175,160
기술ㆍ직업훈련학원,부산광역시,중구,45,45,44
기술ㆍ직업훈련학원,부산광역시,서구,32,32,26
기술ㆍ직업훈련학원,부산광역시,동구,46,49,51
기술ㆍ직업훈련학원,부산광역시,영도구,32,33,34
기술ㆍ직업훈련학원,부산광역시,부산진구,265,261,254
기술ㆍ직업훈련학원,부산광역시,동래구,144,141,147
기술ㆍ직업훈련학원,부산광역시,남구,110,108,108
기술ㆍ직업훈련학원,부산광역시,북구,109,108,113
기술ㆍ직업훈련학원,부산광역시,해운대구,159,157,160
기술ㆍ직업훈련학원,부산광역시,사하구,101,101,100
기술ㆍ직업훈련학원,부산광역시,금정구,103,102,101
기술ㆍ직업훈련학원,부산광역시,강서구,74,71,68
기술ㆍ직업훈련학원,부산광역시,연제구,100,99,90
기술ㆍ직업훈련학원,부산광역시,수영구,109,105,96
기술ㆍ직업훈련학원,부산광역시,사상구,69,69,68
기술ㆍ직업훈련학원,부산광역시,기장군,75,75,78
기술ㆍ직업훈련학원,대구광역시,중구,189,185,188
기술ㆍ직업훈련학원,대구광역시,동구,156,152,149
기술ㆍ직업훈련학원,대구광역시,서구,49,47,52
기술ㆍ직업훈련학원,대구광역시,남구,99,100,92
기술ㆍ직업훈련학원,대구광역시,북구,178,173,175
기술ㆍ직업훈련학원,대구광역시,수성구,277,280,275
기술ㆍ직업훈련학원,대구광역시,달서구,222,220,222
기술ㆍ직업훈련학원,대구광역시,달성군,85,82,81
기술ㆍ직업훈련학원,대구광역시,군위군,7,7,8
기술ㆍ직업훈련학원,인천광역시,중구,82,83,79
기술ㆍ직업훈련학원,인천광역시,동구,27,26,21
기술ㆍ직업훈련학원,인천광역시,미추홀구,159,159,160
기술ㆍ직업훈련학원,인천광역시,연수구,181,177,150
기술ㆍ직업훈련학원,인천광역시,남동구,180,179,185
기술ㆍ직업훈련학원,인천광역시,부평구,181,178,165
기술ㆍ직업훈련학원,인천광역시,계양구,75,76,74
기술ㆍ직업훈련학원,인천광역시,서구,244,239,236
기술ㆍ직업훈련학원,인천광역시,강화군,30,31,30
기술ㆍ직업훈련학원,광주광역시,동구,88,89,85
기술ㆍ직업훈련학원,광주광역시,서구,171,169,167
기술ㆍ직업훈련학원,광주광역시,남구,97,97,91
기술ㆍ직업훈련학원,광주광역시,북구,220,223,219
기술ㆍ직업훈련학원,광주광역시,광산구,164,166,165
기술ㆍ직업훈련학원,대전광역시,동구,70,71,73
기술ㆍ직업훈련학원,대전광역시,중구,147,151,151
기술ㆍ직업훈련학원,대전광역시,서구,269,264,270
기술ㆍ직업훈련학원,대전광역시,유성구,184,182,175
기술ㆍ직업훈련학원,대전광역시,대덕구,62,61,62
기술ㆍ직업훈련학원,울산광역시,중구,126,125,121
기술ㆍ직업훈련학원,울산광역시,남구,214,213,218
기술ㆍ직업훈련학원,울산광역시,동구,46,46,48
기술ㆍ직업훈련학원,울산광역시,북구,82,81,83
기술ㆍ직업훈련학원,울산광역시,울주군,95,95,89
기술ㆍ직업훈련학원,세종특별자치시,0,265,263,262
기술ㆍ직업훈련학원,경기도,수원시 장안구,100,99,99
기술ㆍ직업훈련학원,경기도,수원시 권선구,134,135,129
기술ㆍ직업훈련학원,경기도,수원시 팔달구,200,197,182
기술ㆍ직업훈련학원,경기도,수원시 영통구,171,168,169
기술ㆍ직업훈련학원,경기도,성남시 수정구,119,119,107
기술ㆍ직업훈련학원,경기도,성남시 중원구,63,63,61
기술ㆍ직업훈련학원,경기도,성남시 분당구,309,305,280
기술ㆍ직업훈련학원,경기도,의정부시,192,191,192
기술ㆍ직업훈련학원,경기도,안양시 만안구,87,86,86
기술ㆍ직업훈련학원,경기도,안양시 동안구,162,160,156
기술ㆍ직업훈련학원,경기도,부천시 원미구,219,217,218
기술ㆍ직업훈련학원,경기도,부천시 소사구,94,93,93
기술ㆍ직업훈련학원,경기도,부천시 오정구,24,25,25
기술ㆍ직업훈련학원,경기도,광명시,120,119,111
기술ㆍ직업훈련학원,경기도,평택시,267,269,264
기술ㆍ직업훈련학원,경기도,동두천시,33,35,39
기술ㆍ직업훈련학원,경기도,안산시 상록구,105,105,115
기술ㆍ직업훈련학원,경기도,안산시 단원구,175,174,176
기술ㆍ직업훈련학원,경기도,고양시 덕양구,222,219,208
기술ㆍ직업훈련학원,경기도,고양시 일산동구,205,202,194
기술ㆍ직업훈련학원,경기도,고양시 일산서구,103,103,132
기술ㆍ직업훈련학원,경기도,과천시,37,37,36
기술ㆍ직업훈련학원,경기도,구리시,91,91,91
기술ㆍ직업훈련학원,경기도,남양주시,299,293,300
기술ㆍ직업훈련학원,경기도,오산시,76,79,64
기술ㆍ직업훈련학원,경기도,시흥시,216,219,205
기술ㆍ직업훈련학원,경기도,군포시,82,83,85
기술ㆍ직업훈련학원,경기도,의왕시,56,53,53
기술ㆍ직업훈련학원,경기도,하남시,168,164,155
기술ㆍ직업훈련학원,경기도,용인시 처인구,115,114,109
기술ㆍ직업훈련학원,경기도,용인시 기흥구,213,211,202
기술ㆍ직업훈련학원,경기도,용인시 수지구,160,161,149
기술ㆍ직업훈련학원,경기도,파주시,240,239,213
기술ㆍ직업훈련학원,경기도,이천시,94,94,94
기술ㆍ직업훈련학원,경기도,안성시,78,75,64
기술ㆍ직업훈련학원,경기도,김포시,239,242,232
기술ㆍ직업훈련학원,경기도,화성시,0,0,0
기술ㆍ직업훈련학원,경기도,화성시 만세구,74,73,67
기술ㆍ직업훈련학원,경기도,화성시 효행구,45,46,46
기술ㆍ직업훈련학원,경기도,화성시 병점구,63,63,78
기술ㆍ직업훈련학원,경기도,화성시 동탄구,235,234,218
기술ㆍ직업훈련학원,경기도,광주시,151,149,137
기술ㆍ직업훈련학원,경기도,양주시,126,124,115
기술ㆍ직업훈련학원,경기도,포천시,75,71,60
기술ㆍ직업훈련학원,경기도,여주시,47,47,44
기술ㆍ직업훈련학원,경기도,연천군,18,18,17
기술ㆍ직업훈련학원,경기도,가평군,39,39,42
기술ㆍ직업훈련학원,경기도,양평군,90,89,85
기술ㆍ직업훈련학원,충청북도,청주시 상당구,132,134,134
기술ㆍ직업훈련학원,충청북도,청주시 서원구,83,81,75
기술ㆍ직업훈련학원,충청북도,청주시 흥덕구,122,123,121
기술ㆍ직업훈련학원,충청북도,청주시 청원구,90,89,92
기술ㆍ직업훈련학원,충청북도,충주시,111,109,100
기술ㆍ직업훈련학원,충청북도,제천시,60,60,51
기술ㆍ직업훈련학원,충청북도,보은군,7,7,6
기술ㆍ직업훈련학원,충청북도,옥천군,28,29,29
기술ㆍ직업훈련학원,충청북도,영동군,19,18,17
기술ㆍ직업훈련학원,충청북도,증평군,20,20,18
기술ㆍ직업훈련학원,충청북도,진천군,43,43,42
기술ㆍ직업훈련학원,충청북도,괴산군,19,20,18
기술ㆍ직업훈련학원,충청북도,음성군,22,20,22
기술ㆍ직업훈련학원,충청북도,단양군,7,7,7
기술ㆍ직업훈련학원,충청남도,천안시 동남구,157,155,147
기술ㆍ직업훈련학원,충청남도,천안시 서북구,185,181,168
기술ㆍ직업훈련학원,충청남도,공주시,68,67,66
기술ㆍ직업훈련학원,충청남도,보령시,59,60,56
기술ㆍ직업훈련학원,충청남도,아산시,158,160,152
기술ㆍ직업훈련학원,충청남도,서산시,71,71,70
기술ㆍ직업훈련학원,충청남도,논산시,59,60,60
기술ㆍ직업훈련학원,충청남도,계룡시,22,23,22
기술ㆍ직업훈련학원,충청남도,당진시,64,65,66
기술ㆍ직업훈련학원,충청남도,금산군,34,32,30
기술ㆍ직업훈련학원,충청남도,부여군,36,36,36
기술ㆍ직업훈련학원,충청남도,서천군,17,16,15
기술ㆍ직업훈련학원,충청남도,청양군,16,16,12
기술ㆍ직업훈련학원,충청남도,홍성군,71,70,63
기술ㆍ직업훈련학원,충청남도,예산군,47,47,46
기술ㆍ직업훈련학원,충청남도,태안군,13,13,12
기술ㆍ직업훈련학원,전라남도,목포시,131,132,128
기술ㆍ직업훈련학원,전라남도,여수시,107,107,107
기술ㆍ직업훈련학원,전라남도,순천시,155,156,145
기술ㆍ직업훈련학원,전라남도,나주시,86,85,83
기술ㆍ직업훈련학원,전라남도,광양시,45,44,39
기술ㆍ직업훈련학원,전라남도,담양군,32,31,28
기술ㆍ직업훈련학원,전라남도,곡성군,17,15,12
기술ㆍ직업훈련학원,전라남도,구례군,13,13,11
기술ㆍ직업훈련학원,전라남도,고흥군,7,7,8
기술ㆍ직업훈련학원,전라남도,보성군,10,10,10
기술ㆍ직업훈련학원,전라남도,화순군,28,27,23
기술ㆍ직업훈련학원,전라남도,장흥군,6,6,6
기술ㆍ직업훈련학원,전라남도,강진군,11,11,8
기술ㆍ직업훈련학원,전라남도,해남군,30,30,29
기술ㆍ직업훈련학원,전라남도,영암군,25,25,24
기술ㆍ직업훈련학원,전라남도,무안군,55,54,51
기술ㆍ직업훈련학원,전라남도,함평군,11,11,11
기술ㆍ직업훈련학원,전라남도,영광군,23,22,20
기술ㆍ직업훈련학원,전라남도,장성군,12,12,11
기술ㆍ직업훈련학원,전라남도,완도군,13,12,12
기술ㆍ직업훈련학원,전라남도,진도군,6,6,7
기술ㆍ직업훈련학원,전라남도,신안군,11,11,10
기술ㆍ직업훈련학원,경상북도,포항시 남구,74,74,73
기술ㆍ직업훈련학원,경상북도,포항시 북구,134,133,123
기술ㆍ직업훈련학원,경상북도,경주시,121,120,123
기술ㆍ직업훈련학원,경상북도,김천시,67,64,62
기술ㆍ직업훈련학원,경상북도,안동시,110,113,102
기술ㆍ직업훈련학원,경상북도,구미시,223,219,209
기술ㆍ직업훈련학원,경상북도,영주시,51,51,50
기술ㆍ직업훈련학원,경상북도,영천시,51,51,44
기술ㆍ직업훈련학원,경상북도,상주시,38,38,36
기술ㆍ직업훈련학원,경상북도,문경시,33,33,35
기술ㆍ직업훈련학원,경상북도,경산시,132,131,133
기술ㆍ직업훈련학원,경상북도,의성군,21,21,25
기술ㆍ직업훈련학원,경상북도,청송군,4,4,4
기술ㆍ직업훈련학원,경상북도,영양군,5,5,5
기술ㆍ직업훈련학원,경상북도,영덕군,13,13,9
기술ㆍ직업훈련학원,경상북도,청도군,15,15,12
기술ㆍ직업훈련학원,경상북도,고령군,7,7,6
기술ㆍ직업훈련학원,경상북도,성주군,5,5,6
기술ㆍ직업훈련학원,경상북도,칠곡군,49,49,48
기술ㆍ직업훈련학원,경상북도,예천군,25,28,30
기술ㆍ직업훈련학원,경상북도,봉화군,0,0,0
기술ㆍ직업훈련학원,경상북도,울진군,16,16,17
기술ㆍ직업훈련학원,경상남도,창원시 의창구,92,91,94
기술ㆍ직업훈련학원,경상남도,창원시 성산구,169,168,171
기술ㆍ직업훈련학원,경상남도,창원시 마산합포구,68,69,73
기술ㆍ직업훈련학원,경상남도,창원시 마산회원구,78,80,82
기술ㆍ직업훈련학원,경상남도,창원시 진해구,71,70,68
기술ㆍ직업훈련학원,경상남도,진주시,166,167,168
기술ㆍ직업훈련학원,경상남도,통영시,61,61,61
기술ㆍ직업훈련학원,경상남도,사천시,39,38,37
기술ㆍ직업훈련학원,경상남도,김해시,219,216,213
기술ㆍ직업훈련학원,경상남도,밀양시,31,29,32
기술ㆍ직업훈련학원,경상남도,거제시,117,116,104
기술ㆍ직업훈련학원,경상남도,양산시,151,151,154
기술ㆍ직업훈련학원,경상남도,의령군,4,4,4
기술ㆍ직업훈련학원,경상남도,함안군,8,8,10
기술ㆍ직업훈련학원,경상남도,창녕군,18,18,14
기술ㆍ직업훈련학원,경상남도,고성군,14,14,15
기술ㆍ직업훈련학원,경상남도,남해군,14,14,13
기술ㆍ직업훈련학원,경상남도,하동군,22,22,22
기술ㆍ직업훈련학원,경상남도,산청군,14,14,11
기술ㆍ직업훈련학원,경상남도,함양군,9,9,11
기술ㆍ직업훈련학원,경상남도,거창군,28,27,28
기술ㆍ직업훈련학원,경상남도,합천군,15,14,12
기술ㆍ직업훈련학원,제주특별자치도,제주시,437,438,414
기술ㆍ직업훈련학원,제주특별자치도,서귀포시,172,171,158
기술ㆍ직업훈련학원,강원특별자치도,춘천시,181,177,171
기술ㆍ직업훈련학원,강원특별자치도,원주시,215,214,217
기술ㆍ직업훈련학원,강원특별자치도,강릉시,136,136,126
기술ㆍ직업훈련학원,강원특별자치도,동해시,58,59,60
기술ㆍ직업훈련학원,강원특별자치도,태백시,32,32,30
기술ㆍ직업훈련학원,강원특별자치도,속초시,49,49,47
기술ㆍ직업훈련학원,강원특별자치도,삼척시,30,29,25
기술ㆍ직업훈련학원,강원특별자치도,홍천군,23,22,23
기술ㆍ직업훈련학원,강원특별자치도,횡성군,19,18,12
기술ㆍ직업훈련학원,강원특별자치도,영월군,21,20,14
기술ㆍ직업훈련학원,강원특별자치도,평창군,27,24,18
기술ㆍ직업훈련학원,강원특별자치도,정선군,6,7,10
기술ㆍ직업훈련학원,강원특별자치도,철원군,19,19,20
기술ㆍ직업훈련학원,강원특별자치도,화천군,14,14,12
기술ㆍ직업훈련학원,강원특별자치도,양구군,7,7,9
기술ㆍ직업훈련학원,강원특별자치도,인제군,19,19,17
기술ㆍ직업훈련학원,강원특별자치도,고성군,17,17,19
기술ㆍ직업훈련학원,강원특별자치도,양양군,16,16,15
기술ㆍ직업훈련학원,전북특별자치도,전주시 완산구,222,221,208
기술ㆍ직업훈련학원,전북특별자치도,전주시 덕진구,176,177,162
기술ㆍ직업훈련학원,전북특별자치도,군산시,103,103,101
기술ㆍ직업훈련학원,전북특별자치도,익산시,110,109,111
기술ㆍ직업훈련학원,전북특별자치도,정읍시,56,55,54
기술ㆍ직업훈련학원,전북특별자치도,남원시,35,35,35
기술ㆍ직업훈련학원,전북특별자치도,김제시,41,42,40
기술ㆍ직업훈련학원,전북특별자치도,완주군,62,60,60
기술ㆍ직업훈련학원,전북특별자치도,진안군,6,6,4
기술ㆍ직업훈련학원,전북특별자치도,무주군,4,4,3
기술ㆍ직업훈련학원,전북특별자치도,장수군,9,9,9
기술ㆍ직업훈련학원,전북특별자치도,임실군,9,9,9
기술ㆍ직업훈련학원,전북특별자치도,순창군,13,13,9
기술ㆍ직업훈련학원,전북특별자치도,고창군,31,32,30
기술ㆍ직업훈련학원,전북특별자치도,부안군,24,23,19
스포츠교육기관,서울특별시,종로구,115,118,116
스포츠교육기관,서울특별시,중구,103,102,95
스포츠교육기관,서울특별시,용산구,213,216,201
스포츠교육기관,서울특별시,성동구,253,252,251
스포츠교육기관,서울특별시,광진구,262,262,242
스포츠교육기관,서울특별시,동대문구,241,238,234
스포츠교육기관,서울특별시,중랑구,203,203,207
스포츠교육기관,서울특별시,성북구,308,307,294
스포츠교육기관,서울특별시,강북구,144,143,142
스포츠교육기관,서울특별시,도봉구,167,163,160
스포츠교육기관,서울특별시,노원구,321,321,322
스포츠교육기관,서울특별시,은평구,264,265,268
스포츠교육기관,서울특별시,서대문구,211,208,195
스포츠교육기관,서울특별시,마포구,414,415,394
스포츠교육기관,서울특별시,양천구,350,346,334
스포츠교육기관,서울특별시,강서구,433,431,424
스포츠교육기관,서울특별시,구로구,238,234,222
스포츠교육기관,서울특별시,금천구,126,128,122
스포츠교육기관,서울특별시,영등포구,357,362,347
스포츠교육기관,서울특별시,동작구,215,215,219
스포츠교육기관,서울특별시,관악구,292,293,284
스포츠교육기관,서울특별시,서초구,537,528,487
스포츠교육기관,서울특별시,강남구,867,860,815
스포츠교육기관,서울특별시,송파구,601,592,545
스포츠교육기관,서울특별시,강동구,388,389,368
스포츠교육기관,부산광역시,중구,21,20,19
스포츠교육기관,부산광역시,서구,56,56,54
스포츠교육기관,부산광역시,동구,44,43,40
스포츠교육기관,부산광역시,영도구,43,42,45
스포츠교육기관,부산광역시,부산진구,246,248,237
스포츠교육기관,부산광역시,동래구,242,238,223
스포츠교육기관,부산광역시,남구,180,182,181
스포츠교육기관,부산광역시,북구,166,167,162
스포츠교육기관,부산광역시,해운대구,342,342,335
스포츠교육기관,부산광역시,사하구,171,173,169
스포츠교육기관,부산광역시,금정구,144,143,144
스포츠교육기관,부산광역시,강서구,186,182,167
스포츠교육기관,부산광역시,연제구,166,166,149
스포츠교육기관,부산광역시,수영구,159,159,146
스포츠교육기관,부산광역시,사상구,98,99,102
스포츠교육기관,부산광역시,기장군,162,161,150
스포츠교육기관,대구광역시,중구,104,102,93
스포츠교육기관,대구광역시,동구,235,234,225
스포츠교육기관,대구광역시,서구,75,75,77
스포츠교육기관,대구광역시,남구,66,69,64
스포츠교육기관,대구광역시,북구,310,308,305
스포츠교육기관,대구광역시,수성구,449,446,438
스포츠교육기관,대구광역시,달서구,344,341,349
스포츠교육기관,대구광역시,달성군,180,176,168
스포츠교육기관,대구광역시,군위군,7,7,6
스포츠교육기관,인천광역시,중구,108,108,94
스포츠교육기관,인천광역시,동구,27,28,28
스포츠교육기관,인천광역시,미추홀구,224,221,219
스포츠교육기관,인천광역시,연수구,395,394,378
스포츠교육기관,인천광역시,남동구,330,332,344
스포츠교육기관,인천광역시,부평구,285,282,292
스포츠교육기관,인천광역시,계양구,192,194,186
스포츠교육기관,인천광역시,서구,524,520,480
스포츠교육기관,인천광역시,강화군,27,27,27
스포츠교육기관,인천광역시,옹진군,0,0,0
스포츠교육기관,광주광역시,동구,83,82,77
스포츠교육기관,광주광역시,서구,252,253,241
스포츠교육기관,광주광역시,남구,180,176,171
스포츠교육기관,광주광역시,북구,341,335,328
스포츠교육기관,광주광역시,광산구,314,315,320
스포츠교육기관,대전광역시,동구,132,129,124
스포츠교육기관,대전광역시,중구,158,157,155
스포츠교육기관,대전광역시,서구,423,423,397
스포츠교육기관,대전광역시,유성구,321,319,293
스포츠교육기관,대전광역시,대덕구,109,109,105
스포츠교육기관,울산광역시,중구,138,139,135
스포츠교육기관,울산광역시,남구,272,273,261
스포츠교육기관,울산광역시,동구,116,114,112
스포츠교육기관,울산광역시,북구,186,188,185
스포츠교육기관,울산광역시,울주군,147,145,144
스포츠교육기관,세종특별자치시,0,401,395,374
스포츠교육기관,경기도,수원시 장안구,198,196,196
스포츠교육기관,경기도,수원시 권선구,251,249,239
스포츠교육기관,경기도,수원시 팔달구,183,179,177
스포츠교육기관,경기도,수원시 영통구,373,370,355
스포츠교육기관,경기도,성남시 수정구,212,212,217
스포츠교육기관,경기도,성남시 중원구,131,131,136
스포츠교육기관,경기도,성남시 분당구,551,552,520
스포츠교육기관,경기도,의정부시,355,355,354
스포츠교육기관,경기도,안양시 만안구,137,137,133
스포츠교육기관,경기도,안양시 동안구,296,295,268
스포츠교육기관,경기도,부천시 원미구,296,295,296
스포츠교육기관,경기도,부천시 소사구,151,151,146
스포츠교육기관,경기도,부천시 오정구,78,77,72
스포츠교육기관,경기도,광명시,229,228,210
스포츠교육기관,경기도,평택시,497,498,471
스포츠교육기관,경기도,동두천시,48,48,41
스포츠교육기관,경기도,안산시 상록구,186,187,185
스포츠교육기관,경기도,안산시 단원구,239,235,229
스포츠교육기관,경기도,고양시 덕양구,424,420,396
스포츠교육기관,경기도,고양시 일산동구,282,280,281
스포츠교육기관,경기도,고양시 일산서구,222,227,210
스포츠교육기관,경기도,과천시,73,73,64
스포츠교육기관,경기도,구리시,162,162,165
스포츠교육기관,경기도,남양주시,563,557,547
스포츠교육기관,경기도,오산시,193,192,174
스포츠교육기관,경기도,시흥시,398,390,394
스포츠교육기관,경기도,군포시,172,172,168
스포츠교육기관,경기도,의왕시,102,101,87
스포츠교육기관,경기도,하남시,318,316,286
스포츠교육기관,경기도,용인시 처인구,224,220,200
스포츠교육기관,경기도,용인시 기흥구,369,370,356
스포츠교육기관,경기도,용인시 수지구,339,335,319
스포츠교육기관,경기도,파주시,376,369,331
스포츠교육기관,경기도,이천시,180,182,168
스포츠교육기관,경기도,안성시,116,114,111
스포츠교육기관,경기도,김포시,416,413,413
스포츠교육기관,경기도,화성시,0,0,0
스포츠교육기관,경기도,화성시 만세구,189,190,180
스포츠교육기관,경기도,화성시 효행구,114,114,105
스포츠교육기관,경기도,화성시 병점구,127,124,154
스포츠교육기관,경기도,화성시 동탄구,442,441,382
스포츠교육기관,경기도,광주시,269,269,251
스포츠교육기관,경기도,양주시,238,239,222
스포츠교육기관,경기도,포천시,74,72,72
스포츠교육기관,경기도,여주시,56,56,56
스포츠교육기관,경기도,연천군,18,18,19
스포츠교육기관,경기도,가평군,36,34,36
스포츠교육기관,경기도,양평군,90,89,85
스포츠교육기관,충청북도,청주시 상당구,142,140,139
스포츠교육기관,충청북도,청주시 서원구,135,134,133
스포츠교육기관,충청북도,청주시 흥덕구,240,240,219
스포츠교육기관,충청북도,청주시 청원구,147,142,135
스포츠교육기관,충청북도,충주시,133,133,124
스포츠교육기관,충청북도,제천시,79,79,77
스포츠교육기관,충청북도,보은군,5,5,5
스포츠교육기관,충청북도,옥천군,18,18,16
스포츠교육기관,충청북도,영동군,20,20,18
스포츠교육기관,충청북도,증평군,20,19,20
스포츠교육기관,충청북도,진천군,43,43,43
스포츠교육기관,충청북도,괴산군,12,10,10
스포츠교육기관,충청북도,음성군,43,43,42
스포츠교육기관,충청북도,단양군,8,8,10
스포츠교육기관,충청남도,천안시 동남구,175,175,172
스포츠교육기관,충청남도,천안시 서북구,336,338,330
스포츠교육기관,충청남도,공주시,51,50,45
스포츠교육기관,충청남도,보령시,48,48,49
스포츠교육기관,충청남도,아산시,272,268,270
스포츠교육기관,충청남도,서산시,89,91,93
스포츠교육기관,충청남도,논산시,57,57,52
스포츠교육기관,충청남도,계룡시,34,34,35
스포츠교육기관,충청남도,당진시,120,121,113
스포츠교육기관,충청남도,금산군,11,11,15
스포츠교육기관,충청남도,부여군,34,34,31
스포츠교육기관,충청남도,서천군,16,16,18
스포츠교육기관,충청남도,청양군,8,8,8
스포츠교육기관,충청남도,홍성군,62,61,60
스포츠교육기관,충청남도,예산군,25,25,23
스포츠교육기관,충청남도,태안군,28,28,25
스포츠교육기관,전라남도,목포시,142,139,134
스포츠교육기관,전라남도,여수시,139,136,147
스포츠교육기관,전라남도,순천시,204,203,197
스포츠교육기관,전라남도,나주시,74,74,64
스포츠교육기관,전라남도,광양시,109,109,99
스포츠교육기관,전라남도,담양군,10,10,9
스포츠교육기관,전라남도,곡성군,6,6,5
스포츠교육기관,전라남도,구례군,8,8,8
스포츠교육기관,전라남도,고흥군,20,20,22
스포츠교육기관,전라남도,보성군,11,11,10
스포츠교육기관,전라남도,화순군,30,29,27
스포츠교육기관,전라남도,장흥군,17,17,14
스포츠교육기관,전라남도,강진군,16,16,16
스포츠교육기관,전라남도,해남군,23,23,25
스포츠교육기관,전라남도,영암군,24,24,22
스포츠교육기관,전라남도,무안군,60,60,61
스포츠교육기관,전라남도,함평군,5,7,7
스포츠교육기관,전라남도,영광군,26,26,28
스포츠교육기관,전라남도,장성군,10,10,11
스포츠교육기관,전라남도,완도군,18,18,19
스포츠교육기관,전라남도,진도군,9,9,8
스포츠교육기관,전라남도,신안군,3,3,3
스포츠교육기관,경상북도,포항시 남구,137,138,134
스포츠교육기관,경상북도,포항시 북구,188,189,187
스포츠교육기관,경상북도,경주시,151,150,142
스포츠교육기관,경상북도,김천시,79,79,82
스포츠교육기관,경상북도,안동시,112,113,113
스포츠교육기관,경상북도,구미시,308,309,299
스포츠교육기관,경상북도,영주시,50,51,51
스포츠교육기관,경상북도,영천시,53,53,51
스포츠교육기관,경상북도,상주시,49,48,44
스포츠교육기관,경상북도,문경시,33,33,32
스포츠교육기관,경상북도,경산시,169,167,160
스포츠교육기관,경상북도,의성군,12,13,12
스포츠교육기관,경상북도,청송군,6,6,6
스포츠교육기관,경상북도,영양군,5,5,5
스포츠교육기관,경상북도,영덕군,11,11,11
스포츠교육기관,경상북도,청도군,12,12,14
스포츠교육기관,경상북도,고령군,12,12,12
스포츠교육기관,경상북도,성주군,20,19,19
스포츠교육기관,경상북도,칠곡군,74,74,72
스포츠교육기관,경상북도,예천군,32,33,31
스포츠교육기관,경상북도,봉화군,5,5,5
스포츠교육기관,경상북도,울진군,31,30,31
스포츠교육기관,경상남도,창원시 의창구,160,160,152
스포츠교육기관,경상남도,창원시 성산구,221,221,215
스포츠교육기관,경상남도,창원시 마산합포구,131,131,121
스포츠교육기관,경상남도,창원시 마산회원구,138,138,140
스포츠교육기관,경상남도,창원시 진해구,159,159,155
스포츠교육기관,경상남도,진주시,293,289,279
스포츠교육기관,경상남도,통영시,88,87,87
스포츠교육기관,경상남도,사천시,61,61,60
스포츠교육기관,경상남도,김해시,436,434,423
스포츠교육기관,경상남도,밀양시,48,46,44
스포츠교육기관,경상남도,거제시,176,175,166
스포츠교육기관,경상남도,양산시,287,288,285
스포츠교육기관,경상남도,의령군,6,6,6
스포츠교육기관,경상남도,함안군,20,19,20
스포츠교육기관,경상남도,창녕군,26,26,23
스포츠교육기관,경상남도,고성군,19,19,17
스포츠교육기관,경상남도,남해군,12,12,12
스포츠교육기관,경상남도,하동군,16,16,18
스포츠교육기관,경상남도,산청군,12,12,13
스포츠교육기관,경상남도,함양군,21,21,20
스포츠교육기관,경상남도,거창군,34,34,35
스포츠교육기관,경상남도,합천군,10,11,11
스포츠교육기관,제주특별자치도,제주시,595,591,566
스포츠교육기관,제주특별자치도,서귀포시,238,241,223
스포츠교육기관,강원특별자치도,춘천시,216,217,208
스포츠교육기관,강원특별자치도,원주시,309,308,298
스포츠교육기관,강원특별자치도,강릉시,178,179,166
스포츠교육기관,강원특별자치도,동해시,64,64,59
스포츠교육기관,강원특별자치도,태백시,16,16,19
스포츠교육기관,강원특별자치도,속초시,71,70,70
스포츠교육기관,강원특별자치도,삼척시,30,31,34
스포츠교육기관,강원특별자치도,홍천군,33,33,32
스포츠교육기관,강원특별자치도,횡성군,15,15,15
스포츠교육기관,강원특별자치도,영월군,10,10,11
스포츠교육기관,강원특별자치도,평창군,35,35,31
스포츠교육기관,강원특별자치도,정선군,12,12,10
스포츠교육기관,강원특별자치도,철원군,16,16,19
스포츠교육기관,강원특별자치도,화천군,10,10,11
스포츠교육기관,강원특별자치도,양구군,8,8,8
스포츠교육기관,강원특별자치도,인제군,22,21,16
스포츠교육기관,강원특별자치도,고성군,14,14,13
스포츠교육기관,강원특별자치도,양양군,39,39,35
스포츠교육기관,전북특별자치도,전주시 완산구,239,239,234
스포츠교육기관,전북특별자치도,전주시 덕진구,266,262,258
스포츠교육기관,전북특별자치도,군산시,157,158,160
스포츠교육기관,전북특별자치도,익산시,168,167,168
스포츠교육기관,전북특별자치도,정읍시,65,65,59
스포츠교육기관,전북특별자치도,남원시,44,43,43
스포츠교육기관,전북특별자치도,김제시,32,32,30
스포츠교육기관,전북특별자치도,완주군,59,57,56
스포츠교육기관,전북특별자치도,진안군,8,8,6
스포츠교육기관,전북특별자치도,무주군,10,10,10
스포츠교육기관,전북특별자치도,장수군,4,4,5
스포츠교육기관,전북특별자치도,임실군,4,4,5
스포츠교육기관,전북특별자치도,순창군,3,3,4
스포츠교육기관,전북특별자치도,고창군,22,22,22
스포츠교육기관,전북특별자치도,부안군,12,12,10
예술학원,서울특별시,종로구,93,93,91
예술학원,서울특별시,중구,58,58,53
예술학원,서울특별시,용산구,106,107,104
예술학원,서울특별시,성동구,194,195,191
예술학원,서울특별시,광진구,196,197,197
예술학원,서울특별시,동대문구,201,202,200
예술학원,서울특별시,중랑구,163,162,163
예술학원,서울특별시,성북구,220,216,221
예술학원,서울특별시,강북구,82,81,90
예술학원,서울특별시,도봉구,108,107,115
예술학원,서울특별시,노원구,244,247,253
예술학원,서울특별시,은평구,234,231,246
예술학원,서울특별시,서대문구,167,166,159
예술학원,서울특별시,마포구,402,404,404
예술학원,서울특별시,양천구,280,278,277
예술학원,서울특별시,강서구,337,342,354
예술학원,서울특별시,구로구,206,203,212
예술학원,서울특별시,금천구,111,112,109
예술학원,서울특별시,영등포구,251,252,244
예술학원,서울특별시,동작구,183,183,182
예술학원,서울특별시,관악구,239,239,238
예술학원,서울특별시,서초구,437,436,411
예술학원,서울특별시,강남구,642,637,650
예술학원,서울특별시,송파구,472,473,477
예술학원,서울특별시,강동구,330,329,309
예술학원,부산광역시,중구,21,22,24
예술학원,부산광역시,서구,52,52,53
예술학원,부산광역시,동구,25,25,26
예술학원,부산광역시,영도구,30,30,32
예술학원,부산광역시,부산진구,214,213,228
예술학원,부산광역시,동래구,228,229,239
예술학원,부산광역시,남구,156,154,151
예술학원,부산광역시,북구,126,127,129
예술학원,부산광역시,해운대구,259,260,268
예술학원,부산광역시,사하구,132,136,140
예술학원,부산광역시,금정구,135,135,139
예술학원,부산광역시,강서구,152,153,150
예술학원,부산광역시,연제구,117,119,120
예술학원,부산광역시,수영구,124,126,127
예술학원,부산광역시,사상구,63,64,71
예술학원,부산광역시,기장군,127,125,130
예술학원,대구광역시,중구,147,148,144
예술학원,대구광역시,동구,177,176,187
예술학원,대구광역시,서구,63,64,66
예술학원,대구광역시,남구,71,71,66
예술학원,대구광역시,북구,251,251,258
예술학원,대구광역시,수성구,373,372,366
예술학원,대구광역시,달서구,338,339,342
예술학원,대구광역시,달성군,133,134,136
예술학원,대구광역시,군위군,4,4,4
예술학원,인천광역시,중구,67,64,62
예술학원,인천광역시,동구,22,22,22
예술학원,인천광역시,미추홀구,160,160,166
예술학원,인천광역시,연수구,296,298,290
예술학원,인천광역시,남동구,274,274,271
예술학원,인천광역시,부평구,254,252,266
예술학원,인천광역시,계양구,144,143,143
예술학원,인천광역시,서구,428,430,420
예술학원,인천광역시,강화군,24,24,23
예술학원,인천광역시,옹진군,3,3,3
예술학원,광주광역시,동구,113,113,117
예술학원,광주광역시,서구,213,213,217
예술학원,광주광역시,남구,205,205,197
예술학원,광주광역시,북구,296,293,302
예술학원,광주광역시,광산구,277,278,271
예술학원,대전광역시,동구,107,106,114
예술학원,대전광역시,중구,142,141,147
예술학원,대전광역시,서구,317,316,303
예술학원,대전광역시,유성구,270,266,276
예술학원,대전광역시,대덕구,80,80,81
예술학원,울산광역시,중구,150,149,158
예술학원,울산광역시,남구,290,288,295
예술학원,울산광역시,동구,93,91,90
예술학원,울산광역시,북구,160,159,158
예술학원,울산광역시,울주군,141,142,140
예술학원,세종특별자치시,0,399,402,391
예술학원,경기도,수원시 장안구,173,174,179
예술학원,경기도,수원시 권선구,219,218,220
예술학원,경기도,수원시 팔달구,154,154,158
예술학원,경기도,수원시 영통구,321,320,341
예술학원,경기도,성남시 수정구,154,155,155
예술학원,경기도,성남시 중원구,94,94,95
예술학원,경기도,성남시 분당구,546,548,537
예술학원,경기도,의정부시,279,280,282
예술학원,경기도,안양시 만안구,149,148,145
예술학원,경기도,안양시 동안구,246,249,248
예술학원,경기도,부천시 원미구,327,330,335
예술학원,경기도,부천시 소사구,156,156,153
예술학원,경기도,부천시 오정구,57,57,61
예술학원,경기도,광명시,212,213,208
예술학원,경기도,평택시,412,409,396
예술학원,경기도,동두천시,40,40,50
예술학원,경기도,안산시 상록구,159,158,167
예술학원,경기도,안산시 단원구,195,194,190
예술학원,경기도,고양시 덕양구,376,377,365
예술학원,경기도,고양시 일산동구,248,247,244
예술학원,경기도,고양시 일산서구,235,232,245
예술학원,경기도,과천시,51,52,47
예술학원,경기도,구리시,122,121,129
예술학원,경기도,남양주시,514,509,536
예술학원,경기도,오산시,137,135,131
예술학원,경기도,시흥시,359,360,370
예술학원,경기도,군포시,168,171,189
예술학원,경기도,의왕시,83,83,78
예술학원,경기도,하남시,282,284,281
예술학원,경기도,용인시 처인구,161,159,152
예술학원,경기도,용인시 기흥구,344,345,361
예술학원,경기도,용인시 수지구,346,341,346
예술학원,경기도,파주시,345,348,341
예술학원,경기도,이천시,135,133,140
예술학원,경기도,안성시,99,99,100
예술학원,경기도,김포시,417,414,416
예술학원,경기도,화성시,0,0,0
예술학원,경기도,화성시 만세구,116,115,119
예술학원,경기도,화성시 효행구,81,78,72
예술학원,경기도,화성시 병점구,92,92,139
예술학원,경기도,화성시 동탄구,433,428,369
예술학원,경기도,광주시,195,195,201
예술학원,경기도,양주시,155,156,148
예술학원,경기도,포천시,58,58,58
예술학원,경기도,여주시,43,43,47
예술학원,경기도,연천군,11,11,11
예술학원,경기도,가평군,30,30,32
예술학원,경기도,양평군,60,60,61
예술학원,충청북도,청주시 상당구,142,142,142
예술학원,충청북도,청주시 서원구,110,110,111
예술학원,충청북도,청주시 흥덕구,208,207,212
예술학원,충청북도,청주시 청원구,124,127,123
예술학원,충청북도,충주시,122,120,121
예술학원,충청북도,제천시,57,56,57
예술학원,충청북도,보은군,10,10,10
예술학원,충청북도,옥천군,13,13,13
예술학원,충청북도,영동군,14,14,15
예술학원,충청북도,증평군,20,20,19
예술학원,충청북도,진천군,48,47,53
예술학원,충청북도,괴산군,5,6,5
예술학원,충청북도,음성군,40,40,38
예술학원,충청북도,단양군,8,8,8
예술학원,충청남도,천안시 동남구,149,150,149
예술학원,충청남도,천안시 서북구,312,313,314
예술학원,충청남도,공주시,30,30,31
예술학원,충청남도,보령시,45,44,47
예술학원,충청남도,아산시,226,226,224
예술학원,충청남도,서산시,91,87,92
예술학원,충청남도,논산시,48,48,50
예술학원,충청남도,계룡시,27,27,28
예술학원,충청남도,당진시,90,92,96
예술학원,충청남도,금산군,15,15,11
예술학원,충청남도,부여군,17,17,18
예술학원,충청남도,서천군,25,25,25
예술학원,충청남도,청양군,5,5,5
예술학원,충청남도,홍성군,54,53,54
예술학원,충청남도,예산군,31,31,29
예술학원,충청남도,태안군,18,18,17
예술학원,전라남도,목포시,127,127,131
예술학원,전라남도,여수시,149,150,153
예술학원,전라남도,순천시,189,190,194
예술학원,전라남도,나주시,74,74,73
예술학원,전라남도,광양시,90,89,89
예술학원,전라남도,담양군,10,9,8
예술학원,전라남도,곡성군,9,9,9
예술학원,전라남도,구례군,6,6,8
예술학원,전라남도,고흥군,15,15,14
예술학원,전라남도,보성군,10,10,10
예술학원,전라남도,화순군,18,18,21
예술학원,전라남도,장흥군,7,7,7
예술학원,전라남도,강진군,11,11,12
예술학원,전라남도,해남군,19,19,21
예술학원,전라남도,영암군,12,13,13
예술학원,전라남도,무안군,93,92,86
예술학원,전라남도,함평군,7,7,8
예술학원,전라남도,영광군,24,24,23
예술학원,전라남도,장성군,13,13,10
예술학원,전라남도,완도군,16,16,16
예술학원,전라남도,진도군,11,11,10
예술학원,전라남도,신안군,5,5,5
예술학원,경상북도,포항시 남구,121,120,128
예술학원,경상북도,포항시 북구,176,177,178
예술학원,경상북도,경주시,118,117,121
예술학원,경상북도,김천시,73,72,75
예술학원,경상북도,안동시,92,92,92
예술학원,경상북도,구미시,293,291,297
예술학원,경상북도,영주시,50,50,55
예술학원,경상북도,영천시,46,47,46
예술학원,경상북도,상주시,42,42,42
예술학원,경상북도,문경시,25,25,26
예술학원,경상북도,경산시,165,165,164
예술학원,경상북도,의성군,9,9,12
예술학원,경상북도,청송군,8,8,8
예술학원,경상북도,영덕군,12,12,12
예술학원,경상북도,청도군,11,11,11
예술학원,경상북도,고령군,4,4,5
예술학원,경상북도,성주군,6,6,6
예술학원,경상북도,칠곡군,51,51,57
예술학원,경상북도,예천군,37,38,39
예술학원,경상북도,봉화군,8,8,8
예술학원,경상북도,울진군,19,19,19
예술학원,경상북도,울릉군,0,0,0
예술학원,경상남도,창원시 의창구,145,144,147
예술학원,경상남도,창원시 성산구,246,244,248
예술학원,경상남도,창원시 마산합포구,115,114,117
예술학원,경상남도,창원시 마산회원구,110,111,119
예술학원,경상남도,창원시 진해구,126,129,131
예술학원,경상남도,진주시,336,338,345
예술학원,경상남도,통영시,83,83,86
예술학원,경상남도,사천시,79,78,82
예술학원,경상남도,김해시,376,379,385
예술학원,경상남도,밀양시,43,43,44
예술학원,경상남도,거제시,142,143,155
예술학원,경상남도,양산시,220,219,215
예술학원,경상남도,의령군,5,5,5
예술학원,경상남도,함안군,29,29,31
예술학원,경상남도,창녕군,12,12,16
예술학원,경상남도,고성군,20,20,21
예술학원,경상남도,남해군,14,14,15
예술학원,경상남도,하동군,13,13,14
예술학원,경상남도,산청군,8,8,8
예술학원,경상남도,함양군,21,22,21
예술학원,경상남도,거창군,38,38,34
예술학원,경상남도,합천군,11,11,10
예술학원,제주특별자치도,제주시,370,369,375
예술학원,제주특별자치도,서귀포시,147,147,142
예술학원,강원특별자치도,춘천시,196,198,197
예술학원,강원특별자치도,원주시,260,261,255
예술학원,강원특별자치도,강릉시,148,150,154
예술학원,강원특별자치도,동해시,48,47,51
예술학원,강원특별자치도,태백시,15,15,17
예술학원,강원특별자치도,속초시,61,62,60
예술학원,강원특별자치도,삼척시,23,23,24
예술학원,강원특별자치도,홍천군,26,26,27
예술학원,강원특별자치도,횡성군,14,14,14
예술학원,강원특별자치도,영월군,12,12,12
예술학원,강원특별자치도,평창군,10,10,10
예술학원,강원특별자치도,정선군,13,13,13
예술학원,강원특별자치도,철원군,19,19,22
예술학원,강원특별자치도,화천군,4,4,5
예술학원,강원특별자치도,양구군,11,11,11
예술학원,강원특별자치도,인제군,15,15,18
예술학원,강원특별자치도,고성군,4,4,4
예술학원,강원특별자치도,양양군,6,6,6
예술학원,전북특별자치도,전주시 완산구,313,310,315
예술학원,전북특별자치도,전주시 덕진구,290,290,300
예술학원,전북특별자치도,군산시,218,218,221
예술학원,전북특별자치도,익산시,173,175,179
예술학원,전북특별자치도,정읍시,68,67,65
예술학원,전북특별자치도,남원시,35,35,36
예술학원,전북특별자치도,김제시,41,40,40
예술학원,전북특별자치도,완주군,50,51,55
예술학원,전북특별자치도,진안군,3,3,0
예술학원,전북특별자치도,무주군,6,6,5
예술학원,전북특별자치도,장수군,5,5,4
예술학원,전북특별자치도,임실군,11,11,11
예술학원,전북특별자치도,순창군,7,7,5
예술학원,전북특별자치도,고창군,15,14,14
예술학원,전북특별자치도,부안군,19,18,17
감정평가사,서울특별시,종로구,13,13,12
감정평가사,서울특별시,중구,14,14,13
감정평가사,서울특별시,용산구,9,9,9
감정평가사,서울특별시,성동구,14,14,12
감정평가사,서울특별시,광진구,3,4,0
감정평가사,서울특별시,동대문구,0,0,0
감정평가사,서울특별시,중랑구,4,4,3
감정평가사,서울특별시,성북구,4,4,3
감정평가사,서울특별시,강북구,0,0,0
감정평가사,서울특별시,노원구,9,9,10
감정평가사,서울특별시,은평구,10,10,10
감정평가사,서울특별시,서대문구,5,5,6
감정평가사,서울특별시,마포구,21,20,21
감정평가사,서울특별시,양천구,9,9,9
감정평가사,서울특별시,강서구,12,13,13
감정평가사,서울특별시,구로구,4,4,4
감정평가사,서울특별시,금천구,17,16,14
감정평가사,서울특별시,영등포구,15,15,15
감정평가사,서울특별시,동작구,6,6,6
감정평가사,서울특별시,관악구,7,7,6
감정평가사,서울특별시,서초구,66,66,58
감정평가사,서울특별시,강남구,59,58,55
감정평가사,서울특별시,송파구,43,42,41
감정평가사,서울특별시,강동구,25,25,25
감정평가사,부산광역시,중구,0,0,0
감정평가사,부산광역시,서구,0,0,0
감정평가사,부산광역시,동구,0,0,0
감정평가사,부산광역시,영도구,0,0,0
감정평가사,부산광역시,부산진구,16,16,12
감정평가사,부산광역시,동래구,11,11,11
감정평가사,부산광역시,남구,5,5,4
감정평가사,부산광역시,해운대구,12,12,13
감정평가사,부산광역시,금정구,5,5,4
감정평가사,부산광역시,강서구,0,0,0
감정평가사,부산광역시,연제구,10,10,10
감정평가사,부산광역시,수영구,4,4,4
감정평가사,부산광역시,사상구,3,3,3
감정평가사,부산광역시,기장군,0,0,0
감정평가사,대구광역시,중구,3,3,3
감정평가사,대구광역시,동구,10,10,9
감정평가사,대구광역시,남구,14,14,12
감정평가사,대구광역시,북구,7,7,7
감정평가사,대구광역시,수성구,42,41,40
감정평가사,대구광역시,달서구,6,6,6
감정평가사,대구광역시,달성군,0,0,0
감정평가사,인천광역시,동구,0,0,0
감정평가사,인천광역시,미추홀구,14,14,12
감정평가사,인천광역시,연수구,20,20,13
감정평가사,인천광역시,남동구,22,22,21
감정평가사,인천광역시,부평구,23,23,19
감정평가사,인천광역시,계양구,15,15,17
감정평가사,인천광역시,서구,12,12,11
감정평가사,광주광역시,동구,9,9,10
감정평가사,광주광역시,서구,15,15,12
감정평가사,광주광역시,남구,8,7,7
감정평가사,광주광역시,북구,10,9,8
감정평가사,광주광역시,광산구,3,3,3
감정평가사,대전광역시,동구,0,0,0
감정평가사,대전광역시,중구,0,0,0
감정평가사,대전광역시,서구,12,12,12
감정평가사,대전광역시,유성구,18,18,19
감정평가사,대전광역시,대덕구,0,0,0
감정평가사,울산광역시,중구,10,10,10
감정평가사,울산광역시,남구,16,16,16
감정평가사,울산광역시,울주군,7,7,6
감정평가사,세종특별자치시,0,23,23,21
감정평가사,경기도,수원시 장안구,10,10,10
감정평가사,경기도,수원시 권선구,11,11,9
감정평가사,경기도,수원시 팔달구,12,12,13
감정평가사,경기도,수원시 영통구,21,21,20
감정평가사,경기도,성남시 수정구,21,21,21
감정평가사,경기도,성남시 중원구,10,10,7
감정평가사,경기도,성남시 분당구,49,49,48
감정평가사,경기도,의정부시,30,30,34
감정평가사,경기도,안양시 만안구,6,5,6
감정평가사,경기도,안양시 동안구,46,46,44
감정평가사,경기도,부천시 원미구,22,22,25
감정평가사,경기도,광명시,9,9,8
감정평가사,경기도,평택시,12,12,11
감정평가사,경기도,안산시 상록구,0,0,0
감정평가사,경기도,안산시 단원구,5,5,3
감정평가사,경기도,고양시 덕양구,19,19,18
감정평가사,경기도,고양시 일산동구,26,26,26
감정평가사,경기도,고양시 일산서구,10,12,12
감정평가사,경기도,과천시,5,5,5
감정평가사,경기도,구리시,8,8,6
감정평가사,경기도,남양주시,25,25,21
감정평가사,경기도,오산시,0,0,0
감정평가사,경기도,시흥시,9,9,7
감정평가사,경기도,군포시,3,3,3
감정평가사,경기도,의왕시,9,9,9
감정평가사,경기도,하남시,17,16,14
감정평가사,경기도,용인시 처인구,7,7,6
감정평가사,경기도,용인시 기흥구,12,12,12
감정평가사,경기도,용인시 수지구,19,20,15
감정평가사,경기도,파주시,7,5,5
감정평가사,경기도,이천시,0,0,0
감정평가사,경기도,안성시,0,0,0
감정평가사,경기도,김포시,7,7,6
감정평가사,경기도,화성시 만세구,0,0,0
감정평가사,경기도,화성시 효행구,0,0,0
감정평가사,경기도,화성시 병점구,3,3,3
감정평가사,경기도,화성시 동탄구,17,17,12
감정평가사,경기도,광주시,6,6,5
감정평가사,경기도,여주시,0,0,0
감정평가사,경기도,가평군,3,3,3
감정평가사,경기도,양평군,5,5,4
감정평가사,충청북도,청주시 상당구,4,4,4
감정평가사,충청북도,청주시 서원구,7,7,7
감정평가사,충청북도,청주시 흥덕구,13,14,14
감정평가사,충청북도,청주시 청원구,6,6,6
감정평가사,충청북도,충주시,0,0,0
감정평가사,충청북도,제천시,0,0,0
감정평가사,충청북도,진천군,0,0,0
감정평가사,충청북도,음성군,0,0,0
감정평가사,충청남도,천안시 동남구,10,10,11
감정평가사,충청남도,천안시 서북구,27,27,28
감정평가사,충청남도,공주시,0,0,0
감정평가사,충청남도,아산시,4,4,6
감정평가사,충청남도,서산시,0,0,0
감정평가사,충청남도,당진시,0,0,0
감정평가사,충청남도,홍성군,0,0,0
감정평가사,충청남도,예산군,3,3,0
감정평가사,전라남도,목포시,0,0,0
감정평가사,전라남도,여수시,0,0,0
감정평가사,전라남도,순천시,4,4,4
감정평가사,전라남도,나주시,11,11,13
감정평가사,전라남도,화순군,4,4,4
감정평가사,전라남도,무안군,0,0,0
감정평가사,경상북도,포항시 남구,3,3,3
감정평가사,경상북도,포항시 북구,5,5,5
감정평가사,경상북도,경주시,0,0,0
감정평가사,경상북도,안동시,0,0,0
감정평가사,경상북도,구미시,0,0,0
감정평가사,경상북도,영주시,0,0,0
감정평가사,경상북도,상주시,0,0,0
감정평가사,경상북도,경산시,4,4,3
감정평가사,경상북도,영덕군,0,0,0
감정평가사,경상북도,청도군,0,0,0
감정평가사,경상북도,성주군,0,0,0
감정평가사,경상북도,칠곡군,0,0,0
감정평가사,경상남도,창원시 의창구,13,13,12
감정평가사,경상남도,창원시 성산구,20,20,19
감정평가사,경상남도,창원시 마산합포구,6,6,5
감정평가사,경상남도,창원시 마산회원구,0,0,0
감정평가사,경상남도,창원시 진해구,0,0,0
감정평가사,경상남도,진주시,10,10,10
감정평가사,경상남도,통영시,3,3,4
감정평가사,경상남도,사천시,4,4,4
감정평가사,경상남도,김해시,12,12,12
감정평가사,경상남도,양산시,8,7,7
감정평가사,경상남도,창녕군,0,0,0
감정평가사,경상남도,고성군,0,0,0
감정평가사,경상남도,함양군,0,0,0
감정평가사,경상남도,거창군,0,0,0
감정평가사,경상남도,합천군,0,0,0
감정평가사,제주특별자치도,제주시,25,25,24
감정평가사,제주특별자치도,서귀포시,0,0,0
감정평가사,강원특별자치도,춘천시,9,9,10
감정평가사,강원특별자치도,원주시,24,24,22
감정평가사,강원특별자치도,강릉시,5,5,5
감정평가사,강원특별자치도,동해시,0,0,0
감정평가사,강원특별자치도,홍천군,0,0,0
감정평가사,강원특별자치도,횡성군,0,0,0
감정평가사,강원특별자치도,양양군,0,0,0
감정평가사,전북특별자치도,전주시 완산구,22,22,23
감정평가사,전북특별자치도,전주시 덕진구,15,15,13
감정평가사,전북특별자치도,군산시,3,3,5
감정평가사,전북특별자치도,익산시,0,0,0
감정평가사,전북특별자치도,남원시,0,0,0
건축사,서울특별시,종로구,198,198,187
건축사,서울특별시,중구,120,121,118
건축사,서울특별시,용산구,115,114,103
건축사,서울특별시,성동구,200,196,197
건축사,서울특별시,광진구,115,113,115
건축사,서울특별시,동대문구,58,58,56
건축사,서울특별시,중랑구,53,53,54
건축사,서울특별시,성북구,66,63,64
건축사,서울특별시,강북구,46,46,45
건축사,서울특별시,도봉구,39,39,37
건축사,서울특별시,노원구,41,42,41
건축사,서울특별시,은평구,70,70,71
건축사,서울특별시,서대문구,68,69,63
건축사,서울특별시,마포구,238,235,224
건축사,서울특별시,양천구,37,35,36
건축사,서울특별시,강서구,140,137,142
건축사,서울특별시,구로구,58,58,59
건축사,서울특별시,금천구,89,91,83
건축사,서울특별시,영등포구,145,146,132
건축사,서울특별시,동작구,39,39,40
건축사,서울특별시,관악구,85,85,82
건축사,서울특별시,서초구,506,506,497
건축사,서울특별시,강남구,597,598,603
건축사,서울특별시,송파구,414,407,395
건축사,서울특별시,강동구,107,106,102
건축사,부산광역시,중구,20,20,19
건축사,부산광역시,서구,7,7,6
건축사,부산광역시,동구,46,48,51
건축사,부산광역시,영도구,5,5,5
건축사,부산광역시,부산진구,89,89,82
건축사,부산광역시,동래구,73,75,75
건축사,부산광역시,남구,61,61,55
건축사,부산광역시,북구,32,32,30
건축사,부산광역시,해운대구,137,137,134
건축사,부산광역시,사하구,31,29,29
건축사,부산광역시,금정구,81,81,83
건축사,부산광역시,강서구,36,36,34
건축사,부산광역시,연제구,101,99,105
건축사,부산광역시,수영구,72,72,73
건축사,부산광역시,사상구,34,34,31
건축사,부산광역시,기장군,29,29,29
건축사,대구광역시,중구,76,77,77
건축사,대구광역시,동구,123,122,119
건축사,대구광역시,서구,25,25,26
건축사,대구광역시,남구,78,77,77
건축사,대구광역시,북구,67,67,67
건축사,대구광역시,수성구,236,234,239
건축사,대구광역시,달서구,102,103,106
건축사,대구광역시,달성군,26,26,25
건축사,대구광역시,군위군,7,7,7
건축사,인천광역시,중구,25,25,24
건축사,인천광역시,동구,4,4,0
건축사,인천광역시,미추홀구,36,37,44
건축사,인천광역시,연수구,68,67,56
건축사,인천광역시,남동구,115,115,111
건축사,인천광역시,부평구,60,61,64
건축사,인천광역시,계양구,28,28,30
건축사,인천광역시,서구,76,76,76
건축사,인천광역시,강화군,23,23,24
건축사,인천광역시,옹진군,0,0,0
건축사,광주광역시,동구,38,39,38
건축사,광주광역시,서구,99,99,105
건축사,광주광역시,남구,36,36,35
건축사,광주광역시,북구,123,122,115
건축사,광주광역시,광산구,33,33,35
건축사,대전광역시,동구,16,16,17
건축사,대전광역시,중구,38,38,37
건축사,대전광역시,서구,120,120,114
건축사,대전광역시,유성구,123,123,119
건축사,대전광역시,대덕구,11,11,11
건축사,울산광역시,중구,69,69,67
건축사,울산광역시,남구,123,126,129
건축사,울산광역시,동구,0,0,0
건축사,울산광역시,북구,17,17,16
건축사,울산광역시,울주군,45,45,44
건축사,세종특별자치시,0,75,76,74
건축사,경기도,수원시 장안구,20,20,19
건축사,경기도,수원시 권선구,45,44,45
건축사,경기도,수원시 팔달구,81,81,77
건축사,경기도,수원시 영통구,57,58,52
건축사,경기도,성남시 수정구,57,57,51
건축사,경기도,성남시 중원구,30,30,32
건축사,경기도,성남시 분당구,104,106,107
건축사,경기도,의정부시,58,58,58
건축사,경기도,안양시 만안구,54,52,45
건축사,경기도,안양시 동안구,119,120,118
건축사,경기도,부천시 원미구,87,87,82
건축사,경기도,부천시 소사구,8,8,7
건축사,경기도,부천시 오정구,6,6,5
건축사,경기도,광명시,42,42,35
건축사,경기도,평택시,166,166,166
건축사,경기도,동두천시,9,9,9
건축사,경기도,안산시 상록구,31,32,30
건축사,경기도,안산시 단원구,69,69,68
건축사,경기도,고양시 덕양구,120,119,105
건축사,경기도,고양시 일산동구,63,63,64
건축사,경기도,고양시 일산서구,17,17,18
건축사,경기도,과천시,46,44,46
건축사,경기도,구리시,26,26,23
건축사,경기도,남양주시,198,198,194
건축사,경기도,오산시,21,21,19
건축사,경기도,시흥시,104,104,98
건축사,경기도,군포시,29,29,26
건축사,경기도,의왕시,25,24,24
건축사,경기도,하남시,95,93,88
건축사,경기도,용인시 처인구,129,129,122
건축사,경기도,용인시 기흥구,116,116,114
건축사,경기도,용인시 수지구,46,44,40
건축사,경기도,파주시,112,112,113
건축사,경기도,이천시,57,57,57
건축사,경기도,안성시,38,38,35
건축사,경기도,김포시,93,93,86
건축사,경기도,화성시 만세구,89,86,89
건축사,경기도,화성시 효행구,30,30,27
건축사,경기도,화성시 병점구,72,73,77
건축사,경기도,화성시 동탄구,94,93,81
건축사,경기도,광주시,100,99,102
건축사,경기도,양주시,60,60,59
건축사,경기도,포천시,51,51,50
건축사,경기도,여주시,23,24,24
건축사,경기도,연천군,7,7,6
건축사,경기도,가평군,27,27,24
건축사,경기도,양평군,53,53,53
건축사,충청북도,청주시 상당구,55,54,54
건축사,충청북도,청주시 서원구,56,57,55
건축사,충청북도,청주시 흥덕구,65,65,61
건축사,충청북도,청주시 청원구,67,67,62
건축사,충청북도,충주시,55,55,55
건축사,충청북도,제천시,27,27,28
건축사,충청북도,보은군,4,4,3
건축사,충청북도,옥천군,7,7,7
건축사,충청북도,영동군,4,4,4
건축사,충청북도,증평군,6,6,6
건축사,충청북도,진천군,17,17,17
건축사,충청북도,괴산군,7,7,7
건축사,충청북도,음성군,25,25,25
건축사,충청북도,단양군,4,4,4
건축사,충청남도,천안시 동남구,51,50,50
건축사,충청남도,천안시 서북구,74,73,71
건축사,충청남도,공주시,39,39,38
건축사,충청남도,보령시,21,21,20
건축사,충청남도,아산시,79,78,76
건축사,충청남도,서산시,41,41,40
건축사,충청남도,논산시,26,26,23
건축사,충청남도,계룡시,13,12,13
건축사,충청남도,당진시,37,38,38
건축사,충청남도,금산군,11,11,11
건축사,충청남도,부여군,16,16,15
건축사,충청남도,서천군,11,11,9
건축사,충청남도,청양군,10,10,9
건축사,충청남도,홍성군,20,20,19
건축사,충청남도,예산군,17,17,18
건축사,충청남도,태안군,8,8,7
건축사,전라남도,목포시,34,33,30
건축사,전라남도,여수시,57,56,56
건축사,전라남도,순천시,73,73,72
건축사,전라남도,나주시,43,43,39
건축사,전라남도,광양시,31,30,28
건축사,전라남도,담양군,11,11,8
건축사,전라남도,곡성군,5,5,4
건축사,전라남도,구례군,5,5,5
건축사,전라남도,고흥군,8,8,8
건축사,전라남도,보성군,8,8,8
건축사,전라남도,화순군,19,18,16
건축사,전라남도,장흥군,11,11,10
건축사,전라남도,강진군,8,8,9
건축사,전라남도,해남군,13,14,12
건축사,전라남도,영암군,9,9,6
건축사,전라남도,무안군,18,18,15
건축사,전라남도,함평군,6,6,5
건축사,전라남도,영광군,7,7,7
건축사,전라남도,장성군,10,10,10
건축사,전라남도,완도군,6,6,6
건축사,전라남도,진도군,10,10,7
건축사,전라남도,신안군,6,7,8
건축사,경상북도,포항시 남구,50,50,52
건축사,경상북도,포항시 북구,46,46,46
건축사,경상북도,경주시,58,58,54
건축사,경상북도,김천시,31,31,32
건축사,경상북도,안동시,44,44,43
건축사,경상북도,구미시,69,68,70
건축사,경상북도,영주시,18,18,17
건축사,경상북도,영천시,23,23,22
건축사,경상북도,상주시,19,19,21
건축사,경상북도,문경시,19,19,19
건축사,경상북도,경산시,72,73,72
건축사,경상북도,의성군,9,9,9
건축사,경상북도,청송군,5,5,4
건축사,경상북도,영양군,4,4,4
건축사,경상북도,영덕군,5,4,4
건축사,경상북도,청도군,9,9,7
건축사,경상북도,고령군,13,13,15
건축사,경상북도,성주군,16,16,15
건축사,경상북도,칠곡군,29,29,29
건축사,경상북도,예천군,10,10,9
건축사,경상북도,봉화군,7,7,7
건축사,경상북도,울진군,8,7,7
건축사,경상북도,울릉군,3,3,0
건축사,경상남도,창원시 의창구,49,48,49
건축사,경상남도,창원시 성산구,43,43,41
건축사,경상남도,창원시 마산합포구,22,22,21
건축사,경상남도,창원시 마산회원구,10,10,10
건축사,경상남도,창원시 진해구,13,12,12
건축사,경상남도,진주시,96,96,91
건축사,경상남도,통영시,27,27,26
건축사,경상남도,사천시,22,22,23
건축사,경상남도,김해시,128,128,128
건축사,경상남도,밀양시,37,37,36
건축사,경상남도,거제시,26,26,28
건축사,경상남도,양산시,63,63,61
건축사,경상남도,의령군,4,4,5
건축사,경상남도,함안군,15,15,15
건축사,경상남도,창녕군,9,9,9
건축사,경상남도,고성군,14,14,14
건축사,경상남도,남해군,8,8,8
건축사,경상남도,하동군,7,7,7
건축사,경상남도,산청군,12,12,12
건축사,경상남도,함양군,11,11,12
건축사,경상남도,거창군,12,11,9
건축사,경상남도,합천군,8,8,8
건축사,제주특별자치도,제주시,315,314,316
건축사,제주특별자치도,서귀포시,63,62,62
건축사,강원특별자치도,춘천시,104,103,103
건축사,강원특별자치도,원주시,102,102,100
건축사,강원특별자치도,강릉시,62,62,62
건축사,강원특별자치도,동해시,13,13,13
건축사,강원특별자치도,태백시,3,3,3
건축사,강원특별자치도,속초시,21,21,21
건축사,강원특별자치도,삼척시,11,11,12
건축사,강원특별자치도,홍천군,20,20,20
건축사,강원특별자치도,횡성군,12,12,12
건축사,강원특별자치도,영월군,8,8,7
건축사,강원특별자치도,평창군,12,12,13
건축사,강원특별자치도,정선군,9,9,9
건축사,강원특별자치도,철원군,7,7,6
건축사,강원특별자치도,화천군,4,4,3
건축사,강원특별자치도,양구군,5,5,5
건축사,강원특별자치도,인제군,8,8,8
건축사,강원특별자치도,고성군,9,8,8
건축사,강원특별자치도,양양군,6,6,5
건축사,전북특별자치도,전주시 완산구,149,148,154
건축사,전북특별자치도,전주시 덕진구,71,72,72
건축사,전북특별자치도,군산시,50,50,51
건축사,전북특별자치도,익산시,47,47,47
건축사,전북특별자치도,정읍시,22,22,20
건축사,전북특별자치도,남원시,19,19,19
건축사,전북특별자치도,김제시,10,10,11
건축사,전북특별자치도,완주군,32,32,30
건축사,전북특별자치도,진안군,6,6,4
건축사,전북특별자치도,무주군,5,5,5
건축사,전북특별자치도,장수군,6,6,6
건축사,전북특별자치도,임실군,7,7,8
건축사,전북특별자치도,순창군,5,5,5
건축사,전북특별자치도,고창군,11,11,10
건축사,전북특별자치도,부안군,8,8,10
공인노무사,서울특별시,종로구,14,14,15
공인노무사,서울특별시,중구,39,38,37
공인노무사,서울특별시,용산구,12,13,10
공인노무사,서울특별시,성동구,24,24,23
공인노무사,서울특별시,광진구,7,7,7
공인노무사,서울특별시,동대문구,8,8,6
공인노무사,서울특별시,중랑구,13,14,11
공인노무사,서울특별시,성북구,4,4,4
공인노무사,서울특별시,강북구,3,3,4
공인노무사,서울특별시,도봉구,5,4,6
공인노무사,서울특별시,노원구,11,11,6
공인노무사,서울특별시,은평구,3,3,3
공인노무사,서울특별시,서대문구,5,5,4
공인노무사,서울특별시,마포구,47,47,43
공인노무사,서울특별시,양천구,6,5,3
공인노무사,서울특별시,강서구,62,59,58
공인노무사,서울특별시,구로구,37,37,36
공인노무사,서울특별시,금천구,53,53,47
공인노무사,서울특별시,영등포구,107,107,97
공인노무사,서울특별시,동작구,6,6,0
공인노무사,서울특별시,관악구,7,7,10
공인노무사,서울특별시,서초구,107,105,99
공인노무사,서울특별시,강남구,140,142,136
공인노무사,서울특별시,송파구,74,74,62
공인노무사,서울특별시,강동구,19,19,9
공인노무사,부산광역시,중구,3,3,0
공인노무사,부산광역시,서구,3,3,0
공인노무사,부산광역시,동구,7,7,7
공인노무사,부산광역시,부산진구,8,8,6
공인노무사,부산광역시,동래구,9,9,7
공인노무사,부산광역시,남구,3,3,3
공인노무사,부산광역시,북구,7,7,7
공인노무사,부산광역시,해운대구,6,6,5
공인노무사,부산광역시,사하구,5,5,5
공인노무사,부산광역시,금정구,18,18,20
공인노무사,부산광역시,강서구,9,9,10
공인노무사,부산광역시,연제구,19,18,16
공인노무사,부산광역시,수영구,3,3,3
공인노무사,부산광역시,사상구,10,10,10
공인노무사,대구광역시,중구,8,8,4
공인노무사,대구광역시,동구,5,5,5
공인노무사,대구광역시,서구,3,3,3
공인노무사,대구광역시,남구,0,0,0
공인노무사,대구광역시,북구,3,3,4
공인노무사,대구광역시,수성구,31,31,27
공인노무사,대구광역시,달서구,16,16,17
공인노무사,대구광역시,달성군,0,0,0
공인노무사,인천광역시,중구,0,0,0
공인노무사,인천광역시,동구,0,0,0
공인노무사,인천광역시,미추홀구,14,13,13
공인노무사,인천광역시,연수구,11,11,10
공인노무사,인천광역시,남동구,18,18,14
공인노무사,인천광역시,부평구,17,17,15
공인노무사,인천광역시,계양구,16,17,15
공인노무사,인천광역시,서구,16,15,12
공인노무사,광주광역시,동구,3,3,3
공인노무사,광주광역시,서구,19,19,18
공인노무사,광주광역시,남구,5,5,3
공인노무사,광주광역시,북구,20,20,16
공인노무사,광주광역시,광산구,4,4,4
공인노무사,대전광역시,동구,3,3,3
공인노무사,대전광역시,중구,0,0,0
공인노무사,대전광역시,서구,27,26,22
공인노무사,대전광역시,유성구,10,10,11
공인노무사,대전광역시,대덕구,0,0,0
공인노무사,울산광역시,중구,0,0,0
공인노무사,울산광역시,남구,25,25,25
공인노무사,울산광역시,동구,7,7,8
공인노무사,울산광역시,북구,0,0,0
공인노무사,울산광역시,울주군,0,0,0
공인노무사,세종특별자치시,0,14,14,11
공인노무사,경기도,수원시 장안구,14,14,14
공인노무사,경기도,수원시 권선구,0,0,0
공인노무사,경기도,수원시 팔달구,15,15,7
공인노무사,경기도,수원시 영통구,20,20,17
공인노무사,경기도,성남시 수정구,8,8,6
공인노무사,경기도,성남시 중원구,8,8,6
공인노무사,경기도,성남시 분당구,28,28,30
공인노무사,경기도,의정부시,17,18,17
공인노무사,경기도,안양시 만안구,10,10,9
공인노무사,경기도,안양시 동안구,17,18,16
공인노무사,경기도,부천시 원미구,31,29,25
공인노무사,경기도,부천시 소사구,0,0,0
공인노무사,경기도,부천시 오정구,0,0,0
공인노무사,경기도,광명시,11,10,9
공인노무사,경기도,평택시,24,23,22
공인노무사,경기도,안산시 상록구,6,6,7
공인노무사,경기도,안산시 단원구,21,21,19
공인노무사,경기도,고양시 덕양구,15,13,19
공인노무사,경기도,고양시 일산동구,14,14,11
공인노무사,경기도,고양시 일산서구,0,0,0
공인노무사,경기도,과천시,0,0,0
공인노무사,경기도,구리시,5,6,7
공인노무사,경기도,남양주시,9,9,7
공인노무사,경기도,오산시,7,7,4
공인노무사,경기도,시흥시,6,6,6
공인노무사,경기도,군포시,4,4,5
공인노무사,경기도,의왕시,0,0,0
공인노무사,경기도,하남시,11,11,10
공인노무사,경기도,용인시 처인구,0,0,0
공인노무사,경기도,용인시 기흥구,7,7,6
공인노무사,경기도,용인시 수지구,6,6,3
공인노무사,경기도,파주시,6,6,6
공인노무사,경기도,이천시,0,0,0
공인노무사,경기도,안성시,0,0,0
공인노무사,경기도,김포시,12,12,8
공인노무사,경기도,화성시,0,0,0
공인노무사,경기도,화성시 만세구,3,4,0
공인노무사,경기도,화성시 효행구,0,0,0
공인노무사,경기도,화성시 병점구,0,0,0
공인노무사,경기도,화성시 동탄구,23,23,21
공인노무사,경기도,광주시,5,5,4
공인노무사,경기도,양주시,4,4,3
공인노무사,경기도,포천시,4,3,0
공인노무사,경기도,여주시,0,0,0
공인노무사,경기도,양평군,0,0,0
공인노무사,충청북도,청주시 상당구,0,0,0
공인노무사,충청북도,청주시 서원구,9,9,9
공인노무사,충청북도,청주시 흥덕구,9,9,6
공인노무사,충청북도,청주시 청원구,0,0,0
공인노무사,충청북도,충주시,5,5,5
공인노무사,충청북도,음성군,0,0,0
공인노무사,충청남도,천안시 동남구,9,9,8
공인노무사,충청남도,천안시 서북구,20,20,19
공인노무사,충청남도,보령시,3,3,3
공인노무사,충청남도,아산시,3,3,3
공인노무사,충청남도,서산시,0,0,0
공인노무사,충청남도,당진시,0,0,0
공인노무사,충청남도,홍성군,0,0,0
공인노무사,전라남도,목포시,6,6,6
공인노무사,전라남도,여수시,7,7,6
공인노무사,전라남도,순천시,9,9,7
공인노무사,전라남도,나주시,0,0,0
공인노무사,전라남도,광양시,3,4,3
공인노무사,전라남도,화순군,0,0,0
공인노무사,전라남도,영암군,0,0,0
공인노무사,경상북도,포항시 남구,9,9,10
공인노무사,경상북도,포항시 북구,0,0,0
공인노무사,경상북도,경주시,4,4,5
공인노무사,경상북도,김천시,0,0,0
공인노무사,경상북도,안동시,0,0,0
공인노무사,경상북도,구미시,9,9,9
공인노무사,경상북도,상주시,0,0,0
공인노무사,경상북도,문경시,3,3,3
공인노무사,경상북도,경산시,0,0,0
공인노무사,경상북도,칠곡군,0,0,0
공인노무사,경상남도,창원시 의창구,5,5,6
공인노무사,경상남도,창원시 성산구,25,25,23
공인노무사,경상남도,창원시 마산합포구,0,0,0
공인노무사,경상남도,창원시 마산회원구,0,0,0
공인노무사,경상남도,진주시,7,7,5
공인노무사,경상남도,통영시,0,0,0
공인노무사,경상남도,사천시,0,0,0
공인노무사,경상남도,김해시,5,5,5
공인노무사,경상남도,밀양시,0,0,0
공인노무사,경상남도,거제시,4,4,4
공인노무사,경상남도,양산시,13,13,11
공인노무사,제주특별자치도,제주시,14,14,11
공인노무사,강원특별자치도,춘천시,7,7,6
공인노무사,강원특별자치도,원주시,7,7,6
공인노무사,강원특별자치도,강릉시,8,8,8
공인노무사,강원특별자치도,동해시,6,6,6
공인노무사,강원특별자치도,태백시,3,3,4
공인노무사,강원특별자치도,삼척시,4,4,4
공인노무사,강원특별자치도,횡성군,0,0,0
공인노무사,강원특별자치도,정선군,0,0,0
공인노무사,전북특별자치도,전주시 완산구,8,7,7
공인노무사,전북특별자치도,전주시 덕진구,23,24,19
공인노무사,전북특별자치도,군산시,4,4,4
공인노무사,전북특별자치도,익산시,5,5,6
공인회계사,서울특별시,종로구,29,30,26
공인회계사,서울특별시,중구,25,25,24
공인회계사,서울특별시,용산구,17,18,15
공인회계사,서울특별시,성동구,19,18,18
공인회계사,서울특별시,광진구,11,11,8
공인회계사,서울특별시,동대문구,21,21,16
공인회계사,서울특별시,중랑구,11,11,13
공인회계사,서울특별시,성북구,7,7,6
공인회계사,서울특별시,강북구,4,4,4
공인회계사,서울특별시,도봉구,7,7,6
공인회계사,서울특별시,노원구,6,6,7
공인회계사,서울특별시,은평구,5,5,4
공인회계사,서울특별시,서대문구,5,5,5
공인회계사,서울특별시,마포구,34,33,29
공인회계사,서울특별시,양천구,15,15,15
공인회계사,서울특별시,강서구,39,39,40
공인회계사,서울특별시,구로구,42,42,41
공인회계사,서울특별시,금천구,51,51,49
공인회계사,서울특별시,영등포구,120,119,115
공인회계사,서울특별시,동작구,13,13,13
공인회계사,서울특별시,관악구,13,14,15
공인회계사,서울특별시,서초구,145,145,141
공인회계사,서울특별시,강남구,274,273,273
공인회계사,서울특별시,송파구,75,75,72
공인회계사,서울특별시,강동구,14,14,11
공인회계사,부산광역시,중구,4,4,5
공인회계사,부산광역시,서구,0,0,0
공인회계사,부산광역시,동구,28,27,25
공인회계사,부산광역시,부산진구,35,35,35
공인회계사,부산광역시,동래구,3,3,0
공인회계사,부산광역시,남구,3,3,3
공인회계사,부산광역시,북구,0,0,0
공인회계사,부산광역시,해운대구,30,29,30
공인회계사,부산광역시,사하구,0,0,0
공인회계사,부산광역시,금정구,13,13,12
공인회계사,부산광역시,강서구,4,4,4
공인회계사,부산광역시,연제구,11,11,9
공인회계사,부산광역시,수영구,6,6,5
공인회계사,부산광역시,사상구,16,16,16
공인회계사,대구광역시,중구,12,12,12
공인회계사,대구광역시,동구,16,16,14
공인회계사,대구광역시,서구,3,3,3
공인회계사,대구광역시,남구,25,25,25
공인회계사,대구광역시,북구,6,6,7
공인회계사,대구광역시,수성구,17,17,19
공인회계사,대구광역시,달서구,12,12,13
공인회계사,인천광역시,중구,3,3,3
공인회계사,인천광역시,동구,0,0,0
공인회계사,인천광역시,미추홀구,4,4,4
공인회계사,인천광역시,연수구,17,18,16
공인회계사,인천광역시,남동구,16,16,17
공인회계사,인천광역시,부평구,5,5,5
공인회계사,인천광역시,계양구,11,11,9
공인회계사,인천광역시,서구,15,15,16
공인회계사,인천광역시,강화군,0,0,0
공인회계사,광주광역시,동구,0,0,0
공인회계사,광주광역시,서구,25,24,21
공인회계사,광주광역시,남구,0,0,0
공인회계사,광주광역시,북구,13,13,11
공인회계사,광주광역시,광산구,4,4,4
공인회계사,대전광역시,동구,0,0,0
공인회계사,대전광역시,중구,5,5,5
공인회계사,대전광역시,서구,14,14,13
공인회계사,대전광역시,유성구,10,9,9
공인회계사,대전광역시,대덕구,4,4,4
공인회계사,울산광역시,중구,0,0,0
공인회계사,울산광역시,남구,23,23,25
공인회계사,울산광역시,북구,4,4,4
공인회계사,울산광역시,울주군,0,0,0
공인회계사,세종특별자치시,0,12,12,10
공인회계사,경기도,수원시 장안구,0,0,0
공인회계사,경기도,수원시 권선구,4,4,4
공인회계사,경기도,수원시 팔달구,15,15,15
공인회계사,경기도,수원시 영통구,13,13,12
공인회계사,경기도,성남시 수정구,7,7,8
공인회계사,경기도,성남시 중원구,6,6,5
공인회계사,경기도,성남시 분당구,23,23,15
공인회계사,경기도,의정부시,6,6,6
공인회계사,경기도,안양시 만안구,0,0,0
공인회계사,경기도,안양시 동안구,26,26,26
공인회계사,경기도,부천시 원미구,25,25,26
공인회계사,경기도,부천시 소사구,3,3,3
공인회계사,경기도,부천시 오정구,0,0,0
공인회계사,경기도,광명시,10,10,9
공인회계사,경기도,평택시,22,22,19
공인회계사,경기도,동두천시,0,0,0
공인회계사,경기도,안산시 단원구,21,21,21
공인회계사,경기도,고양시 덕양구,15,14,12
공인회계사,경기도,고양시 일산동구,27,28,29
공인회계사,경기도,고양시 일산서구,9,9,10
공인회계사,경기도,과천시,5,5,4
공인회계사,경기도,구리시,5,4,4
공인회계사,경기도,남양주시,7,7,8
공인회계사,경기도,오산시,0,0,0
공인회계사,경기도,시흥시,21,21,21
공인회계사,경기도,군포시,5,5,4
공인회계사,경기도,하남시,12,12,11
공인회계사,경기도,용인시 처인구,0,0,0
공인회계사,경기도,용인시 기흥구,10,12,7
공인회계사,경기도,용인시 수지구,8,7,6
공인회계사,경기도,파주시,9,9,9
공인회계사,경기도,이천시,5,5,4
공인회계사,경기도,안성시,4,4,4
공인회계사,경기도,김포시,11,11,11
공인회계사,경기도,화성시 만세구,7,7,7
공인회계사,경기도,화성시 효행구,0,0,0
공인회계사,경기도,화성시 병점구,0,0,0
공인회계사,경기도,화성시 동탄구,11,11,12
공인회계사,경기도,광주시,4,4,4
공인회계사,경기도,양주시,0,0,0
공인회계사,경기도,포천시,0,0,0
공인회계사,경기도,여주시,0,0,0
공인회계사,경기도,양평군,0,0,0
공인회계사,충청북도,청주시 상당구,0,0,0
공인회계사,충청북도,청주시 서원구,4,4,4
공인회계사,충청북도,청주시 흥덕구,17,17,18
공인회계사,충청북도,청주시 청원구,4,3,3
공인회계사,충청북도,충주시,3,3,4
공인회계사,충청북도,제천시,4,4,4
공인회계사,충청북도,영동군,0,0,0
공인회계사,충청북도,음성군,0,0,0
공인회계사,충청남도,천안시 동남구,12,12,10
공인회계사,충청남도,천안시 서북구,11,11,12
공인회계사,충청남도,공주시,3,3,3
공인회계사,충청남도,보령시,3,3,3
공인회계사,충청남도,아산시,8,8,5
공인회계사,충청남도,서산시,6,6,6
공인회계사,충청남도,당진시,0,0,0
공인회계사,충청남도,부여군,0,0,0
공인회계사,충청남도,서천군,0,0,0
공인회계사,충청남도,홍성군,0,0,0
공인회계사,충청남도,예산군,0,0,0
공인회계사,전라남도,목포시,6,6,6
공인회계사,전라남도,여수시,6,6,6
공인회계사,전라남도,순천시,7,7,7
공인회계사,전라남도,나주시,0,0,0
공인회계사,전라남도,광양시,0,0,0
공인회계사,전라남도,무안군,0,0,0
공인회계사,경상북도,포항시 남구,0,0,0
공인회계사,경상북도,포항시 북구,6,6,6
공인회계사,경상북도,경주시,0,0,0
공인회계사,경상북도,김천시,0,0,0
공인회계사,경상북도,안동시,0,0,0
공인회계사,경상북도,구미시,10,10,10
공인회계사,경상북도,문경시,0,0,0
공인회계사,경상북도,경산시,5,5,5
공인회계사,경상북도,의성군,0,0,0
공인회계사,경상남도,창원시 의창구,4,4,3
공인회계사,경상남도,창원시 성산구,22,22,23
공인회계사,경상남도,창원시 마산합포구,3,3,0
공인회계사,경상남도,창원시 마산회원구,3,3,3
공인회계사,경상남도,창원시 진해구,0,0,0
공인회계사,경상남도,진주시,15,15,16
공인회계사,경상남도,통영시,0,0,0
공인회계사,경상남도,김해시,20,20,18
공인회계사,경상남도,거제시,7,7,6
공인회계사,경상남도,양산시,4,4,4
공인회계사,경상남도,하동군,0,0,0
공인회계사,경상남도,합천군,0,0,0
공인회계사,제주특별자치도,제주시,28,28,30
공인회계사,제주특별자치도,서귀포시,7,7,6
공인회계사,강원특별자치도,춘천시,4,4,4
공인회계사,강원특별자치도,원주시,3,3,3
공인회계사,강원특별자치도,강릉시,4,4,4
공인회계사,강원특별자치도,삼척시,0,0,0
공인회계사,강원특별자치도,철원군,0,0,0
공인회계사,전북특별자치도,전주시 완산구,14,13,13
공인회계사,전북특별자치도,전주시 덕진구,7,7,7
공인회계사,전북특별자치도,군산시,4,4,4
공인회계사,전북특별자치도,익산시,6,6,6
공인회계사,전북특별자치도,정읍시,0,0,0
공인회계사,전북특별자치도,남원시,0,0,0
공인회계사,전북특별자치도,김제시,0,0,0
기술사,서울특별시,종로구,4,4,4
기술사,서울특별시,중구,7,7,6
기술사,서울특별시,용산구,11,11,7
기술사,서울특별시,성동구,28,26,30
기술사,서울특별시,광진구,14,15,14
기술사,서울특별시,동대문구,13,13,14
기술사,서울특별시,중랑구,19,19,14
기술사,서울특별시,성북구,4,4,4
기술사,서울특별시,강북구,6,6,6
기술사,서울특별시,도봉구,0,0,0
기술사,서울특별시,노원구,10,9,7
기술사,서울특별시,은평구,6,6,6
기술사,서울특별시,서대문구,6,6,5
기술사,서울특별시,마포구,15,14,11
기술사,서울특별시,양천구,8,8,9
기술사,서울특별시,강서구,25,25,22
기술사,서울특별시,구로구,23,22,19
기술사,서울특별시,금천구,36,36,34
기술사,서울특별시,영등포구,19,20,21
기술사,서울특별시,동작구,4,4,5
기술사,서울특별시,관악구,4,4,4
기술사,서울특별시,서초구,45,45,48
기술사,서울특별시,강남구,50,49,51
기술사,서울특별시,송파구,56,55,52
기술사,서울특별시,강동구,16,16,16
기술사,부산광역시,서구,3,3,0
기술사,부산광역시,동구,0,0,0
기술사,부산광역시,영도구,0,0,0
기술사,부산광역시,부산진구,8,8,6
기술사,부산광역시,동래구,17,17,19
기술사,부산광역시,남구,5,5,5
기술사,부산광역시,북구,7,7,5
기술사,부산광역시,해운대구,22,22,20
기술사,부산광역시,사하구,5,5,5
기술사,부산광역시,금정구,6,6,5
기술사,부산광역시,강서구,10,10,8
기술사,부산광역시,연제구,8,8,7
기술사,부산광역시,수영구,8,8,8
기술사,부산광역시,사상구,7,6,5
기술사,부산광역시,기장군,4,4,5
기술사,대구광역시,중구,0,0,0
기술사,대구광역시,동구,13,13,11
기술사,대구광역시,서구,0,0,0
기술사,대구광역시,남구,3,3,0
기술사,대구광역시,북구,7,7,8
기술사,대구광역시,수성구,10,10,12
기술사,대구광역시,달서구,11,12,9
기술사,대구광역시,달성군,0,0,0
기술사,대구광역시,군위군,0,0,0
기술사,인천광역시,동구,0,0,0
기술사,인천광역시,미추홀구,0,0,0
기술사,인천광역시,연수구,14,14,14
기술사,인천광역시,남동구,11,11,10
기술사,인천광역시,부평구,9,9,8
기술사,인천광역시,계양구,3,3,3
기술사,인천광역시,서구,13,13,11
기술사,인천광역시,강화군,3,3,3
기술사,인천광역시,옹진군,0,0,0
기술사,광주광역시,동구,4,4,4
기술사,광주광역시,서구,9,9,8
기술사,광주광역시,남구,4,4,4
기술사,광주광역시,북구,25,25,22
기술사,광주광역시,광산구,10,10,7
기술사,대전광역시,동구,3,3,3
기술사,대전광역시,중구,3,3,3
기술사,대전광역시,서구,11,11,8
기술사,대전광역시,유성구,16,16,12
기술사,대전광역시,대덕구,0,0,0
기술사,울산광역시,중구,0,0,0
기술사,울산광역시,남구,8,8,9
기술사,울산광역시,동구,0,0,0
기술사,울산광역시,북구,0,0,0
기술사,울산광역시,울주군,6,6,5
기술사,세종특별자치시,0,14,15,11
기술사,경기도,수원시 장안구,7,7,7
기술사,경기도,수원시 권선구,14,14,16
기술사,경기도,수원시 팔달구,10,10,10
기술사,경기도,수원시 영통구,18,18,14
기술사,경기도,성남시 수정구,14,14,11
기술사,경기도,성남시 중원구,4,3,4
기술사,경기도,성남시 분당구,21,21,24
기술사,경기도,의정부시,6,6,8
기술사,경기도,안양시 만안구,3,3,4
기술사,경기도,안양시 동안구,36,35,32
기술사,경기도,부천시 원미구,17,16,16
기술사,경기도,부천시 소사구,0,0,0
기술사,경기도,부천시 오정구,3,3,0
기술사,경기도,광명시,16,16,17
기술사,경기도,평택시,13,14,12
기술사,경기도,안산시 상록구,9,9,10
기술사,경기도,안산시 단원구,6,6,7
기술사,경기도,고양시 덕양구,12,12,12
기술사,경기도,고양시 일산동구,9,10,7
기술사,경기도,고양시 일산서구,11,11,11
기술사,경기도,과천시,8,8,8
기술사,경기도,구리시,5,5,3
기술사,경기도,남양주시,27,28,25
기술사,경기도,오산시,6,6,5
기술사,경기도,시흥시,12,12,11
기술사,경기도,군포시,3,0,3
기술사,경기도,의왕시,3,3,3
기술사,경기도,하남시,39,38,37
기술사,경기도,용인시 처인구,12,12,14
기술사,경기도,용인시 기흥구,27,27,23
기술사,경기도,용인시 수지구,14,14,13
기술사,경기도,파주시,10,10,11
기술사,경기도,이천시,0,0,0
기술사,경기도,안성시,4,4,4
기술사,경기도,김포시,12,12,10
기술사,경기도,화성시,0,0,0
기술사,경기도,화성시 만세구,3,3,4
기술사,경기도,화성시 효행구,3,3,4
기술사,경기도,화성시 병점구,0,0,0
기술사,경기도,화성시 동탄구,30,29,21
기술사,경기도,광주시,6,7,5
기술사,경기도,양주시,3,3,4
기술사,경기도,포천시,3,3,3
기술사,경기도,여주시,4,4,4
기술사,경기도,연천군,0,0,0
기술사,경기도,가평군,0,0,0
기술사,경기도,양평군,5,5,6
기술사,충청북도,청주시 상당구,7,7,4
기술사,충청북도,청주시 서원구,7,7,7
기술사,충청북도,청주시 흥덕구,7,7,4
기술사,충청북도,청주시 청원구,6,6,6
기술사,충청북도,충주시,3,3,3
기술사,충청북도,제천시,4,4,4
기술사,충청북도,보은군,0,0,0
기술사,충청북도,옥천군,0,0,0
기술사,충청북도,영동군,0,0,0
기술사,충청북도,괴산군,0,0,0
기술사,충청북도,음성군,0,0,0
기술사,충청북도,단양군,0,0,0
기술사,충청남도,천안시 동남구,10,10,9
기술사,충청남도,천안시 서북구,9,10,10
기술사,충청남도,공주시,4,4,4
기술사,충청남도,보령시,3,3,3
기술사,충청남도,아산시,0,0,0
기술사,충청남도,서산시,0,0,0
기술사,충청남도,논산시,0,0,0
기술사,충청남도,계룡시,0,0,0
기술사,충청남도,당진시,6,6,6
기술사,충청남도,금산군,0,0,0
기술사,충청남도,청양군,0,0,0
기술사,충청남도,예산군,3,3,0
기술사,충청남도,태안군,0,0,0
기술사,전라남도,목포시,3,3,3
기술사,전라남도,여수시,5,5,5
기술사,전라남도,순천시,4,4,4
기술사,전라남도,나주시,14,14,15
기술사,전라남도,광양시,0,0,0
기술사,전라남도,담양군,5,6,6
기술사,전라남도,곡성군,3,3,3
기술사,전라남도,구례군,0,0,0
기술사,전라남도,화순군,9,8,6
기술사,전라남도,장흥군,0,0,0
기술사,전라남도,강진군,0,0,0
기술사,전라남도,해남군,0,0,0
기술사,전라남도,영광군,0,0,0
기술사,전라남도,장성군,5,5,5
기술사,전라남도,진도군,0,0,0
기술사,경상북도,포항시 남구,6,6,7
기술사,경상북도,포항시 북구,4,4,4
기술사,경상북도,경주시,5,5,3
기술사,경상북도,김천시,4,4,3
기술사,경상북도,안동시,11,11,10
기술사,경상북도,구미시,8,8,7
기술사,경상북도,영천시,3,3,4
기술사,경상북도,상주시,0,0,0
기술사,경상북도,문경시,0,0,0
기술사,경상북도,경산시,8,8,9
기술사,경상북도,의성군,0,0,0
기술사,경상북도,청송군,0,0,0
기술사,경상북도,영양군,0,0,0
기술사,경상북도,영덕군,0,0,0
기술사,경상북도,청도군,0,0,0
기술사,경상북도,고령군,0,0,0
기술사,경상북도,성주군,0,0,0
기술사,경상북도,칠곡군,0,0,0
기술사,경상북도,예천군,0,0,0
기술사,경상북도,봉화군,0,0,0
기술사,경상북도,울진군,0,0,0
기술사,경상남도,창원시 의창구,14,14,11
기술사,경상남도,창원시 성산구,13,13,13
기술사,경상남도,창원시 마산회원구,3,3,4
기술사,경상남도,창원시 진해구,0,0,0
기술사,경상남도,진주시,19,19,20
기술사,경상남도,통영시,6,6,6
기술사,경상남도,사천시,4,4,4
기술사,경상남도,김해시,19,19,16
기술사,경상남도,밀양시,3,3,3
기술사,경상남도,거제시,6,6,6
기술사,경상남도,양산시,5,5,5
기술사,경상남도,의령군,0,0,0
기술사,경상남도,함안군,0,0,0
기술사,경상남도,고성군,0,0,0
기술사,경상남도,남해군,0,0,0
기술사,경상남도,하동군,0,0,0
기술사,경상남도,산청군,0,0,0
기술사,경상남도,함양군,3,3,3
기술사,경상남도,거창군,0,0,0
기술사,경상남도,합천군,4,4,4
기술사,제주특별자치도,제주시,21,21,19
기술사,제주특별자치도,서귀포시,5,5,4
기술사,강원특별자치도,춘천시,11,11,10
기술사,강원특별자치도,원주시,16,16,15
기술사,강원특별자치도,강릉시,7,7,7
기술사,강원특별자치도,동해시,0,0,0
기술사,강원특별자치도,태백시,0,0,0
기술사,강원특별자치도,삼척시,3,3,3
기술사,강원특별자치도,홍천군,0,0,0
기술사,강원특별자치도,횡성군,4,4,5
기술사,강원특별자치도,평창군,0,0,0
기술사,강원특별자치도,정선군,3,3,3
기술사,강원특별자치도,화천군,0,0,0
기술사,강원특별자치도,양구군,0,0,0
기술사,전북특별자치도,전주시 완산구,11,11,11
기술사,전북특별자치도,전주시 덕진구,8,8,8
기술사,전북특별자치도,군산시,3,3,3
기술사,전북특별자치도,익산시,8,8,7
기술사,전북특별자치도,정읍시,3,3,3
기술사,전북특별자치도,남원시,4,4,4
기술사,전북특별자치도,김제시,0,0,0
기술사,전북특별자치도,완주군,7,7,6
기술사,전북특별자치도,진안군,0,0,0
기술사,전북특별자치도,임실군,0,0,0
기술사,전북특별자치도,고창군,0,0,0
기술사,전북특별자치도,부안군,0,0,0
법무사,서울특별시,종로구,35,35,35
법무사,서울특별시,중구,228,228,227
법무사,서울특별시,용산구,10,10,11
법무사,서울특별시,성동구,34,34,37
법무사,서울특별시,광진구,48,48,46
법무사,서울특별시,동대문구,16,16,15
법무사,서울특별시,중랑구,15,15,14
법무사,서울특별시,성북구,17,17,17
법무사,서울특별시,강북구,18,18,20
법무사,서울특별시,도봉구,69,70,69
법무사,서울특별시,노원구,43,43,42
법무사,서울특별시,은평구,29,29,30
법무사,서울특별시,서대문구,11,11,11
법무사,서울특별시,마포구,66,66,63
법무사,서울특별시,양천구,108,107,107
법무사,서울특별시,강서구,53,52,54
법무사,서울특별시,구로구,58,56,54
법무사,서울특별시,금천구,53,53,47
법무사,서울특별시,영등포구,72,72,70
법무사,서울특별시,동작구,38,38,40
법무사,서울특별시,관악구,65,62,53
법무사,서울특별시,서초구,763,764,730
법무사,서울특별시,강남구,220,218,211
법무사,서울특별시,송파구,133,133,123
법무사,서울특별시,강동구,41,40,42
법무사,부산광역시,중구,5,5,5
법무사,부산광역시,서구,11,11,10
법무사,부산광역시,동구,5,5,5
법무사,부산광역시,영도구,0,0,0
법무사,부산광역시,부산진구,26,26,24
법무사,부산광역시,동래구,12,12,13
법무사,부산광역시,남구,9,9,9
법무사,부산광역시,북구,9,9,11
법무사,부산광역시,해운대구,24,24,23
법무사,부산광역시,사하구,14,14,14
법무사,부산광역시,금정구,13,13,14
법무사,부산광역시,강서구,18,18,16
법무사,부산광역시,연제구,343,344,336
법무사,부산광역시,수영구,9,9,8
법무사,부산광역시,사상구,7,7,8
법무사,부산광역시,기장군,9,9,9
법무사,대구광역시,중구,8,8,7
법무사,대구광역시,동구,30,30,28
법무사,대구광역시,서구,12,12,12
법무사,대구광역시,남구,5,5,7
법무사,대구광역시,북구,12,12,12
법무사,대구광역시,수성구,218,218,207
법무사,대구광역시,달서구,56,55,54
법무사,대구광역시,달성군,11,11,10
법무사,대구광역시,군위군,6,6,8
법무사,인천광역시,중구,7,7,6
법무사,인천광역시,동구,3,3,3
법무사,인천광역시,미추홀구,162,162,161
법무사,인천광역시,연수구,15,15,11
법무사,인천광역시,남동구,44,45,43
법무사,인천광역시,부평구,33,33,31
법무사,인천광역시,계양구,22,23,21
법무사,인천광역시,서구,50,49,43
법무사,인천광역시,강화군,9,9,9
법무사,광주광역시,동구,130,130,130
법무사,광주광역시,서구,84,84,76
법무사,광주광역시,남구,4,4,3
법무사,광주광역시,북구,13,13,14
법무사,광주광역시,광산구,14,14,15
법무사,대전광역시,동구,3,3,3
법무사,대전광역시,중구,16,16,13
법무사,대전광역시,서구,156,156,160
법무사,대전광역시,유성구,12,12,14
법무사,대전광역시,대덕구,7,7,5
법무사,울산광역시,중구,4,4,4
법무사,울산광역시,남구,117,116,111
법무사,울산광역시,동구,0,0,0
법무사,울산광역시,북구,4,4,3
법무사,울산광역시,울주군,9,9,9
법무사,세종특별자치시,0,32,32,33
법무사,경기도,수원시 장안구,11,11,9
법무사,경기도,수원시 권선구,21,21,20
법무사,경기도,수원시 팔달구,16,16,15
법무사,경기도,수원시 영통구,151,150,144
법무사,경기도,성남시 수정구,27,27,25
법무사,경기도,성남시 중원구,29,29,29
법무사,경기도,성남시 분당구,54,54,56
법무사,경기도,의정부시,67,67,67
법무사,경기도,안양시 만안구,13,13,12
법무사,경기도,안양시 동안구,86,84,76
법무사,경기도,부천시 원미구,102,102,99
법무사,경기도,부천시 소사구,13,12,11
법무사,경기도,부천시 오정구,3,3,3
법무사,경기도,광명시,20,20,19
법무사,경기도,평택시,78,78,76
법무사,경기도,동두천시,5,5,5
법무사,경기도,안산시 상록구,6,6,6
법무사,경기도,안산시 단원구,92,92,88
법무사,경기도,고양시 덕양구,27,27,27
법무사,경기도,고양시 일산동구,73,74,70
법무사,경기도,고양시 일산서구,17,17,16
법무사,경기도,과천시,7,7,7
법무사,경기도,구리시,16,16,16
법무사,경기도,남양주시,70,69,69
법무사,경기도,오산시,14,14,13
법무사,경기도,시흥시,38,38,37
법무사,경기도,군포시,15,15,16
법무사,경기도,의왕시,4,4,4
법무사,경기도,하남시,17,17,16
법무사,경기도,용인시 처인구,38,37,34
법무사,경기도,용인시 기흥구,30,30,30
법무사,경기도,용인시 수지구,18,17,17
법무사,경기도,파주시,32,32,32
법무사,경기도,이천시,30,29,29
법무사,경기도,안성시,12,12,11
법무사,경기도,김포시,29,30,31
법무사,경기도,화성시 만세구,19,19,20
법무사,경기도,화성시 효행구,5,5,6
법무사,경기도,화성시 병점구,17,16,16
법무사,경기도,화성시 동탄구,32,30,27
법무사,경기도,광주시,23,23,22
법무사,경기도,양주시,9,9,9
법무사,경기도,포천시,17,17,18
법무사,경기도,여주시,19,19,20
법무사,경기도,연천군,7,7,6
법무사,경기도,가평군,10,10,9
법무사,경기도,양평군,17,17,18
법무사,충청북도,청주시 상당구,10,10,11
법무사,충청북도,청주시 서원구,68,68,65
법무사,충청북도,청주시 흥덕구,7,7,7
법무사,충청북도,청주시 청원구,8,8,9
법무사,충청북도,충주시,26,26,28
법무사,충청북도,제천시,12,12,12
법무사,충청북도,보은군,4,4,4
법무사,충청북도,옥천군,6,6,6
법무사,충청북도,영동군,5,5,4
법무사,충청북도,증평군,4,4,4
법무사,충청북도,진천군,7,7,7
법무사,충청북도,괴산군,6,6,6
법무사,충청북도,음성군,14,14,14
법무사,충청북도,단양군,3,3,3
법무사,충청남도,천안시 동남구,77,78,76
법무사,충청남도,천안시 서북구,14,14,12
법무사,충청남도,공주시,12,12,13
법무사,충청남도,보령시,13,13,13
법무사,충청남도,아산시,15,15,15
법무사,충청남도,서산시,24,24,24
법무사,충청남도,논산시,9,9,9
법무사,충청남도,계룡시,0,0,0
법무사,충청남도,당진시,21,21,20
법무사,충청남도,금산군,7,7,7
법무사,충청남도,부여군,5,5,6
법무사,충청남도,서천군,5,5,5
법무사,충청남도,청양군,3,3,3
법무사,충청남도,홍성군,13,13,11
법무사,충청남도,예산군,8,8,9
법무사,충청남도,태안군,7,7,5
법무사,전라남도,목포시,41,41,39
법무사,전라남도,여수시,22,22,22
법무사,전라남도,순천시,44,44,45
법무사,전라남도,나주시,14,14,13
법무사,전라남도,광양시,18,18,18
법무사,전라남도,담양군,9,9,8
법무사,전라남도,곡성군,3,3,3
법무사,전라남도,구례군,4,4,4
법무사,전라남도,고흥군,6,6,6
법무사,전라남도,보성군,7,7,7
법무사,전라남도,화순군,8,8,8
법무사,전라남도,장흥군,10,10,11
법무사,전라남도,강진군,5,5,5
법무사,전라남도,해남군,15,15,13
법무사,전라남도,영암군,9,9,9
법무사,전라남도,무안군,7,7,6
법무사,전라남도,함평군,6,6,6
법무사,전라남도,영광군,9,9,9
법무사,전라남도,장성군,6,6,6
법무사,전라남도,완도군,7,7,8
법무사,전라남도,진도군,5,5,5
법무사,경상북도,포항시 남구,8,8,8
법무사,경상북도,포항시 북구,47,47,47
법무사,경상북도,경주시,28,28,28
법무사,경상북도,김천시,13,13,14
법무사,경상북도,안동시,17,17,17
법무사,경상북도,구미시,32,32,33
법무사,경상북도,영주시,8,8,8
법무사,경상북도,영천시,11,11,11
법무사,경상북도,상주시,18,18,18
법무사,경상북도,문경시,7,7,7
법무사,경상북도,경산시,22,22,22
법무사,경상북도,의성군,9,9,9
법무사,경상북도,청송군,3,3,3
법무사,경상북도,영양군,0,0,0
법무사,경상북도,영덕군,6,6,6
법무사,경상북도,청도군,7,7,7
법무사,경상북도,고령군,4,4,5
법무사,경상북도,성주군,8,8,7
법무사,경상북도,칠곡군,8,8,8
법무사,경상북도,예천군,8,8,8
법무사,경상북도,봉화군,3,3,3
법무사,경상북도,울진군,6,6,6
법무사,경상북도,울릉군,0,0,0
법무사,경상남도,창원시 의창구,9,9,8
법무사,경상남도,창원시 성산구,89,88,85
법무사,경상남도,창원시 마산합포구,28,28,27
법무사,경상남도,창원시 마산회원구,4,4,5
법무사,경상남도,창원시 진해구,10,10,10
법무사,경상남도,진주시,49,49,50
법무사,경상남도,통영시,19,19,19
법무사,경상남도,사천시,14,14,14
법무사,경상남도,김해시,53,53,53
법무사,경상남도,밀양시,18,18,19
법무사,경상남도,거제시,20,20,21
법무사,경상남도,양산시,20,20,21
법무사,경상남도,의령군,6,6,6
법무사,경상남도,함안군,8,8,8
법무사,경상남도,창녕군,11,11,11
법무사,경상남도,고성군,7,7,7
법무사,경상남도,남해군,6,6,6
법무사,경상남도,하동군,9,9,9
법무사,경상남도,산청군,6,6,6
법무사,경상남도,함양군,7,7,7
법무사,경상남도,거창군,13,12,14
법무사,경상남도,합천군,8,9,8
법무사,제주특별자치도,제주시,76,76,74
법무사,제주특별자치도,서귀포시,14,14,15
법무사,강원특별자치도,춘천시,41,40,40
법무사,강원특별자치도,원주시,44,45,46
법무사,강원특별자치도,강릉시,30,30,29
법무사,강원특별자치도,동해시,6,6,7
법무사,강원특별자치도,태백시,0,0,0
법무사,강원특별자치도,속초시,13,13,13
법무사,강원특별자치도,삼척시,5,5,4
법무사,강원특별자치도,홍천군,9,9,9
법무사,강원특별자치도,횡성군,6,6,6
법무사,강원특별자치도,영월군,6,6,7
법무사,강원특별자치도,평창군,9,9,9
법무사,강원특별자치도,정선군,5,5,5
법무사,강원특별자치도,철원군,7,6,6
법무사,강원특별자치도,화천군,0,0,0
법무사,강원특별자치도,양구군,5,5,5
법무사,강원특별자치도,인제군,4,4,4
법무사,강원특별자치도,고성군,4,4,4
법무사,강원특별자치도,양양군,4,4,4
법무사,전북특별자치도,전주시 완산구,31,30,29
법무사,전북특별자치도,전주시 덕진구,98,99,100
법무사,전북특별자치도,군산시,32,33,33
법무사,전북특별자치도,익산시,31,32,30
법무사,전북특별자치도,정읍시,18,18,19
법무사,전북특별자치도,남원시,16,16,17
법무사,전북특별자치도,김제시,11,12,10
법무사,전북특별자치도,완주군,6,6,6
법무사,전북특별자치도,진안군,5,5,5
법무사,전북특별자치도,무주군,4,4,4
법무사,전북특별자치도,장수군,3,3,3
법무사,전북특별자치도,임실군,3,3,3
법무사,전북특별자치도,순창군,6,6,6
법무사,전북특별자치도,고창군,6,6,6
법무사,전북특별자치도,부안군,9,9,8
변리사,서울특별시,종로구,18,19,16
변리사,서울특별시,중구,15,15,16
변리사,서울특별시,용산구,6,6,4
변리사,서울특별시,성동구,15,15,16
변리사,서울특별시,광진구,6,6,6
변리사,서울특별시,동대문구,0,0,0
변리사,서울특별시,성북구,0,0,0
변리사,서울특별시,도봉구,0,0,0
변리사,서울특별시,노원구,0,0,0
변리사,서울특별시,서대문구,4,4,5
변리사,서울특별시,마포구,15,16,18
변리사,서울특별시,양천구,3,3,4
변리사,서울특별시,강서구,15,15,15
변리사,서울특별시,구로구,13,14,15
변리사,서울특별시,금천구,49,49,47
변리사,서울특별시,영등포구,26,26,23
변리사,서울특별시,동작구,4,4,4
변리사,서울특별시,관악구,7,7,6
변리사,서울특별시,서초구,174,169,168
변리사,서울특별시,강남구,386,384,380
변리사,서울특별시,송파구,80,79,73
변리사,서울특별시,강동구,0,0,0
변리사,부산광역시,중구,0,0,0
변리사,부산광역시,동구,0,0,0
변리사,부산광역시,부산진구,0,0,0
변리사,부산광역시,동래구,0,0,0
변리사,부산광역시,남구,3,3,0
변리사,부산광역시,해운대구,6,6,7
변리사,부산광역시,사하구,0,0,0
변리사,부산광역시,금정구,0,0,0
변리사,부산광역시,강서구,0,0,0
변리사,부산광역시,연제구,9,9,9
변리사,부산광역시,사상구,4,4,4
변리사,대구광역시,중구,0,0,0
변리사,대구광역시,동구,7,7,6
변리사,대구광역시,서구,0,0,0
변리사,대구광역시,북구,0,0,0
변리사,대구광역시,수성구,7,7,8
변리사,대구광역시,달서구,7,7,8
변리사,인천광역시,미추홀구,0,0,0
변리사,인천광역시,연수구,6,6,6
변리사,인천광역시,남동구,4,4,4
변리사,인천광역시,부평구,4,4,4
변리사,인천광역시,서구,5,5,5
변리사,광주광역시,동구,0,0,0
변리사,광주광역시,서구,3,3,0
변리사,광주광역시,북구,3,3,3
변리사,광주광역시,광산구,0,0,0
변리사,대전광역시,중구,0,0,0
변리사,대전광역시,서구,86,87,83
변리사,대전광역시,유성구,13,11,10
변리사,대전광역시,대덕구,3,0,3
변리사,울산광역시,중구,0,0,0
변리사,울산광역시,남구,4,4,4
변리사,울산광역시,울주군,0,0,0
변리사,세종특별자치시,0,5,5,5
변리사,경기도,수원시 권선구,0,0,0
변리사,경기도,수원시 팔달구,0,0,0
변리사,경기도,수원시 영통구,9,9,7
변리사,경기도,성남시 수정구,6,6,4
변리사,경기도,성남시 중원구,6,6,6
변리사,경기도,성남시 분당구,25,25,27
변리사,경기도,의정부시,0,0,0
변리사,경기도,안양시 동안구,11,11,11
변리사,경기도,부천시 원미구,5,5,5
변리사,경기도,부천시 오정구,0,0,0
변리사,경기도,광명시,0,0,0
변리사,경기도,평택시,0,0,0
변리사,경기도,안산시 상록구,0,0,0
변리사,경기도,안산시 단원구,4,4,3
변리사,경기도,고양시 덕양구,5,5,5
변리사,경기도,고양시 일산동구,3,3,3
변리사,경기도,고양시 일산서구,3,3,3
변리사,경기도,과천시,6,6,5
변리사,경기도,남양주시,6,6,7
변리사,경기도,오산시,0,0,0
변리사,경기도,시흥시,0,0,0
변리사,경기도,군포시,4,4,4
변리사,경기도,하남시,11,10,13
변리사,경기도,용인시 기흥구,0,0,0
변리사,경기도,용인시 수지구,7,7,6
변리사,경기도,파주시,4,4,4
변리사,경기도,김포시,4,4,4
변리사,경기도,화성시 만세구,0,0,0
변리사,경기도,화성시 동탄구,13,13,13
변리사,경기도,양주시,0,0,0
변리사,경기도,포천시,0,0,0
변리사,충청북도,청주시 서원구,0,0,0
변리사,충청북도,청주시 흥덕구,3,3,3
변리사,충청북도,청주시 청원구,0,0,0
변리사,충청북도,제천시,0,0,0
변리사,충청남도,천안시 동남구,0,0,0
변리사,충청남도,천안시 서북구,0,0,0
변리사,충청남도,공주시,0,0,0
변리사,충청남도,아산시,0,0,0
변리사,충청남도,예산군,0,0,0
변리사,전라남도,목포시,0,0,0
변리사,전라남도,여수시,0,0,0
변리사,전라남도,나주시,0,0,0
변리사,전라남도,광양시,0,0,0
변리사,경상북도,포항시 북구,0,0,0
변리사,경상북도,경주시,0,0,0
변리사,경상북도,구미시,0,0,0
변리사,경상북도,경산시,0,0,0
변리사,경상남도,창원시 의창구,3,3,3
변리사,경상남도,창원시 성산구,4,4,4
변리사,경상남도,진주시,0,0,0
변리사,경상남도,김해시,4,4,4
변리사,경상남도,양산시,0,0,0
변리사,제주특별자치도,제주시,0,0,0
변리사,제주특별자치도,서귀포시,0,0,0
변리사,강원특별자치도,원주시,0,0,0
변리사,강원특별자치도,태백시,0,0,0
변리사,전북특별자치도,전주시 덕진구,6,6,6
변호사,서울특별시,종로구,180,177,158
변호사,서울특별시,중구,126,125,124
변호사,서울특별시,용산구,70,68,59
변호사,서울특별시,성동구,43,43,45
변호사,서울특별시,광진구,37,38,28
변호사,서울특별시,동대문구,23,23,19
변호사,서울특별시,중랑구,19,18,19
변호사,서울특별시,성북구,24,24,21
변호사,서울특별시,강북구,10,10,9
변호사,서울특별시,도봉구,69,69,75
변호사,서울특별시,노원구,17,17,18
변호사,서울특별시,은평구,12,13,10
변호사,서울특별시,서대문구,23,24,26
변호사,서울특별시,마포구,108,107,119
변호사,서울특별시,양천구,103,104,108
변호사,서울특별시,강서구,50,49,43
변호사,서울특별시,구로구,41,39,38
변호사,서울특별시,금천구,29,30,32
변호사,서울특별시,영등포구,140,138,133
변호사,서울특별시,동작구,26,27,28
변호사,서울특별시,관악구,41,41,37
변호사,서울특별시,서초구,2845,2837,2768
변호사,서울특별시,강남구,830,818,774
변호사,서울특별시,송파구,268,265,251
변호사,서울특별시,강동구,29,29,27
변호사,부산광역시,중구,6,6,6
변호사,부산광역시,서구,0,0,0
변호사,부산광역시,동구,3,4,3
변호사,부산광역시,영도구,4,4,3
변호사,부산광역시,부산진구,28,28,25
변호사,부산광역시,동래구,6,5,0
변호사,부산광역시,남구,7,7,6
변호사,부산광역시,북구,0,0,0
변호사,부산광역시,해운대구,49,50,49
변호사,부산광역시,사하구,6,6,8
변호사,부산광역시,금정구,3,3,3
변호사,부산광역시,강서구,29,29,30
변호사,부산광역시,연제구,417,411,409
변호사,부산광역시,수영구,10,9,7
변호사,부산광역시,사상구,3,3,3
변호사,부산광역시,기장군,4,4,3
변호사,대구광역시,중구,9,9,10
변호사,대구광역시,동구,10,10,9
변호사,대구광역시,서구,0,0,0
변호사,대구광역시,남구,0,0,0
변호사,대구광역시,북구,0,0,0
변호사,대구광역시,수성구,286,287,286
변호사,대구광역시,달서구,30,29,26
변호사,대구광역시,달성군,0,0,0
변호사,인천광역시,중구,0,0,0
변호사,인천광역시,미추홀구,248,247,243
변호사,인천광역시,연수구,34,33,28
변호사,인천광역시,남동구,15,15,12
변호사,인천광역시,부평구,18,18,19
변호사,인천광역시,계양구,6,6,5
변호사,인천광역시,서구,24,22,17
변호사,광주광역시,동구,219,220,228
변호사,광주광역시,서구,27,27,24
변호사,광주광역시,남구,5,5,4
변호사,광주광역시,북구,7,7,6
변호사,광주광역시,광산구,4,4,4
변호사,대전광역시,동구,0,0,0
변호사,대전광역시,중구,0,0,0
변호사,대전광역시,서구,281,283,279
변호사,대전광역시,유성구,9,10,7
변호사,대전광역시,대덕구,0,0,0
변호사,울산광역시,중구,3,0,0
변호사,울산광역시,남구,149,149,143
변호사,울산광역시,동구,0,0,0
변호사,울산광역시,북구,0,0,0
변호사,울산광역시,울주군,3,0,0
변호사,세종특별자치시,0,37,37,32
변호사,경기도,수원시 장안구,0,0,0
변호사,경기도,수원시 권선구,4,5,3
변호사,경기도,수원시 팔달구,8,7,6
변호사,경기도,수원시 영통구,389,388,370
변호사,경기도,성남시 수정구,30,29,22
변호사,경기도,성남시 중원구,27,27,26
변호사,경기도,성남시 분당구,33,34,27
변호사,경기도,의정부시,112,109,111
변호사,경기도,안양시 만안구,0,0,0
변호사,경기도,안양시 동안구,57,57,59
변호사,경기도,부천시 원미구,92,92,92
변호사,경기도,부천시 소사구,4,4,5
변호사,경기도,광명시,11,11,11
변호사,경기도,평택시,59,59,58
변호사,경기도,동두천시,0,0,0
변호사,경기도,안산시 상록구,0,0,0
변호사,경기도,안산시 단원구,90,91,89
변호사,경기도,고양시 덕양구,10,10,9
변호사,경기도,고양시 일산동구,120,120,120
변호사,경기도,고양시 일산서구,4,4,4
변호사,경기도,과천시,5,5,4
변호사,경기도,구리시,6,6,5
변호사,경기도,남양주시,68,68,73
변호사,경기도,오산시,4,3,3
변호사,경기도,시흥시,16,17,17
변호사,경기도,군포시,5,5,4
변호사,경기도,의왕시,3,3,3
변호사,경기도,하남시,11,11,10
변호사,경기도,용인시 처인구,7,7,7
변호사,경기도,용인시 기흥구,10,10,10
변호사,경기도,용인시 수지구,17,18,16
변호사,경기도,파주시,12,12,10
변호사,경기도,이천시,8,7,5
변호사,경기도,안성시,0,0,0
변호사,경기도,김포시,17,17,16
변호사,경기도,화성시 만세구,3,3,3
변호사,경기도,화성시 병점구,3,3,4
변호사,경기도,화성시 동탄구,15,15,11
변호사,경기도,광주시,7,7,6
변호사,경기도,양주시,5,5,5
변호사,경기도,포천시,4,4,4
변호사,경기도,여주시,22,21,22
변호사,경기도,가평군,5,5,5
변호사,경기도,양평군,4,4,5
변호사,충청북도,청주시 상당구,0,0,0
변호사,충청북도,청주시 서원구,98,96,88
변호사,충청북도,청주시 흥덕구,4,4,3
변호사,충청북도,청주시 청원구,0,0,0
변호사,충청북도,충주시,14,14,13
변호사,충청북도,제천시,10,10,9
변호사,충청북도,옥천군,0,0,0
변호사,충청북도,영동군,5,5,3
변호사,충청북도,진천군,0,0,0
변호사,충청북도,음성군,3,0,0
변호사,충청남도,천안시 동남구,105,104,104
변호사,충청남도,천안시 서북구,8,7,6
변호사,충청남도,공주시,6,6,6
변호사,충청남도,보령시,0,0,0
변호사,충청남도,아산시,10,10,9
변호사,충청남도,서산시,23,23,22
변호사,충청남도,논산시,5,6,5
변호사,충청남도,계룡시,0,0,0
변호사,충청남도,당진시,5,5,5
변호사,충청남도,금산군,0,0,0
변호사,충청남도,홍성군,22,22,23
변호사,전라남도,목포시,27,27,28
변호사,전라남도,여수시,15,15,15
변호사,전라남도,순천시,49,50,45
변호사,전라남도,나주시,0,0,0
변호사,전라남도,광양시,0,0,0
변호사,전라남도,고흥군,0,0,0
변호사,전라남도,화순군,0,0,0
변호사,전라남도,장흥군,3,3,3
변호사,전라남도,해남군,5,5,5
변호사,전라남도,장성군,0,0,0
변호사,전라남도,완도군,0,0,0
변호사,경상북도,포항시 남구,6,5,6
변호사,경상북도,포항시 북구,40,41,42
변호사,경상북도,경주시,22,22,21
변호사,경상북도,김천시,13,13,15
변호사,경상북도,안동시,16,16,15
변호사,경상북도,구미시,22,22,20
변호사,경상북도,영주시,0,0,0
변호사,경상북도,영천시,0,0,0
변호사,경상북도,상주시,11,11,10
변호사,경상북도,문경시,0,0,0
변호사,경상북도,경산시,6,6,6
변호사,경상북도,의성군,0,0,0
변호사,경상북도,영덕군,4,4,4
변호사,경상북도,울진군,0,0,0
변호사,경상북도,울릉군,0,0,0
변호사,경상남도,창원시 의창구,9,9,6
변호사,경상남도,창원시 성산구,159,157,149
변호사,경상남도,창원시 마산합포구,14,14,13
변호사,경상남도,창원시 마산회원구,0,0,0
변호사,경상남도,창원시 진해구,3,3,3
변호사,경상남도,진주시,42,42,40
변호사,경상남도,통영시,28,28,28
변호사,경상남도,사천시,3,3,3
변호사,경상남도,김해시,12,12,13
변호사,경상남도,밀양시,7,7,7
변호사,경상남도,거제시,9,8,8
변호사,경상남도,양산시,4,4,3
변호사,경상남도,창녕군,0,0,0
변호사,경상남도,고성군,0,0,0
변호사,경상남도,함양군,0,0,0
변호사,경상남도,거창군,8,8,8
변호사,경상남도,합천군,0,0,0
변호사,제주특별자치도,제주시,94,93,96
변호사,제주특별자치도,서귀포시,7,7,6
변호사,강원특별자치도,춘천시,42,43,40
변호사,강원특별자치도,원주시,43,42,41
변호사,강원특별자치도,강릉시,30,30,30
변호사,강원특별자치도,동해시,4,4,4
변호사,강원특별자치도,속초시,7,7,8
변호사,강원특별자치도,삼척시,0,0,0
변호사,강원특별자치도,홍천군,0,0,0
변호사,강원특별자치도,영월군,5,5,5
변호사,강원특별자치도,인제군,0,0,0
변호사,강원특별자치도,양양군,0,0,0
변호사,전북특별자치도,전주시 완산구,20,20,20
변호사,전북특별자치도,전주시 덕진구,136,136,138
변호사,전북특별자치도,군산시,30,30,29
변호사,전북특별자치도,익산시,14,14,13
변호사,전북특별자치도,정읍시,11,11,11
변호사,전북특별자치도,남원시,5,4,4
변호사,전북특별자치도,김제시,0,0,0
변호사,전북특별자치도,부안군,0,0,0
세무사,서울특별시,종로구,209,209,205
세무사,서울특별시,중구,301,302,319
세무사,서울특별시,용산구,122,124,118
세무사,서울특별시,성동구,258,256,251
세무사,서울특별시,광진구,119,117,112
세무사,서울특별시,동대문구,153,153,142
세무사,서울특별시,중랑구,46,46,46
세무사,서울특별시,성북구,52,52,49
세무사,서울특별시,강북구,68,67,69
세무사,서울특별시,도봉구,49,49,52
세무사,서울특별시,노원구,36,35,38
세무사,서울특별시,은평구,61,59,59
세무사,서울특별시,서대문구,47,47,47
세무사,서울특별시,마포구,275,277,269
세무사,서울특별시,양천구,104,104,101
세무사,서울특별시,강서구,304,304,296
세무사,서울특별시,구로구,182,182,183
세무사,서울특별시,금천구,336,333,321
세무사,서울특별시,영등포구,474,478,461
세무사,서울특별시,동작구,68,69,70
세무사,서울특별시,관악구,88,87,84
세무사,서울특별시,서초구,902,905,876
세무사,서울특별시,강남구,1568,1572,1506
세무사,서울특별시,송파구,673,669,632
세무사,서울특별시,강동구,152,147,129
세무사,부산광역시,중구,38,39,44
세무사,부산광역시,서구,23,21,20
세무사,부산광역시,동구,111,109,107
세무사,부산광역시,영도구,3,3,3
세무사,부산광역시,부산진구,204,201,200
세무사,부산광역시,동래구,77,78,73
세무사,부산광역시,남구,28,29,28
세무사,부산광역시,북구,16,16,17
세무사,부산광역시,해운대구,97,95,88
세무사,부산광역시,사하구,21,20,19
세무사,부산광역시,금정구,102,102,100
세무사,부산광역시,강서구,27,27,24
세무사,부산광역시,연제구,163,160,153
세무사,부산광역시,수영구,80,79,81
세무사,부산광역시,사상구,151,150,145
세무사,부산광역시,기장군,10,10,9
세무사,대구광역시,중구,26,26,26
세무사,대구광역시,동구,126,126,123
세무사,대구광역시,서구,28,27,25
세무사,대구광역시,남구,106,106,111
세무사,대구광역시,북구,78,78,81
세무사,대구광역시,수성구,76,74,69
세무사,대구광역시,달서구,169,170,169
세무사,대구광역시,달성군,11,11,11
세무사,대구광역시,군위군,0,0,0
세무사,인천광역시,중구,10,10,11
세무사,인천광역시,동구,27,27,27
세무사,인천광역시,미추홀구,48,48,48
세무사,인천광역시,연수구,81,81,74
세무사,인천광역시,남동구,173,174,172
세무사,인천광역시,부평구,74,74,70
세무사,인천광역시,계양구,88,89,92
세무사,인천광역시,서구,157,155,147
세무사,인천광역시,강화군,0,0,0
세무사,광주광역시,동구,55,56,56
세무사,광주광역시,서구,165,165,167
세무사,광주광역시,남구,24,24,24
세무사,광주광역시,북구,88,88,84
세무사,광주광역시,광산구,45,44,41
세무사,대전광역시,동구,7,7,7
세무사,대전광역시,중구,64,64,66
세무사,대전광역시,서구,172,173,167
세무사,대전광역시,유성구,64,66,63
세무사,대전광역시,대덕구,16,16,16
세무사,울산광역시,중구,17,17,15
세무사,울산광역시,남구,144,145,145
세무사,울산광역시,동구,0,0,0
세무사,울산광역시,북구,16,16,16
세무사,울산광역시,울주군,14,14,13
세무사,세종특별자치시,0,62,62,61
세무사,경기도,수원시 장안구,50,50,52
세무사,경기도,수원시 권선구,62,62,63
세무사,경기도,수원시 팔달구,115,114,110
세무사,경기도,수원시 영통구,196,196,181
세무사,경기도,성남시 수정구,79,78,76
세무사,경기도,성남시 중원구,59,59,54
세무사,경기도,성남시 분당구,255,256,246
세무사,경기도,의정부시,124,124,124
세무사,경기도,안양시 만안구,63,63,59
세무사,경기도,안양시 동안구,204,204,194
세무사,경기도,부천시 원미구,220,220,220
세무사,경기도,부천시 소사구,24,24,26
세무사,경기도,부천시 오정구,10,10,10
세무사,경기도,광명시,53,53,55
세무사,경기도,평택시,134,134,137
세무사,경기도,동두천시,6,6,7
세무사,경기도,안산시 상록구,17,18,16
세무사,경기도,안산시 단원구,194,193,187
세무사,경기도,고양시 덕양구,93,92,81
세무사,경기도,고양시 일산동구,189,190,189
세무사,경기도,고양시 일산서구,27,27,26
세무사,경기도,과천시,25,24,19
세무사,경기도,구리시,109,109,109
세무사,경기도,남양주시,105,105,102
세무사,경기도,오산시,27,27,27
세무사,경기도,시흥시,123,123,117
세무사,경기도,군포시,36,37,37
세무사,경기도,의왕시,12,12,11
세무사,경기도,하남시,91,91,85
세무사,경기도,용인시 처인구,48,48,47
세무사,경기도,용인시 기흥구,85,85,88
세무사,경기도,용인시 수지구,49,50,45
세무사,경기도,파주시,84,84,78
세무사,경기도,이천시,49,49,49
세무사,경기도,안성시,14,14,14
세무사,경기도,김포시,113,112,118
세무사,경기도,화성시,0,0,0
세무사,경기도,화성시 만세구,61,61,61
세무사,경기도,화성시 효행구,48,49,47
세무사,경기도,화성시 병점구,32,31,31
세무사,경기도,화성시 동탄구,145,146,134
세무사,경기도,광주시,79,79,76
세무사,경기도,양주시,30,30,29
세무사,경기도,포천시,22,22,22
세무사,경기도,여주시,7,7,8
세무사,경기도,연천군,0,0,0
세무사,경기도,가평군,5,5,5
세무사,경기도,양평군,9,9,9
세무사,충청북도,청주시 상당구,20,20,19
세무사,충청북도,청주시 서원구,17,17,19
세무사,충청북도,청주시 흥덕구,69,71,69
세무사,충청북도,청주시 청원구,25,24,24
세무사,충청북도,충주시,31,31,30
세무사,충청북도,제천시,16,19,16
세무사,충청북도,보은군,3,3,3
세무사,충청북도,옥천군,0,0,0
세무사,충청북도,영동군,0,0,0
세무사,충청북도,증평군,0,0,0
세무사,충청북도,진천군,3,3,3
세무사,충청북도,괴산군,0,0,0
세무사,충청북도,음성군,15,15,13
세무사,충청남도,천안시 동남구,80,80,74
세무사,충청남도,천안시 서북구,79,78,77
세무사,충청남도,공주시,11,11,11
세무사,충청남도,보령시,11,11,12
세무사,충청남도,아산시,41,41,42
세무사,충청남도,서산시,29,29,28
세무사,충청남도,논산시,14,14,14
세무사,충청남도,계룡시,0,0,0
세무사,충청남도,당진시,17,17,18
세무사,충청남도,금산군,0,0,0
세무사,충청남도,부여군,3,3,3
세무사,충청남도,서천군,3,3,0
세무사,충청남도,청양군,0,0,0
세무사,충청남도,홍성군,10,10,10
세무사,충청남도,예산군,8,8,8
세무사,충청남도,태안군,4,4,3
세무사,전라남도,목포시,27,27,27
세무사,전라남도,여수시,31,31,30
세무사,전라남도,순천시,43,43,41
세무사,전라남도,나주시,8,8,8
세무사,전라남도,광양시,5,5,5
세무사,전라남도,담양군,0,0,0
세무사,전라남도,고흥군,0,0,0
세무사,전라남도,보성군,0,0,0
세무사,전라남도,화순군,3,3,3
세무사,전라남도,장흥군,3,3,3
세무사,전라남도,강진군,0,0,0
세무사,전라남도,해남군,4,4,4
세무사,전라남도,영암군,3,3,0
세무사,전라남도,무안군,7,7,8
세무사,전라남도,함평군,0,0,0
세무사,전라남도,영광군,3,3,0
세무사,전라남도,장성군,3,3,0
세무사,전라남도,완도군,3,3,0
세무사,전라남도,진도군,0,0,0
세무사,경상북도,포항시 남구,10,10,10
세무사,경상북도,포항시 북구,54,54,52
세무사,경상북도,경주시,27,27,27
세무사,경상북도,김천시,9,9,8
세무사,경상북도,안동시,20,19,19
세무사,경상북도,구미시,57,57,58
세무사,경상북도,영주시,16,16,16
세무사,경상북도,영천시,8,8,8
세무사,경상북도,상주시,8,8,8
세무사,경상북도,문경시,6,6,6
세무사,경상북도,경산시,22,22,21
세무사,경상북도,의성군,0,0,0
세무사,경상북도,영덕군,0,0,0
세무사,경상북도,청도군,0,0,0
세무사,경상북도,고령군,0,0,0
세무사,경상북도,성주군,0,0,0
세무사,경상북도,칠곡군,4,4,3
세무사,경상북도,예천군,3,3,3
세무사,경상북도,울진군,0,0,0
세무사,경상북도,울릉군,0,0,0
세무사,경상남도,창원시 의창구,53,53,48
세무사,경상남도,창원시 성산구,93,93,89
세무사,경상남도,창원시 마산합포구,42,42,40
세무사,경상남도,창원시 마산회원구,16,16,16
세무사,경상남도,창원시 진해구,5,5,5
세무사,경상남도,진주시,52,52,52
세무사,경상남도,통영시,18,18,17
세무사,경상남도,사천시,9,9,8
세무사,경상남도,김해시,106,106,105
세무사,경상남도,밀양시,9,9,10
세무사,경상남도,거제시,29,29,30
세무사,경상남도,양산시,38,38,36
세무사,경상남도,함안군,0,0,0
세무사,경상남도,창녕군,0,0,0
세무사,경상남도,고성군,4,4,4
세무사,경상남도,남해군,0,0,0
세무사,경상남도,하동군,0,0,0
세무사,경상남도,함양군,0,0,0
세무사,경상남도,거창군,9,9,9
세무사,경상남도,합천군,0,0,0
세무사,제주특별자치도,제주시,129,129,130
세무사,제주특별자치도,서귀포시,11,11,7
세무사,강원특별자치도,춘천시,51,51,48
세무사,강원특별자치도,원주시,61,61,59
세무사,강원특별자치도,강릉시,29,29,31
세무사,강원특별자치도,동해시,11,11,9
세무사,강원특별자치도,태백시,3,3,3
세무사,강원특별자치도,속초시,20,20,20
세무사,강원특별자치도,삼척시,7,7,7
세무사,강원특별자치도,홍천군,8,8,8
세무사,강원특별자치도,횡성군,3,3,3
세무사,강원특별자치도,영월군,6,6,6
세무사,강원특별자치도,평창군,0,0,0
세무사,강원특별자치도,정선군,0,0,0
세무사,강원특별자치도,철원군,3,3,3
세무사,강원특별자치도,화천군,0,0,0
세무사,강원특별자치도,양구군,0,0,0
세무사,강원특별자치도,인제군,0,0,0
세무사,강원특별자치도,양양군,0,0,0
세무사,전북특별자치도,전주시 완산구,106,105,102
세무사,전북특별자치도,전주시 덕진구,77,78,75
세무사,전북특별자치도,군산시,43,43,42
세무사,전북특별자치도,익산시,43,43,43
세무사,전북특별자치도,정읍시,17,17,17
세무사,전북특별자치도,남원시,11,11,12
세무사,전북특별자치도,김제시,5,5,5
세무사,전북특별자치도,완주군,4,4,4
세무사,전북특별자치도,고창군,0,0,0
세무사,전북특별자치도,부안군,3,3,3
기타일반의원,서울특별시,종로구,30,31,32
기타일반의원,서울특별시,중구,43,43,41
기타일반의원,서울특별시,용산구,18,18,18
기타일반의원,서울특별시,성동구,34,34,32
기타일반의원,서울특별시,광진구,37,37,33
기타일반의원,서울특별시,동대문구,33,33,34
기타일반의원,서울특별시,중랑구,30,29,28
기타일반의원,서울특별시,성북구,36,36,36
기타일반의원,서울특별시,강북구,21,21,20
기타일반의원,서울특별시,도봉구,20,21,22
기타일반의원,서울특별시,노원구,46,47,46
기타일반의원,서울특별시,은평구,43,43,40
기타일반의원,서울특별시,서대문구,26,26,23
기타일반의원,서울특별시,마포구,38,37,39
기타일반의원,서울특별시,양천구,53,54,48
기타일반의원,서울특별시,강서구,53,53,52
기타일반의원,서울특별시,구로구,40,40,39
기타일반의원,서울특별시,금천구,17,18,17
기타일반의원,서울특별시,영등포구,47,47,43
기타일반의원,서울특별시,동작구,37,37,34
기타일반의원,서울특별시,관악구,35,35,35
기타일반의원,서울특별시,서초구,76,76,74
기타일반의원,서울특별시,강남구,158,155,150
기타일반의원,서울특별시,송파구,83,83,84
기타일반의원,서울특별시,강동구,53,53,50
기타일반의원,부산광역시,중구,8,8,8
기타일반의원,부산광역시,서구,3,3,3
기타일반의원,부산광역시,동구,10,10,10
기타일반의원,부산광역시,영도구,9,9,8
기타일반의원,부산광역시,부산진구,33,33,33
기타일반의원,부산광역시,동래구,25,25,25
기타일반의원,부산광역시,남구,22,22,21
기타일반의원,부산광역시,북구,19,19,19
기타일반의원,부산광역시,해운대구,38,38,37
기타일반의원,부산광역시,사하구,21,21,21
기타일반의원,부산광역시,금정구,13,13,14
기타일반의원,부산광역시,강서구,3,3,3
기타일반의원,부산광역시,연제구,17,17,18
기타일반의원,부산광역시,수영구,22,21,22
기타일반의원,부산광역시,사상구,10,10,9
기타일반의원,부산광역시,기장군,14,14,13
기타일반의원,대구광역시,중구,20,20,19
기타일반의원,대구광역시,동구,26,26,27
기타일반의원,대구광역시,서구,16,16,17
기타일반의원,대구광역시,남구,15,14,14
기타일반의원,대구광역시,북구,27,27,26
기타일반의원,대구광역시,수성구,32,32,34
기타일반의원,대구광역시,달서구,35,34,32
기타일반의원,대구광역시,달성군,11,11,10
기타일반의원,대구광역시,군위군,0,0,0
기타일반의원,인천광역시,중구,6,6,6
기타일반의원,인천광역시,미추홀구,23,23,19
기타일반의원,인천광역시,연수구,24,24,23
기타일반의원,인천광역시,남동구,56,54,53
기타일반의원,인천광역시,부평구,29,29,30
기타일반의원,인천광역시,계양구,23,23,24
기타일반의원,인천광역시,서구,28,28,29
기타일반의원,인천광역시,강화군,0,0,0
기타일반의원,인천광역시,옹진군,0,0,0
기타일반의원,광주광역시,동구,15,15,13
기타일반의원,광주광역시,서구,30,30,29
기타일반의원,광주광역시,남구,19,18,18
기타일반의원,광주광역시,북구,45,45,45
기타일반의원,광주광역시,광산구,29,29,30
기타일반의원,대전광역시,동구,27,28,28
기타일반의원,대전광역시,중구,20,20,22
기타일반의원,대전광역시,서구,53,53,49
기타일반의원,대전광역시,유성구,23,24,27
기타일반의원,대전광역시,대덕구,16,16,16
기타일반의원,울산광역시,중구,12,12,11
기타일반의원,울산광역시,남구,25,25,26
기타일반의원,울산광역시,동구,8,8,9
기타일반의원,울산광역시,북구,9,9,9
기타일반의원,울산광역시,울주군,10,10,9
기타일반의원,세종특별자치시,0,22,22,21
기타일반의원,경기도,수원시 장안구,19,19,17
기타일반의원,경기도,수원시 권선구,19,19,18
기타일반의원,경기도,수원시 팔달구,21,21,22
기타일반의원,경기도,수원시 영통구,22,22,21
기타일반의원,경기도,성남시 수정구,28,28,25
기타일반의원,경기도,성남시 중원구,23,23,23
기타일반의원,경기도,성남시 분당구,55,54,54
기타일반의원,경기도,의정부시,18,18,19
기타일반의원,경기도,안양시 만안구,18,18,17
기타일반의원,경기도,안양시 동안구,32,32,29
기타일반의원,경기도,부천시 원미구,30,30,29
기타일반의원,경기도,부천시 소사구,14,14,14
기타일반의원,경기도,부천시 오정구,5,5,4
기타일반의원,경기도,광명시,18,18,18
기타일반의원,경기도,평택시,45,45,44
기타일반의원,경기도,동두천시,4,4,5
기타일반의원,경기도,안산시 상록구,18,18,18
기타일반의원,경기도,안산시 단원구,18,18,16
기타일반의원,경기도,고양시 덕양구,23,23,22
기타일반의원,경기도,고양시 일산동구,17,17,15
기타일반의원,경기도,고양시 일산서구,14,14,14
기타일반의원,경기도,과천시,3,3,3
기타일반의원,경기도,구리시,13,13,14
기타일반의원,경기도,남양주시,37,37,37
기타일반의원,경기도,오산시,11,11,11
기타일반의원,경기도,시흥시,19,19,22
기타일반의원,경기도,군포시,17,17,18
기타일반의원,경기도,의왕시,9,9,8
기타일반의원,경기도,하남시,26,25,22
기타일반의원,경기도,용인시 처인구,16,16,14
기타일반의원,경기도,용인시 기흥구,15,15,16
기타일반의원,경기도,용인시 수지구,18,18,18
기타일반의원,경기도,파주시,28,28,24
기타일반의원,경기도,이천시,9,9,9
기타일반의원,경기도,안성시,11,11,11
기타일반의원,경기도,김포시,24,24,26
기타일반의원,경기도,화성시 만세구,14,14,13
기타일반의원,경기도,화성시 효행구,5,5,5
기타일반의원,경기도,화성시 병점구,8,8,8
기타일반의원,경기도,화성시 동탄구,5,5,4
기타일반의원,경기도,광주시,24,24,22
기타일반의원,경기도,양주시,9,9,9
기타일반의원,경기도,포천시,4,4,4
기타일반의원,경기도,여주시,3,3,3
기타일반의원,경기도,연천군,0,0,0
기타일반의원,경기도,양평군,11,11,11
기타일반의원,충청북도,청주시 상당구,14,14,14
기타일반의원,충청북도,청주시 서원구,21,21,21
기타일반의원,충청북도,청주시 흥덕구,18,18,16
기타일반의원,충청북도,청주시 청원구,14,14,15
기타일반의원,충청북도,충주시,13,13,13
기타일반의원,충청북도,제천시,4,4,4
기타일반의원,충청북도,보은군,0,0,0
기타일반의원,충청북도,옥천군,0,0,0
기타일반의원,충청북도,영동군,4,3,3
기타일반의원,충청북도,증평군,6,6,5
기타일반의원,충청북도,진천군,7,7,7
기타일반의원,충청북도,괴산군,0,0,0
기타일반의원,충청북도,음성군,0,0,0
기타일반의원,충청남도,천안시 동남구,10,10,10
기타일반의원,충청남도,천안시 서북구,32,33,31
기타일반의원,충청남도,공주시,0,0,0
기타일반의원,충청남도,보령시,3,3,3
기타일반의원,충청남도,아산시,15,15,17
기타일반의원,충청남도,서산시,9,9,9
기타일반의원,충청남도,논산시,9,9,10
기타일반의원,충청남도,계룡시,4,4,4
기타일반의원,충청남도,당진시,5,5,5
기타일반의원,충청남도,금산군,4,4,4
기타일반의원,충청남도,부여군,0,0,0
기타일반의원,충청남도,서천군,0,0,0
기타일반의원,충청남도,청양군,3,3,3
기타일반의원,충청남도,홍성군,7,7,7
기타일반의원,충청남도,예산군,4,4,4
기타일반의원,충청남도,태안군,4,4,4
기타일반의원,전라남도,목포시,14,14,14
기타일반의원,전라남도,여수시,13,13,13
기타일반의원,전라남도,순천시,18,18,18
기타일반의원,전라남도,나주시,8,8,8
기타일반의원,전라남도,광양시,5,5,5
기타일반의원,전라남도,담양군,0,0,0
기타일반의원,전라남도,곡성군,3,3,3
기타일반의원,전라남도,구례군,3,3,3
기타일반의원,전라남도,고흥군,3,3,3
기타일반의원,전라남도,보성군,0,0,0
기타일반의원,전라남도,화순군,5,5,5
기타일반의원,전라남도,장흥군,3,0,0
기타일반의원,전라남도,강진군,0,0,0
기타일반의원,전라남도,해남군,5,5,5
기타일반의원,전라남도,영암군,3,3,3
기타일반의원,전라남도,무안군,6,6,7
기타일반의원,전라남도,함평군,3,3,3
기타일반의원,전라남도,영광군,7,7,7
기타일반의원,전라남도,장성군,0,0,0
기타일반의원,전라남도,완도군,3,3,3
기타일반의원,전라남도,진도군,3,3,3
기타일반의원,전라남도,신안군,0,0,0
기타일반의원,경상북도,포항시 남구,6,6,6
기타일반의원,경상북도,포항시 북구,19,19,21
기타일반의원,경상북도,경주시,9,8,8
기타일반의원,경상북도,김천시,6,6,6
기타일반의원,경상북도,안동시,11,11,11
기타일반의원,경상북도,구미시,17,17,18
기타일반의원,경상북도,영주시,5,5,5
기타일반의원,경상북도,영천시,3,3,3
기타일반의원,경상북도,상주시,3,3,3
기타일반의원,경상북도,문경시,4,4,3
기타일반의원,경상북도,경산시,8,9,9
기타일반의원,경상북도,의성군,0,0,0
기타일반의원,경상북도,영양군,0,0,0
기타일반의원,경상북도,영덕군,3,0,0
기타일반의원,경상북도,청도군,0,0,0
기타일반의원,경상북도,성주군,0,0,0
기타일반의원,경상북도,칠곡군,12,12,11
기타일반의원,경상북도,예천군,0,0,0
기타일반의원,경상북도,울진군,0,0,0
기타일반의원,경상남도,창원시 의창구,8,8,8
기타일반의원,경상남도,창원시 성산구,13,13,15
기타일반의원,경상남도,창원시 마산합포구,6,6,5
기타일반의원,경상남도,창원시 마산회원구,9,9,9
기타일반의원,경상남도,창원시 진해구,8,8,8
기타일반의원,경상남도,진주시,29,29,31
기타일반의원,경상남도,통영시,4,4,4
기타일반의원,경상남도,사천시,6,6,6
기타일반의원,경상남도,김해시,20,20,18
기타일반의원,경상남도,밀양시,0,0,0
기타일반의원,경상남도,거제시,10,10,9
기타일반의원,경상남도,양산시,21,21,20
기타일반의원,경상남도,의령군,0,0,0
기타일반의원,경상남도,함안군,3,3,3
기타일반의원,경상남도,창녕군,3,3,3
기타일반의원,경상남도,고성군,6,6,6
기타일반의원,경상남도,남해군,0,0,0
기타일반의원,경상남도,하동군,4,4,3
기타일반의원,경상남도,산청군,4,4,4
기타일반의원,경상남도,함양군,5,5,5
기타일반의원,경상남도,거창군,0,0,0
기타일반의원,제주특별자치도,제주시,39,39,40
기타일반의원,제주특별자치도,서귀포시,23,23,22
기타일반의원,강원특별자치도,춘천시,22,22,24
기타일반의원,강원특별자치도,원주시,20,20,20
기타일반의원,강원특별자치도,강릉시,7,7,8
기타일반의원,강원특별자치도,동해시,5,5,5
기타일반의원,강원특별자치도,태백시,0,0,0
기타일반의원,강원특별자치도,속초시,6,6,6
기타일반의원,강원특별자치도,삼척시,0,0,0
기타일반의원,강원특별자치도,홍천군,0,0,0
기타일반의원,강원특별자치도,평창군,0,0,0
기타일반의원,강원특별자치도,정선군,0,0,0
기타일반의원,강원특별자치도,철원군,3,3,3
기타일반의원,강원특별자치도,양구군,0,0,0
기타일반의원,강원특별자치도,고성군,0,0,0
기타일반의원,전북특별자치도,전주시 완산구,49,50,49
기타일반의원,전북특별자치도,전주시 덕진구,38,37,38
기타일반의원,전북특별자치도,군산시,23,23,23
기타일반의원,전북특별자치도,익산시,20,20,19
기타일반의원,전북특별자치도,정읍시,9,9,9
기타일반의원,전북특별자치도,남원시,9,9,9
기타일반의원,전북특별자치도,김제시,11,11,12
기타일반의원,전북특별자치도,완주군,16,16,16
기타일반의원,전북특별자치도,진안군,4,4,4
기타일반의원,전북특별자치도,장수군,0,0,0
기타일반의원,전북특별자치도,임실군,6,6,6
기타일반의원,전북특별자치도,순창군,3,3,3
기타일반의원,전북특별자치도,고창군,8,8,8
기타일반의원,전북특별자치도,부안군,0,0,0
내과ㆍ소아과의원,서울특별시,종로구,50,48,47
내과ㆍ소아과의원,서울특별시,중구,59,59,57
내과ㆍ소아과의원,서울특별시,용산구,55,55,57
내과ㆍ소아과의원,서울특별시,성동구,78,79,84
내과ㆍ소아과의원,서울특별시,광진구,90,90,89
내과ㆍ소아과의원,서울특별시,동대문구,93,93,87
내과ㆍ소아과의원,서울특별시,중랑구,92,91,89
내과ㆍ소아과의원,서울특별시,성북구,98,98,97
내과ㆍ소아과의원,서울특별시,강북구,83,83,87
내과ㆍ소아과의원,서울특별시,도봉구,63,64,63
내과ㆍ소아과의원,서울특별시,노원구,115,115,117
내과ㆍ소아과의원,서울특별시,은평구,123,122,124
내과ㆍ소아과의원,서울특별시,서대문구,58,58,59
내과ㆍ소아과의원,서울특별시,마포구,103,104,104
내과ㆍ소아과의원,서울특별시,양천구,100,100,97
내과ㆍ소아과의원,서울특별시,강서구,152,152,150
내과ㆍ소아과의원,서울특별시,구로구,115,115,112
내과ㆍ소아과의원,서울특별시,금천구,57,57,55
내과ㆍ소아과의원,서울특별시,영등포구,124,124,121
내과ㆍ소아과의원,서울특별시,동작구,88,88,91
내과ㆍ소아과의원,서울특별시,관악구,109,109,110
내과ㆍ소아과의원,서울특별시,서초구,147,147,142
내과ㆍ소아과의원,서울특별시,강남구,253,253,249
내과ㆍ소아과의원,서울특별시,송파구,182,181,172
내과ㆍ소아과의원,서울특별시,강동구,142,140,134
내과ㆍ소아과의원,부산광역시,중구,18,18,21
내과ㆍ소아과의원,부산광역시,서구,28,28,28
내과ㆍ소아과의원,부산광역시,동구,29,29,30
내과ㆍ소아과의원,부산광역시,영도구,28,28,30
내과ㆍ소아과의원,부산광역시,부산진구,116,116,117
내과ㆍ소아과의원,부산광역시,동래구,71,71,73
내과ㆍ소아과의원,부산광역시,남구,69,69,69
내과ㆍ소아과의원,부산광역시,북구,64,64,64
내과ㆍ소아과의원,부산광역시,해운대구,104,103,110
내과ㆍ소아과의원,부산광역시,사하구,74,74,75
내과ㆍ소아과의원,부산광역시,금정구,56,56,56
내과ㆍ소아과의원,부산광역시,강서구,23,23,24
내과ㆍ소아과의원,부산광역시,연제구,67,67,68
내과ㆍ소아과의원,부산광역시,수영구,44,44,45
내과ㆍ소아과의원,부산광역시,사상구,42,42,43
내과ㆍ소아과의원,부산광역시,기장군,39,39,38
내과ㆍ소아과의원,대구광역시,중구,46,46,45
내과ㆍ소아과의원,대구광역시,동구,90,90,91
내과ㆍ소아과의원,대구광역시,서구,37,38,38
내과ㆍ소아과의원,대구광역시,남구,40,40,40
내과ㆍ소아과의원,대구광역시,북구,99,98,97
내과ㆍ소아과의원,대구광역시,수성구,143,143,138
내과ㆍ소아과의원,대구광역시,달서구,140,140,142
내과ㆍ소아과의원,대구광역시,달성군,52,52,49
내과ㆍ소아과의원,대구광역시,군위군,6,6,6
내과ㆍ소아과의원,인천광역시,중구,24,24,24
내과ㆍ소아과의원,인천광역시,동구,19,19,20
내과ㆍ소아과의원,인천광역시,미추홀구,95,95,97
내과ㆍ소아과의원,인천광역시,연수구,85,84,83
내과ㆍ소아과의원,인천광역시,남동구,119,120,123
내과ㆍ소아과의원,인천광역시,부평구,120,120,125
내과ㆍ소아과의원,인천광역시,계양구,65,65,66
내과ㆍ소아과의원,인천광역시,서구,121,121,115
내과ㆍ소아과의원,인천광역시,강화군,7,7,7
내과ㆍ소아과의원,광주광역시,동구,32,32,34
내과ㆍ소아과의원,광주광역시,서구,71,72,72
내과ㆍ소아과의원,광주광역시,남구,48,49,51
내과ㆍ소아과의원,광주광역시,북구,110,110,112
내과ㆍ소아과의원,광주광역시,광산구,72,72,70
내과ㆍ소아과의원,대전광역시,동구,58,58,60
내과ㆍ소아과의원,대전광역시,중구,65,65,66
내과ㆍ소아과의원,대전광역시,서구,130,130,135
내과ㆍ소아과의원,대전광역시,유성구,88,88,84
내과ㆍ소아과의원,대전광역시,대덕구,36,36,37
내과ㆍ소아과의원,울산광역시,중구,47,47,51
내과ㆍ소아과의원,울산광역시,남구,80,80,81
내과ㆍ소아과의원,울산광역시,동구,31,31,30
내과ㆍ소아과의원,울산광역시,북구,31,31,32
내과ㆍ소아과의원,울산광역시,울주군,30,30,33
내과ㆍ소아과의원,세종특별자치시,0,80,80,79
내과ㆍ소아과의원,경기도,수원시 장안구,56,57,59
내과ㆍ소아과의원,경기도,수원시 권선구,80,80,77
내과ㆍ소아과의원,경기도,수원시 팔달구,60,60,60
내과ㆍ소아과의원,경기도,수원시 영통구,74,74,72
내과ㆍ소아과의원,경기도,성남시 수정구,67,68,70
내과ㆍ소아과의원,경기도,성남시 중원구,58,58,57
내과ㆍ소아과의원,경기도,성남시 분당구,132,131,130
내과ㆍ소아과의원,경기도,의정부시,111,110,109
내과ㆍ소아과의원,경기도,안양시 만안구,50,49,49
내과ㆍ소아과의원,경기도,안양시 동안구,86,86,84
내과ㆍ소아과의원,경기도,부천시 원미구,97,95,97
내과ㆍ소아과의원,경기도,부천시 소사구,49,49,50
내과ㆍ소아과의원,경기도,부천시 오정구,42,42,42
내과ㆍ소아과의원,경기도,광명시,73,74,71
내과ㆍ소아과의원,경기도,평택시,114,114,117
내과ㆍ소아과의원,경기도,동두천시,12,12,12
내과ㆍ소아과의원,경기도,안산시 상록구,55,55,52
내과ㆍ소아과의원,경기도,안산시 단원구,69,69,69
내과ㆍ소아과의원,경기도,고양시 덕양구,107,108,106
내과ㆍ소아과의원,경기도,고양시 일산동구,61,61,62
내과ㆍ소아과의원,경기도,고양시 일산서구,64,65,64
내과ㆍ소아과의원,경기도,과천시,21,21,19
내과ㆍ소아과의원,경기도,구리시,48,49,50
내과ㆍ소아과의원,경기도,남양주시,152,153,154
내과ㆍ소아과의원,경기도,오산시,46,46,45
내과ㆍ소아과의원,경기도,시흥시,111,112,112
내과ㆍ소아과의원,경기도,군포시,46,46,45
내과ㆍ소아과의원,경기도,의왕시,32,31,31
내과ㆍ소아과의원,경기도,하남시,82,82,80
내과ㆍ소아과의원,경기도,용인시 처인구,48,48,46
내과ㆍ소아과의원,경기도,용인시 기흥구,93,93,94
내과ㆍ소아과의원,경기도,용인시 수지구,81,81,80
내과ㆍ소아과의원,경기도,파주시,95,95,90
내과ㆍ소아과의원,경기도,이천시,43,43,43
내과ㆍ소아과의원,경기도,안성시,34,35,36
내과ㆍ소아과의원,경기도,김포시,86,87,89
내과ㆍ소아과의원,경기도,화성시 만세구,44,45,46
내과ㆍ소아과의원,경기도,화성시 효행구,28,28,25
내과ㆍ소아과의원,경기도,화성시 병점구,30,30,39
내과ㆍ소아과의원,경기도,화성시 동탄구,73,74,68
내과ㆍ소아과의원,경기도,광주시,63,64,63
내과ㆍ소아과의원,경기도,양주시,52,52,50
내과ㆍ소아과의원,경기도,포천시,28,28,28
내과ㆍ소아과의원,경기도,여주시,20,20,20
내과ㆍ소아과의원,경기도,연천군,6,6,6
내과ㆍ소아과의원,경기도,가평군,15,15,14
내과ㆍ소아과의원,경기도,양평군,17,17,18
내과ㆍ소아과의원,충청북도,청주시 상당구,43,44,44
내과ㆍ소아과의원,충청북도,청주시 서원구,44,44,45
내과ㆍ소아과의원,충청북도,청주시 흥덕구,53,53,53
내과ㆍ소아과의원,충청북도,청주시 청원구,35,35,37
내과ㆍ소아과의원,충청북도,충주시,48,48,48
내과ㆍ소아과의원,충청북도,제천시,28,28,29
내과ㆍ소아과의원,충청북도,보은군,8,8,8
내과ㆍ소아과의원,충청북도,옥천군,9,9,9
내과ㆍ소아과의원,충청북도,영동군,11,11,11
내과ㆍ소아과의원,충청북도,증평군,7,7,6
내과ㆍ소아과의원,충청북도,진천군,19,19,19
내과ㆍ소아과의원,충청북도,괴산군,4,4,4
내과ㆍ소아과의원,충청북도,음성군,20,20,20
내과ㆍ소아과의원,충청북도,단양군,0,0,0
내과ㆍ소아과의원,충청남도,천안시 동남구,51,51,51
내과ㆍ소아과의원,충청남도,천안시 서북구,76,76,75
내과ㆍ소아과의원,충청남도,공주시,24,24,25
내과ㆍ소아과의원,충청남도,보령시,22,22,20
내과ㆍ소아과의원,충청남도,아산시,75,75,74
내과ㆍ소아과의원,충청남도,서산시,28,28,29
내과ㆍ소아과의원,충청남도,논산시,23,23,23
내과ㆍ소아과의원,충청남도,계룡시,9,9,9
내과ㆍ소아과의원,충청남도,당진시,39,38,37
내과ㆍ소아과의원,충청남도,금산군,19,19,20
내과ㆍ소아과의원,충청남도,부여군,14,14,15
내과ㆍ소아과의원,충청남도,서천군,13,13,13
내과ㆍ소아과의원,충청남도,청양군,5,5,5
내과ㆍ소아과의원,충청남도,홍성군,17,17,18
내과ㆍ소아과의원,충청남도,예산군,20,20,20
내과ㆍ소아과의원,충청남도,태안군,12,12,13
내과ㆍ소아과의원,전라남도,목포시,45,45,45
내과ㆍ소아과의원,전라남도,여수시,64,64,67
내과ㆍ소아과의원,전라남도,순천시,45,45,45
내과ㆍ소아과의원,전라남도,나주시,27,27,27
내과ㆍ소아과의원,전라남도,광양시,25,25,27
내과ㆍ소아과의원,전라남도,담양군,14,14,15
내과ㆍ소아과의원,전라남도,곡성군,7,7,7
내과ㆍ소아과의원,전라남도,구례군,4,4,5
내과ㆍ소아과의원,전라남도,고흥군,15,15,15
내과ㆍ소아과의원,전라남도,보성군,13,13,12
내과ㆍ소아과의원,전라남도,화순군,13,13,13
내과ㆍ소아과의원,전라남도,장흥군,11,11,12
내과ㆍ소아과의원,전라남도,강진군,12,12,12
내과ㆍ소아과의원,전라남도,해남군,23,23,23
내과ㆍ소아과의원,전라남도,영암군,15,15,15
내과ㆍ소아과의원,전라남도,무안군,24,24,24
내과ㆍ소아과의원,전라남도,함평군,5,5,5
내과ㆍ소아과의원,전라남도,영광군,13,13,13
내과ㆍ소아과의원,전라남도,장성군,7,7,8
내과ㆍ소아과의원,전라남도,완도군,14,14,15
내과ㆍ소아과의원,전라남도,진도군,8,8,8
내과ㆍ소아과의원,전라남도,신안군,9,9,9
내과ㆍ소아과의원,경상북도,포항시 남구,55,55,55
내과ㆍ소아과의원,경상북도,포항시 북구,62,62,62
내과ㆍ소아과의원,경상북도,경주시,61,61,61
내과ㆍ소아과의원,경상북도,김천시,23,23,23
내과ㆍ소아과의원,경상북도,안동시,28,28,28
내과ㆍ소아과의원,경상북도,구미시,81,81,81
내과ㆍ소아과의원,경상북도,영주시,20,20,20
내과ㆍ소아과의원,경상북도,영천시,21,21,20
내과ㆍ소아과의원,경상북도,상주시,18,18,17
내과ㆍ소아과의원,경상북도,문경시,18,18,17
내과ㆍ소아과의원,경상북도,경산시,62,62,62
내과ㆍ소아과의원,경상북도,의성군,7,7,7
내과ㆍ소아과의원,경상북도,청송군,4,4,4
내과ㆍ소아과의원,경상북도,영덕군,11,11,12
내과ㆍ소아과의원,경상북도,청도군,13,13,13
내과ㆍ소아과의원,경상북도,고령군,6,6,6
내과ㆍ소아과의원,경상북도,성주군,7,7,7
내과ㆍ소아과의원,경상북도,칠곡군,22,22,22
내과ㆍ소아과의원,경상북도,예천군,13,13,13
내과ㆍ소아과의원,경상북도,봉화군,7,7,7
내과ㆍ소아과의원,경상북도,울진군,8,8,8
내과ㆍ소아과의원,경상남도,창원시 의창구,50,50,48
내과ㆍ소아과의원,경상남도,창원시 성산구,50,50,48
내과ㆍ소아과의원,경상남도,창원시 마산합포구,34,34,33
내과ㆍ소아과의원,경상남도,창원시 마산회원구,44,44,43
내과ㆍ소아과의원,경상남도,창원시 진해구,39,39,39
내과ㆍ소아과의원,경상남도,진주시,82,82,84
내과ㆍ소아과의원,경상남도,통영시,33,33,32
내과ㆍ소아과의원,경상남도,사천시,23,23,22
내과ㆍ소아과의원,경상남도,김해시,100,100,99
내과ㆍ소아과의원,경상남도,밀양시,20,20,20
내과ㆍ소아과의원,경상남도,거제시,42,43,44
내과ㆍ소아과의원,경상남도,양산시,83,82,82
내과ㆍ소아과의원,경상남도,의령군,5,5,4
내과ㆍ소아과의원,경상남도,함안군,14,14,13
내과ㆍ소아과의원,경상남도,창녕군,12,12,12
내과ㆍ소아과의원,경상남도,고성군,7,7,7
내과ㆍ소아과의원,경상남도,남해군,10,10,10
내과ㆍ소아과의원,경상남도,하동군,11,11,12
내과ㆍ소아과의원,경상남도,산청군,7,7,8
내과ㆍ소아과의원,경상남도,함양군,7,7,7
내과ㆍ소아과의원,경상남도,거창군,11,12,13
내과ㆍ소아과의원,경상남도,합천군,13,13,13
내과ㆍ소아과의원,제주특별자치도,제주시,128,127,129
내과ㆍ소아과의원,제주특별자치도,서귀포시,46,46,47
내과ㆍ소아과의원,강원특별자치도,춘천시,62,62,63
내과ㆍ소아과의원,강원특별자치도,원주시,86,87,83
내과ㆍ소아과의원,강원특별자치도,강릉시,40,40,40
내과ㆍ소아과의원,강원특별자치도,동해시,22,22,22
내과ㆍ소아과의원,강원특별자치도,태백시,11,11,11
내과ㆍ소아과의원,강원특별자치도,속초시,24,24,23
내과ㆍ소아과의원,강원특별자치도,삼척시,9,9,9
내과ㆍ소아과의원,강원특별자치도,홍천군,10,10,11
내과ㆍ소아과의원,강원특별자치도,횡성군,8,8,8
내과ㆍ소아과의원,강원특별자치도,영월군,6,6,6
내과ㆍ소아과의원,강원특별자치도,평창군,11,11,11
내과ㆍ소아과의원,강원특별자치도,정선군,6,6,6
내과ㆍ소아과의원,강원특별자치도,철원군,8,8,8
내과ㆍ소아과의원,강원특별자치도,화천군,6,6,5
내과ㆍ소아과의원,강원특별자치도,양구군,4,4,4
내과ㆍ소아과의원,강원특별자치도,인제군,3,3,3
내과ㆍ소아과의원,강원특별자치도,고성군,5,5,5
내과ㆍ소아과의원,강원특별자치도,양양군,4,4,4
내과ㆍ소아과의원,전북특별자치도,전주시 완산구,82,81,82
내과ㆍ소아과의원,전북특별자치도,전주시 덕진구,86,85,83
내과ㆍ소아과의원,전북특별자치도,군산시,58,58,60
내과ㆍ소아과의원,전북특별자치도,익산시,67,67,66
내과ㆍ소아과의원,전북특별자치도,정읍시,28,28,28
내과ㆍ소아과의원,전북특별자치도,남원시,19,19,19
내과ㆍ소아과의원,전북특별자치도,김제시,18,18,18
내과ㆍ소아과의원,전북특별자치도,완주군,22,22,22
내과ㆍ소아과의원,전북특별자치도,진안군,0,0,0
내과ㆍ소아과의원,전북특별자치도,무주군,4,4,4
내과ㆍ소아과의원,전북특별자치도,장수군,6,6,6
내과ㆍ소아과의원,전북특별자치도,임실군,5,5,5
내과ㆍ소아과의원,전북특별자치도,순창군,6,6,7
내과ㆍ소아과의원,전북특별자치도,고창군,12,12,13
내과ㆍ소아과의원,전북특별자치도,부안군,8,8,8
동물병원,서울특별시,종로구,10,10,9
동물병원,서울특별시,중구,19,19,19
동물병원,서울특별시,용산구,28,29,28
동물병원,서울특별시,성동구,27,27,28
동물병원,서울특별시,광진구,32,32,30
동물병원,서울특별시,동대문구,31,31,31
동물병원,서울특별시,중랑구,29,29,29
동물병원,서울특별시,성북구,34,34,34
동물병원,서울특별시,강북구,27,27,26
동물병원,서울특별시,도봉구,26,26,26
동물병원,서울특별시,노원구,46,46,45
동물병원,서울특별시,은평구,41,41,41
동물병원,서울특별시,서대문구,25,25,24
동물병원,서울특별시,마포구,49,47,45
동물병원,서울특별시,양천구,50,51,50
동물병원,서울특별시,강서구,50,50,51
동물병원,서울특별시,구로구,29,29,29
동물병원,서울특별시,금천구,16,16,16
동물병원,서울특별시,영등포구,39,38,37
동물병원,서울특별시,동작구,21,21,20
동물병원,서울특별시,관악구,28,28,27
동물병원,서울특별시,서초구,59,59,54
동물병원,서울특별시,강남구,93,93,90
동물병원,서울특별시,송파구,87,87,80
동물병원,서울특별시,강동구,56,56,54
동물병원,부산광역시,중구,0,0,0
동물병원,부산광역시,서구,5,5,5
동물병원,부산광역시,동구,4,4,4
동물병원,부산광역시,영도구,4,4,4
동물병원,부산광역시,부산진구,29,30,31
동물병원,부산광역시,동래구,31,31,29
동물병원,부산광역시,남구,17,18,17
동물병원,부산광역시,북구,19,19,20
동물병원,부산광역시,해운대구,41,41,41
동물병원,부산광역시,사하구,17,17,16
동물병원,부산광역시,금정구,16,16,16
동물병원,부산광역시,강서구,12,12,12
동물병원,부산광역시,연제구,19,19,19
동물병원,부산광역시,수영구,23,22,24
동물병원,부산광역시,사상구,12,12,12
동물병원,부산광역시,기장군,14,14,13
동물병원,대구광역시,중구,17,17,16
동물병원,대구광역시,동구,21,21,21
동물병원,대구광역시,서구,11,11,11
동물병원,대구광역시,남구,11,11,11
동물병원,대구광역시,북구,31,31,30
동물병원,대구광역시,수성구,46,46,44
동물병원,대구광역시,달서구,47,47,46
동물병원,대구광역시,달성군,14,14,16
동물병원,대구광역시,군위군,8,8,8
동물병원,인천광역시,중구,13,13,11
동물병원,인천광역시,동구,3,3,3
동물병원,인천광역시,미추홀구,25,25,24
동물병원,인천광역시,연수구,44,44,43
동물병원,인천광역시,남동구,43,43,42
동물병원,인천광역시,부평구,30,30,29
동물병원,인천광역시,계양구,20,20,20
동물병원,인천광역시,서구,55,54,48
동물병원,인천광역시,강화군,8,8,8
동물병원,인천광역시,옹진군,0,0,0
동물병원,광주광역시,동구,7,7,7
동물병원,광주광역시,서구,30,30,29
동물병원,광주광역시,남구,19,19,20
동물병원,광주광역시,북구,33,31,32
동물병원,광주광역시,광산구,33,33,34
동물병원,대전광역시,동구,14,14,14
동물병원,대전광역시,중구,18,18,17
동물병원,대전광역시,서구,36,36,35
동물병원,대전광역시,유성구,34,34,34
동물병원,대전광역시,대덕구,10,10,11
동물병원,울산광역시,중구,13,13,12
동물병원,울산광역시,남구,25,25,25
동물병원,울산광역시,동구,7,7,6
동물병원,울산광역시,북구,9,9,9
동물병원,울산광역시,울주군,21,21,21
동물병원,세종특별자치시,0,30,31,31
동물병원,경기도,수원시 장안구,24,24,25
동물병원,경기도,수원시 권선구,30,30,29
동물병원,경기도,수원시 팔달구,23,23,23
동물병원,경기도,수원시 영통구,41,41,40
동물병원,경기도,성남시 수정구,25,25,26
동물병원,경기도,성남시 중원구,20,20,20
동물병원,경기도,성남시 분당구,68,69,69
동물병원,경기도,의정부시,33,33,34
동물병원,경기도,안양시 만안구,16,16,14
동물병원,경기도,안양시 동안구,37,37,35
동물병원,경기도,부천시 원미구,41,41,42
동물병원,경기도,부천시 소사구,14,14,14
동물병원,경기도,부천시 오정구,9,9,9
동물병원,경기도,광명시,18,17,15
동물병원,경기도,평택시,54,54,52
동물병원,경기도,동두천시,9,9,9
동물병원,경기도,안산시 상록구,13,13,13
동물병원,경기도,안산시 단원구,24,25,24
동물병원,경기도,고양시 덕양구,43,43,44
동물병원,경기도,고양시 일산동구,41,41,40
동물병원,경기도,고양시 일산서구,28,28,28
동물병원,경기도,과천시,12,12,11
동물병원,경기도,구리시,19,19,19
동물병원,경기도,남양주시,65,64,60
동물병원,경기도,오산시,18,18,16
동물병원,경기도,시흥시,38,39,37
동물병원,경기도,군포시,14,14,14
동물병원,경기도,의왕시,15,15,13
동물병원,경기도,하남시,37,36,35
동물병원,경기도,용인시 처인구,30,30,27
동물병원,경기도,용인시 기흥구,44,44,45
동물병원,경기도,용인시 수지구,45,45,43
동물병원,경기도,파주시,55,55,51
동물병원,경기도,이천시,29,28,28
동물병원,경기도,안성시,30,30,28
동물병원,경기도,김포시,49,50,50
동물병원,경기도,화성시 만세구,29,28,26
동물병원,경기도,화성시 효행구,10,10,10
동물병원,경기도,화성시 병점구,10,9,10
동물병원,경기도,화성시 동탄구,38,37,32
동물병원,경기도,광주시,33,33,33
동물병원,경기도,양주시,22,22,21
동물병원,경기도,포천시,21,21,21
동물병원,경기도,여주시,12,12,12
동물병원,경기도,연천군,5,5,5
동물병원,경기도,가평군,9,9,9
동물병원,경기도,양평군,15,15,14
동물병원,충청북도,청주시 상당구,10,10,10
동물병원,충청북도,청주시 서원구,19,19,18
동물병원,충청북도,청주시 흥덕구,30,30,27
동물병원,충청북도,청주시 청원구,20,20,20
동물병원,충청북도,충주시,14,14,15
동물병원,충청북도,제천시,12,12,10
동물병원,충청북도,보은군,11,11,11
동물병원,충청북도,옥천군,9,9,9
동물병원,충청북도,영동군,5,5,5
동물병원,충청북도,증평군,5,5,5
동물병원,충청북도,진천군,10,9,9
동물병원,충청북도,괴산군,5,5,5
동물병원,충청북도,음성군,10,10,9
동물병원,충청북도,단양군,0,0,0
동물병원,충청남도,천안시 동남구,27,27,26
동물병원,충청남도,천안시 서북구,38,38,34
동물병원,충청남도,공주시,17,17,16
동물병원,충청남도,보령시,10,10,10
동물병원,충청남도,아산시,31,31,29
동물병원,충청남도,서산시,17,17,16
동물병원,충청남도,논산시,15,15,15
동물병원,충청남도,계룡시,4,4,4
동물병원,충청남도,당진시,19,19,17
동물병원,충청남도,금산군,6,6,6
동물병원,충청남도,부여군,11,11,12
동물병원,충청남도,서천군,3,3,3
동물병원,충청남도,청양군,8,8,8
동물병원,충청남도,홍성군,19,19,20
동물병원,충청남도,예산군,18,18,18
동물병원,충청남도,태안군,6,6,6
동물병원,전라남도,목포시,8,8,9
동물병원,전라남도,여수시,13,13,12
동물병원,전라남도,순천시,19,19,19
동물병원,전라남도,나주시,26,26,24
동물병원,전라남도,광양시,7,7,8
동물병원,전라남도,담양군,6,6,6
동물병원,전라남도,곡성군,6,6,6
동물병원,전라남도,구례군,5,5,5
동물병원,전라남도,고흥군,10,10,9
동물병원,전라남도,보성군,9,9,8
동물병원,전라남도,화순군,12,12,13
동물병원,전라남도,장흥군,11,12,11
동물병원,전라남도,강진군,6,6,6
동물병원,전라남도,해남군,11,11,10
동물병원,전라남도,영암군,11,11,10
동물병원,전라남도,무안군,16,16,13
동물병원,전라남도,함평군,13,13,12
동물병원,전라남도,영광군,14,13,13
동물병원,전라남도,장성군,7,7,7
동물병원,전라남도,완도군,4,3,3
동물병원,전라남도,진도군,0,0,0
동물병원,전라남도,신안군,0,0,0
동물병원,경상북도,포항시 남구,15,15,14
동물병원,경상북도,포항시 북구,24,24,25
동물병원,경상북도,경주시,35,35,33
동물병원,경상북도,김천시,15,15,14
동물병원,경상북도,안동시,12,12,12
동물병원,경상북도,구미시,44,44,46
동물병원,경상북도,영주시,15,15,15
동물병원,경상북도,영천시,21,21,20
동물병원,경상북도,상주시,24,23,21
동물병원,경상북도,문경시,7,7,7
동물병원,경상북도,경산시,30,30,29
동물병원,경상북도,의성군,11,11,12
동물병원,경상북도,청송군,0,0,0
동물병원,경상북도,영양군,0,0,0
동물병원,경상북도,영덕군,0,0,0
동물병원,경상북도,청도군,7,7,7
동물병원,경상북도,고령군,7,7,6
동물병원,경상북도,성주군,10,10,10
동물병원,경상북도,칠곡군,10,10,10
동물병원,경상북도,예천군,12,12,12
동물병원,경상북도,봉화군,5,5,5
동물병원,경상북도,울진군,4,4,4
동물병원,경상북도,울릉군,0,0,0
동물병원,경상남도,창원시 의창구,13,13,12
동물병원,경상남도,창원시 성산구,23,23,23
동물병원,경상남도,창원시 마산합포구,13,13,12
동물병원,경상남도,창원시 마산회원구,15,15,16
동물병원,경상남도,창원시 진해구,13,13,13
동물병원,경상남도,진주시,29,29,30
동물병원,경상남도,통영시,13,13,12
동물병원,경상남도,사천시,15,15,15
동물병원,경상남도,김해시,48,48,46
동물병원,경상남도,밀양시,12,12,12
동물병원,경상남도,거제시,12,12,13
동물병원,경상남도,양산시,26,26,25
동물병원,경상남도,의령군,5,5,5
동물병원,경상남도,함안군,8,8,7
동물병원,경상남도,창녕군,12,12,12
동물병원,경상남도,고성군,8,9,9
동물병원,경상남도,남해군,7,7,5
동물병원,경상남도,하동군,7,7,7
동물병원,경상남도,산청군,9,9,9
동물병원,경상남도,함양군,7,7,8
동물병원,경상남도,거창군,12,12,13
동물병원,경상남도,합천군,14,14,13
동물병원,제주특별자치도,제주시,72,72,76
동물병원,제주특별자치도,서귀포시,20,20,18
동물병원,강원특별자치도,춘천시,29,28,24
동물병원,강원특별자치도,원주시,27,27,26
동물병원,강원특별자치도,강릉시,17,17,17
동물병원,강원특별자치도,동해시,4,4,4
동물병원,강원특별자치도,태백시,0,0,0
동물병원,강원특별자치도,속초시,6,6,6
동물병원,강원특별자치도,삼척시,5,5,4
동물병원,강원특별자치도,홍천군,9,9,9
동물병원,강원특별자치도,횡성군,11,11,11
동물병원,강원특별자치도,영월군,3,3,3
동물병원,강원특별자치도,평창군,0,0,0
동물병원,강원특별자치도,정선군,4,4,4
동물병원,강원특별자치도,철원군,4,4,4
동물병원,강원특별자치도,화천군,4,4,3
동물병원,강원특별자치도,양구군,3,3,3
동물병원,강원특별자치도,인제군,4,4,4
동물병원,강원특별자치도,고성군,4,4,4
동물병원,강원특별자치도,양양군,4,4,4
동물병원,전북특별자치도,전주시 완산구,24,24,25
동물병원,전북특별자치도,전주시 덕진구,20,20,21
동물병원,전북특별자치도,군산시,17,17,17
동물병원,전북특별자치도,익산시,22,22,22
동물병원,전북특별자치도,정읍시,23,23,23
동물병원,전북특별자치도,남원시,5,5,6
동물병원,전북특별자치도,김제시,11,11,11
동물병원,전북특별자치도,완주군,11,11,11
동물병원,전북특별자치도,진안군,6,6,6
동물병원,전북특별자치도,무주군,0,0,0
동물병원,전북특별자치도,장수군,5,5,4
동물병원,전북특별자치도,임실군,6,6,6
동물병원,전북특별자치도,순창군,9,9,9
동물병원,전북특별자치도,고창군,9,9,9
동물병원,전북특별자치도,부안군,10,8,7
산부인과의원,서울특별시,종로구,10,10,10
산부인과의원,서울특별시,중구,19,19,20
산부인과의원,서울특별시,용산구,10,10,8
산부인과의원,서울특별시,성동구,12,13,13
산부인과의원,서울특별시,광진구,21,21,20
산부인과의원,서울특별시,동대문구,19,19,19
산부인과의원,서울특별시,중랑구,13,13,13
산부인과의원,서울특별시,성북구,12,12,14
산부인과의원,서울특별시,강북구,9,9,11
산부인과의원,서울특별시,도봉구,7,7,7
산부인과의원,서울특별시,노원구,23,23,22
산부인과의원,서울특별시,은평구,14,14,14
산부인과의원,서울특별시,서대문구,13,13,13
산부인과의원,서울특별시,마포구,26,26,28
산부인과의원,서울특별시,양천구,17,17,17
산부인과의원,서울특별시,강서구,27,27,26
산부인과의원,서울특별시,구로구,15,15,15
산부인과의원,서울특별시,금천구,11,11,12
산부인과의원,서울특별시,영등포구,25,25,23
산부인과의원,서울특별시,동작구,15,15,14
산부인과의원,서울특별시,관악구,25,25,25
산부인과의원,서울특별시,서초구,54,55,52
산부인과의원,서울특별시,강남구,86,86,88
산부인과의원,서울특별시,송파구,37,37,34
산부인과의원,서울특별시,강동구,30,30,30
산부인과의원,부산광역시,중구,0,0,0
산부인과의원,부산광역시,서구,0,0,0
산부인과의원,부산광역시,동구,0,0,0
산부인과의원,부산광역시,영도구,5,5,6
산부인과의원,부산광역시,부산진구,14,14,14
산부인과의원,부산광역시,동래구,12,12,12
산부인과의원,부산광역시,남구,8,8,9
산부인과의원,부산광역시,북구,6,6,6
산부인과의원,부산광역시,해운대구,22,22,22
산부인과의원,부산광역시,사하구,8,8,8
산부인과의원,부산광역시,금정구,6,6,6
산부인과의원,부산광역시,강서구,0,0,0
산부인과의원,부산광역시,연제구,6,6,6
산부인과의원,부산광역시,수영구,7,7,8
산부인과의원,부산광역시,사상구,5,5,5
산부인과의원,부산광역시,기장군,5,5,5
산부인과의원,대구광역시,중구,15,15,16
산부인과의원,대구광역시,동구,14,14,14
산부인과의원,대구광역시,서구,6,6,5
산부인과의원,대구광역시,남구,4,4,4
산부인과의원,대구광역시,북구,15,15,16
산부인과의원,대구광역시,수성구,23,23,23
산부인과의원,대구광역시,달서구,23,23,24
산부인과의원,대구광역시,달성군,4,4,4
산부인과의원,인천광역시,중구,6,6,6
산부인과의원,인천광역시,동구,0,0,0
산부인과의원,인천광역시,미추홀구,11,11,11
산부인과의원,인천광역시,연수구,11,11,11
산부인과의원,인천광역시,남동구,14,14,13
산부인과의원,인천광역시,부평구,17,17,17
산부인과의원,인천광역시,계양구,8,8,8
산부인과의원,인천광역시,서구,19,19,19
산부인과의원,인천광역시,강화군,0,0,0
산부인과의원,광주광역시,동구,6,7,8
산부인과의원,광주광역시,서구,14,14,13
산부인과의원,광주광역시,남구,9,9,9
산부인과의원,광주광역시,북구,13,13,13
산부인과의원,광주광역시,광산구,17,17,17
산부인과의원,대전광역시,동구,5,5,6
산부인과의원,대전광역시,중구,4,4,4
산부인과의원,대전광역시,서구,30,30,30
산부인과의원,대전광역시,유성구,13,13,12
산부인과의원,대전광역시,대덕구,6,6,6
산부인과의원,울산광역시,중구,6,6,6
산부인과의원,울산광역시,남구,20,21,22
산부인과의원,울산광역시,동구,4,4,4
산부인과의원,울산광역시,북구,5,5,5
산부인과의원,울산광역시,울주군,4,4,4
산부인과의원,세종특별자치시,0,11,11,11
산부인과의원,경기도,수원시 장안구,6,6,6
산부인과의원,경기도,수원시 권선구,4,4,3
산부인과의원,경기도,수원시 팔달구,13,13,14
산부인과의원,경기도,수원시 영통구,14,14,12
산부인과의원,경기도,성남시 수정구,15,15,15
산부인과의원,경기도,성남시 중원구,6,6,6
산부인과의원,경기도,성남시 분당구,29,29,28
산부인과의원,경기도,의정부시,10,10,11
산부인과의원,경기도,안양시 만안구,6,6,6
산부인과의원,경기도,안양시 동안구,17,17,18
산부인과의원,경기도,부천시 원미구,18,18,18
산부인과의원,경기도,부천시 소사구,5,5,5
산부인과의원,경기도,부천시 오정구,3,3,3
산부인과의원,경기도,광명시,10,10,9
산부인과의원,경기도,평택시,16,16,16
산부인과의원,경기도,동두천시,3,3,3
산부인과의원,경기도,안산시 상록구,7,7,7
산부인과의원,경기도,안산시 단원구,17,17,16
산부인과의원,경기도,고양시 덕양구,19,19,19
산부인과의원,경기도,고양시 일산동구,9,9,9
산부인과의원,경기도,고양시 일산서구,7,7,7
산부인과의원,경기도,과천시,4,4,3
산부인과의원,경기도,구리시,7,7,8
산부인과의원,경기도,남양주시,22,22,22
산부인과의원,경기도,오산시,4,4,4
산부인과의원,경기도,시흥시,17,17,14
산부인과의원,경기도,군포시,5,5,5
산부인과의원,경기도,의왕시,0,0,0
산부인과의원,경기도,하남시,12,12,12
산부인과의원,경기도,용인시 처인구,4,4,4
산부인과의원,경기도,용인시 기흥구,10,10,11
산부인과의원,경기도,용인시 수지구,12,12,11
산부인과의원,경기도,파주시,9,9,9
산부인과의원,경기도,이천시,6,6,6
산부인과의원,경기도,안성시,4,4,4
산부인과의원,경기도,김포시,10,10,10
산부인과의원,경기도,화성시 만세구,5,5,5
산부인과의원,경기도,화성시 효행구,4,4,4
산부인과의원,경기도,화성시 병점구,3,3,4
산부인과의원,경기도,화성시 동탄구,12,12,11
산부인과의원,경기도,광주시,9,9,9
산부인과의원,경기도,양주시,4,4,4
산부인과의원,경기도,포천시,3,3,3
산부인과의원,경기도,여주시,0,0,0
산부인과의원,경기도,양평군,0,0,0
산부인과의원,충청북도,청주시 상당구,8,8,8
산부인과의원,충청북도,청주시 서원구,5,5,5
산부인과의원,충청북도,청주시 흥덕구,9,9,9
산부인과의원,충청북도,청주시 청원구,4,4,6
산부인과의원,충청북도,충주시,5,5,5
산부인과의원,충청북도,제천시,7,7,7
산부인과의원,충청북도,보은군,0,0,0
산부인과의원,충청북도,옥천군,0,0,0
산부인과의원,충청북도,진천군,0,0,0
산부인과의원,충청북도,음성군,0,0,0
산부인과의원,충청남도,천안시 동남구,8,8,7
산부인과의원,충청남도,천안시 서북구,17,17,14
산부인과의원,충청남도,공주시,4,4,4
산부인과의원,충청남도,보령시,0,0,0
산부인과의원,충청남도,아산시,6,6,5
산부인과의원,충청남도,서산시,3,3,3
산부인과의원,충청남도,논산시,3,3,3
산부인과의원,충청남도,계룡시,0,0,0
산부인과의원,충청남도,당진시,4,4,4
산부인과의원,충청남도,금산군,0,0,0
산부인과의원,충청남도,서천군,0,0,0
산부인과의원,충청남도,홍성군,3,3,3
산부인과의원,충청남도,예산군,0,0,0
산부인과의원,전라남도,목포시,6,6,6
산부인과의원,전라남도,여수시,3,3,3
산부인과의원,전라남도,순천시,6,6,8
산부인과의원,전라남도,나주시,3,3,3
산부인과의원,전라남도,광양시,0,0,0
산부인과의원,전라남도,고흥군,0,0,0
산부인과의원,전라남도,화순군,0,0,0
산부인과의원,전라남도,장흥군,0,0,0
산부인과의원,전라남도,해남군,0,0,0
산부인과의원,전라남도,무안군,0,0,0
산부인과의원,전라남도,영광군,0,0,0
산부인과의원,경상북도,포항시 남구,3,3,3
산부인과의원,경상북도,포항시 북구,7,7,7
산부인과의원,경상북도,경주시,4,4,4
산부인과의원,경상북도,김천시,4,4,4
산부인과의원,경상북도,안동시,5,5,5
산부인과의원,경상북도,구미시,15,15,16
산부인과의원,경상북도,영주시,3,3,3
산부인과의원,경상북도,영천시,0,0,0
산부인과의원,경상북도,상주시,0,0,0
산부인과의원,경상북도,문경시,3,3,3
산부인과의원,경상북도,경산시,10,10,10
산부인과의원,경상북도,칠곡군,0,0,0
산부인과의원,경상북도,울진군,0,0,0
산부인과의원,경상남도,창원시 의창구,6,6,6
산부인과의원,경상남도,창원시 성산구,7,7,7
산부인과의원,경상남도,창원시 마산합포구,6,6,6
산부인과의원,경상남도,창원시 마산회원구,9,9,9
산부인과의원,경상남도,창원시 진해구,3,3,3
산부인과의원,경상남도,진주시,9,9,9
산부인과의원,경상남도,통영시,0,0,0
산부인과의원,경상남도,사천시,3,3,3
산부인과의원,경상남도,김해시,12,12,12
산부인과의원,경상남도,밀양시,0,0,0
산부인과의원,경상남도,거제시,7,7,7
산부인과의원,경상남도,양산시,10,10,10
산부인과의원,경상남도,함안군,0,0,0
산부인과의원,경상남도,창녕군,0,0,0
산부인과의원,경상남도,남해군,0,0,0
산부인과의원,경상남도,하동군,0,0,0
산부인과의원,경상남도,거창군,0,0,0
산부인과의원,제주특별자치도,제주시,16,16,16
산부인과의원,제주특별자치도,서귀포시,7,7,7
산부인과의원,강원특별자치도,춘천시,9,9,9
산부인과의원,강원특별자치도,원주시,12,12,11
산부인과의원,강원특별자치도,강릉시,8,8,8
산부인과의원,강원특별자치도,동해시,0,0,0
산부인과의원,강원특별자치도,태백시,0,0,0
산부인과의원,강원특별자치도,속초시,6,6,6
산부인과의원,강원특별자치도,삼척시,0,0,0
산부인과의원,강원특별자치도,홍천군,0,0,0
산부인과의원,전북특별자치도,전주시 완산구,12,12,12
산부인과의원,전북특별자치도,전주시 덕진구,15,15,14
산부인과의원,전북특별자치도,군산시,7,7,7
산부인과의원,전북특별자치도,익산시,11,11,11
산부인과의원,전북특별자치도,정읍시,3,3,3
산부인과의원,전북특별자치도,남원시,0,0,0
산부인과의원,전북특별자치도,김제시,0,0,0
산부인과의원,전북특별자치도,완주군,0,0,0
산부인과의원,전북특별자치도,부안군,0,0,0
성형외과의원,서울특별시,종로구,3,3,3
성형외과의원,서울특별시,중구,7,7,6
성형외과의원,서울특별시,용산구,5,5,6
성형외과의원,서울특별시,성동구,0,0,0
성형외과의원,서울특별시,광진구,4,4,5
성형외과의원,서울특별시,동대문구,4,4,4
성형외과의원,서울특별시,성북구,5,5,5
성형외과의원,서울특별시,강북구,7,7,6
성형외과의원,서울특별시,노원구,10,10,13
성형외과의원,서울특별시,은평구,4,4,4
성형외과의원,서울특별시,서대문구,4,4,3
성형외과의원,서울특별시,마포구,14,14,14
성형외과의원,서울특별시,양천구,8,8,8
성형외과의원,서울특별시,강서구,7,7,7
성형외과의원,서울특별시,구로구,7,7,7
성형외과의원,서울특별시,금천구,0,0,0
성형외과의원,서울특별시,영등포구,12,12,12
성형외과의원,서울특별시,동작구,7,7,7
성형외과의원,서울특별시,관악구,6,6,6
성형외과의원,서울특별시,서초구,196,193,188
성형외과의원,서울특별시,강남구,581,575,559
성형외과의원,서울특별시,송파구,12,13,15
성형외과의원,서울특별시,강동구,11,11,10
성형외과의원,부산광역시,중구,5,5,5
성형외과의원,부산광역시,서구,0,0,0
성형외과의원,부산광역시,부산진구,89,89,88
성형외과의원,부산광역시,동래구,4,4,5
성형외과의원,부산광역시,남구,4,4,4
성형외과의원,부산광역시,북구,4,4,4
성형외과의원,부산광역시,해운대구,23,24,24
성형외과의원,부산광역시,사하구,7,7,7
성형외과의원,부산광역시,연제구,4,4,5
성형외과의원,부산광역시,수영구,0,0,0
성형외과의원,부산광역시,기장군,0,0,0
성형외과의원,대구광역시,중구,59,59,62
성형외과의원,대구광역시,동구,3,4,0
성형외과의원,대구광역시,서구,0,0,0
성형외과의원,대구광역시,남구,0,0,0
성형외과의원,대구광역시,북구,3,3,3
성형외과의원,대구광역시,수성구,10,10,9
성형외과의원,대구광역시,달서구,5,5,5
성형외과의원,인천광역시,중구,3,3,0
성형외과의원,인천광역시,미추홀구,0,0,0
성형외과의원,인천광역시,연수구,13,13,12
성형외과의원,인천광역시,남동구,18,18,20
성형외과의원,인천광역시,부평구,14,14,15
성형외과의원,인천광역시,계양구,0,0,0
성형외과의원,인천광역시,서구,4,4,3
성형외과의원,광주광역시,동구,6,6,6
성형외과의원,광주광역시,서구,35,35,33
성형외과의원,광주광역시,남구,0,0,0
성형외과의원,광주광역시,북구,0,0,0
성형외과의원,광주광역시,광산구,5,5,5
성형외과의원,대전광역시,동구,0,0,0
성형외과의원,대전광역시,중구,0,0,0
성형외과의원,대전광역시,서구,37,37,40
성형외과의원,대전광역시,유성구,5,5,4
성형외과의원,울산광역시,중구,0,0,0
성형외과의원,울산광역시,남구,17,17,17
성형외과의원,울산광역시,동구,0,0,0
성형외과의원,세종특별자치시,0,6,6,6
성형외과의원,경기도,수원시 장안구,0,0,0
성형외과의원,경기도,수원시 권선구,0,0,0
성형외과의원,경기도,수원시 팔달구,20,20,19
성형외과의원,경기도,수원시 영통구,11,10,10
성형외과의원,경기도,성남시 수정구,3,3,3
성형외과의원,경기도,성남시 중원구,0,0,0
성형외과의원,경기도,성남시 분당구,26,26,26
성형외과의원,경기도,의정부시,10,10,10
성형외과의원,경기도,안양시 만안구,4,4,4
성형외과의원,경기도,안양시 동안구,11,12,12
성형외과의원,경기도,부천시 원미구,20,20,20
성형외과의원,경기도,부천시 소사구,0,0,0
성형외과의원,경기도,부천시 오정구,0,0,0
성형외과의원,경기도,광명시,3,3,3
성형외과의원,경기도,평택시,6,6,6
성형외과의원,경기도,동두천시,0,0,0
성형외과의원,경기도,안산시 상록구,0,0,0
성형외과의원,경기도,안산시 단원구,14,14,14
성형외과의원,경기도,고양시 덕양구,0,0,0
성형외과의원,경기도,고양시 일산동구,10,10,11
성형외과의원,경기도,고양시 일산서구,4,4,4
성형외과의원,경기도,구리시,6,6,6
성형외과의원,경기도,남양주시,0,0,0
성형외과의원,경기도,오산시,3,3,3
성형외과의원,경기도,시흥시,3,4,4
성형외과의원,경기도,군포시,0,0,0
성형외과의원,경기도,하남시,3,3,3
성형외과의원,경기도,용인시 처인구,0,0,0
성형외과의원,경기도,용인시 기흥구,3,3,0
성형외과의원,경기도,용인시 수지구,0,0,0
성형외과의원,경기도,파주시,4,4,4
성형외과의원,경기도,이천시,0,0,0
성형외과의원,경기도,김포시,4,4,4
성형외과의원,경기도,화성시 만세구,0,0,0
성형외과의원,경기도,화성시 동탄구,10,10,10
성형외과의원,경기도,광주시,0,0,0
성형외과의원,경기도,포천시,0,0,0
성형외과의원,충청북도,청주시 상당구,5,5,5
성형외과의원,충청북도,청주시 흥덕구,12,12,14
성형외과의원,충청북도,청주시 청원구,0,0,0
성형외과의원,충청북도,충주시,5,5,5
성형외과의원,충청북도,제천시,0,0,0
성형외과의원,충청남도,천안시 동남구,9,9,9
성형외과의원,충청남도,천안시 서북구,9,9,8
성형외과의원,충청남도,아산시,0,0,0
성형외과의원,충청남도,서산시,3,3,3
성형외과의원,충청남도,계룡시,0,0,0
성형외과의원,충청남도,당진시,0,0,0
성형외과의원,충청남도,홍성군,0,0,0
성형외과의원,전라남도,목포시,0,0,0
성형외과의원,전라남도,여수시,3,3,3
성형외과의원,전라남도,순천시,5,5,6
성형외과의원,전라남도,해남군,0,0,0
성형외과의원,전라남도,무안군,0,0,0
성형외과의원,경상북도,포항시 남구,0,0,0
성형외과의원,경상북도,포항시 북구,6,6,6
성형외과의원,경상북도,경주시,3,3,3
성형외과의원,경상북도,김천시,0,0,0
성형외과의원,경상북도,안동시,0,0,0
성형외과의원,경상북도,구미시,3,3,3
성형외과의원,경상북도,경산시,0,0,0
성형외과의원,경상북도,예천군,0,0,0
성형외과의원,경상남도,창원시 의창구,0,0,0
성형외과의원,경상남도,창원시 성산구,16,16,16
성형외과의원,경상남도,창원시 마산회원구,4,4,4
성형외과의원,경상남도,창원시 진해구,0,0,0
성형외과의원,경상남도,진주시,5,5,5
성형외과의원,경상남도,통영시,0,0,0
성형외과의원,경상남도,김해시,10,8,7
성형외과의원,경상남도,거제시,3,3,3
성형외과의원,경상남도,양산시,3,3,4
성형외과의원,제주특별자치도,제주시,15,15,16
성형외과의원,제주특별자치도,서귀포시,3,3,3
성형외과의원,강원특별자치도,춘천시,3,3,3
성형외과의원,강원특별자치도,원주시,8,8,7
성형외과의원,강원특별자치도,강릉시,5,5,5
성형외과의원,전북특별자치도,전주시 완산구,17,17,18
성형외과의원,전북특별자치도,전주시 덕진구,0,0,0
성형외과의원,전북특별자치도,군산시,0,0,0
성형외과의원,전북특별자치도,익산시,5,5,4
성형외과의원,전북특별자치도,완주군,0,0,0
성형외과의원,전북특별자치도,부안군,0,0,0
신경정신과의원,서울특별시,종로구,20,20,21
신경정신과의원,서울특별시,중구,24,24,24
신경정신과의원,서울특별시,용산구,9,9,8
신경정신과의원,서울특별시,성동구,20,20,21
신경정신과의원,서울특별시,광진구,26,26,25
신경정신과의원,서울특별시,동대문구,20,21,19
신경정신과의원,서울특별시,중랑구,15,15,15
신경정신과의원,서울특별시,성북구,17,17,17
신경정신과의원,서울특별시,강북구,12,13,13
신경정신과의원,서울특별시,도봉구,8,8,7
신경정신과의원,서울특별시,노원구,26,26,25
신경정신과의원,서울특별시,은평구,21,21,22
신경정신과의원,서울특별시,서대문구,13,13,13
신경정신과의원,서울특별시,마포구,47,47,43
신경정신과의원,서울특별시,양천구,20,20,19
신경정신과의원,서울특별시,강서구,32,32,30
신경정신과의원,서울특별시,구로구,10,10,10
신경정신과의원,서울특별시,금천구,13,13,13
신경정신과의원,서울특별시,영등포구,32,32,31
신경정신과의원,서울특별시,동작구,20,20,20
신경정신과의원,서울특별시,관악구,29,28,27
신경정신과의원,서울특별시,서초구,82,82,81
신경정신과의원,서울특별시,강남구,153,153,153
신경정신과의원,서울특별시,송파구,71,70,61
신경정신과의원,서울특별시,강동구,39,39,39
신경정신과의원,부산광역시,중구,5,5,5
신경정신과의원,부산광역시,서구,5,5,5
신경정신과의원,부산광역시,동구,5,5,6
신경정신과의원,부산광역시,영도구,4,4,4
신경정신과의원,부산광역시,부산진구,30,29,29
신경정신과의원,부산광역시,동래구,15,15,15
신경정신과의원,부산광역시,남구,17,17,17
신경정신과의원,부산광역시,북구,16,16,13
신경정신과의원,부산광역시,해운대구,28,28,29
신경정신과의원,부산광역시,사하구,14,14,14
신경정신과의원,부산광역시,금정구,11,11,11
신경정신과의원,부산광역시,강서구,0,0,0
신경정신과의원,부산광역시,연제구,18,18,17
신경정신과의원,부산광역시,수영구,15,15,15
신경정신과의원,부산광역시,사상구,7,7,7
신경정신과의원,부산광역시,기장군,4,4,4
신경정신과의원,대구광역시,중구,17,17,17
신경정신과의원,대구광역시,동구,17,17,16
신경정신과의원,대구광역시,서구,4,4,5
신경정신과의원,대구광역시,남구,8,8,7
신경정신과의원,대구광역시,북구,17,17,17
신경정신과의원,대구광역시,수성구,47,47,45
신경정신과의원,대구광역시,달서구,33,33,33
신경정신과의원,대구광역시,달성군,6,6,6
신경정신과의원,인천광역시,중구,3,3,3
신경정신과의원,인천광역시,미추홀구,18,18,17
신경정신과의원,인천광역시,연수구,16,16,16
신경정신과의원,인천광역시,남동구,21,21,21
신경정신과의원,인천광역시,부평구,18,18,16
신경정신과의원,인천광역시,계양구,8,8,8
신경정신과의원,인천광역시,서구,18,18,16
신경정신과의원,인천광역시,강화군,0,0,0
신경정신과의원,광주광역시,동구,8,8,6
신경정신과의원,광주광역시,서구,22,22,22
신경정신과의원,광주광역시,남구,12,12,11
신경정신과의원,광주광역시,북구,19,19,18
신경정신과의원,광주광역시,광산구,12,12,11
신경정신과의원,대전광역시,동구,11,11,11
신경정신과의원,대전광역시,중구,18,18,19
신경정신과의원,대전광역시,서구,34,34,35
신경정신과의원,대전광역시,유성구,17,17,18
신경정신과의원,대전광역시,대덕구,7,7,7
신경정신과의원,울산광역시,중구,5,5,5
신경정신과의원,울산광역시,남구,21,21,21
신경정신과의원,울산광역시,동구,0,0,0
신경정신과의원,울산광역시,북구,0,0,0
신경정신과의원,울산광역시,울주군,0,0,0
신경정신과의원,세종특별자치시,0,18,18,18
신경정신과의원,경기도,수원시 장안구,8,8,8
신경정신과의원,경기도,수원시 권선구,4,4,5
신경정신과의원,경기도,수원시 팔달구,26,26,23
신경정신과의원,경기도,수원시 영통구,21,21,20
신경정신과의원,경기도,성남시 수정구,14,14,13
신경정신과의원,경기도,성남시 중원구,8,8,8
신경정신과의원,경기도,성남시 분당구,56,55,55
신경정신과의원,경기도,의정부시,18,18,17
신경정신과의원,경기도,안양시 만안구,9,9,9
신경정신과의원,경기도,안양시 동안구,21,21,21
신경정신과의원,경기도,부천시 원미구,27,27,28
신경정신과의원,경기도,부천시 소사구,7,7,7
신경정신과의원,경기도,부천시 오정구,0,0,0
신경정신과의원,경기도,광명시,16,16,13
신경정신과의원,경기도,평택시,11,11,11
신경정신과의원,경기도,동두천시,5,5,5
신경정신과의원,경기도,안산시 상록구,4,4,4
신경정신과의원,경기도,안산시 단원구,16,16,15
신경정신과의원,경기도,고양시 덕양구,17,17,17
신경정신과의원,경기도,고양시 일산동구,10,10,10
신경정신과의원,경기도,고양시 일산서구,15,15,16
신경정신과의원,경기도,과천시,6,6,5
신경정신과의원,경기도,구리시,11,11,11
신경정신과의원,경기도,남양주시,19,19,18
신경정신과의원,경기도,오산시,6,6,5
신경정신과의원,경기도,시흥시,15,15,14
신경정신과의원,경기도,군포시,9,9,9
신경정신과의원,경기도,하남시,15,15,15
신경정신과의원,경기도,용인시 처인구,8,8,8
신경정신과의원,경기도,용인시 기흥구,12,12,12
신경정신과의원,경기도,용인시 수지구,14,14,14
신경정신과의원,경기도,파주시,13,13,12
신경정신과의원,경기도,이천시,4,4,4
신경정신과의원,경기도,안성시,5,5,5
신경정신과의원,경기도,김포시,11,11,11
신경정신과의원,경기도,화성시 만세구,4,4,4
신경정신과의원,경기도,화성시 효행구,3,3,3
신경정신과의원,경기도,화성시 병점구,0,0,0
신경정신과의원,경기도,화성시 동탄구,17,16,15
신경정신과의원,경기도,광주시,7,7,6
신경정신과의원,경기도,양주시,4,4,4
신경정신과의원,경기도,포천시,3,3,3
신경정신과의원,경기도,여주시,0,0,0
신경정신과의원,경기도,연천군,0,0,0
신경정신과의원,경기도,가평군,0,0,0
신경정신과의원,경기도,양평군,0,0,0
신경정신과의원,충청북도,청주시 상당구,11,11,12
신경정신과의원,충청북도,청주시 서원구,6,6,7
신경정신과의원,충청북도,청주시 흥덕구,13,13,12
신경정신과의원,충청북도,청주시 청원구,8,8,8
신경정신과의원,충청북도,충주시,6,6,6
신경정신과의원,충청북도,제천시,3,3,3
신경정신과의원,충청북도,옥천군,5,5,5
신경정신과의원,충청북도,영동군,3,3,3
신경정신과의원,충청북도,증평군,0,0,0
신경정신과의원,충청북도,진천군,0,0,0
신경정신과의원,충청북도,음성군,3,3,3
신경정신과의원,충청남도,천안시 동남구,11,11,10
신경정신과의원,충청남도,천안시 서북구,12,12,12
신경정신과의원,충청남도,공주시,5,5,5
신경정신과의원,충청남도,보령시,0,0,0
신경정신과의원,충청남도,아산시,11,11,11
신경정신과의원,충청남도,서산시,5,5,5
신경정신과의원,충청남도,논산시,5,5,5
신경정신과의원,충청남도,당진시,3,3,3
신경정신과의원,충청남도,금산군,0,0,0
신경정신과의원,충청남도,부여군,0,0,0
신경정신과의원,충청남도,서천군,0,0,0
신경정신과의원,충청남도,홍성군,3,3,3
신경정신과의원,충청남도,예산군,0,0,0
신경정신과의원,전라남도,목포시,8,8,8
신경정신과의원,전라남도,여수시,7,7,7
신경정신과의원,전라남도,순천시,16,16,16
신경정신과의원,전라남도,나주시,3,3,3
신경정신과의원,전라남도,광양시,3,3,3
신경정신과의원,전라남도,담양군,0,0,0
신경정신과의원,전라남도,구례군,0,0,0
신경정신과의원,전라남도,고흥군,0,0,0
신경정신과의원,전라남도,장흥군,0,0,0
신경정신과의원,전라남도,강진군,0,0,0
신경정신과의원,전라남도,해남군,0,0,0
신경정신과의원,전라남도,무안군,0,0,0
신경정신과의원,전라남도,함평군,0,0,0
신경정신과의원,전라남도,영광군,0,0,0
신경정신과의원,전라남도,진도군,0,0,0
신경정신과의원,경상북도,포항시 남구,0,0,0
신경정신과의원,경상북도,포항시 북구,11,11,9
신경정신과의원,경상북도,경주시,6,6,6
신경정신과의원,경상북도,김천시,3,3,3
신경정신과의원,경상북도,안동시,4,4,4
신경정신과의원,경상북도,구미시,10,10,10
신경정신과의원,경상북도,영주시,0,0,0
신경정신과의원,경상북도,영천시,0,0,0
신경정신과의원,경상북도,상주시,0,0,0
신경정신과의원,경상북도,문경시,0,0,0
신경정신과의원,경상북도,경산시,11,11,11
신경정신과의원,경상북도,고령군,0,0,0
신경정신과의원,경상북도,칠곡군,0,0,0
신경정신과의원,경상북도,울진군,0,0,0
신경정신과의원,경상남도,창원시 의창구,6,6,6
신경정신과의원,경상남도,창원시 성산구,12,12,12
신경정신과의원,경상남도,창원시 마산합포구,6,6,6
신경정신과의원,경상남도,창원시 마산회원구,9,9,9
신경정신과의원,경상남도,창원시 진해구,4,4,4
신경정신과의원,경상남도,진주시,14,14,13
신경정신과의원,경상남도,통영시,5,5,5
신경정신과의원,경상남도,사천시,0,0,0
신경정신과의원,경상남도,김해시,12,12,11
신경정신과의원,경상남도,밀양시,3,3,3
신경정신과의원,경상남도,거제시,3,3,3
신경정신과의원,경상남도,양산시,10,10,9
신경정신과의원,경상남도,함양군,0,0,0
신경정신과의원,경상남도,거창군,0,0,0
신경정신과의원,제주특별자치도,제주시,28,28,27
신경정신과의원,제주특별자치도,서귀포시,3,3,3
신경정신과의원,강원특별자치도,춘천시,13,13,13
신경정신과의원,강원특별자치도,원주시,13,13,13
신경정신과의원,강원특별자치도,강릉시,9,9,9
신경정신과의원,강원특별자치도,동해시,0,0,0
신경정신과의원,강원특별자치도,태백시,0,0,0
신경정신과의원,강원특별자치도,속초시,0,0,0
신경정신과의원,강원특별자치도,삼척시,0,0,0
신경정신과의원,강원특별자치도,홍천군,0,0,0
신경정신과의원,강원특별자치도,인제군,0,0,0
신경정신과의원,전북특별자치도,전주시 완산구,22,22,23
신경정신과의원,전북특별자치도,전주시 덕진구,18,18,17
신경정신과의원,전북특별자치도,군산시,10,10,10
신경정신과의원,전북특별자치도,익산시,11,11,11
신경정신과의원,전북특별자치도,정읍시,0,0,0
신경정신과의원,전북특별자치도,남원시,4,4,4
신경정신과의원,전북특별자치도,김제시,3,3,3
신경정신과의원,전북특별자치도,완주군,0,0,0
신경정신과의원,전북특별자치도,무주군,0,0,0
신경정신과의원,전북특별자치도,순창군,0,0,0
신경정신과의원,전북특별자치도,고창군,0,0,0
신경정신과의원,전북특별자치도,부안군,0,0,0
안과의원,서울특별시,종로구,12,12,12
안과의원,서울특별시,중구,10,10,9
안과의원,서울특별시,용산구,6,6,6
안과의원,서울특별시,성동구,11,11,10
안과의원,서울특별시,광진구,16,16,15
안과의원,서울특별시,동대문구,18,18,14
안과의원,서울특별시,중랑구,15,15,14
안과의원,서울특별시,성북구,14,14,14
안과의원,서울특별시,강북구,12,12,14
안과의원,서울특별시,도봉구,8,8,11
안과의원,서울특별시,노원구,21,22,22
안과의원,서울특별시,은평구,19,19,19
안과의원,서울특별시,서대문구,14,14,15
안과의원,서울특별시,마포구,17,17,15
안과의원,서울특별시,양천구,13,13,13
안과의원,서울특별시,강서구,25,25,24
안과의원,서울특별시,구로구,18,18,18
안과의원,서울특별시,금천구,9,9,9
안과의원,서울특별시,영등포구,17,17,15
안과의원,서울특별시,동작구,16,16,17
안과의원,서울특별시,관악구,16,16,16
안과의원,서울특별시,서초구,50,50,47
안과의원,서울특별시,강남구,75,75,77
안과의원,서울특별시,송파구,33,33,33
안과의원,서울특별시,강동구,23,23,21
안과의원,부산광역시,중구,3,3,3
안과의원,부산광역시,서구,5,5,5
안과의원,부산광역시,동구,4,4,4
안과의원,부산광역시,영도구,5,5,5
안과의원,부산광역시,부산진구,33,33,32
안과의원,부산광역시,동래구,19,19,19
안과의원,부산광역시,남구,8,8,8
안과의원,부산광역시,북구,9,9,8
안과의원,부산광역시,해운대구,19,19,19
안과의원,부산광역시,사하구,12,12,12
안과의원,부산광역시,금정구,7,7,7
안과의원,부산광역시,강서구,3,3,3
안과의원,부산광역시,연제구,9,9,10
안과의원,부산광역시,수영구,9,9,9
안과의원,부산광역시,사상구,6,6,6
안과의원,부산광역시,기장군,6,6,6
안과의원,대구광역시,중구,19,19,18
안과의원,대구광역시,동구,12,12,12
안과의원,대구광역시,서구,7,7,7
안과의원,대구광역시,남구,7,7,7
안과의원,대구광역시,북구,14,14,14
안과의원,대구광역시,수성구,25,25,24
안과의원,대구광역시,달서구,24,24,24
안과의원,대구광역시,달성군,7,7,7
안과의원,인천광역시,중구,5,5,5
안과의원,인천광역시,동구,0,0,0
안과의원,인천광역시,미추홀구,13,14,12
안과의원,인천광역시,연수구,13,13,12
안과의원,인천광역시,남동구,14,14,14
안과의원,인천광역시,부평구,14,14,15
안과의원,인천광역시,계양구,8,8,9
안과의원,인천광역시,서구,17,17,17
안과의원,인천광역시,강화군,0,0,0
안과의원,광주광역시,동구,6,6,6
안과의원,광주광역시,서구,13,13,13
안과의원,광주광역시,남구,5,5,5
안과의원,광주광역시,북구,10,10,10
안과의원,광주광역시,광산구,7,7,7
안과의원,대전광역시,동구,10,10,10
안과의원,대전광역시,중구,7,7,7
안과의원,대전광역시,서구,17,17,17
안과의원,대전광역시,유성구,11,11,10
안과의원,대전광역시,대덕구,5,5,5
안과의원,울산광역시,중구,5,5,5
안과의원,울산광역시,남구,16,16,16
안과의원,울산광역시,동구,3,3,3
안과의원,울산광역시,북구,4,4,4
안과의원,울산광역시,울주군,5,5,5
안과의원,세종특별자치시,0,7,7,7
안과의원,경기도,수원시 장안구,7,7,7
안과의원,경기도,수원시 권선구,8,8,8
안과의원,경기도,수원시 팔달구,14,13,12
안과의원,경기도,수원시 영통구,12,12,12
안과의원,경기도,성남시 수정구,12,12,13
안과의원,경기도,성남시 중원구,6,6,6
안과의원,경기도,성남시 분당구,20,20,20
안과의원,경기도,의정부시,12,13,14
안과의원,경기도,안양시 만안구,5,5,4
안과의원,경기도,안양시 동안구,14,14,14
안과의원,경기도,부천시 원미구,17,17,17
안과의원,경기도,부천시 소사구,9,9,9
안과의원,경기도,부천시 오정구,5,5,5
안과의원,경기도,광명시,17,17,15
안과의원,경기도,평택시,17,17,17
안과의원,경기도,동두천시,3,3,3
안과의원,경기도,안산시 상록구,6,6,6
안과의원,경기도,안산시 단원구,12,12,12
안과의원,경기도,고양시 덕양구,14,14,14
안과의원,경기도,고양시 일산동구,4,4,4
안과의원,경기도,고양시 일산서구,9,9,9
안과의원,경기도,과천시,4,4,3
안과의원,경기도,구리시,7,7,6
안과의원,경기도,남양주시,23,22,21
안과의원,경기도,오산시,7,7,6
안과의원,경기도,시흥시,12,12,12
안과의원,경기도,군포시,8,8,8
안과의원,경기도,의왕시,4,4,4
안과의원,경기도,하남시,11,11,11
안과의원,경기도,용인시 처인구,6,6,6
안과의원,경기도,용인시 기흥구,10,10,10
안과의원,경기도,용인시 수지구,13,13,11
안과의원,경기도,파주시,11,11,11
안과의원,경기도,이천시,6,6,6
안과의원,경기도,안성시,4,4,4
안과의원,경기도,김포시,13,13,13
안과의원,경기도,화성시 만세구,6,6,5
안과의원,경기도,화성시 효행구,3,3,3
안과의원,경기도,화성시 병점구,4,4,5
안과의원,경기도,화성시 동탄구,12,12,11
안과의원,경기도,광주시,6,6,6
안과의원,경기도,양주시,6,6,6
안과의원,경기도,포천시,4,4,4
안과의원,경기도,여주시,0,0,0
안과의원,경기도,연천군,0,0,0
안과의원,경기도,가평군,0,0,0
안과의원,경기도,양평군,4,4,4
안과의원,충청북도,청주시 상당구,7,7,7
안과의원,충청북도,청주시 서원구,0,0,0
안과의원,충청북도,청주시 흥덕구,6,6,6
안과의원,충청북도,청주시 청원구,5,5,5
안과의원,충청북도,충주시,3,3,4
안과의원,충청북도,제천시,5,5,5
안과의원,충청북도,보은군,0,0,0
안과의원,충청북도,옥천군,0,0,0
안과의원,충청북도,영동군,0,0,0
안과의원,충청북도,증평군,0,0,0
안과의원,충청북도,진천군,0,0,0
안과의원,충청북도,음성군,0,0,0
안과의원,충청남도,천안시 동남구,7,7,7
안과의원,충청남도,천안시 서북구,10,10,10
안과의원,충청남도,공주시,4,4,4
안과의원,충청남도,보령시,0,0,0
안과의원,충청남도,아산시,8,8,8
안과의원,충청남도,서산시,4,4,4
안과의원,충청남도,논산시,3,3,3
안과의원,충청남도,계룡시,0,0,0
안과의원,충청남도,당진시,5,5,5
안과의원,충청남도,금산군,0,0,0
안과의원,충청남도,부여군,0,0,0
안과의원,충청남도,서천군,0,0,0
안과의원,충청남도,홍성군,3,3,3
안과의원,충청남도,예산군,0,0,0
안과의원,충청남도,태안군,0,0,0
안과의원,전라남도,목포시,7,7,7
안과의원,전라남도,여수시,9,9,9
안과의원,전라남도,순천시,7,7,7
안과의원,전라남도,나주시,4,4,4
안과의원,전라남도,광양시,3,3,3
안과의원,전라남도,담양군,0,0,0
안과의원,전라남도,구례군,0,0,0
안과의원,전라남도,고흥군,0,0,0
안과의원,전라남도,보성군,0,0,0
안과의원,전라남도,화순군,0,0,0
안과의원,전라남도,장흥군,0,0,0
안과의원,전라남도,강진군,0,0,0
안과의원,전라남도,해남군,0,0,0
안과의원,전라남도,영암군,0,0,0
안과의원,전라남도,무안군,0,0,0
안과의원,전라남도,영광군,0,0,0
안과의원,전라남도,장성군,0,0,0
안과의원,전라남도,완도군,0,0,0
안과의원,전라남도,진도군,0,0,0
안과의원,경상북도,포항시 남구,6,6,6
안과의원,경상북도,포항시 북구,7,7,7
안과의원,경상북도,경주시,6,6,6
안과의원,경상북도,김천시,3,3,3
안과의원,경상북도,안동시,5,5,5
안과의원,경상북도,구미시,8,8,8
안과의원,경상북도,영주시,4,4,4
안과의원,경상북도,영천시,4,4,4
안과의원,경상북도,상주시,3,3,3
안과의원,경상북도,문경시,0,0,0
안과의원,경상북도,경산시,7,7,7
안과의원,경상북도,의성군,0,0,0
안과의원,경상북도,청송군,0,0,0
안과의원,경상북도,청도군,0,0,0
안과의원,경상북도,고령군,0,0,0
안과의원,경상북도,성주군,0,0,0
안과의원,경상북도,칠곡군,3,3,3
안과의원,경상북도,예천군,0,0,0
안과의원,경상북도,봉화군,0,0,0
안과의원,경상북도,울진군,0,0,0
안과의원,경상남도,창원시 의창구,4,4,3
안과의원,경상남도,창원시 성산구,10,10,10
안과의원,경상남도,창원시 마산합포구,5,5,5
안과의원,경상남도,창원시 마산회원구,6,6,6
안과의원,경상남도,창원시 진해구,5,5,5
안과의원,경상남도,진주시,14,13,13
안과의원,경상남도,통영시,4,4,4
안과의원,경상남도,사천시,3,3,3
안과의원,경상남도,김해시,15,15,15
안과의원,경상남도,밀양시,5,5,5
안과의원,경상남도,거제시,4,4,4
안과의원,경상남도,양산시,10,10,10
안과의원,경상남도,함안군,0,0,0
안과의원,경상남도,창녕군,0,0,0
안과의원,경상남도,고성군,0,0,0
안과의원,경상남도,남해군,0,0,0
안과의원,경상남도,하동군,0,0,0
안과의원,경상남도,산청군,0,0,0
안과의원,경상남도,함양군,0,0,0
안과의원,경상남도,거창군,0,0,0
안과의원,경상남도,합천군,0,0,0
안과의원,제주특별자치도,제주시,18,18,18
안과의원,제주특별자치도,서귀포시,4,4,4
안과의원,강원특별자치도,춘천시,11,11,11
안과의원,강원특별자치도,원주시,11,11,10
안과의원,강원특별자치도,강릉시,8,8,8
안과의원,강원특별자치도,동해시,0,0,0
안과의원,강원특별자치도,태백시,0,0,0
안과의원,강원특별자치도,속초시,4,4,4
안과의원,강원특별자치도,삼척시,0,0,0
안과의원,강원특별자치도,홍천군,0,0,0
안과의원,강원특별자치도,횡성군,0,0,0
안과의원,강원특별자치도,영월군,0,0,0
안과의원,강원특별자치도,철원군,0,0,0
안과의원,전북특별자치도,전주시 완산구,15,15,15
안과의원,전북특별자치도,전주시 덕진구,11,11,11
안과의원,전북특별자치도,군산시,10,10,10
안과의원,전북특별자치도,익산시,6,6,6
안과의원,전북특별자치도,정읍시,3,3,3
안과의원,전북특별자치도,남원시,4,4,4
안과의원,전북특별자치도,김제시,3,3,3
안과의원,전북특별자치도,완주군,0,0,0
안과의원,전북특별자치도,진안군,0,0,0
안과의원,전북특별자치도,무주군,0,0,0
안과의원,전북특별자치도,순창군,0,0,0
안과의원,전북특별자치도,고창군,0,0,0
안과의원,전북특별자치도,부안군,0,0,0
이비인후과의원,서울특별시,종로구,16,16,16
이비인후과의원,서울특별시,중구,26,26,25
이비인후과의원,서울특별시,용산구,9,9,9
이비인후과의원,서울특별시,성동구,21,21,21
이비인후과의원,서울특별시,광진구,29,29,29
이비인후과의원,서울특별시,동대문구,26,26,23
이비인후과의원,서울특별시,중랑구,29,29,29
이비인후과의원,서울특별시,성북구,23,23,23
이비인후과의원,서울특별시,강북구,21,21,20
이비인후과의원,서울특별시,도봉구,16,16,16
이비인후과의원,서울특별시,노원구,35,35,34
이비인후과의원,서울특별시,은평구,26,26,27
이비인후과의원,서울특별시,서대문구,19,19,19
이비인후과의원,서울특별시,마포구,34,34,33
이비인후과의원,서울특별시,양천구,32,31,31
이비인후과의원,서울특별시,강서구,45,45,44
이비인후과의원,서울특별시,구로구,24,24,24
이비인후과의원,서울특별시,금천구,15,15,15
이비인후과의원,서울특별시,영등포구,37,37,37
이비인후과의원,서울특별시,동작구,32,32,32
이비인후과의원,서울특별시,관악구,27,27,26
이비인후과의원,서울특별시,서초구,40,40,42
이비인후과의원,서울특별시,강남구,85,85,83
이비인후과의원,서울특별시,송파구,54,54,49
이비인후과의원,서울특별시,강동구,45,44,43
이비인후과의원,부산광역시,중구,5,5,5
이비인후과의원,부산광역시,서구,6,6,6
이비인후과의원,부산광역시,동구,6,6,6
이비인후과의원,부산광역시,영도구,6,6,6
이비인후과의원,부산광역시,부산진구,25,25,24
이비인후과의원,부산광역시,동래구,18,18,17
이비인후과의원,부산광역시,남구,20,20,19
이비인후과의원,부산광역시,북구,14,14,14
이비인후과의원,부산광역시,해운대구,26,26,25
이비인후과의원,부산광역시,사하구,18,18,18
이비인후과의원,부산광역시,금정구,16,16,16
이비인후과의원,부산광역시,강서구,6,6,6
이비인후과의원,부산광역시,연제구,15,15,15
이비인후과의원,부산광역시,수영구,9,9,9
이비인후과의원,부산광역시,사상구,11,11,11
이비인후과의원,부산광역시,기장군,8,8,8
이비인후과의원,대구광역시,중구,17,17,16
이비인후과의원,대구광역시,동구,19,19,19
이비인후과의원,대구광역시,서구,9,9,9
이비인후과의원,대구광역시,남구,8,8,8
이비인후과의원,대구광역시,북구,26,26,26
이비인후과의원,대구광역시,수성구,35,36,35
이비인후과의원,대구광역시,달서구,43,43,43
이비인후과의원,대구광역시,달성군,15,15,15
이비인후과의원,인천광역시,중구,6,6,6
이비인후과의원,인천광역시,동구,4,4,4
이비인후과의원,인천광역시,미추홀구,20,21,19
이비인후과의원,인천광역시,연수구,26,26,26
이비인후과의원,인천광역시,남동구,33,33,31
이비인후과의원,인천광역시,부평구,27,27,27
이비인후과의원,인천광역시,계양구,15,15,16
이비인후과의원,인천광역시,서구,31,31,32
이비인후과의원,인천광역시,강화군,0,0,0
이비인후과의원,광주광역시,동구,12,12,12
이비인후과의원,광주광역시,서구,16,16,16
이비인후과의원,광주광역시,남구,14,14,14
이비인후과의원,광주광역시,북구,19,19,20
이비인후과의원,광주광역시,광산구,20,20,20
이비인후과의원,대전광역시,동구,12,12,12
이비인후과의원,대전광역시,중구,12,12,12
이비인후과의원,대전광역시,서구,26,26,26
이비인후과의원,대전광역시,유성구,19,19,19
이비인후과의원,대전광역시,대덕구,10,10,10
이비인후과의원,울산광역시,중구,8,8,8
이비인후과의원,울산광역시,남구,19,19,19
이비인후과의원,울산광역시,동구,6,6,6
이비인후과의원,울산광역시,북구,10,10,9
이비인후과의원,울산광역시,울주군,8,8,8
이비인후과의원,세종특별자치시,0,18,18,18
이비인후과의원,경기도,수원시 장안구,14,14,14
이비인후과의원,경기도,수원시 권선구,17,17,16
이비인후과의원,경기도,수원시 팔달구,17,17,16
이비인후과의원,경기도,수원시 영통구,23,23,23
이비인후과의원,경기도,성남시 수정구,25,25,25
이비인후과의원,경기도,성남시 중원구,15,15,15
이비인후과의원,경기도,성남시 분당구,49,49,46
이비인후과의원,경기도,의정부시,25,25,26
이비인후과의원,경기도,안양시 만안구,11,11,11
이비인후과의원,경기도,안양시 동안구,25,25,25
이비인후과의원,경기도,부천시 원미구,25,25,26
이비인후과의원,경기도,부천시 소사구,10,10,10
이비인후과의원,경기도,부천시 오정구,7,7,7
이비인후과의원,경기도,광명시,23,23,22
이비인후과의원,경기도,평택시,22,22,22
이비인후과의원,경기도,동두천시,4,4,4
이비인후과의원,경기도,안산시 상록구,11,11,10
이비인후과의원,경기도,안산시 단원구,15,15,15
이비인후과의원,경기도,고양시 덕양구,33,33,32
이비인후과의원,경기도,고양시 일산동구,15,15,15
이비인후과의원,경기도,고양시 일산서구,19,19,19
이비인후과의원,경기도,과천시,7,8,9
이비인후과의원,경기도,구리시,15,15,15
이비인후과의원,경기도,남양주시,43,43,38
이비인후과의원,경기도,오산시,11,11,11
이비인후과의원,경기도,시흥시,27,27,28
이비인후과의원,경기도,군포시,15,15,16
이비인후과의원,경기도,의왕시,11,11,10
이비인후과의원,경기도,하남시,23,23,22
이비인후과의원,경기도,용인시 처인구,13,13,11
이비인후과의원,경기도,용인시 기흥구,22,22,22
이비인후과의원,경기도,용인시 수지구,26,26,25
이비인후과의원,경기도,파주시,23,23,21
이비인후과의원,경기도,이천시,7,7,6
이비인후과의원,경기도,안성시,9,9,9
이비인후과의원,경기도,김포시,27,27,27
이비인후과의원,경기도,화성시 만세구,9,9,9
이비인후과의원,경기도,화성시 효행구,6,6,6
이비인후과의원,경기도,화성시 병점구,7,7,10
이비인후과의원,경기도,화성시 동탄구,27,27,24
이비인후과의원,경기도,광주시,11,11,12
이비인후과의원,경기도,양주시,13,13,13
이비인후과의원,경기도,포천시,4,4,4
이비인후과의원,경기도,여주시,3,3,3
이비인후과의원,경기도,연천군,0,0,0
이비인후과의원,경기도,양평군,0,0,0
이비인후과의원,충청북도,청주시 상당구,8,8,8
이비인후과의원,충청북도,청주시 서원구,9,9,9
이비인후과의원,충청북도,청주시 흥덕구,12,12,11
이비인후과의원,충청북도,청주시 청원구,8,8,8
이비인후과의원,충청북도,충주시,8,8,8
이비인후과의원,충청북도,제천시,6,6,6
이비인후과의원,충청북도,옥천군,0,0,0
이비인후과의원,충청북도,영동군,0,0,0
이비인후과의원,충청북도,증평군,0,0,0
이비인후과의원,충청북도,진천군,0,0,0
이비인후과의원,충청북도,음성군,3,3,3
이비인후과의원,충청남도,천안시 동남구,7,7,7
이비인후과의원,충청남도,천안시 서북구,16,16,15
이비인후과의원,충청남도,공주시,4,4,4
이비인후과의원,충청남도,보령시,3,3,3
이비인후과의원,충청남도,아산시,9,9,9
이비인후과의원,충청남도,서산시,4,4,4
이비인후과의원,충청남도,논산시,6,6,6
이비인후과의원,충청남도,계룡시,3,3,3
이비인후과의원,충청남도,당진시,0,0,0
이비인후과의원,충청남도,금산군,0,0,0
이비인후과의원,충청남도,부여군,0,0,0
이비인후과의원,충청남도,서천군,0,0,0
이비인후과의원,충청남도,홍성군,4,4,3
이비인후과의원,충청남도,예산군,0,0,0
이비인후과의원,충청남도,태안군,0,0,0
이비인후과의원,전라남도,목포시,7,7,8
이비인후과의원,전라남도,여수시,13,13,13
이비인후과의원,전라남도,순천시,10,10,10
이비인후과의원,전라남도,나주시,5,5,5
이비인후과의원,전라남도,광양시,3,3,3
이비인후과의원,전라남도,담양군,0,0,0
이비인후과의원,전라남도,고흥군,0,0,0
이비인후과의원,전라남도,화순군,3,3,3
이비인후과의원,전라남도,장흥군,0,0,0
이비인후과의원,전라남도,강진군,0,0,0
이비인후과의원,전라남도,해남군,0,0,0
이비인후과의원,전라남도,무안군,0,0,0
이비인후과의원,전라남도,영광군,0,0,0
이비인후과의원,전라남도,완도군,0,0,0
이비인후과의원,경상북도,포항시 남구,6,6,6
이비인후과의원,경상북도,포항시 북구,13,13,13
이비인후과의원,경상북도,경주시,5,5,5
이비인후과의원,경상북도,김천시,4,4,4
이비인후과의원,경상북도,안동시,3,3,3
이비인후과의원,경상북도,구미시,19,19,19
이비인후과의원,경상북도,영주시,4,4,4
이비인후과의원,경상북도,영천시,4,4,4
이비인후과의원,경상북도,상주시,0,0,0
이비인후과의원,경상북도,문경시,3,3,3
이비인후과의원,경상북도,경산시,18,18,19
이비인후과의원,경상북도,청도군,0,0,0
이비인후과의원,경상북도,칠곡군,4,4,4
이비인후과의원,경상북도,예천군,0,0,0
이비인후과의원,경상남도,창원시 의창구,9,9,9
이비인후과의원,경상남도,창원시 성산구,14,14,13
이비인후과의원,경상남도,창원시 마산합포구,7,7,7
이비인후과의원,경상남도,창원시 마산회원구,8,8,8
이비인후과의원,경상남도,창원시 진해구,11,11,11
이비인후과의원,경상남도,진주시,14,14,14
이비인후과의원,경상남도,통영시,3,3,3
이비인후과의원,경상남도,사천시,3,3,3
이비인후과의원,경상남도,김해시,25,26,26
이비인후과의원,경상남도,밀양시,3,3,3
이비인후과의원,경상남도,거제시,7,7,7
이비인후과의원,경상남도,양산시,18,19,19
이비인후과의원,경상남도,함안군,0,0,0
이비인후과의원,경상남도,창녕군,0,0,0
이비인후과의원,경상남도,고성군,0,0,0
이비인후과의원,경상남도,거창군,0,0,0
이비인후과의원,경상남도,합천군,0,0,0
이비인후과의원,제주특별자치도,제주시,24,24,23
이비인후과의원,제주특별자치도,서귀포시,7,7,7
이비인후과의원,강원특별자치도,춘천시,10,10,10
이비인후과의원,강원특별자치도,원주시,17,17,17
이비인후과의원,강원특별자치도,강릉시,8,8,8
이비인후과의원,강원특별자치도,동해시,4,4,4
이비인후과의원,강원특별자치도,태백시,0,0,0
이비인후과의원,강원특별자치도,속초시,3,3,3
이비인후과의원,강원특별자치도,삼척시,0,0,0
이비인후과의원,강원특별자치도,홍천군,0,0,0
이비인후과의원,강원특별자치도,철원군,0,0,0
이비인후과의원,전북특별자치도,전주시 완산구,17,17,16
이비인후과의원,전북특별자치도,전주시 덕진구,18,18,19
이비인후과의원,전북특별자치도,군산시,14,14,14
이비인후과의원,전북특별자치도,익산시,13,13,13
이비인후과의원,전북특별자치도,정읍시,4,4,5
이비인후과의원,전북특별자치도,남원시,4,4,4
이비인후과의원,전북특별자치도,김제시,3,3,3
이비인후과의원,전북특별자치도,완주군,0,0,0
이비인후과의원,전북특별자치도,순창군,0,0,0
이비인후과의원,전북특별자치도,고창군,0,0,0
이비인후과의원,전북특별자치도,부안군,0,0,0
일반외과의원,서울특별시,종로구,26,26,28
일반외과의원,서울특별시,중구,32,32,31
일반외과의원,서울특별시,용산구,19,19,18
일반외과의원,서울특별시,성동구,37,37,34
일반외과의원,서울특별시,광진구,54,54,53
일반외과의원,서울특별시,동대문구,58,58,57
일반외과의원,서울특별시,중랑구,61,61,58
일반외과의원,서울특별시,성북구,44,43,41
일반외과의원,서울특별시,강북구,49,50,48
일반외과의원,서울특별시,도봉구,36,36,35
일반외과의원,서울특별시,노원구,59,59,61
일반외과의원,서울특별시,은평구,55,55,53
일반외과의원,서울특별시,서대문구,40,41,41
일반외과의원,서울특별시,마포구,53,53,53
일반외과의원,서울특별시,양천구,60,59,59
일반외과의원,서울특별시,강서구,82,82,79
일반외과의원,서울특별시,구로구,49,49,47
일반외과의원,서울특별시,금천구,33,34,32
일반외과의원,서울특별시,영등포구,64,63,61
일반외과의원,서울특별시,동작구,49,47,45
일반외과의원,서울특별시,관악구,63,63,60
일반외과의원,서울특별시,서초구,96,97,92
일반외과의원,서울특별시,강남구,154,157,158
일반외과의원,서울특별시,송파구,110,106,102
일반외과의원,서울특별시,강동구,77,77,75
일반외과의원,부산광역시,중구,14,14,14
일반외과의원,부산광역시,서구,8,8,8
일반외과의원,부산광역시,동구,11,11,10
일반외과의원,부산광역시,영도구,10,10,9
일반외과의원,부산광역시,부산진구,57,57,57
일반외과의원,부산광역시,동래구,31,32,29
일반외과의원,부산광역시,남구,26,26,27
일반외과의원,부산광역시,북구,26,26,27
일반외과의원,부산광역시,해운대구,56,55,53
일반외과의원,부산광역시,사하구,33,32,32
일반외과의원,부산광역시,금정구,28,28,30
일반외과의원,부산광역시,강서구,8,9,8
일반외과의원,부산광역시,연제구,35,34,35
일반외과의원,부산광역시,수영구,27,27,26
일반외과의원,부산광역시,사상구,22,22,22
일반외과의원,부산광역시,기장군,13,13,14
일반외과의원,대구광역시,중구,33,33,31
일반외과의원,대구광역시,동구,42,42,42
일반외과의원,대구광역시,서구,30,30,30
일반외과의원,대구광역시,남구,28,28,28
일반외과의원,대구광역시,북구,52,52,50
일반외과의원,대구광역시,수성구,73,73,73
일반외과의원,대구광역시,달서구,78,78,78
일반외과의원,대구광역시,달성군,24,24,22
일반외과의원,대구광역시,군위군,0,0,0
일반외과의원,인천광역시,중구,10,10,11
일반외과의원,인천광역시,동구,11,11,11
일반외과의원,인천광역시,미추홀구,48,48,47
일반외과의원,인천광역시,연수구,43,43,40
일반외과의원,인천광역시,남동구,66,66,68
일반외과의원,인천광역시,부평구,67,67,63
일반외과의원,인천광역시,계양구,32,32,31
일반외과의원,인천광역시,서구,63,63,55
일반외과의원,인천광역시,강화군,5,5,5
일반외과의원,광주광역시,동구,13,13,13
일반외과의원,광주광역시,서구,28,28,25
일반외과의원,광주광역시,남구,23,23,23
일반외과의원,광주광역시,북구,36,36,38
일반외과의원,광주광역시,광산구,26,26,28
일반외과의원,대전광역시,동구,25,25,26
일반외과의원,대전광역시,중구,28,28,27
일반외과의원,대전광역시,서구,61,61,60
일반외과의원,대전광역시,유성구,31,31,33
일반외과의원,대전광역시,대덕구,12,12,12
일반외과의원,울산광역시,중구,13,13,12
일반외과의원,울산광역시,남구,35,35,36
일반외과의원,울산광역시,동구,16,16,16
일반외과의원,울산광역시,북구,11,11,11
일반외과의원,울산광역시,울주군,12,12,13
일반외과의원,세종특별자치시,0,41,41,40
일반외과의원,경기도,수원시 장안구,33,33,31
일반외과의원,경기도,수원시 권선구,32,32,31
일반외과의원,경기도,수원시 팔달구,48,48,47
일반외과의원,경기도,수원시 영통구,38,37,38
일반외과의원,경기도,성남시 수정구,49,49,48
일반외과의원,경기도,성남시 중원구,27,27,30
일반외과의원,경기도,성남시 분당구,78,79,78
일반외과의원,경기도,의정부시,65,65,63
일반외과의원,경기도,안양시 만안구,28,28,26
일반외과의원,경기도,안양시 동안구,47,46,46
일반외과의원,경기도,부천시 원미구,63,64,61
일반외과의원,경기도,부천시 소사구,26,26,27
일반외과의원,경기도,부천시 오정구,21,21,21
일반외과의원,경기도,광명시,51,51,46
일반외과의원,경기도,평택시,51,50,48
일반외과의원,경기도,동두천시,7,7,8
일반외과의원,경기도,안산시 상록구,23,23,24
일반외과의원,경기도,안산시 단원구,46,46,46
일반외과의원,경기도,고양시 덕양구,57,58,57
일반외과의원,경기도,고양시 일산동구,26,26,24
일반외과의원,경기도,고양시 일산서구,33,33,33
일반외과의원,경기도,과천시,7,7,5
일반외과의원,경기도,구리시,35,35,35
일반외과의원,경기도,남양주시,65,65,63
일반외과의원,경기도,오산시,23,23,21
일반외과의원,경기도,시흥시,54,54,56
일반외과의원,경기도,군포시,29,29,28
일반외과의원,경기도,의왕시,12,12,11
일반외과의원,경기도,하남시,36,35,35
일반외과의원,경기도,용인시 처인구,16,16,16
일반외과의원,경기도,용인시 기흥구,35,36,35
일반외과의원,경기도,용인시 수지구,37,37,35
일반외과의원,경기도,파주시,40,40,38
일반외과의원,경기도,이천시,25,25,23
일반외과의원,경기도,안성시,12,12,11
일반외과의원,경기도,김포시,53,53,55
일반외과의원,경기도,화성시 만세구,19,19,19
일반외과의원,경기도,화성시 효행구,12,12,11
일반외과의원,경기도,화성시 병점구,17,16,18
일반외과의원,경기도,화성시 동탄구,42,42,35
일반외과의원,경기도,광주시,32,32,32
일반외과의원,경기도,양주시,25,25,24
일반외과의원,경기도,포천시,16,16,15
일반외과의원,경기도,여주시,14,14,14
일반외과의원,경기도,연천군,4,4,3
일반외과의원,경기도,가평군,10,10,9
일반외과의원,경기도,양평군,6,6,6
일반외과의원,충청북도,청주시 상당구,21,21,21
일반외과의원,충청북도,청주시 서원구,16,16,17
일반외과의원,충청북도,청주시 흥덕구,30,31,28
일반외과의원,충청북도,청주시 청원구,18,18,18
일반외과의원,충청북도,충주시,27,27,29
일반외과의원,충청북도,제천시,19,19,19
일반외과의원,충청북도,보은군,3,3,3
일반외과의원,충청북도,옥천군,7,7,8
일반외과의원,충청북도,영동군,4,4,4
일반외과의원,충청북도,증평군,3,3,3
일반외과의원,충청북도,진천군,6,6,6
일반외과의원,충청북도,괴산군,0,0,0
일반외과의원,충청북도,음성군,13,13,13
일반외과의원,충청북도,단양군,4,4,4
일반외과의원,충청남도,천안시 동남구,22,22,20
일반외과의원,충청남도,천안시 서북구,34,34,35
일반외과의원,충청남도,공주시,13,13,13
일반외과의원,충청남도,보령시,18,18,18
일반외과의원,충청남도,아산시,28,28,28
일반외과의원,충청남도,서산시,15,15,16
일반외과의원,충청남도,논산시,18,18,19
일반외과의원,충청남도,계룡시,0,0,0
일반외과의원,충청남도,당진시,14,15,16
일반외과의원,충청남도,금산군,4,4,4
일반외과의원,충청남도,부여군,9,9,9
일반외과의원,충청남도,서천군,8,8,8
일반외과의원,충청남도,청양군,0,0,0
일반외과의원,충청남도,홍성군,10,10,10
일반외과의원,충청남도,예산군,7,7,7
일반외과의원,충청남도,태안군,6,6,6
일반외과의원,전라남도,목포시,29,29,27
일반외과의원,전라남도,여수시,25,25,28
일반외과의원,전라남도,순천시,17,17,19
일반외과의원,전라남도,나주시,6,6,5
일반외과의원,전라남도,광양시,13,13,13
일반외과의원,전라남도,담양군,5,5,5
일반외과의원,전라남도,곡성군,0,0,0
일반외과의원,전라남도,구례군,0,0,0
일반외과의원,전라남도,고흥군,6,6,7
일반외과의원,전라남도,보성군,0,0,0
일반외과의원,전라남도,화순군,4,4,4
일반외과의원,전라남도,장흥군,3,3,3
일반외과의원,전라남도,강진군,0,0,0
일반외과의원,전라남도,해남군,3,3,3
일반외과의원,전라남도,영암군,5,5,5
일반외과의원,전라남도,무안군,7,6,6
일반외과의원,전라남도,함평군,0,0,0
일반외과의원,전라남도,영광군,6,6,5
일반외과의원,전라남도,장성군,4,4,5
일반외과의원,전라남도,완도군,0,0,0
일반외과의원,전라남도,진도군,0,0,0
일반외과의원,전라남도,신안군,0,0,0
일반외과의원,경상북도,포항시 남구,24,24,23
일반외과의원,경상북도,포항시 북구,28,28,28
일반외과의원,경상북도,경주시,18,18,17
일반외과의원,경상북도,김천시,7,7,7
일반외과의원,경상북도,안동시,17,17,16
일반외과의원,경상북도,구미시,36,36,32
일반외과의원,경상북도,영주시,6,6,7
일반외과의원,경상북도,영천시,18,18,18
일반외과의원,경상북도,상주시,11,11,11
일반외과의원,경상북도,문경시,6,6,8
일반외과의원,경상북도,경산시,30,30,30
일반외과의원,경상북도,의성군,9,9,8
일반외과의원,경상북도,청송군,0,0,0
일반외과의원,경상북도,영덕군,4,4,4
일반외과의원,경상북도,청도군,3,3,3
일반외과의원,경상북도,고령군,4,4,4
일반외과의원,경상북도,성주군,5,5,5
일반외과의원,경상북도,칠곡군,10,10,10
일반외과의원,경상북도,예천군,3,3,0
일반외과의원,경상북도,울진군,0,0,0
일반외과의원,경상남도,창원시 의창구,16,16,16
일반외과의원,경상남도,창원시 성산구,19,19,17
일반외과의원,경상남도,창원시 마산합포구,21,21,23
일반외과의원,경상남도,창원시 마산회원구,18,18,18
일반외과의원,경상남도,창원시 진해구,11,11,10
일반외과의원,경상남도,진주시,29,29,29
일반외과의원,경상남도,통영시,8,8,10
일반외과의원,경상남도,사천시,9,9,9
일반외과의원,경상남도,김해시,41,41,40
일반외과의원,경상남도,밀양시,9,9,9
일반외과의원,경상남도,거제시,15,15,15
일반외과의원,경상남도,양산시,29,29,30
일반외과의원,경상남도,의령군,3,3,3
일반외과의원,경상남도,함안군,0,0,0
일반외과의원,경상남도,창녕군,7,7,7
일반외과의원,경상남도,고성군,0,0,0
일반외과의원,경상남도,남해군,4,4,4
일반외과의원,경상남도,하동군,0,0,0
일반외과의원,경상남도,산청군,0,0,0
일반외과의원,경상남도,함양군,5,5,5
일반외과의원,경상남도,거창군,8,8,8
일반외과의원,경상남도,합천군,0,0,0
일반외과의원,제주특별자치도,제주시,67,67,65
일반외과의원,제주특별자치도,서귀포시,17,17,16
일반외과의원,강원특별자치도,춘천시,35,35,35
일반외과의원,강원특별자치도,원주시,44,43,43
일반외과의원,강원특별자치도,강릉시,19,19,19
일반외과의원,강원특별자치도,동해시,8,8,8
일반외과의원,강원특별자치도,태백시,5,5,5
일반외과의원,강원특별자치도,속초시,11,11,10
일반외과의원,강원특별자치도,삼척시,7,7,7
일반외과의원,강원특별자치도,홍천군,6,6,6
일반외과의원,강원특별자치도,횡성군,3,3,0
일반외과의원,강원특별자치도,영월군,3,3,3
일반외과의원,강원특별자치도,평창군,0,0,0
일반외과의원,강원특별자치도,정선군,0,0,0
일반외과의원,강원특별자치도,철원군,3,3,3
일반외과의원,강원특별자치도,화천군,0,0,0
일반외과의원,강원특별자치도,양구군,0,0,0
일반외과의원,강원특별자치도,고성군,0,0,0
일반외과의원,강원특별자치도,양양군,0,0,0
일반외과의원,전북특별자치도,전주시 완산구,44,44,42
일반외과의원,전북특별자치도,전주시 덕진구,26,26,27
일반외과의원,전북특별자치도,군산시,28,28,28
일반외과의원,전북특별자치도,익산시,28,28,29
일반외과의원,전북특별자치도,정읍시,14,14,14
일반외과의원,전북특별자치도,남원시,11,11,11
일반외과의원,전북특별자치도,김제시,8,8,8
일반외과의원,전북특별자치도,완주군,7,7,6
일반외과의원,전북특별자치도,진안군,3,3,3
일반외과의원,전북특별자치도,무주군,3,3,4
일반외과의원,전북특별자치도,임실군,0,0,0
일반외과의원,전북특별자치도,순창군,0,0,0
일반외과의원,전북특별자치도,고창군,3,3,3
일반외과의원,전북특별자치도,부안군,7,7,7
종합병원,서울특별시,종로구,13,13,13
종합병원,서울특별시,중구,8,8,8
종합병원,서울특별시,용산구,5,5,5
종합병원,서울특별시,성동구,11,11,11
종합병원,서울특별시,광진구,7,7,7
종합병원,서울특별시,동대문구,23,23,26
종합병원,서울특별시,중랑구,21,21,22
종합병원,서울특별시,성북구,17,17,17
종합병원,서울특별시,강북구,14,14,14
종합병원,서울특별시,도봉구,17,17,18
종합병원,서울특별시,노원구,19,19,19
종합병원,서울특별시,은평구,18,18,18
종합병원,서울특별시,서대문구,14,14,13
종합병원,서울특별시,마포구,10,10,9
종합병원,서울특별시,양천구,9,9,9
종합병원,서울특별시,강서구,27,27,26
종합병원,서울특별시,구로구,21,21,22
종합병원,서울특별시,금천구,14,14,14
종합병원,서울특별시,영등포구,28,28,28
종합병원,서울특별시,동작구,7,7,7
종합병원,서울특별시,관악구,13,13,13
종합병원,서울특별시,서초구,21,21,19
종합병원,서울특별시,강남구,45,45,44
종합병원,서울특별시,송파구,32,32,33
종합병원,서울특별시,강동구,20,20,18
종합병원,부산광역시,중구,5,5,5
종합병원,부산광역시,서구,12,12,13
종합병원,부산광역시,동구,10,11,11
종합병원,부산광역시,영도구,10,10,10
종합병원,부산광역시,부산진구,30,30,31
종합병원,부산광역시,동래구,39,39,38
종합병원,부산광역시,남구,14,15,15
종합병원,부산광역시,북구,23,23,24
종합병원,부산광역시,해운대구,27,27,27
종합병원,부산광역시,사하구,44,43,44
종합병원,부산광역시,금정구,31,31,30
종합병원,부산광역시,강서구,8,8,8
종합병원,부산광역시,연제구,24,24,24
종합병원,부산광역시,수영구,17,17,17
종합병원,부산광역시,사상구,27,27,27
종합병원,부산광역시,기장군,10,11,10
종합병원,대구광역시,중구,16,16,16
종합병원,대구광역시,동구,20,20,20
종합병원,대구광역시,서구,25,26,25
종합병원,대구광역시,남구,18,18,21
종합병원,대구광역시,북구,35,35,35
종합병원,대구광역시,수성구,24,24,25
종합병원,대구광역시,달서구,43,43,42
종합병원,대구광역시,달성군,14,13,16
종합병원,인천광역시,중구,9,9,9
종합병원,인천광역시,동구,3,3,3
종합병원,인천광역시,미추홀구,30,30,30
종합병원,인천광역시,연수구,12,12,11
종합병원,인천광역시,남동구,34,34,35
종합병원,인천광역시,부평구,17,17,18
종합병원,인천광역시,계양구,14,14,14
종합병원,인천광역시,서구,32,32,30
종합병원,인천광역시,강화군,5,5,6
종합병원,인천광역시,옹진군,0,0,0
종합병원,광주광역시,동구,22,22,21
종합병원,광주광역시,서구,35,35,38
종합병원,광주광역시,남구,30,30,29
종합병원,광주광역시,북구,54,54,55
종합병원,광주광역시,광산구,43,43,41
종합병원,대전광역시,동구,18,18,20
종합병원,대전광역시,중구,19,19,19
종합병원,대전광역시,서구,32,32,32
종합병원,대전광역시,유성구,20,19,20
종합병원,대전광역시,대덕구,11,11,11
종합병원,울산광역시,중구,13,13,13
종합병원,울산광역시,남구,42,42,42
종합병원,울산광역시,동구,4,4,4
종합병원,울산광역시,북구,14,14,13
종합병원,울산광역시,울주군,20,20,19
종합병원,세종특별자치시,0,12,12,12
종합병원,경기도,수원시 장안구,18,18,18
종합병원,경기도,수원시 권선구,13,13,13
종합병원,경기도,수원시 팔달구,23,23,20
종합병원,경기도,수원시 영통구,19,19,18
종합병원,경기도,성남시 수정구,14,14,14
종합병원,경기도,성남시 중원구,9,9,9
종합병원,경기도,성남시 분당구,20,20,21
종합병원,경기도,의정부시,30,30,31
종합병원,경기도,안양시 만안구,11,11,11
종합병원,경기도,안양시 동안구,10,10,9
종합병원,경기도,부천시 원미구,24,24,24
종합병원,경기도,부천시 소사구,11,11,11
종합병원,경기도,부천시 오정구,10,10,10
종합병원,경기도,광명시,13,13,14
종합병원,경기도,평택시,30,30,30
종합병원,경기도,동두천시,6,6,6
종합병원,경기도,안산시 상록구,15,15,15
종합병원,경기도,안산시 단원구,26,26,26
종합병원,경기도,고양시 덕양구,18,18,17
종합병원,경기도,고양시 일산동구,30,31,33
종합병원,경기도,고양시 일산서구,12,12,11
종합병원,경기도,구리시,12,13,12
종합병원,경기도,남양주시,34,34,35
종합병원,경기도,오산시,14,14,13
종합병원,경기도,시흥시,25,25,24
종합병원,경기도,군포시,12,13,12
종합병원,경기도,의왕시,9,9,8
종합병원,경기도,하남시,17,18,18
종합병원,경기도,용인시 처인구,13,13,13
종합병원,경기도,용인시 기흥구,21,20,21
종합병원,경기도,용인시 수지구,14,14,15
종합병원,경기도,파주시,34,34,35
종합병원,경기도,이천시,15,15,16
종합병원,경기도,안성시,13,13,13
종합병원,경기도,김포시,23,23,23
종합병원,경기도,화성시,0,0,0
종합병원,경기도,화성시 만세구,17,17,18
종합병원,경기도,화성시 효행구,0,0,0
종합병원,경기도,화성시 병점구,6,6,8
종합병원,경기도,화성시 동탄구,7,7,3
종합병원,경기도,광주시,12,12,13
종합병원,경기도,양주시,12,12,15
종합병원,경기도,포천시,13,13,12
종합병원,경기도,여주시,10,10,10
종합병원,경기도,연천군,0,0,0
종합병원,경기도,가평군,7,7,7
종합병원,경기도,양평군,9,9,9
종합병원,충청북도,청주시 상당구,8,8,7
종합병원,충청북도,청주시 서원구,14,15,14
종합병원,충청북도,청주시 흥덕구,14,14,14
종합병원,충청북도,청주시 청원구,13,12,11
종합병원,충청북도,충주시,12,12,12
종합병원,충청북도,제천시,8,8,8
종합병원,충청북도,보은군,5,5,5
종합병원,충청북도,옥천군,4,4,3
종합병원,충청북도,영동군,3,3,3
종합병원,충청북도,증평군,3,3,3
종합병원,충청북도,진천군,4,4,4
종합병원,충청북도,괴산군,4,5,6
종합병원,충청북도,음성군,7,7,6
종합병원,충청북도,단양군,0,0,0
종합병원,충청남도,천안시 동남구,17,17,17
종합병원,충청남도,천안시 서북구,24,24,25
종합병원,충청남도,공주시,11,11,11
종합병원,충청남도,보령시,7,7,7
종합병원,충청남도,아산시,17,17,19
종합병원,충청남도,서산시,7,7,7
종합병원,충청남도,논산시,13,13,13
종합병원,충청남도,계룡시,0,0,0
종합병원,충청남도,당진시,10,11,11
종합병원,충청남도,금산군,0,0,0
종합병원,충청남도,부여군,7,7,6
종합병원,충청남도,서천군,4,4,5
종합병원,충청남도,청양군,3,3,3
종합병원,충청남도,홍성군,6,6,6
종합병원,충청남도,예산군,4,4,4
종합병원,충청남도,태안군,0,0,0
종합병원,전라남도,목포시,30,30,30
종합병원,전라남도,여수시,22,22,23
종합병원,전라남도,순천시,35,35,34
종합병원,전라남도,나주시,14,14,15
종합병원,전라남도,광양시,8,8,8
종합병원,전라남도,담양군,7,7,7
종합병원,전라남도,곡성군,0,0,0
종합병원,전라남도,구례군,4,4,4
종합병원,전라남도,고흥군,5,5,5
종합병원,전라남도,보성군,7,7,7
종합병원,전라남도,화순군,19,19,18
종합병원,전라남도,장흥군,3,3,3
종합병원,전라남도,강진군,0,0,0
종합병원,전라남도,해남군,6,6,6
종합병원,전라남도,영암군,0,0,0
종합병원,전라남도,무안군,5,5,5
종합병원,전라남도,함평군,4,4,4
종합병원,전라남도,영광군,3,3,3
종합병원,전라남도,장성군,5,5,5
종합병원,전라남도,완도군,0,0,0
종합병원,전라남도,진도군,3,3,3
종합병원,전라남도,신안군,4,4,4
종합병원,경상북도,포항시 남구,11,11,11
종합병원,경상북도,포항시 북구,32,32,34
종합병원,경상북도,경주시,25,25,25
종합병원,경상북도,김천시,9,9,9
종합병원,경상북도,안동시,14,14,15
종합병원,경상북도,구미시,28,28,26
종합병원,경상북도,영주시,10,10,10
종합병원,경상북도,영천시,8,9,8
종합병원,경상북도,상주시,8,8,8
종합병원,경상북도,문경시,4,4,4
종합병원,경상북도,경산시,19,19,19
종합병원,경상북도,의성군,10,10,10
종합병원,경상북도,청송군,0,0,0
종합병원,경상북도,영양군,0,0,0
종합병원,경상북도,영덕군,0,0,0
종합병원,경상북도,청도군,8,8,8
종합병원,경상북도,고령군,3,0,0
종합병원,경상북도,성주군,9,9,9
종합병원,경상북도,칠곡군,8,8,8
종합병원,경상북도,예천군,4,4,4
종합병원,경상북도,봉화군,0,0,0
종합병원,경상북도,울진군,0,0,0
종합병원,경상남도,창원시 의창구,26,26,25
종합병원,경상남도,창원시 성산구,13,13,14
종합병원,경상남도,창원시 마산합포구,25,25,24
종합병원,경상남도,창원시 마산회원구,19,19,20
종합병원,경상남도,창원시 진해구,11,11,11
종합병원,경상남도,진주시,25,25,23
종합병원,경상남도,통영시,9,9,9
종합병원,경상남도,사천시,10,10,11
종합병원,경상남도,김해시,60,60,61
종합병원,경상남도,밀양시,14,14,14
종합병원,경상남도,거제시,12,12,11
종합병원,경상남도,양산시,28,28,28
종합병원,경상남도,의령군,3,3,3
종합병원,경상남도,함안군,5,5,5
종합병원,경상남도,창녕군,12,12,12
종합병원,경상남도,고성군,6,6,6
종합병원,경상남도,남해군,0,0,0
종합병원,경상남도,하동군,4,4,4
종합병원,경상남도,산청군,0,0,0
종합병원,경상남도,함양군,0,0,0
종합병원,경상남도,거창군,7,7,7
종합병원,경상남도,합천군,4,4,4
종합병원,제주특별자치도,제주시,23,23,23
종합병원,제주특별자치도,서귀포시,7,7,6
종합병원,강원특별자치도,춘천시,13,13,13
종합병원,강원특별자치도,원주시,23,23,24
종합병원,강원특별자치도,강릉시,11,11,11
종합병원,강원특별자치도,동해시,6,6,7
종합병원,강원특별자치도,태백시,5,5,5
종합병원,강원특별자치도,속초시,8,8,8
종합병원,강원특별자치도,삼척시,3,3,3
종합병원,강원특별자치도,홍천군,4,4,4
종합병원,강원특별자치도,횡성군,5,5,5
종합병원,강원특별자치도,영월군,4,4,4
종합병원,강원특별자치도,평창군,0,0,0
종합병원,강원특별자치도,정선군,0,0,0
종합병원,강원특별자치도,철원군,0,0,0
종합병원,강원특별자치도,양구군,0,0,0
종합병원,강원특별자치도,인제군,0,0,0
종합병원,전북특별자치도,전주시 완산구,40,40,39
종합병원,전북특별자치도,전주시 덕진구,24,24,26
종합병원,전북특별자치도,군산시,19,19,20
종합병원,전북특별자치도,익산시,19,19,18
종합병원,전북특별자치도,정읍시,10,10,10
종합병원,전북특별자치도,남원시,7,7,7
종합병원,전북특별자치도,김제시,10,10,11
종합병원,전북특별자치도,완주군,8,8,10
종합병원,전북특별자치도,진안군,0,0,0
종합병원,전북특별자치도,무주군,0,0,0
종합병원,전북특별자치도,임실군,3,3,3
종합병원,전북특별자치도,순창군,3,3,3
종합병원,전북특별자치도,고창군,4,4,4
종합병원,전북특별자치도,부안군,4,5,6
치과의원,서울특별시,종로구,144,145,144
치과의원,서울특별시,중구,184,184,191
치과의원,서울특별시,용산구,94,94,94
치과의원,서울특별시,성동구,127,128,126
치과의원,서울특별시,광진구,156,156,156
치과의원,서울특별시,동대문구,171,172,172
치과의원,서울특별시,중랑구,166,166,165
치과의원,서울특별시,성북구,154,151,150
치과의원,서울특별시,강북구,121,121,125
치과의원,서울특별시,도봉구,108,107,108
치과의원,서울특별시,노원구,202,202,200
치과의원,서울특별시,은평구,195,195,196
치과의원,서울특별시,서대문구,135,134,131
치과의원,서울특별시,마포구,196,197,203
치과의원,서울특별시,양천구,197,195,191
치과의원,서울특별시,강서구,249,249,251
치과의원,서울특별시,구로구,176,175,175
치과의원,서울특별시,금천구,110,109,109
치과의원,서울특별시,영등포구,231,232,232
치과의원,서울특별시,동작구,179,179,175
치과의원,서울특별시,관악구,207,206,203
치과의원,서울특별시,서초구,320,319,320
치과의원,서울특별시,강남구,537,536,537
치과의원,서울특별시,송파구,342,342,339
치과의원,서울특별시,강동구,250,249,246
치과의원,부산광역시,중구,38,38,39
치과의원,부산광역시,서구,34,34,34
치과의원,부산광역시,동구,35,35,34
치과의원,부산광역시,영도구,26,28,28
치과의원,부산광역시,부산진구,186,186,182
치과의원,부산광역시,동래구,148,148,147
치과의원,부산광역시,남구,106,106,106
치과의원,부산광역시,북구,99,98,99
치과의원,부산광역시,해운대구,169,167,166
치과의원,부산광역시,사하구,105,105,106
치과의원,부산광역시,금정구,93,93,93
치과의원,부산광역시,강서구,33,33,30
치과의원,부산광역시,연제구,99,99,99
치과의원,부산광역시,수영구,88,88,88
치과의원,부산광역시,사상구,60,60,61
치과의원,부산광역시,기장군,51,51,51
치과의원,대구광역시,중구,109,110,112
치과의원,대구광역시,동구,108,108,108
치과의원,대구광역시,서구,58,58,58
치과의원,대구광역시,남구,60,60,61
치과의원,대구광역시,북구,146,146,147
치과의원,대구광역시,수성구,197,197,192
치과의원,대구광역시,달서구,220,221,223
치과의원,대구광역시,달성군,67,67,68
치과의원,대구광역시,군위군,3,3,4
치과의원,인천광역시,중구,44,44,42
치과의원,인천광역시,동구,25,25,25
치과의원,인천광역시,미추홀구,140,141,136
치과의원,인천광역시,연수구,141,140,138
치과의원,인천광역시,남동구,194,193,193
치과의원,인천광역시,부평구,186,186,190
치과의원,인천광역시,계양구,111,111,108
치과의원,인천광역시,서구,185,185,183
치과의원,인천광역시,강화군,16,16,16
치과의원,인천광역시,옹진군,0,0,0
치과의원,광주광역시,동구,58,58,59
치과의원,광주광역시,서구,154,155,155
치과의원,광주광역시,남구,104,104,105
치과의원,광주광역시,북구,190,190,191
치과의원,광주광역시,광산구,153,153,156
치과의원,대전광역시,동구,71,71,71
치과의원,대전광역시,중구,87,87,87
치과의원,대전광역시,서구,232,234,234
치과의원,대전광역시,유성구,120,121,118
치과의원,대전광역시,대덕구,55,55,57
치과의원,울산광역시,중구,69,68,68
치과의원,울산광역시,남구,168,168,170
치과의원,울산광역시,동구,45,45,45
치과의원,울산광역시,북구,57,57,56
치과의원,울산광역시,울주군,48,47,47
치과의원,세종특별자치시,0,102,100,100
치과의원,경기도,수원시 장안구,107,108,107
치과의원,경기도,수원시 권선구,110,111,109
치과의원,경기도,수원시 팔달구,120,119,121
치과의원,경기도,수원시 영통구,148,148,145
치과의원,경기도,성남시 수정구,141,141,139
치과의원,경기도,성남시 중원구,89,89,90
치과의원,경기도,성남시 분당구,275,277,273
치과의원,경기도,의정부시,173,173,171
치과의원,경기도,안양시 만안구,98,98,96
치과의원,경기도,안양시 동안구,178,179,176
치과의원,경기도,부천시 원미구,186,185,181
치과의원,경기도,부천시 소사구,73,73,74
치과의원,경기도,부천시 오정구,50,51,50
치과의원,경기도,광명시,134,134,127
치과의원,경기도,평택시,205,203,198
치과의원,경기도,동두천시,28,28,28
치과의원,경기도,안산시 상록구,87,87,87
치과의원,경기도,안산시 단원구,131,131,126
치과의원,경기도,고양시 덕양구,145,145,143
치과의원,경기도,고양시 일산동구,108,108,109
치과의원,경기도,고양시 일산서구,97,97,98
치과의원,경기도,과천시,29,29,27
치과의원,경기도,구리시,100,100,102
치과의원,경기도,남양주시,234,230,225
치과의원,경기도,오산시,85,84,83
치과의원,경기도,시흥시,164,164,163
치과의원,경기도,군포시,105,105,103
치과의원,경기도,의왕시,55,55,52
치과의원,경기도,하남시,107,108,105
치과의원,경기도,용인시 처인구,90,89,88
치과의원,경기도,용인시 기흥구,146,146,146
치과의원,경기도,용인시 수지구,136,137,135
치과의원,경기도,파주시,151,151,144
치과의원,경기도,이천시,62,61,61
치과의원,경기도,안성시,58,57,56
치과의원,경기도,김포시,162,161,164
치과의원,경기도,화성시,0,0,0
치과의원,경기도,화성시 만세구,78,78,77
치과의원,경기도,화성시 효행구,38,38,34
치과의원,경기도,화성시 병점구,40,40,49
치과의원,경기도,화성시 동탄구,120,121,106
치과의원,경기도,광주시,97,97,94
치과의원,경기도,양주시,65,66,63
치과의원,경기도,포천시,44,44,45
치과의원,경기도,여주시,34,33,34
치과의원,경기도,연천군,13,13,12
치과의원,경기도,가평군,20,20,20
치과의원,경기도,양평군,32,32,31
치과의원,충청북도,청주시 상당구,67,67,67
치과의원,충청북도,청주시 서원구,53,53,55
치과의원,충청북도,청주시 흥덕구,101,100,97
치과의원,충청북도,청주시 청원구,55,55,55
치과의원,충청북도,충주시,55,55,56
치과의원,충청북도,제천시,45,45,45
치과의원,충청북도,보은군,7,7,6
치과의원,충청북도,옥천군,14,14,13
치과의원,충청북도,영동군,10,10,10
치과의원,충청북도,증평군,11,11,11
치과의원,충청북도,진천군,24,25,25
치과의원,충청북도,괴산군,5,5,5
치과의원,충청북도,음성군,28,28,27
치과의원,충청북도,단양군,7,7,7
치과의원,충청남도,천안시 동남구,82,82,82
치과의원,충청남도,천안시 서북구,135,136,135
치과의원,충청남도,공주시,29,29,29
치과의원,충청남도,보령시,26,26,27
치과의원,충청남도,아산시,103,103,99
치과의원,충청남도,서산시,54,54,55
치과의원,충청남도,논산시,37,36,34
치과의원,충청남도,계룡시,15,14,14
치과의원,충청남도,당진시,45,45,45
치과의원,충청남도,금산군,11,11,11
치과의원,충청남도,부여군,18,18,18
치과의원,충청남도,서천군,13,13,13
치과의원,충청남도,청양군,7,7,7
치과의원,충청남도,홍성군,31,31,29
치과의원,충청남도,예산군,22,22,23
치과의원,충청남도,태안군,14,15,15
치과의원,전라남도,목포시,69,69,69
치과의원,전라남도,여수시,88,88,87
치과의원,전라남도,순천시,100,100,101
치과의원,전라남도,나주시,37,37,35
치과의원,전라남도,광양시,43,43,42
치과의원,전라남도,담양군,12,12,12
치과의원,전라남도,곡성군,9,9,9
치과의원,전라남도,구례군,5,5,5
치과의원,전라남도,고흥군,14,14,13
치과의원,전라남도,보성군,9,9,9
치과의원,전라남도,화순군,17,16,16
치과의원,전라남도,장흥군,9,9,8
치과의원,전라남도,강진군,8,8,8
치과의원,전라남도,해남군,17,17,16
치과의원,전라남도,영암군,13,13,13
치과의원,전라남도,무안군,24,24,24
치과의원,전라남도,함평군,7,7,7
치과의원,전라남도,영광군,18,18,17
치과의원,전라남도,장성군,10,10,10
치과의원,전라남도,완도군,13,13,12
치과의원,전라남도,진도군,7,7,8
치과의원,전라남도,신안군,4,4,4
치과의원,경상북도,포항시 남구,68,68,68
치과의원,경상북도,포항시 북구,98,99,95
치과의원,경상북도,경주시,61,61,60
치과의원,경상북도,김천시,34,34,34
치과의원,경상북도,안동시,44,44,45
치과의원,경상북도,구미시,110,110,110
치과의원,경상북도,영주시,30,30,30
치과의원,경상북도,영천시,21,21,23
치과의원,경상북도,상주시,23,23,24
치과의원,경상북도,문경시,24,24,23
치과의원,경상북도,경산시,84,84,86
치과의원,경상북도,의성군,9,9,9
치과의원,경상북도,청송군,5,5,5
치과의원,경상북도,영양군,3,3,3
치과의원,경상북도,영덕군,10,10,9
치과의원,경상북도,청도군,11,11,11
치과의원,경상북도,고령군,9,9,9
치과의원,경상북도,성주군,10,10,10
치과의원,경상북도,칠곡군,24,24,24
치과의원,경상북도,예천군,10,10,10
치과의원,경상북도,봉화군,4,4,4
치과의원,경상북도,울진군,11,11,10
치과의원,경상북도,울릉군,0,0,0
치과의원,경상남도,창원시 의창구,64,64,63
치과의원,경상남도,창원시 성산구,117,116,114
치과의원,경상남도,창원시 마산합포구,63,64,63
치과의원,경상남도,창원시 마산회원구,63,63,62
치과의원,경상남도,창원시 진해구,53,53,51
치과의원,경상남도,진주시,121,121,124
치과의원,경상남도,통영시,33,34,35
치과의원,경상남도,사천시,34,33,33
치과의원,경상남도,김해시,151,150,149
치과의원,경상남도,밀양시,25,24,25
치과의원,경상남도,거제시,60,59,58
치과의원,경상남도,양산시,99,98,96
치과의원,경상남도,의령군,6,6,6
치과의원,경상남도,함안군,15,15,15
치과의원,경상남도,창녕군,14,14,13
치과의원,경상남도,고성군,11,11,11
치과의원,경상남도,남해군,10,10,9
치과의원,경상남도,하동군,11,11,11
치과의원,경상남도,산청군,6,6,6
치과의원,경상남도,함양군,10,10,10
치과의원,경상남도,거창군,18,18,18
치과의원,경상남도,합천군,10,10,10
치과의원,제주특별자치도,제주시,189,189,189
치과의원,제주특별자치도,서귀포시,61,62,60
치과의원,강원특별자치도,춘천시,88,89,90
치과의원,강원특별자치도,원주시,113,113,111
치과의원,강원특별자치도,강릉시,69,69,67
치과의원,강원특별자치도,동해시,30,30,30
치과의원,강원특별자치도,태백시,10,11,10
치과의원,강원특별자치도,속초시,38,38,36
치과의원,강원특별자치도,삼척시,13,13,13
치과의원,강원특별자치도,홍천군,16,16,17
치과의원,강원특별자치도,횡성군,9,9,8
치과의원,강원특별자치도,영월군,8,8,7
치과의원,강원특별자치도,평창군,12,12,13
치과의원,강원특별자치도,정선군,5,5,5
치과의원,강원특별자치도,철원군,9,9,8
치과의원,강원특별자치도,화천군,6,5,5
치과의원,강원특별자치도,양구군,5,5,5
치과의원,강원특별자치도,인제군,7,7,6
치과의원,강원특별자치도,고성군,6,6,6
치과의원,강원특별자치도,양양군,5,5,5
치과의원,전북특별자치도,전주시 완산구,163,163,164
치과의원,전북특별자치도,전주시 덕진구,120,120,121
치과의원,전북특별자치도,군산시,82,82,81
치과의원,전북특별자치도,익산시,90,91,90
치과의원,전북특별자치도,정읍시,35,35,34
치과의원,전북특별자치도,남원시,20,20,20
치과의원,전북특별자치도,김제시,19,19,19
치과의원,전북특별자치도,완주군,20,21,20
치과의원,전북특별자치도,진안군,5,5,5
치과의원,전북특별자치도,무주군,5,5,5
치과의원,전북특별자치도,장수군,5,5,5
치과의원,전북특별자치도,임실군,6,6,6
치과의원,전북특별자치도,순창군,7,7,7
치과의원,전북특별자치도,고창군,12,12,12
치과의원,전북특별자치도,부안군,16,16,16
피부ㆍ비뇨기과의원,서울특별시,종로구,32,32,32
피부ㆍ비뇨기과의원,서울특별시,중구,93,90,73
피부ㆍ비뇨기과의원,서울특별시,용산구,36,36,32
피부ㆍ비뇨기과의원,서울특별시,성동구,42,42,40
피부ㆍ비뇨기과의원,서울특별시,광진구,44,44,43
피부ㆍ비뇨기과의원,서울특별시,동대문구,28,29,27
피부ㆍ비뇨기과의원,서울특별시,중랑구,27,27,27
피부ㆍ비뇨기과의원,서울특별시,성북구,24,24,24
피부ㆍ비뇨기과의원,서울특별시,강북구,28,28,28
피부ㆍ비뇨기과의원,서울특별시,도봉구,18,18,16
피부ㆍ비뇨기과의원,서울특별시,노원구,60,60,58
피부ㆍ비뇨기과의원,서울특별시,은평구,44,43,44
피부ㆍ비뇨기과의원,서울특별시,서대문구,28,28,27
피부ㆍ비뇨기과의원,서울특별시,마포구,110,111,100
피부ㆍ비뇨기과의원,서울특별시,양천구,45,45,45
피부ㆍ비뇨기과의원,서울특별시,강서구,73,73,74
피부ㆍ비뇨기과의원,서울특별시,구로구,30,30,30
피부ㆍ비뇨기과의원,서울특별시,금천구,16,16,15
피부ㆍ비뇨기과의원,서울특별시,영등포구,75,74,71
피부ㆍ비뇨기과의원,서울특별시,동작구,38,38,36
피부ㆍ비뇨기과의원,서울특별시,관악구,46,47,47
피부ㆍ비뇨기과의원,서울특별시,서초구,236,235,212
피부ㆍ비뇨기과의원,서울특별시,강남구,640,635,564
피부ㆍ비뇨기과의원,서울특별시,송파구,105,103,93
피부ㆍ비뇨기과의원,서울특별시,강동구,70,70,71
피부ㆍ비뇨기과의원,부산광역시,중구,13,13,13
피부ㆍ비뇨기과의원,부산광역시,서구,4,4,4
피부ㆍ비뇨기과의원,부산광역시,동구,8,8,8
피부ㆍ비뇨기과의원,부산광역시,영도구,4,4,4
피부ㆍ비뇨기과의원,부산광역시,부산진구,100,100,97
피부ㆍ비뇨기과의원,부산광역시,동래구,28,28,27
피부ㆍ비뇨기과의원,부산광역시,남구,20,20,19
피부ㆍ비뇨기과의원,부산광역시,북구,26,26,26
피부ㆍ비뇨기과의원,부산광역시,해운대구,73,72,70
피부ㆍ비뇨기과의원,부산광역시,사하구,24,24,24
피부ㆍ비뇨기과의원,부산광역시,금정구,21,21,22
피부ㆍ비뇨기과의원,부산광역시,강서구,6,6,6
피부ㆍ비뇨기과의원,부산광역시,연제구,24,24,21
피부ㆍ비뇨기과의원,부산광역시,수영구,14,13,13
피부ㆍ비뇨기과의원,부산광역시,사상구,9,9,9
피부ㆍ비뇨기과의원,부산광역시,기장군,10,10,8
피부ㆍ비뇨기과의원,대구광역시,중구,63,63,63
피부ㆍ비뇨기과의원,대구광역시,동구,28,28,27
피부ㆍ비뇨기과의원,대구광역시,서구,12,12,12
피부ㆍ비뇨기과의원,대구광역시,남구,8,8,9
피부ㆍ비뇨기과의원,대구광역시,북구,25,25,26
피부ㆍ비뇨기과의원,대구광역시,수성구,68,67,66
피부ㆍ비뇨기과의원,대구광역시,달서구,49,49,51
피부ㆍ비뇨기과의원,대구광역시,달성군,10,10,11
피부ㆍ비뇨기과의원,인천광역시,중구,10,10,9
피부ㆍ비뇨기과의원,인천광역시,동구,0,0,0
피부ㆍ비뇨기과의원,인천광역시,미추홀구,20,20,20
피부ㆍ비뇨기과의원,인천광역시,연수구,44,44,40
피부ㆍ비뇨기과의원,인천광역시,남동구,61,61,59
피부ㆍ비뇨기과의원,인천광역시,부평구,41,41,45
피부ㆍ비뇨기과의원,인천광역시,계양구,15,15,14
피부ㆍ비뇨기과의원,인천광역시,서구,47,47,48
피부ㆍ비뇨기과의원,광주광역시,동구,19,19,18
피부ㆍ비뇨기과의원,광주광역시,서구,52,52,51
피부ㆍ비뇨기과의원,광주광역시,남구,20,20,19
피부ㆍ비뇨기과의원,광주광역시,북구,27,27,27
피부ㆍ비뇨기과의원,광주광역시,광산구,32,31,30
피부ㆍ비뇨기과의원,대전광역시,동구,15,14,14
피부ㆍ비뇨기과의원,대전광역시,중구,16,16,16
피부ㆍ비뇨기과의원,대전광역시,서구,80,80,77
피부ㆍ비뇨기과의원,대전광역시,유성구,31,31,31
피부ㆍ비뇨기과의원,대전광역시,대덕구,8,8,8
피부ㆍ비뇨기과의원,울산광역시,중구,8,8,8
피부ㆍ비뇨기과의원,울산광역시,남구,64,64,62
피부ㆍ비뇨기과의원,울산광역시,동구,10,10,10
피부ㆍ비뇨기과의원,울산광역시,북구,8,8,8
피부ㆍ비뇨기과의원,울산광역시,울주군,5,5,5
피부ㆍ비뇨기과의원,세종특별자치시,0,29,29,28
피부ㆍ비뇨기과의원,경기도,수원시 장안구,14,14,13
피부ㆍ비뇨기과의원,경기도,수원시 권선구,11,11,11
피부ㆍ비뇨기과의원,경기도,수원시 팔달구,57,56,56
피부ㆍ비뇨기과의원,경기도,수원시 영통구,49,49,45
피부ㆍ비뇨기과의원,경기도,성남시 수정구,44,44,43
피부ㆍ비뇨기과의원,경기도,성남시 중원구,11,11,10
피부ㆍ비뇨기과의원,경기도,성남시 분당구,122,122,118
피부ㆍ비뇨기과의원,경기도,의정부시,37,37,37
피부ㆍ비뇨기과의원,경기도,안양시 만안구,9,9,10
피부ㆍ비뇨기과의원,경기도,안양시 동안구,53,53,50
피부ㆍ비뇨기과의원,경기도,부천시 원미구,50,51,48
피부ㆍ비뇨기과의원,경기도,부천시 소사구,13,12,12
피부ㆍ비뇨기과의원,경기도,부천시 오정구,3,3,3
피부ㆍ비뇨기과의원,경기도,광명시,34,34,34
피부ㆍ비뇨기과의원,경기도,평택시,44,43,43
피부ㆍ비뇨기과의원,경기도,동두천시,3,3,3
피부ㆍ비뇨기과의원,경기도,안산시 상록구,6,6,7
피부ㆍ비뇨기과의원,경기도,안산시 단원구,39,38,37
피부ㆍ비뇨기과의원,경기도,고양시 덕양구,39,38,36
피부ㆍ비뇨기과의원,경기도,고양시 일산동구,35,35,35
피부ㆍ비뇨기과의원,경기도,고양시 일산서구,29,29,28
피부ㆍ비뇨기과의원,경기도,과천시,10,10,9
피부ㆍ비뇨기과의원,경기도,구리시,29,29,30
피부ㆍ비뇨기과의원,경기도,남양주시,49,48,48
피부ㆍ비뇨기과의원,경기도,오산시,11,11,10
피부ㆍ비뇨기과의원,경기도,시흥시,34,33,34
피부ㆍ비뇨기과의원,경기도,군포시,19,19,19
피부ㆍ비뇨기과의원,경기도,의왕시,4,4,4
피부ㆍ비뇨기과의원,경기도,하남시,39,39,37
피부ㆍ비뇨기과의원,경기도,용인시 처인구,14,14,14
피부ㆍ비뇨기과의원,경기도,용인시 기흥구,31,31,32
피부ㆍ비뇨기과의원,경기도,용인시 수지구,35,34,32
피부ㆍ비뇨기과의원,경기도,파주시,20,20,20
피부ㆍ비뇨기과의원,경기도,이천시,16,16,17
피부ㆍ비뇨기과의원,경기도,안성시,9,9,8
피부ㆍ비뇨기과의원,경기도,김포시,26,26,28
피부ㆍ비뇨기과의원,경기도,화성시 만세구,10,9,8
피부ㆍ비뇨기과의원,경기도,화성시 효행구,7,7,6
피부ㆍ비뇨기과의원,경기도,화성시 병점구,8,8,9
피부ㆍ비뇨기과의원,경기도,화성시 동탄구,53,52,50
피부ㆍ비뇨기과의원,경기도,광주시,15,15,15
피부ㆍ비뇨기과의원,경기도,양주시,13,13,11
피부ㆍ비뇨기과의원,경기도,포천시,3,3,3
피부ㆍ비뇨기과의원,경기도,여주시,4,4,4
피부ㆍ비뇨기과의원,경기도,연천군,0,0,0
피부ㆍ비뇨기과의원,경기도,양평군,6,6,6
피부ㆍ비뇨기과의원,충청북도,청주시 상당구,22,22,21
피부ㆍ비뇨기과의원,충청북도,청주시 서원구,7,7,7
피부ㆍ비뇨기과의원,충청북도,청주시 흥덕구,33,33,31
피부ㆍ비뇨기과의원,충청북도,청주시 청원구,7,7,7
피부ㆍ비뇨기과의원,충청북도,충주시,9,7,8
피부ㆍ비뇨기과의원,충청북도,제천시,7,7,7
피부ㆍ비뇨기과의원,충청북도,옥천군,0,0,0
피부ㆍ비뇨기과의원,충청북도,영동군,0,0,0
피부ㆍ비뇨기과의원,충청북도,증평군,0,0,0
피부ㆍ비뇨기과의원,충청북도,진천군,3,3,3
피부ㆍ비뇨기과의원,충청북도,음성군,0,0,0
피부ㆍ비뇨기과의원,충청남도,천안시 동남구,17,17,18
피부ㆍ비뇨기과의원,충청남도,천안시 서북구,40,40,40
피부ㆍ비뇨기과의원,충청남도,공주시,7,7,7
피부ㆍ비뇨기과의원,충청남도,보령시,4,4,5
피부ㆍ비뇨기과의원,충청남도,아산시,14,14,14
피부ㆍ비뇨기과의원,충청남도,서산시,12,12,12
피부ㆍ비뇨기과의원,충청남도,논산시,5,5,5
피부ㆍ비뇨기과의원,충청남도,계룡시,0,0,0
피부ㆍ비뇨기과의원,충청남도,당진시,7,7,6
피부ㆍ비뇨기과의원,충청남도,금산군,0,0,0
피부ㆍ비뇨기과의원,충청남도,부여군,0,0,0
피부ㆍ비뇨기과의원,충청남도,서천군,0,0,0
피부ㆍ비뇨기과의원,충청남도,홍성군,0,0,0
피부ㆍ비뇨기과의원,충청남도,예산군,0,0,0
피부ㆍ비뇨기과의원,충청남도,태안군,0,0,0
피부ㆍ비뇨기과의원,전라남도,목포시,17,17,17
피부ㆍ비뇨기과의원,전라남도,여수시,20,20,19
피부ㆍ비뇨기과의원,전라남도,순천시,23,23,22
피부ㆍ비뇨기과의원,전라남도,나주시,7,7,7
피부ㆍ비뇨기과의원,전라남도,광양시,6,6,5
피부ㆍ비뇨기과의원,전라남도,고흥군,0,0,0
피부ㆍ비뇨기과의원,전라남도,보성군,0,0,0
피부ㆍ비뇨기과의원,전라남도,화순군,3,3,3
피부ㆍ비뇨기과의원,전라남도,장흥군,0,0,0
피부ㆍ비뇨기과의원,전라남도,강진군,0,0,0
피부ㆍ비뇨기과의원,전라남도,해남군,0,0,0
피부ㆍ비뇨기과의원,전라남도,무안군,4,4,4
피부ㆍ비뇨기과의원,전라남도,영광군,0,0,0
피부ㆍ비뇨기과의원,전라남도,장성군,0,0,0
피부ㆍ비뇨기과의원,경상북도,포항시 남구,8,8,9
피부ㆍ비뇨기과의원,경상북도,포항시 북구,24,24,25
피부ㆍ비뇨기과의원,경상북도,경주시,12,12,12
피부ㆍ비뇨기과의원,경상북도,김천시,5,5,5
피부ㆍ비뇨기과의원,경상북도,안동시,7,7,6
피부ㆍ비뇨기과의원,경상북도,구미시,24,24,26
피부ㆍ비뇨기과의원,경상북도,영주시,5,5,5
피부ㆍ비뇨기과의원,경상북도,영천시,4,4,4
피부ㆍ비뇨기과의원,경상북도,상주시,3,3,3
피부ㆍ비뇨기과의원,경상북도,문경시,4,4,4
피부ㆍ비뇨기과의원,경상북도,경산시,14,14,13
피부ㆍ비뇨기과의원,경상북도,영덕군,0,0,0
피부ㆍ비뇨기과의원,경상북도,청도군,0,0,0
피부ㆍ비뇨기과의원,경상북도,칠곡군,0,0,0
피부ㆍ비뇨기과의원,경상남도,창원시 의창구,11,11,11
피부ㆍ비뇨기과의원,경상남도,창원시 성산구,34,34,32
피부ㆍ비뇨기과의원,경상남도,창원시 마산합포구,13,13,13
피부ㆍ비뇨기과의원,경상남도,창원시 마산회원구,16,16,15
피부ㆍ비뇨기과의원,경상남도,창원시 진해구,12,12,13
피부ㆍ비뇨기과의원,경상남도,진주시,21,21,22
피부ㆍ비뇨기과의원,경상남도,통영시,8,8,7
피부ㆍ비뇨기과의원,경상남도,사천시,3,3,3
피부ㆍ비뇨기과의원,경상남도,김해시,32,32,31
피부ㆍ비뇨기과의원,경상남도,밀양시,4,4,4
피부ㆍ비뇨기과의원,경상남도,거제시,11,11,11
피부ㆍ비뇨기과의원,경상남도,양산시,18,18,19
피부ㆍ비뇨기과의원,경상남도,창녕군,0,0,0
피부ㆍ비뇨기과의원,경상남도,고성군,0,0,0
피부ㆍ비뇨기과의원,경상남도,남해군,0,0,0
피부ㆍ비뇨기과의원,경상남도,산청군,0,0,0
피부ㆍ비뇨기과의원,경상남도,거창군,0,0,0
피부ㆍ비뇨기과의원,제주특별자치도,제주시,44,44,44
피부ㆍ비뇨기과의원,제주특별자치도,서귀포시,12,12,13
피부ㆍ비뇨기과의원,강원특별자치도,춘천시,19,19,19
피부ㆍ비뇨기과의원,강원특별자치도,원주시,29,29,26
피부ㆍ비뇨기과의원,강원특별자치도,강릉시,13,13,13
피부ㆍ비뇨기과의원,강원특별자치도,동해시,3,3,3
피부ㆍ비뇨기과의원,강원특별자치도,태백시,0,0,0
피부ㆍ비뇨기과의원,강원특별자치도,속초시,7,7,6
피부ㆍ비뇨기과의원,강원특별자치도,삼척시,0,0,0
피부ㆍ비뇨기과의원,강원특별자치도,홍천군,0,0,0
피부ㆍ비뇨기과의원,강원특별자치도,정선군,0,0,0
피부ㆍ비뇨기과의원,전북특별자치도,전주시 완산구,45,45,44
피부ㆍ비뇨기과의원,전북특별자치도,전주시 덕진구,24,24,22
피부ㆍ비뇨기과의원,전북특별자치도,군산시,15,15,14
피부ㆍ비뇨기과의원,전북특별자치도,익산시,14,14,13
피부ㆍ비뇨기과의원,전북특별자치도,정읍시,8,8,8
피부ㆍ비뇨기과의원,전북특별자치도,남원시,4,4,4
피부ㆍ비뇨기과의원,전북특별자치도,김제시,4,4,4
피부ㆍ비뇨기과의원,전북특별자치도,완주군,0,0,0
피부ㆍ비뇨기과의원,전북특별자치도,순창군,0,0,0
피부ㆍ비뇨기과의원,전북특별자치도,고창군,0,0,0
피부ㆍ비뇨기과의원,전북특별자치도,부안군,0,0,0
한방병원ㆍ한의원,서울특별시,종로구,114,114,115
한방병원ㆍ한의원,서울특별시,중구,97,96,96
한방병원ㆍ한의원,서울특별시,용산구,62,62,61
한방병원ㆍ한의원,서울특별시,성동구,101,100,97
한방병원ㆍ한의원,서울특별시,광진구,122,121,119
한방병원ㆍ한의원,서울특별시,동대문구,158,157,153
한방병원ㆍ한의원,서울특별시,중랑구,118,118,117
한방병원ㆍ한의원,서울특별시,성북구,121,122,124
한방병원ㆍ한의원,서울특별시,강북구,94,94,92
한방병원ㆍ한의원,서울특별시,도봉구,86,86,85
한방병원ㆍ한의원,서울특별시,노원구,151,150,153
한방병원ㆍ한의원,서울특별시,은평구,163,163,161
한방병원ㆍ한의원,서울특별시,서대문구,94,92,91
한방병원ㆍ한의원,서울특별시,마포구,150,150,161
한방병원ㆍ한의원,서울특별시,양천구,164,164,164
한방병원ㆍ한의원,서울특별시,강서구,216,217,211
한방병원ㆍ한의원,서울특별시,구로구,122,122,122
한방병원ㆍ한의원,서울특별시,금천구,81,79,77
한방병원ㆍ한의원,서울특별시,영등포구,162,166,158
한방병원ㆍ한의원,서울특별시,동작구,134,135,133
한방병원ㆍ한의원,서울특별시,관악구,141,142,142
한방병원ㆍ한의원,서울특별시,서초구,277,278,269
한방병원ㆍ한의원,서울특별시,강남구,411,408,399
한방병원ㆍ한의원,서울특별시,송파구,276,275,269
한방병원ㆍ한의원,서울특별시,강동구,204,205,208
한방병원ㆍ한의원,부산광역시,중구,26,26,26
한방병원ㆍ한의원,부산광역시,서구,31,31,32
한방병원ㆍ한의원,부산광역시,동구,37,37,41
한방병원ㆍ한의원,부산광역시,영도구,29,29,29
한방병원ㆍ한의원,부산광역시,부산진구,162,163,162
한방병원ㆍ한의원,부산광역시,동래구,125,124,121
한방병원ㆍ한의원,부산광역시,남구,94,97,98
한방병원ㆍ한의원,부산광역시,북구,84,84,84
한방병원ㆍ한의원,부산광역시,해운대구,136,135,135
한방병원ㆍ한의원,부산광역시,사하구,88,87,87
한방병원ㆍ한의원,부산광역시,금정구,83,83,82
한방병원ㆍ한의원,부산광역시,강서구,24,24,23
한방병원ㆍ한의원,부산광역시,연제구,85,85,89
한방병원ㆍ한의원,부산광역시,수영구,82,82,85
한방병원ㆍ한의원,부산광역시,사상구,45,45,49
한방병원ㆍ한의원,부산광역시,기장군,42,43,40
한방병원ㆍ한의원,대구광역시,중구,72,71,71
한방병원ㆍ한의원,대구광역시,동구,124,124,125
한방병원ㆍ한의원,대구광역시,서구,69,68,69
한방병원ㆍ한의원,대구광역시,남구,65,65,64
한방병원ㆍ한의원,대구광역시,북구,136,136,131
한방병원ㆍ한의원,대구광역시,수성구,231,229,231
한방병원ㆍ한의원,대구광역시,달서구,184,183,182
한방병원ㆍ한의원,대구광역시,달성군,61,62,62
한방병원ㆍ한의원,대구광역시,군위군,6,6,6
한방병원ㆍ한의원,인천광역시,중구,24,22,23
한방병원ㆍ한의원,인천광역시,동구,16,16,17
한방병원ㆍ한의원,인천광역시,미추홀구,106,106,104
한방병원ㆍ한의원,인천광역시,연수구,98,99,95
한방병원ㆍ한의원,인천광역시,남동구,160,158,160
한방병원ㆍ한의원,인천광역시,부평구,132,132,136
한방병원ㆍ한의원,인천광역시,계양구,80,81,81
한방병원ㆍ한의원,인천광역시,서구,134,135,125
한방병원ㆍ한의원,인천광역시,강화군,19,19,18
한방병원ㆍ한의원,광주광역시,동구,40,40,44
한방병원ㆍ한의원,광주광역시,서구,110,109,105
한방병원ㆍ한의원,광주광역시,남구,69,68,66
한방병원ㆍ한의원,광주광역시,북구,110,110,109
한방병원ㆍ한의원,광주광역시,광산구,99,99,100
한방병원ㆍ한의원,대전광역시,동구,86,86,85
한방병원ㆍ한의원,대전광역시,중구,84,84,84
한방병원ㆍ한의원,대전광역시,서구,192,190,188
한방병원ㆍ한의원,대전광역시,유성구,122,122,124
한방병원ㆍ한의원,대전광역시,대덕구,50,49,49
한방병원ㆍ한의원,울산광역시,중구,47,47,47
한방병원ㆍ한의원,울산광역시,남구,111,111,112
한방병원ㆍ한의원,울산광역시,동구,39,39,39
한방병원ㆍ한의원,울산광역시,북구,39,40,40
한방병원ㆍ한의원,울산광역시,울주군,45,45,46
한방병원ㆍ한의원,세종특별자치시,0,101,103,99
한방병원ㆍ한의원,경기도,수원시 장안구,79,78,81
한방병원ㆍ한의원,경기도,수원시 권선구,83,84,84
한방병원ㆍ한의원,경기도,수원시 팔달구,105,105,105
한방병원ㆍ한의원,경기도,수원시 영통구,109,109,110
한방병원ㆍ한의원,경기도,성남시 수정구,96,96,92
한방병원ㆍ한의원,경기도,성남시 중원구,72,72,70
한방병원ㆍ한의원,경기도,성남시 분당구,220,219,219
한방병원ㆍ한의원,경기도,의정부시,107,107,107
한방병원ㆍ한의원,경기도,안양시 만안구,64,65,64
한방병원ㆍ한의원,경기도,안양시 동안구,135,134,129
한방병원ㆍ한의원,경기도,부천시 원미구,153,150,146
한방병원ㆍ한의원,경기도,부천시 소사구,60,60,60
한방병원ㆍ한의원,경기도,부천시 오정구,42,42,41
한방병원ㆍ한의원,경기도,광명시,96,96,96
한방병원ㆍ한의원,경기도,평택시,127,129,121
한방병원ㆍ한의원,경기도,동두천시,14,14,17
한방병원ㆍ한의원,경기도,안산시 상록구,74,74,80
한방병원ㆍ한의원,경기도,안산시 단원구,98,97,97
한방병원ㆍ한의원,경기도,고양시 덕양구,138,136,135
한방병원ㆍ한의원,경기도,고양시 일산동구,71,69,77
한방병원ㆍ한의원,경기도,고양시 일산서구,89,89,91
한방병원ㆍ한의원,경기도,과천시,25,24,18
한방병원ㆍ한의원,경기도,구리시,69,69,68
한방병원ㆍ한의원,경기도,남양주시,162,162,158
한방병원ㆍ한의원,경기도,오산시,49,49,45
한방병원ㆍ한의원,경기도,시흥시,90,91,89
한방병원ㆍ한의원,경기도,군포시,76,76,72
한방병원ㆍ한의원,경기도,의왕시,33,32,32
한방병원ㆍ한의원,경기도,하남시,93,92,92
한방병원ㆍ한의원,경기도,용인시 처인구,48,48,47
한방병원ㆍ한의원,경기도,용인시 기흥구,96,97,97
한방병원ㆍ한의원,경기도,용인시 수지구,104,104,100
한방병원ㆍ한의원,경기도,파주시,95,95,95
한방병원ㆍ한의원,경기도,이천시,50,50,52
한방병원ㆍ한의원,경기도,안성시,34,34,31
한방병원ㆍ한의원,경기도,김포시,117,118,118
한방병원ㆍ한의원,경기도,화성시 만세구,50,50,50
한방병원ㆍ한의원,경기도,화성시 효행구,26,26,23
한방병원ㆍ한의원,경기도,화성시 병점구,33,33,41
한방병원ㆍ한의원,경기도,화성시 동탄구,90,89,79
한방병원ㆍ한의원,경기도,광주시,76,76,72
한방병원ㆍ한의원,경기도,양주시,39,39,39
한방병원ㆍ한의원,경기도,포천시,21,21,21
한방병원ㆍ한의원,경기도,여주시,28,28,28
한방병원ㆍ한의원,경기도,연천군,7,7,7
한방병원ㆍ한의원,경기도,가평군,14,14,15
한방병원ㆍ한의원,경기도,양평군,35,35,34
한방병원ㆍ한의원,충청북도,청주시 상당구,59,59,59
한방병원ㆍ한의원,충청북도,청주시 서원구,51,51,52
한방병원ㆍ한의원,충청북도,청주시 흥덕구,82,83,81
한방병원ㆍ한의원,충청북도,청주시 청원구,46,46,43
한방병원ㆍ한의원,충청북도,충주시,53,53,53
한방병원ㆍ한의원,충청북도,제천시,38,38,38
한방병원ㆍ한의원,충청북도,보은군,8,8,9
한방병원ㆍ한의원,충청북도,옥천군,13,13,13
한방병원ㆍ한의원,충청북도,영동군,13,13,13
한방병원ㆍ한의원,충청북도,증평군,11,11,9
한방병원ㆍ한의원,충청북도,진천군,17,17,17
한방병원ㆍ한의원,충청북도,괴산군,5,5,5
한방병원ㆍ한의원,충청북도,음성군,20,19,19
한방병원ㆍ한의원,충청북도,단양군,4,4,4
한방병원ㆍ한의원,충청남도,천안시 동남구,68,67,67
한방병원ㆍ한의원,충청남도,천안시 서북구,116,115,113
한방병원ㆍ한의원,충청남도,공주시,33,34,34
한방병원ㆍ한의원,충청남도,보령시,27,26,28
한방병원ㆍ한의원,충청남도,아산시,68,68,69
한방병원ㆍ한의원,충청남도,서산시,38,38,38
한방병원ㆍ한의원,충청남도,논산시,38,38,38
한방병원ㆍ한의원,충청남도,계룡시,13,13,12
한방병원ㆍ한의원,충청남도,당진시,36,36,34
한방병원ㆍ한의원,충청남도,금산군,20,20,19
한방병원ㆍ한의원,충청남도,부여군,13,13,13
한방병원ㆍ한의원,충청남도,서천군,13,13,13
한방병원ㆍ한의원,충청남도,청양군,8,8,8
한방병원ㆍ한의원,충청남도,홍성군,26,26,26
한방병원ㆍ한의원,충청남도,예산군,18,18,19
한방병원ㆍ한의원,충청남도,태안군,13,13,14
한방병원ㆍ한의원,전라남도,목포시,52,52,54
한방병원ㆍ한의원,전라남도,여수시,59,58,60
한방병원ㆍ한의원,전라남도,순천시,59,59,59
한방병원ㆍ한의원,전라남도,나주시,27,27,27
한방병원ㆍ한의원,전라남도,광양시,26,26,26
한방병원ㆍ한의원,전라남도,담양군,12,12,12
한방병원ㆍ한의원,전라남도,곡성군,5,5,5
한방병원ㆍ한의원,전라남도,구례군,8,8,8
한방병원ㆍ한의원,전라남도,고흥군,10,10,10
한방병원ㆍ한의원,전라남도,보성군,9,9,9
한방병원ㆍ한의원,전라남도,화순군,15,15,15
한방병원ㆍ한의원,전라남도,장흥군,10,10,10
한방병원ㆍ한의원,전라남도,강진군,7,7,7
한방병원ㆍ한의원,전라남도,해남군,9,9,10
한방병원ㆍ한의원,전라남도,영암군,13,13,14
한방병원ㆍ한의원,전라남도,무안군,18,18,17
한방병원ㆍ한의원,전라남도,함평군,7,7,7
한방병원ㆍ한의원,전라남도,영광군,14,14,14
한방병원ㆍ한의원,전라남도,장성군,9,9,8
한방병원ㆍ한의원,전라남도,완도군,7,7,7
한방병원ㆍ한의원,전라남도,진도군,5,5,5
한방병원ㆍ한의원,전라남도,신안군,4,4,5
한방병원ㆍ한의원,경상북도,포항시 남구,65,65,67
한방병원ㆍ한의원,경상북도,포항시 북구,72,70,71
한방병원ㆍ한의원,경상북도,경주시,67,66,64
한방병원ㆍ한의원,경상북도,김천시,25,25,25
한방병원ㆍ한의원,경상북도,안동시,45,45,45
한방병원ㆍ한의원,경상북도,구미시,95,95,97
한방병원ㆍ한의원,경상북도,영주시,28,28,28
한방병원ㆍ한의원,경상북도,영천시,34,33,34
한방병원ㆍ한의원,경상북도,상주시,26,26,25
한방병원ㆍ한의원,경상북도,문경시,20,21,20
한방병원ㆍ한의원,경상북도,경산시,68,68,69
한방병원ㆍ한의원,경상북도,의성군,8,8,8
한방병원ㆍ한의원,경상북도,청송군,7,7,7
한방병원ㆍ한의원,경상북도,영양군,0,0,0
한방병원ㆍ한의원,경상북도,영덕군,7,7,8
한방병원ㆍ한의원,경상북도,청도군,12,11,11
한방병원ㆍ한의원,경상북도,고령군,6,7,7
한방병원ㆍ한의원,경상북도,성주군,10,10,10
한방병원ㆍ한의원,경상북도,칠곡군,18,18,18
한방병원ㆍ한의원,경상북도,예천군,14,14,13
한방병원ㆍ한의원,경상북도,봉화군,4,4,4
한방병원ㆍ한의원,경상북도,울진군,9,9,10
한방병원ㆍ한의원,경상북도,울릉군,0,0,0
한방병원ㆍ한의원,경상남도,창원시 의창구,59,61,59
한방병원ㆍ한의원,경상남도,창원시 성산구,90,90,94
한방병원ㆍ한의원,경상남도,창원시 마산합포구,49,49,49
한방병원ㆍ한의원,경상남도,창원시 마산회원구,44,44,42
한방병원ㆍ한의원,경상남도,창원시 진해구,40,40,41
한방병원ㆍ한의원,경상남도,진주시,100,100,98
한방병원ㆍ한의원,경상남도,통영시,27,27,24
한방병원ㆍ한의원,경상남도,사천시,28,28,27
한방병원ㆍ한의원,경상남도,김해시,116,116,113
한방병원ㆍ한의원,경상남도,밀양시,28,29,28
한방병원ㆍ한의원,경상남도,거제시,42,42,42
한방병원ㆍ한의원,경상남도,양산시,91,91,92
한방병원ㆍ한의원,경상남도,의령군,6,6,6
한방병원ㆍ한의원,경상남도,함안군,12,12,11
한방병원ㆍ한의원,경상남도,창녕군,10,10,10
한방병원ㆍ한의원,경상남도,고성군,8,8,9
한방병원ㆍ한의원,경상남도,남해군,10,10,10
한방병원ㆍ한의원,경상남도,하동군,9,9,9
한방병원ㆍ한의원,경상남도,산청군,12,12,15
한방병원ㆍ한의원,경상남도,함양군,11,11,10
한방병원ㆍ한의원,경상남도,거창군,14,14,16
한방병원ㆍ한의원,경상남도,합천군,13,13,13
한방병원ㆍ한의원,제주특별자치도,제주시,150,152,146
한방병원ㆍ한의원,제주특별자치도,서귀포시,56,56,56
한방병원ㆍ한의원,강원특별자치도,춘천시,69,69,68
한방병원ㆍ한의원,강원특별자치도,원주시,114,115,118
한방병원ㆍ한의원,강원특별자치도,강릉시,60,60,61
한방병원ㆍ한의원,강원특별자치도,동해시,20,20,20
한방병원ㆍ한의원,강원특별자치도,태백시,6,6,8
한방병원ㆍ한의원,강원특별자치도,속초시,23,23,22
한방병원ㆍ한의원,강원특별자치도,삼척시,11,11,11
한방병원ㆍ한의원,강원특별자치도,홍천군,12,12,11
한방병원ㆍ한의원,강원특별자치도,횡성군,12,12,12
한방병원ㆍ한의원,강원특별자치도,영월군,4,4,4
한방병원ㆍ한의원,강원특별자치도,평창군,10,11,11
한방병원ㆍ한의원,강원특별자치도,정선군,5,5,5
한방병원ㆍ한의원,강원특별자치도,철원군,9,9,9
한방병원ㆍ한의원,강원특별자치도,화천군,3,3,4
한방병원ㆍ한의원,강원특별자치도,양구군,3,3,3
한방병원ㆍ한의원,강원특별자치도,인제군,7,7,7
한방병원ㆍ한의원,강원특별자치도,고성군,6,6,6
한방병원ㆍ한의원,강원특별자치도,양양군,4,4,4
한방병원ㆍ한의원,전북특별자치도,전주시 완산구,135,136,134
한방병원ㆍ한의원,전북특별자치도,전주시 덕진구,96,96,98
한방병원ㆍ한의원,전북특별자치도,군산시,74,74,75
한방병원ㆍ한의원,전북특별자치도,익산시,82,82,83
한방병원ㆍ한의원,전북특별자치도,정읍시,30,30,31
한방병원ㆍ한의원,전북특별자치도,남원시,15,15,16
한방병원ㆍ한의원,전북특별자치도,김제시,21,21,21
한방병원ㆍ한의원,전북특별자치도,완주군,25,25,26
한방병원ㆍ한의원,전북특별자치도,진안군,5,5,5
한방병원ㆍ한의원,전북특별자치도,무주군,7,7,8
한방병원ㆍ한의원,전북특별자치도,장수군,4,4,4
한방병원ㆍ한의원,전북특별자치도,임실군,8,8,10
한방병원ㆍ한의원,전북특별자치도,순창군,7,7,7
한방병원ㆍ한의원,전북특별자치도,고창군,10,10,10
한방병원ㆍ한의원,전북특별자치도,부안군,16,16,16
간판광고물업,서울특별시,종로구,104,104,109
간판광고물업,서울특별시,중구,151,151,155
간판광고물업,서울특별시,용산구,42,43,43
간판광고물업,서울특별시,성동구,90,91,97
간판광고물업,서울특별시,광진구,104,105,111
간판광고물업,서울특별시,동대문구,79,78,78
간판광고물업,서울특별시,중랑구,102,102,102
간판광고물업,서울특별시,성북구,63,64,61
간판광고물업,서울특별시,강북구,56,56,62
간판광고물업,서울특별시,도봉구,46,46,48
간판광고물업,서울특별시,노원구,38,37,36
간판광고물업,서울특별시,은평구,80,80,83
간판광고물업,서울특별시,서대문구,42,43,48
간판광고물업,서울특별시,마포구,111,112,118
간판광고물업,서울특별시,양천구,74,74,78
간판광고물업,서울특별시,강서구,80,80,77
간판광고물업,서울특별시,구로구,87,87,85
간판광고물업,서울특별시,금천구,101,101,105
간판광고물업,서울특별시,영등포구,136,136,137
간판광고물업,서울특별시,동작구,57,57,59
간판광고물업,서울특별시,관악구,64,65,64
간판광고물업,서울특별시,서초구,113,114,113
간판광고물업,서울특별시,강남구,169,170,189
간판광고물업,서울특별시,송파구,137,137,134
간판광고물업,서울특별시,강동구,94,96,97
간판광고물업,부산광역시,중구,23,23,25
간판광고물업,부산광역시,서구,18,18,17
간판광고물업,부산광역시,동구,21,21,19
간판광고물업,부산광역시,영도구,14,14,14
간판광고물업,부산광역시,부산진구,91,91,84
간판광고물업,부산광역시,동래구,79,80,79
간판광고물업,부산광역시,남구,49,48,48
간판광고물업,부산광역시,북구,28,28,29
간판광고물업,부산광역시,해운대구,60,60,63
간판광고물업,부산광역시,사하구,71,70,66
간판광고물업,부산광역시,금정구,79,78,79
간판광고물업,부산광역시,강서구,53,54,56
간판광고물업,부산광역시,연제구,50,50,51
간판광고물업,부산광역시,수영구,42,43,44
간판광고물업,부산광역시,사상구,101,100,104
간판광고물업,부산광역시,기장군,44,44,43
간판광고물업,대구광역시,중구,87,87,94
간판광고물업,대구광역시,동구,104,104,101
간판광고물업,대구광역시,서구,80,78,76
간판광고물업,대구광역시,남구,83,83,81
간판광고물업,대구광역시,북구,113,113,115
간판광고물업,대구광역시,수성구,103,105,108
간판광고물업,대구광역시,달서구,122,122,122
간판광고물업,대구광역시,달성군,36,36,42
간판광고물업,대구광역시,군위군,7,7,8
간판광고물업,인천광역시,중구,34,34,34
간판광고물업,인천광역시,동구,25,25,24
간판광고물업,인천광역시,미추홀구,96,96,98
간판광고물업,인천광역시,연수구,30,29,31
간판광고물업,인천광역시,남동구,101,101,99
간판광고물업,인천광역시,부평구,84,86,88
간판광고물업,인천광역시,계양구,58,58,61
간판광고물업,인천광역시,서구,124,125,115
간판광고물업,인천광역시,강화군,15,15,15
간판광고물업,인천광역시,옹진군,0,0,0
간판광고물업,광주광역시,동구,35,35,34
간판광고물업,광주광역시,서구,92,91,93
간판광고물업,광주광역시,남구,53,53,53
간판광고물업,광주광역시,북구,177,177,176
간판광고물업,광주광역시,광산구,82,81,80
간판광고물업,대전광역시,동구,71,71,75
간판광고물업,대전광역시,중구,87,87,89
간판광고물업,대전광역시,서구,106,106,107
간판광고물업,대전광역시,유성구,38,39,37
간판광고물업,대전광역시,대덕구,81,82,81
간판광고물업,울산광역시,중구,70,70,71
간판광고물업,울산광역시,남구,119,119,117
간판광고물업,울산광역시,동구,16,16,14
간판광고물업,울산광역시,북구,25,25,25
간판광고물업,울산광역시,울주군,49,49,51
간판광고물업,세종특별자치시,0,37,37,36
간판광고물업,경기도,수원시 장안구,45,45,45
간판광고물업,경기도,수원시 권선구,73,72,75
간판광고물업,경기도,수원시 팔달구,52,53,51
간판광고물업,경기도,수원시 영통구,35,35,38
간판광고물업,경기도,성남시 수정구,43,42,48
간판광고물업,경기도,성남시 중원구,73,73,71
간판광고물업,경기도,성남시 분당구,71,70,70
간판광고물업,경기도,의정부시,97,98,99
간판광고물업,경기도,안양시 만안구,52,52,54
간판광고물업,경기도,안양시 동안구,61,61,63
간판광고물업,경기도,부천시 원미구,87,87,88
간판광고물업,경기도,부천시 소사구,32,32,29
간판광고물업,경기도,부천시 오정구,53,53,55
간판광고물업,경기도,광명시,60,61,63
간판광고물업,경기도,평택시,97,97,93
간판광고물업,경기도,동두천시,26,26,25
간판광고물업,경기도,안산시 상록구,65,65,71
간판광고물업,경기도,안산시 단원구,102,102,97
간판광고물업,경기도,고양시 덕양구,150,150,145
간판광고물업,경기도,고양시 일산동구,194,196,203
간판광고물업,경기도,고양시 일산서구,85,85,85
간판광고물업,경기도,과천시,21,22,21
간판광고물업,경기도,구리시,60,59,58
간판광고물업,경기도,남양주시,253,255,252
간판광고물업,경기도,오산시,42,42,40
간판광고물업,경기도,시흥시,135,134,133
간판광고물업,경기도,군포시,55,55,55
간판광고물업,경기도,의왕시,17,17,18
간판광고물업,경기도,하남시,148,147,148
간판광고물업,경기도,용인시 처인구,94,93,89
간판광고물업,경기도,용인시 기흥구,34,35,35
간판광고물업,경기도,용인시 수지구,17,15,19
간판광고물업,경기도,파주시,212,210,206
간판광고물업,경기도,이천시,41,40,37
간판광고물업,경기도,안성시,36,36,36
간판광고물업,경기도,김포시,128,127,128
간판광고물업,경기도,화성시 만세구,66,66,61
간판광고물업,경기도,화성시 효행구,49,49,52
간판광고물업,경기도,화성시 병점구,37,37,41
간판광고물업,경기도,화성시 동탄구,37,35,30
간판광고물업,경기도,광주시,182,185,182
간판광고물업,경기도,양주시,67,67,67
간판광고물업,경기도,포천시,74,75,71
간판광고물업,경기도,여주시,30,30,28
간판광고물업,경기도,연천군,13,13,14
간판광고물업,경기도,가평군,13,13,13
간판광고물업,경기도,양평군,23,22,22
간판광고물업,충청북도,청주시 상당구,45,45,45
간판광고물업,충청북도,청주시 서원구,40,40,40
간판광고물업,충청북도,청주시 흥덕구,63,64,63
간판광고물업,충청북도,청주시 청원구,47,47,49
간판광고물업,충청북도,충주시,58,58,56
간판광고물업,충청북도,제천시,43,43,43
간판광고물업,충청북도,보은군,8,8,8
간판광고물업,충청북도,옥천군,7,7,7
간판광고물업,충청북도,영동군,14,14,13
간판광고물업,충청북도,증평군,7,7,8
간판광고물업,충청북도,진천군,26,26,24
간판광고물업,충청북도,괴산군,5,5,5
간판광고물업,충청북도,음성군,26,26,24
간판광고물업,충청북도,단양군,15,15,13
간판광고물업,충청남도,천안시 동남구,78,79,79
간판광고물업,충청남도,천안시 서북구,83,83,85
간판광고물업,충청남도,공주시,29,29,27
간판광고물업,충청남도,보령시,29,29,29
간판광고물업,충청남도,아산시,59,59,59
간판광고물업,충청남도,서산시,40,40,38
간판광고물업,충청남도,논산시,42,41,40
간판광고물업,충청남도,계룡시,9,9,9
간판광고물업,충청남도,당진시,40,40,39
간판광고물업,충청남도,금산군,14,14,14
간판광고물업,충청남도,부여군,9,9,9
간판광고물업,충청남도,서천군,19,19,19
간판광고물업,충청남도,청양군,5,5,3
간판광고물업,충청남도,홍성군,17,17,16
간판광고물업,충청남도,예산군,18,18,17
간판광고물업,충청남도,태안군,18,18,16
간판광고물업,전라남도,목포시,93,93,91
간판광고물업,전라남도,여수시,78,79,80
간판광고물업,전라남도,순천시,86,87,85
간판광고물업,전라남도,나주시,35,36,34
간판광고물업,전라남도,광양시,43,43,41
간판광고물업,전라남도,담양군,10,10,9
간판광고물업,전라남도,곡성군,9,9,6
간판광고물업,전라남도,구례군,5,5,5
간판광고물업,전라남도,고흥군,13,13,13
간판광고물업,전라남도,보성군,8,8,8
간판광고물업,전라남도,화순군,19,19,19
간판광고물업,전라남도,장흥군,11,11,11
간판광고물업,전라남도,강진군,11,11,11
간판광고물업,전라남도,해남군,25,24,21
간판광고물업,전라남도,영암군,14,14,14
간판광고물업,전라남도,무안군,18,17,20
간판광고물업,전라남도,함평군,10,10,11
간판광고물업,전라남도,영광군,12,12,12
간판광고물업,전라남도,장성군,13,13,13
간판광고물업,전라남도,완도군,10,10,9
간판광고물업,전라남도,진도군,12,12,11
간판광고물업,전라남도,신안군,0,0,0
간판광고물업,경상북도,포항시 남구,57,56,55
간판광고물업,경상북도,포항시 북구,61,62,61
간판광고물업,경상북도,경주시,63,63,65
간판광고물업,경상북도,김천시,38,38,37
간판광고물업,경상북도,안동시,61,61,58
간판광고물업,경상북도,구미시,110,110,106
간판광고물업,경상북도,영주시,39,39,39
간판광고물업,경상북도,영천시,30,30,28
간판광고물업,경상북도,상주시,22,23,23
간판광고물업,경상북도,문경시,23,24,25
간판광고물업,경상북도,경산시,70,70,65
간판광고물업,경상북도,의성군,16,16,14
간판광고물업,경상북도,청송군,3,3,3
간판광고물업,경상북도,영양군,7,7,6
간판광고물업,경상북도,영덕군,15,15,15
간판광고물업,경상북도,청도군,8,8,8
간판광고물업,경상북도,고령군,8,8,7
간판광고물업,경상북도,성주군,13,13,15
간판광고물업,경상북도,칠곡군,24,24,24
간판광고물업,경상북도,예천군,9,9,9
간판광고물업,경상북도,봉화군,7,7,7
간판광고물업,경상북도,울진군,14,14,14
간판광고물업,경상북도,울릉군,3,3,3
간판광고물업,경상남도,창원시 의창구,64,66,67
간판광고물업,경상남도,창원시 성산구,51,52,53
간판광고물업,경상남도,창원시 마산합포구,44,44,45
간판광고물업,경상남도,창원시 마산회원구,49,49,46
간판광고물업,경상남도,창원시 진해구,23,23,27
간판광고물업,경상남도,진주시,93,93,91
간판광고물업,경상남도,통영시,25,25,23
간판광고물업,경상남도,사천시,35,35,32
간판광고물업,경상남도,김해시,113,113,115
간판광고물업,경상남도,밀양시,19,19,18
간판광고물업,경상남도,거제시,34,35,37
간판광고물업,경상남도,양산시,71,72,73
간판광고물업,경상남도,의령군,0,0,0
간판광고물업,경상남도,함안군,17,17,16
간판광고물업,경상남도,창녕군,12,12,12
간판광고물업,경상남도,고성군,8,8,7
간판광고물업,경상남도,남해군,9,9,9
간판광고물업,경상남도,하동군,7,7,7
간판광고물업,경상남도,산청군,9,9,9
간판광고물업,경상남도,함양군,14,14,14
간판광고물업,경상남도,거창군,12,12,12
간판광고물업,경상남도,합천군,7,7,7
간판광고물업,제주특별자치도,제주시,156,156,157
간판광고물업,제주특별자치도,서귀포시,41,41,42
간판광고물업,강원특별자치도,춘천시,111,111,110
간판광고물업,강원특별자치도,원주시,95,94,91
간판광고물업,강원특별자치도,강릉시,69,69,70
간판광고물업,강원특별자치도,동해시,41,41,42
간판광고물업,강원특별자치도,태백시,14,14,14
간판광고물업,강원특별자치도,속초시,42,42,44
간판광고물업,강원특별자치도,삼척시,17,17,18
간판광고물업,강원특별자치도,홍천군,27,27,29
간판광고물업,강원특별자치도,횡성군,17,17,17
간판광고물업,강원특별자치도,영월군,10,10,10
간판광고물업,강원특별자치도,평창군,17,16,16
간판광고물업,강원특별자치도,정선군,15,15,16
간판광고물업,강원특별자치도,철원군,13,13,14
간판광고물업,강원특별자치도,화천군,8,8,8
간판광고물업,강원특별자치도,양구군,5,5,5
간판광고물업,강원특별자치도,인제군,17,17,13
간판광고물업,강원특별자치도,고성군,8,7,8
간판광고물업,강원특별자치도,양양군,6,6,6
간판광고물업,전북특별자치도,전주시 완산구,118,119,116
간판광고물업,전북특별자치도,전주시 덕진구,97,97,95
간판광고물업,전북특별자치도,군산시,74,75,73
간판광고물업,전북특별자치도,익산시,94,95,90
간판광고물업,전북특별자치도,정읍시,26,26,27
간판광고물업,전북특별자치도,남원시,25,25,24
간판광고물업,전북특별자치도,김제시,23,23,24
간판광고물업,전북특별자치도,완주군,17,17,12
간판광고물업,전북특별자치도,진안군,8,8,7
간판광고물업,전북특별자치도,무주군,8,8,6
간판광고물업,전북특별자치도,장수군,5,5,6
간판광고물업,전북특별자치도,임실군,4,4,5
간판광고물업,전북특별자치도,순창군,9,9,9
간판광고물업,전북특별자치도,고창군,18,18,19
간판광고물업,전북특별자치도,부안군,16,16,16
실내장식가게,서울특별시,종로구,275,269,273
실내장식가게,서울특별시,중구,285,282,290
실내장식가게,서울특별시,용산구,406,410,406
실내장식가게,서울특별시,성동구,505,506,491
실내장식가게,서울특별시,광진구,584,582,552
실내장식가게,서울특별시,동대문구,566,552,526
실내장식가게,서울특별시,중랑구,829,825,822
실내장식가게,서울특별시,성북구,624,615,581
실내장식가게,서울특별시,강북구,644,641,614
실내장식가게,서울특별시,도봉구,597,600,582
실내장식가게,서울특별시,노원구,647,644,647
실내장식가게,서울특별시,은평구,686,683,663
실내장식가게,서울특별시,서대문구,417,415,418
실내장식가게,서울특별시,마포구,857,859,855
실내장식가게,서울특별시,양천구,671,667,629
실내장식가게,서울특별시,강서구,1014,999,995
실내장식가게,서울특별시,구로구,703,697,682
실내장식가게,서울특별시,금천구,694,697,669
실내장식가게,서울특별시,영등포구,758,756,715
실내장식가게,서울특별시,동작구,476,474,461
실내장식가게,서울특별시,관악구,724,708,700
실내장식가게,서울특별시,서초구,1054,1056,1069
실내장식가게,서울특별시,강남구,1608,1614,1578
실내장식가게,서울특별시,송파구,1297,1290,1279
실내장식가게,서울특별시,강동구,816,807,808
실내장식가게,부산광역시,중구,80,80,78
실내장식가게,부산광역시,서구,115,116,121
실내장식가게,부산광역시,동구,172,174,166
실내장식가게,부산광역시,영도구,134,135,141
실내장식가게,부산광역시,부산진구,688,683,645
실내장식가게,부산광역시,동래구,567,561,547
실내장식가게,부산광역시,남구,460,456,428
실내장식가게,부산광역시,북구,366,369,363
실내장식가게,부산광역시,해운대구,803,812,808
실내장식가게,부산광역시,사하구,356,354,342
실내장식가게,부산광역시,금정구,460,463,458
실내장식가게,부산광역시,강서구,302,296,283
실내장식가게,부산광역시,연제구,457,451,422
실내장식가게,부산광역시,수영구,436,438,436
실내장식가게,부산광역시,사상구,338,335,308
실내장식가게,부산광역시,기장군,326,321,312
실내장식가게,대구광역시,중구,230,225,199
실내장식가게,대구광역시,동구,617,614,587
실내장식가게,대구광역시,서구,306,306,286
실내장식가게,대구광역시,남구,400,398,394
실내장식가게,대구광역시,북구,723,715,665
실내장식가게,대구광역시,수성구,912,909,890
실내장식가게,대구광역시,달서구,853,845,800
실내장식가게,대구광역시,달성군,339,334,323
실내장식가게,대구광역시,군위군,29,28,22
실내장식가게,인천광역시,중구,323,317,299
실내장식가게,인천광역시,동구,159,162,163
실내장식가게,인천광역시,미추홀구,923,917,893
실내장식가게,인천광역시,연수구,713,706,631
실내장식가게,인천광역시,남동구,1109,1108,1036
실내장식가게,인천광역시,부평구,903,897,886
실내장식가게,인천광역시,계양구,614,609,569
실내장식가게,인천광역시,서구,1354,1330,1220
실내장식가게,인천광역시,강화군,141,140,143
실내장식가게,인천광역시,옹진군,57,56,56
실내장식가게,광주광역시,동구,273,275,258
실내장식가게,광주광역시,서구,645,637,635
실내장식가게,광주광역시,남구,401,396,386
실내장식가게,광주광역시,북구,1062,1060,1017
실내장식가게,광주광역시,광산구,858,852,800
실내장식가게,대전광역시,동구,438,433,425
실내장식가게,대전광역시,중구,493,492,488
실내장식가게,대전광역시,서구,1045,1042,1011
실내장식가게,대전광역시,유성구,649,646,611
실내장식가게,대전광역시,대덕구,380,377,381
실내장식가게,울산광역시,중구,397,391,385
실내장식가게,울산광역시,남구,586,582,577
실내장식가게,울산광역시,동구,164,160,151
실내장식가게,울산광역시,북구,204,204,200
실내장식가게,울산광역시,울주군,289,286,282
실내장식가게,세종특별자치시,0,469,462,446
실내장식가게,경기도,수원시 장안구,498,493,462
실내장식가게,경기도,수원시 권선구,750,750,740
실내장식가게,경기도,수원시 팔달구,399,396,387
실내장식가게,경기도,수원시 영통구,514,511,488
실내장식가게,경기도,성남시 수정구,509,514,509
실내장식가게,경기도,성남시 중원구,520,520,514
실내장식가게,경기도,성남시 분당구,799,797,815
실내장식가게,경기도,의정부시,1030,1024,955
실내장식가게,경기도,안양시 만안구,485,480,459
실내장식가게,경기도,안양시 동안구,581,587,565
실내장식가게,경기도,부천시 원미구,933,937,922
실내장식가게,경기도,부천시 소사구,465,463,455
실내장식가게,경기도,부천시 오정구,409,409,394
실내장식가게,경기도,광명시,504,502,476
실내장식가게,경기도,평택시,1048,1042,973
실내장식가게,경기도,동두천시,163,162,154
실내장식가게,경기도,안산시 상록구,987,974,915
실내장식가게,경기도,안산시 단원구,756,756,729
실내장식가게,경기도,고양시 덕양구,1178,1160,1103
실내장식가게,경기도,고양시 일산동구,774,778,772
실내장식가게,경기도,고양시 일산서구,576,573,577
실내장식가게,경기도,과천시,111,112,103
실내장식가게,경기도,구리시,475,466,459
실내장식가게,경기도,남양주시,2012,2000,1906
실내장식가게,경기도,오산시,407,397,384
실내장식가게,경기도,시흥시,1235,1217,1167
실내장식가게,경기도,군포시,427,426,410
실내장식가게,경기도,의왕시,260,260,237
실내장식가게,경기도,하남시,851,857,821
실내장식가게,경기도,용인시 처인구,723,714,653
실내장식가게,경기도,용인시 기흥구,771,769,768
실내장식가게,경기도,용인시 수지구,481,481,453
실내장식가게,경기도,파주시,1069,1058,965
실내장식가게,경기도,이천시,272,272,260
실내장식가게,경기도,안성시,323,320,300
실내장식가게,경기도,김포시,1109,1100,1052
실내장식가게,경기도,화성시,0,0,0
실내장식가게,경기도,화성시 만세구,469,470,421
실내장식가게,경기도,화성시 효행구,347,342,330
실내장식가게,경기도,화성시 병점구,298,287,310
실내장식가게,경기도,화성시 동탄구,687,681,540
실내장식가게,경기도,광주시,1172,1153,1097
실내장식가게,경기도,양주시,615,613,595
실내장식가게,경기도,포천시,345,347,327
실내장식가게,경기도,여주시,167,166,157
실내장식가게,경기도,연천군,58,59,55
실내장식가게,경기도,가평군,173,170,162
실내장식가게,경기도,양평군,284,277,276
실내장식가게,충청북도,청주시 상당구,378,373,327
실내장식가게,충청북도,청주시 서원구,310,311,296
실내장식가게,충청북도,청주시 흥덕구,422,421,392
실내장식가게,충청북도,청주시 청원구,319,314,299
실내장식가게,충청북도,충주시,327,327,299
실내장식가게,충청북도,제천시,166,169,158
실내장식가게,충청북도,보은군,23,23,21
실내장식가게,충청북도,옥천군,68,69,60
실내장식가게,충청북도,영동군,43,43,45
실내장식가게,충청북도,증평군,42,40,42
실내장식가게,충청북도,진천군,86,85,91
실내장식가게,충청북도,괴산군,47,47,43
실내장식가게,충청북도,음성군,110,111,111
실내장식가게,충청북도,단양군,29,29,25
실내장식가게,충청남도,천안시 동남구,549,540,509
실내장식가게,충청남도,천안시 서북구,701,698,637
실내장식가게,충청남도,공주시,143,141,130
실내장식가게,충청남도,보령시,83,84,77
실내장식가게,충청남도,아산시,472,476,448
실내장식가게,충청남도,서산시,209,207,190
실내장식가게,충청남도,논산시,126,127,121
실내장식가게,충청남도,계룡시,54,55,50
실내장식가게,충청남도,당진시,134,135,121
실내장식가게,충청남도,금산군,79,78,71
실내장식가게,충청남도,부여군,70,70,64
실내장식가게,충청남도,서천군,49,46,45
실내장식가게,충청남도,청양군,30,30,25
실내장식가게,충청남도,홍성군,111,111,103
실내장식가게,충청남도,예산군,106,107,96
실내장식가게,충청남도,태안군,70,68,64
실내장식가게,전라남도,목포시,299,294,271
실내장식가게,전라남도,여수시,307,307,286
실내장식가게,전라남도,순천시,416,405,381
실내장식가게,전라남도,나주시,167,171,165
실내장식가게,전라남도,광양시,148,150,160
실내장식가게,전라남도,담양군,103,101,99
실내장식가게,전라남도,곡성군,39,38,34
실내장식가게,전라남도,구례군,21,23,24
실내장식가게,전라남도,고흥군,64,66,64
실내장식가게,전라남도,보성군,30,31,31
실내장식가게,전라남도,화순군,97,97,93
실내장식가게,전라남도,장흥군,29,31,32
실내장식가게,전라남도,강진군,42,42,42
실내장식가게,전라남도,해남군,46,46,44
실내장식가게,전라남도,영암군,52,52,47
실내장식가게,전라남도,무안군,85,86,77
실내장식가게,전라남도,함평군,31,31,29
실내장식가게,전라남도,영광군,38,38,36
실내장식가게,전라남도,장성군,55,55,49
실내장식가게,전라남도,완도군,37,37,34
실내장식가게,전라남도,진도군,21,22,20
실내장식가게,전라남도,신안군,32,33,30
실내장식가게,경상북도,포항시 남구,301,301,298
실내장식가게,경상북도,포항시 북구,398,399,386
실내장식가게,경상북도,경주시,327,325,319
실내장식가게,경상북도,김천시,120,118,115
실내장식가게,경상북도,안동시,248,249,239
실내장식가게,경상북도,구미시,603,600,573
실내장식가게,경상북도,영주시,78,78,73
실내장식가게,경상북도,영천시,100,100,98
실내장식가게,경상북도,상주시,80,78,77
실내장식가게,경상북도,문경시,87,86,88
실내장식가게,경상북도,경산시,419,413,391
실내장식가게,경상북도,의성군,29,30,28
실내장식가게,경상북도,청송군,14,14,13
실내장식가게,경상북도,영양군,8,7,11
실내장식가게,경상북도,영덕군,34,34,33
실내장식가게,경상북도,청도군,51,51,42
실내장식가게,경상북도,고령군,47,47,47
실내장식가게,경상북도,성주군,36,34,28
실내장식가게,경상북도,칠곡군,186,179,161
실내장식가게,경상북도,예천군,26,26,20
실내장식가게,경상북도,봉화군,19,18,16
실내장식가게,경상북도,울진군,45,43,40
실내장식가게,경상북도,울릉군,16,17,16
실내장식가게,경상남도,창원시 의창구,452,452,433
실내장식가게,경상남도,창원시 성산구,325,320,318
실내장식가게,경상남도,창원시 마산합포구,286,285,262
실내장식가게,경상남도,창원시 마산회원구,238,240,222
실내장식가게,경상남도,창원시 진해구,184,181,174
실내장식가게,경상남도,진주시,522,529,506
실내장식가게,경상남도,통영시,124,122,119
실내장식가게,경상남도,사천시,147,147,130
실내장식가게,경상남도,김해시,858,858,810
실내장식가게,경상남도,밀양시,80,81,71
실내장식가게,경상남도,거제시,322,322,311
실내장식가게,경상남도,양산시,653,651,590
실내장식가게,경상남도,의령군,23,24,20
실내장식가게,경상남도,함안군,61,61,58
실내장식가게,경상남도,창녕군,57,55,53
실내장식가게,경상남도,고성군,55,55,45
실내장식가게,경상남도,남해군,31,30,28
실내장식가게,경상남도,하동군,32,32,30
실내장식가게,경상남도,산청군,43,42,36
실내장식가게,경상남도,함양군,47,46,39
실내장식가게,경상남도,거창군,63,63,58
실내장식가게,경상남도,합천군,29,29,28
실내장식가게,제주특별자치도,제주시,1508,1498,1486
실내장식가게,제주특별자치도,서귀포시,417,414,386
실내장식가게,강원특별자치도,춘천시,455,448,436
실내장식가게,강원특별자치도,원주시,644,645,622
실내장식가게,강원특별자치도,강릉시,303,301,276
실내장식가게,강원특별자치도,동해시,124,125,126
실내장식가게,강원특별자치도,태백시,40,39,39
실내장식가게,강원특별자치도,속초시,144,143,142
실내장식가게,강원특별자치도,삼척시,66,64,65
실내장식가게,강원특별자치도,홍천군,66,64,62
실내장식가게,강원특별자치도,횡성군,70,69,67
실내장식가게,강원특별자치도,영월군,40,40,35
실내장식가게,강원특별자치도,평창군,50,49,47
실내장식가게,강원특별자치도,정선군,32,32,30
실내장식가게,강원특별자치도,철원군,43,41,39
실내장식가게,강원특별자치도,화천군,34,33,32
실내장식가게,강원특별자치도,양구군,27,26,25
실내장식가게,강원특별자치도,인제군,35,34,28
실내장식가게,강원특별자치도,고성군,54,57,61
실내장식가게,강원특별자치도,양양군,42,44,46
실내장식가게,전북특별자치도,전주시 완산구,150,152,151
실내장식가게,전북특별자치도,전주시 덕진구,90,95,88
실내장식가게,전북특별자치도,군산시,83,81,67
실내장식가게,전북특별자치도,익산시,66,67,58
실내장식가게,전북특별자치도,정읍시,32,31,20
실내장식가게,전북특별자치도,남원시,48,49,48
실내장식가게,전북특별자치도,김제시,25,25,21
실내장식가게,전북특별자치도,완주군,42,44,34
실내장식가게,전북특별자치도,진안군,4,4,5
실내장식가게,전북특별자치도,무주군,13,13,9
실내장식가게,전북특별자치도,장수군,8,9,6
실내장식가게,전북특별자치도,임실군,15,16,12
실내장식가게,전북특별자치도,순창군,17,17,14
실내장식가게,전북특별자치도,고창군,18,16,14
실내장식가게,전북특별자치도,부안군,8,8,9
주차장운영업,서울특별시,종로구,104,102,107
주차장운영업,서울특별시,중구,94,93,98
주차장운영업,서울특별시,용산구,82,82,82
주차장운영업,서울특별시,성동구,85,86,85
주차장운영업,서울특별시,광진구,61,61,56
주차장운영업,서울특별시,동대문구,83,84,78
주차장운영업,서울특별시,중랑구,38,38,39
주차장운영업,서울특별시,성북구,49,49,48
주차장운영업,서울특별시,강북구,36,37,32
주차장운영업,서울특별시,도봉구,23,22,21
주차장운영업,서울특별시,노원구,22,22,21
주차장운영업,서울특별시,은평구,46,47,44
주차장운영업,서울특별시,서대문구,49,49,46
주차장운영업,서울특별시,마포구,104,103,98
주차장운영업,서울특별시,양천구,52,52,52
주차장운영업,서울특별시,강서구,200,200,195
주차장운영업,서울특별시,구로구,85,84,79
주차장운영업,서울특별시,금천구,127,129,126
주차장운영업,서울특별시,영등포구,147,147,147
주차장운영업,서울특별시,동작구,44,44,39
주차장운영업,서울특별시,관악구,45,43,41
주차장운영업,서울특별시,서초구,142,143,148
주차장운영업,서울특별시,강남구,302,301,293
주차장운영업,서울특별시,송파구,99,99,98
주차장운영업,서울특별시,강동구,80,81,71
주차장운영업,부산광역시,중구,103,106,112
주차장운영업,부산광역시,서구,104,105,103
주차장운영업,부산광역시,동구,155,158,154
주차장운영업,부산광역시,영도구,79,80,83
주차장운영업,부산광역시,부산진구,285,282,276
주차장운영업,부산광역시,동래구,148,147,152
주차장운영업,부산광역시,남구,124,124,123
주차장운영업,부산광역시,북구,115,111,115
주차장운영업,부산광역시,해운대구,156,156,161
주차장운영업,부산광역시,사하구,111,111,115
주차장운영업,부산광역시,금정구,136,135,133
주차장운영업,부산광역시,강서구,109,111,96
주차장운영업,부산광역시,연제구,156,156,155
주차장운영업,부산광역시,수영구,134,134,133
주차장운영업,부산광역시,사상구,109,108,108
주차장운영업,부산광역시,기장군,59,59,58
주차장운영업,대구광역시,중구,141,141,145
주차장운영업,대구광역시,동구,92,94,91
주차장운영업,대구광역시,서구,48,48,49
주차장운영업,대구광역시,남구,41,42,40
주차장운영업,대구광역시,북구,35,38,35
주차장운영업,대구광역시,수성구,60,59,56
주차장운영업,대구광역시,달서구,56,56,55
주차장운영업,대구광역시,달성군,19,20,25
주차장운영업,인천광역시,중구,153,153,134
주차장운영업,인천광역시,동구,5,5,4
주차장운영업,인천광역시,미추홀구,77,77,68
주차장운영업,인천광역시,연수구,75,75,69
주차장운영업,인천광역시,남동구,81,79,74
주차장운영업,인천광역시,부평구,54,54,55
주차장운영업,인천광역시,계양구,25,25,23
주차장운영업,인천광역시,서구,133,132,116
주차장운영업,인천광역시,강화군,9,9,10
주차장운영업,인천광역시,옹진군,4,4,4
주차장운영업,광주광역시,동구,117,115,103
주차장운영업,광주광역시,서구,74,73,66
주차장운영업,광주광역시,남구,34,34,33
주차장운영업,광주광역시,북구,58,57,60
주차장운영업,광주광역시,광산구,84,82,72
주차장운영업,대전광역시,동구,22,22,25
주차장운영업,대전광역시,중구,66,65,61
주차장운영업,대전광역시,서구,83,82,81
주차장운영업,대전광역시,유성구,73,74,66
주차장운영업,대전광역시,대덕구,18,18,18
주차장운영업,울산광역시,중구,53,53,54
주차장운영업,울산광역시,남구,128,128,127
주차장운영업,울산광역시,동구,30,30,29
주차장운영업,울산광역시,북구,40,40,41
주차장운영업,울산광역시,울주군,59,58,57
주차장운영업,세종특별자치시,0,79,78,71
주차장운영업,경기도,수원시 장안구,30,30,29
주차장운영업,경기도,수원시 권선구,96,94,88
주차장운영업,경기도,수원시 팔달구,89,88,82
주차장운영업,경기도,수원시 영통구,82,81,78
주차장운영업,경기도,성남시 수정구,52,52,51
주차장운영업,경기도,성남시 중원구,36,36,35
주차장운영업,경기도,성남시 분당구,124,124,117
주차장운영업,경기도,의정부시,71,72,67
주차장운영업,경기도,안양시 만안구,23,23,22
주차장운영업,경기도,안양시 동안구,75,75,68
주차장운영업,경기도,부천시 원미구,86,86,79
주차장운영업,경기도,부천시 소사구,31,31,28
주차장운영업,경기도,부천시 오정구,21,21,19
주차장운영업,경기도,광명시,59,58,55
주차장운영업,경기도,평택시,113,113,96
주차장운영업,경기도,동두천시,7,7,8
주차장운영업,경기도,안산시 상록구,17,18,18
주차장운영업,경기도,안산시 단원구,91,91,77
주차장운영업,경기도,고양시 덕양구,95,94,87
주차장운영업,경기도,고양시 일산동구,58,58,62
주차장운영업,경기도,고양시 일산서구,26,25,23
주차장운영업,경기도,과천시,19,19,19
주차장운영업,경기도,구리시,60,60,55
주차장운영업,경기도,남양주시,114,114,106
주차장운영업,경기도,오산시,41,41,42
주차장운영업,경기도,시흥시,104,102,91
주차장운영업,경기도,군포시,26,26,22
주차장운영업,경기도,의왕시,21,21,23
주차장운영업,경기도,하남시,110,111,109
주차장운영업,경기도,용인시 처인구,34,34,25
주차장운영업,경기도,용인시 기흥구,65,66,64
주차장운영업,경기도,용인시 수지구,41,41,42
주차장운영업,경기도,파주시,69,70,70
주차장운영업,경기도,이천시,51,51,44
주차장운영업,경기도,안성시,31,33,29
주차장운영업,경기도,김포시,109,108,98
주차장운영업,경기도,화성시,0,0,0
주차장운영업,경기도,화성시 만세구,56,55,56
주차장운영업,경기도,화성시 효행구,17,17,13
주차장운영업,경기도,화성시 병점구,23,23,20
주차장운영업,경기도,화성시 동탄구,105,105,91
주차장운영업,경기도,광주시,46,46,46
주차장운영업,경기도,양주시,53,51,42
주차장운영업,경기도,포천시,19,19,20
주차장운영업,경기도,여주시,12,11,10
주차장운영업,경기도,연천군,14,14,14
주차장운영업,경기도,가평군,13,13,12
주차장운영업,경기도,양평군,7,7,7
주차장운영업,충청북도,청주시 상당구,58,57,54
주차장운영업,충청북도,청주시 서원구,41,41,39
주차장운영업,충청북도,청주시 흥덕구,51,51,47
주차장운영업,충청북도,청주시 청원구,32,32,28
주차장운영업,충청북도,충주시,18,18,18
주차장운영업,충청북도,제천시,28,27,25
주차장운영업,충청북도,보은군,3,3,4
주차장운영업,충청북도,옥천군,3,3,4
주차장운영업,충청북도,영동군,3,3,3
주차장운영업,충청북도,증평군,6,6,5
주차장운영업,충청북도,진천군,10,10,9
주차장운영업,충청북도,괴산군,0,0,0
주차장운영업,충청북도,음성군,0,0,0
주차장운영업,충청북도,단양군,0,0,0
주차장운영업,충청남도,천안시 동남구,42,42,32
주차장운영업,충청남도,천안시 서북구,68,66,56
주차장운영업,충청남도,공주시,9,9,9
주차장운영업,충청남도,보령시,9,8,6
주차장운영업,충청남도,아산시,44,45,47
주차장운영업,충청남도,서산시,40,40,39
주차장운영업,충청남도,논산시,8,8,7
주차장운영업,충청남도,계룡시,0,0,0
주차장운영업,충청남도,당진시,21,20,18
주차장운영업,충청남도,금산군,0,0,0
주차장운영업,충청남도,부여군,4,4,3
주차장운영업,충청남도,서천군,0,0,0
주차장운영업,충청남도,홍성군,16,15,15
주차장운영업,충청남도,예산군,0,0,0
주차장운영업,충청남도,태안군,11,11,10
주차장운영업,전라남도,목포시,22,22,21
주차장운영업,전라남도,여수시,23,24,26
주차장운영업,전라남도,순천시,63,61,61
주차장운영업,전라남도,나주시,16,16,15
주차장운영업,전라남도,광양시,5,5,5
주차장운영업,전라남도,담양군,0,0,0
주차장운영업,전라남도,구례군,0,0,0
주차장운영업,전라남도,고흥군,3,3,0
주차장운영업,전라남도,보성군,0,0,0
주차장운영업,전라남도,화순군,3,3,4
주차장운영업,전라남도,영암군,0,0,0
주차장운영업,전라남도,무안군,4,4,4
주차장운영업,전라남도,함평군,0,0,0
주차장운영업,전라남도,장성군,0,0,0
주차장운영업,전라남도,진도군,0,0,0
주차장운영업,전라남도,신안군,0,0,0
주차장운영업,경상북도,포항시 남구,35,35,34
주차장운영업,경상북도,포항시 북구,84,83,82
주차장운영업,경상북도,경주시,44,43,38
주차장운영업,경상북도,김천시,14,14,14
주차장운영업,경상북도,안동시,21,21,22
주차장운영업,경상북도,구미시,51,51,51
주차장운영업,경상북도,영주시,20,19,19
주차장운영업,경상북도,영천시,7,7,8
주차장운영업,경상북도,상주시,5,5,5
주차장운영업,경상북도,문경시,5,5,6
주차장운영업,경상북도,경산시,41,41,38
주차장운영업,경상북도,의성군,0,0,0
주차장운영업,경상북도,청송군,5,5,5
주차장운영업,경상북도,청도군,0,0,0
주차장운영업,경상북도,고령군,0,0,0
주차장운영업,경상북도,성주군,0,0,0
주차장운영업,경상북도,칠곡군,6,6,5
주차장운영업,경상북도,울진군,0,0,0
주차장운영업,경상북도,울릉군,0,0,0
주차장운영업,경상남도,창원시 의창구,41,40,36
주차장운영업,경상남도,창원시 성산구,62,60,57
주차장운영업,경상남도,창원시 마산합포구,70,71,72
주차장운영업,경상남도,창원시 마산회원구,63,61,61
주차장운영업,경상남도,창원시 진해구,30,30,29
주차장운영업,경상남도,진주시,128,131,140
주차장운영업,경상남도,통영시,27,25,25
주차장운영업,경상남도,사천시,25,26,21
주차장운영업,경상남도,김해시,251,250,253
주차장운영업,경상남도,밀양시,34,34,29
주차장운영업,경상남도,거제시,95,95,93
주차장운영업,경상남도,양산시,91,89,85
주차장운영업,경상남도,의령군,0,0,0
주차장운영업,경상남도,함안군,4,4,4
주차장운영업,경상남도,창녕군,0,0,0
주차장운영업,경상남도,고성군,9,9,11
주차장운영업,경상남도,남해군,5,5,6
주차장운영업,경상남도,하동군,4,4,4
주차장운영업,경상남도,산청군,4,4,4
주차장운영업,경상남도,거창군,5,5,5
주차장운영업,경상남도,합천군,0,0,0
주차장운영업,제주특별자치도,제주시,89,88,88
주차장운영업,제주특별자치도,서귀포시,17,17,19
주차장운영업,강원특별자치도,춘천시,22,22,19
주차장운영업,강원특별자치도,원주시,84,84,80
주차장운영업,강원특별자치도,강릉시,54,53,49
주차장운영업,강원특별자치도,동해시,7,6,7
주차장운영업,강원특별자치도,태백시,6,5,6
주차장운영업,강원특별자치도,속초시,30,30,25
주차장운영업,강원특별자치도,삼척시,3,3,3
주차장운영업,강원특별자치도,홍천군,0,0,0
주차장운영업,강원특별자치도,횡성군,0,0,0
주차장운영업,강원특별자치도,영월군,0,0,0
주차장운영업,강원특별자치도,평창군,0,0,0
주차장운영업,강원특별자치도,정선군,0,0,0
주차장운영업,강원특별자치도,인제군,4,4,4
주차장운영업,강원특별자치도,고성군,0,0,0
주차장운영업,강원특별자치도,양양군,9,9,8
주차장운영업,전북특별자치도,전주시 완산구,101,100,100
주차장운영업,전북특별자치도,전주시 덕진구,40,39,38
주차장운영업,전북특별자치도,군산시,19,19,18
주차장운영업,전북특별자치도,익산시,23,22,19
주차장운영업,전북특별자치도,정읍시,4,4,5
주차장운영업,전북특별자치도,남원시,5,5,6
주차장운영업,전북특별자치도,완주군,8,8,8
주차장운영업,전북특별자치도,부안군,3,3,3
